Full Name,Bats,BaseRunning,UZR,BattingRuns,ReplacementRuns,DEF_adj,FramingRuns,Runs/WAR,BattingRuns/PA,wRC/PA,Updated wRC/PA,Updated BattingRuns/PA,Update wOBA,% Change,col_CL
Aaron Judge NYA,R,-0.007252623,-0.001334547,0.432350439,0.145903034,-0.052166147,0,9.68301945,0.096311591,0.214381555,0.212148202,0.09530825,0.425145356,0.989582344,
Vladimir Guerrero Jr. TOR,R,-0.008036364,-0.009335443,0.339666667,0.144212121,-0.084712121,0,9.682998834,0.076550156,0.194622745,0.192097501,0.075556912,0.39982011,0.987024929,
Ronald Acuna Jr. ATL,R,0.016103556,-0.024728105,0.323483264,0.149424686,-0.055734833,0,9.683018102,0.070357306,0.188429037,0.1804605,0.067381943,0.380578898,0.957710673,
Fernando Tatis Jr. SDN,R,0.01323304,0.023950188,0.251007664,0.144308828,-0.051382345,0,9.683009785,0.056527303,0.174593489,0.169790028,0.054972109,0.36974373,0.972487743,
Ketel Marte ARI,B,-0.001532847,-0.010637119,0.24836983,0.147396594,0.000549878,0,9.683011536,0.05476564,0.172837956,0.167396705,0.053041519,0.366121185,0.968518195,
Yordan Alvarez HOU,L,-0.007465717,-0.019961612,0.241402954,0.146334388,-0.098341245,0,9.682985423,0.053611074,0.171679597,0.173800008,0.054273224,0.381238218,1.012350979,
Junior Caminero TBA,R,0.002156522,-0.006736527,0.234289855,0.14257971,0.012455072,0,9.68299552,0.053400452,0.17147207,0.170767532,0.053181043,0.374778771,0.99589124,
Yandy Diaz TBA,R,-0.010992053,-0.014047867,0.23488849,0.147808254,-0.108426045,0,9.683012423,0.051651932,0.169719128,0.168032045,0.051138489,0.370431774,0.990059559,
Juan Soto NYN,L,-0.00327473,-0.047844828,0.223370839,0.146694796,-0.051361932,0,9.683012709,0.049485082,0.16755548,0.166910378,0.04929456,0.370029848,0.996149917,
Bobby Witt Jr. KCA,R,0.022464264,0.042666252,0.213704164,0.147203232,0.050006215,0,9.683008358,0.047186534,0.165259222,0.161596678,0.046140766,0.360438755,0.977837581,
Julio Rodriguez SEA,R,0.012245333,0.039541779,0.20776,0.144533333,0.015304,0,9.683027863,0.046715649,0.164784941,0.159775767,0.045295575,0.356834777,0.969601755,
Brent Rooker OAK,R,0.000765166,-0.017604356,0.194187275,0.142020714,-0.108957937,0,9.682982264,0.04444184,0.162509978,0.157818933,0.043158973,0.35465321,0.971133805,
Seiya Suzuki CHN,R,-0.000528523,-0.021995784,0.193512304,0.141834452,-0.063638143,0,9.682976836,0.044342503,0.16241403,0.161251507,0.04402511,0.362463861,0.992842225,
Ivan Herrera SLN,R,0.006869188,-0.038339223,0.194978301,0.144606324,-0.085623063,0.000632653,9.682961549,0.04381851,0.161891629,0.162430669,0.043964409,0.365638402,1.003329634,
William Contreras MIL,R,-0.009221942,-0.012987013,0.193534845,0.143912678,0.051665267,0.00366113,9.683004495,0.043703892,0.161777084,0.160473339,0.043351687,0.361346289,0.991941103,
Wyatt Langford TEX,R,0.010453608,0.000834575,0.186715758,0.144418262,-0.023911635,0,9.682997827,0.042016278,0.160084738,0.154698825,0.040602677,0.350000566,0.966355867,
Mookie Betts LAN,R,0.000757576,-0.013557994,0.177638454,0.145559039,0.05,0,9.682966387,0.039665391,0.157734095,0.156565945,0.039371637,0.356605342,0.992594184,
Byron Buxton MIN,R,0.023282137,-0.011591356,0.179599332,0.14851419,-0.00333222,0,9.683015812,0.039300638,0.157370599,0.153139881,0.038244088,0.349162856,0.973116215,
Bo Bichette NYN,R,-0.000300518,0.030909091,0.171675302,0.144455959,0.004255613,0,9.683020702,0.038626462,0.156697529,0.152871291,0.037683281,0.349232021,0.975582016,
Isaac Paredes HOU,R,-0.00331774,-0.005611435,0.17063692,0.143576826,-0.045376035,0,9.682994178,0.038628394,0.156696709,0.153722093,0.037895101,0.351176521,0.98101673,
Pete Alonso BAL,R,-0.010701672,-0.023029325,0.164280669,0.142571227,-0.087466447,0,9.683029275,0.03744704,0.155514977,0.152103453,0.036625567,0.348686325,0.978063053,
Jose Ramirez CLE,B,0.014754927,-0.002619844,0.161824154,0.143810005,0.004295099,0,9.683026863,0.036573816,0.154643573,0.15429498,0.036491372,0.354626804,0.997745828,
Francisco Lindor NYN,B,0.008409746,0.011640353,0.168876081,0.150144092,0.0462929,0,9.683028691,0.036555687,0.154627267,0.152059105,0.035948544,0.349499225,0.983391272,
Shohei Ohtani LAN,L,0.011267296,0,0.168614101,0.150340435,-0.116659345,0,9.68302539,0.036450169,0.154522699,0.152917947,0.036071626,0.351584401,0.989614779,
Cal Raleigh SEA,B,-0.005691964,0.008686731,0.161300223,0.144921875,0.046506696,0.090979452,9.682983049,0.036174592,0.154241053,0.147883613,0.034683564,0.340298732,0.958782435,
Francisco Alvarez NYN,R,-0.003792757,-0.052667168,0.143594903,0.12917505,0.061690141,0.024988721,9.682972712,0.036124325,0.154190632,0.149464543,0.03501708,0.34398999,0.969349052,
Austin Riley ATL,R,-0.00012998,-0.025511675,0.156484883,0.141565414,0.01389093,0,9.68298894,0.035924128,0.153991128,0.148926816,0.03474269,0.342953732,0.967112967,
Manny Machado SDN,R,-0.005048011,-0.015328,0.157585734,0.142990398,-0.00217284,0,9.682979619,0.035814583,0.153882991,0.151000887,0.035143805,0.34784284,0.981270812,
Alex Bregman CHN,R,-0.008606446,-0.004403087,0.154902406,0.145937358,0.01666591,0,9.683009425,0.034495162,0.152567173,0.15061846,0.034054561,0.348339163,0.987227184,
George Springer TOR,R,0.003418778,-0.015878788,0.156184799,0.147391952,-0.100187779,0,9.682943967,0.034440707,0.152505289,0.14930421,0.033717798,0.345367333,0.979010049,
Wander Franco TBA,B,0.012,0.007741935,0.136774194,0.131612903,0.049870968,0,9.682128639,0.03380798,0.151816966,0.150752168,0.033570861,0.349463656,0.992986304,
Alejandro Kirk TOR,R,-0.019356137,-0.013032844,0.136887995,0.135982562,0.074986586,0.099038461,9.683010853,0.032718267,0.150782957,0.14969438,0.032482057,0.348101606,0.992780503,
Jackson Chourio MIL,R,0.016111252,0.013685317,0.148056896,0.147142494,-0.048567437,0,9.68300241,0.032704424,0.150774745,0.147787522,0.032056468,0.343673345,0.980187511,
Carlos Correa HOU,R,-0.006678366,0.033790683,0.13972559,0.141065731,0.019955329,0,9.682985851,0.032195372,0.150264677,0.150364622,0.032216786,0.350216783,1.000665125,
Kyle Tucker LAN,L,0.008598154,-0.014261419,0.143367347,0.146501458,-0.049995141,0,9.682995632,0.031803552,0.149871747,0.145446093,0.030864406,0.339177461,0.970470392,
Jacob Wilson OAK,R,0.003385188,-0.001014542,0.132634427,0.135610416,0.048863713,0,9.682974227,0.031785915,0.149860623,0.145461725,0.030852895,0.339224534,0.970646738,
Giancarlo Stanton NYA,R,-0.015762565,-0.021052632,0.132105719,0.136828423,-0.115554593,0,9.683058418,0.031377666,0.14944784,0.14432878,0.030302882,0.337017644,0.96574685,
Will Smith LAN,R,-0.005307495,0.012137203,0.13206278,0.137636131,0.077837924,-0.055720394,9.682976846,0.031186542,0.149253661,0.147141237,0.030745151,0.343793351,0.985846749,
Marcell Ozuna PIT,R,-0.012347857,0,0.131256752,0.137954627,-0.116676269,0,9.683115987,0.030926376,0.148998103,0.145743344,0.030250811,0.340800206,0.978155701,
Shea Langeliers OAK,R,-0.000272516,-0.019554549,0.136656697,0.143635759,0.059627783,-0.058350945,9.682999254,0.030923556,0.148992581,0.150030497,0.031138977,0.350833077,1.006966232,
Matt Chapman SFN,R,0.003452129,0.005949864,0.129205678,0.139625491,0.01666566,0,9.682956294,0.030072289,0.148140116,0.144490843,0.02933149,0.338790478,0.975366069,
Gleyber Torres DET,R,-0.006647712,-0.027159491,0.13463309,0.145843488,0.016666667,0,9.682975374,0.030001488,0.148070496,0.145724505,0.029526152,0.341762037,0.984156253,
Spencer Torkelson DET,R,0.000333157,-0.003639418,0.125224749,0.137070333,-0.085156002,0,9.682971325,0.02969088,0.147758519,0.147690376,0.029677187,0.346716028,0.999538821,
Sal Stewart CIN,R,0.004759784,0.003925379,0.123894368,0.136430162,-0.079630926,0,9.683045403,0.029512495,0.147585214,0.148327154,0.029660861,0.348398708,1.005027197,
Trea Turner PHI,R,0.02561996,-0.012903226,0.135055444,0.149747984,0.05,0,9.683027598,0.029313288,0.147381457,0.14401194,0.028643111,0.338485295,0.97713744,
Willson Contreras BOS,R,-0.009219135,0.003832042,0.126064017,0.140872318,-0.087931762,0,9.683005,0.029086051,0.147150748,0.148069352,0.029267624,0.348283709,1.006242605,
Gabriel Moreno ARI,R,-5.37E-05,0.021991555,0.122199866,0.137391013,0.074279007,0.028308772,9.682966394,0.028903795,0.146977858,0.144745337,0.02846476,0.340646934,0.984810492,
Mike Trout LAA,R,-0.000858001,-0.025258324,0.127927928,0.143929644,-0.070823681,0,9.682905818,0.028888852,0.146953387,0.15247996,0.029975294,0.358884623,1.037607655,
Jo Adell LAA,R,0.000631383,-0.015475085,0.117208295,0.134168988,-0.038375116,0,9.683005385,0.028393236,0.146457214,0.142257993,0.027579145,0.335360704,0.971327996,
Mark Vientos NYN,R,-0.002028263,0.02740094,0.117151566,0.13618731,-0.101310612,0,9.682972704,0.027957005,0.14602708,0.14232581,0.027248394,0.335986465,0.974653534,
Geraldo Perdomo ARI,B,0.013640377,-0.004296645,0.121924662,0.14523249,0.049994114,0,9.683002011,0.027286015,0.145354178,0.14466918,0.027157427,0.342268384,0.995287386,
Taylor Ward BAL,R,-0.005085389,-0.011629168,0.120981296,0.145188398,-0.050005422,0,9.682968183,0.027083882,0.145153346,0.146606634,0.027355049,0.347078533,1.010012085,
Randy Arozarena SEA,R,-0.002139037,-0.044918195,0.116188624,0.139645114,-0.05137579,0,9.682954832,0.027041572,0.145108018,0.144239256,0.026879674,0.341526963,0.994013001,
Jeremy Pena HOU,R,0.010646859,-0.012349118,0.112534819,0.142092232,0.05000619,0,9.683026311,0.025738611,0.143806349,0.141051056,0.025245466,0.335413039,0.980840259,
Jordan Westburg BAL,R,0.003714286,-0.012566372,0.110208668,0.140321027,0.004166934,0,9.683001046,0.025527592,0.143595492,0.141777632,0.025204423,0.337379157,0.987340416,
Alec Bohm PHI,R,-0.008257618,-0.022022161,0.108698061,0.13900277,0.012066482,0,9.683018135,0.025413378,0.143484553,0.138371103,0.024507705,0.329393395,0.964362363,
Teoscar Hernandez LAN,R,-0.003120482,-0.032771084,0.104728916,0.134186747,-0.049993976,0,9.683051461,0.025367258,0.143441372,0.140456197,0.024839337,0.334401816,0.979188882,
Bryce Harper PHI,L,0.0003465,0.005402218,0.111226611,0.143751444,-0.084044814,0,9.683046059,0.02514668,0.143213343,0.143171512,0.025139335,0.341131331,0.999707913,
Zach Neto LAA,R,0.010600394,-0.01312336,0.113549869,0.146784777,0.050006562,0,9.682956037,0.025139149,0.143208168,0.137782124,0.024186647,0.328291445,0.962110794,
Paul Goldschmidt NYA,R,-0.007903603,-0.008937035,0.106598035,0.140711277,-0.093649977,0,9.682843474,0.024621468,0.14269211,0.14099933,0.02432938,0.336541621,0.988136839,
Jose Altuve HOU,R,-0.004724551,-0.02349481,0.11239521,0.149101796,-0.005056886,0,9.683009325,0.024501224,0.142569188,0.140382491,0.024125429,0.335209539,0.984662205,
Royce Lewis MIN,R,0.001297021,-0.0066605,0.100361119,0.134005417,0.013373458,0,9.682942044,0.024341515,0.142414287,0.13849384,0.023671431,0.330866906,0.97247153,
Tyler O'Neill BAL,R,-0.000534826,-0.015012563,0.102529022,0.138640133,-0.071475954,0,9.683119968,0.024035785,0.142105627,0.140331092,0.02373564,0.335608119,0.987512561,
Austin Dean NA,R,0,-0.0375,0.1,0.1375,-0.0525,0,9.672131148,0.023529412,0.141176471,0.142179295,0.023696549,0.342011288,1.007103342,
Josh Bell MIN,B,-0.017652582,-0.013623188,0.102629108,0.143630673,-0.091455399,0,9.682967924,0.023221846,0.141292787,0.137797397,0.022647369,0.330462439,0.97526137,
Rob Refsnyder SEA,R,-0.003951874,-0.009988249,0.098889403,0.139796391,-0.092993984,0,9.682977968,0.022989343,0.141055807,0.137924651,0.022479025,0.331032913,0.977802004,
Jake Burger TEX,R,0.000900116,0.013941736,0.095150987,0.136875726,-0.084126016,0,9.683042649,0.022593906,0.140665507,0.135346693,0.02173959,0.325277349,0.962188218,
Adley Rutschman BAL,B,-0.002212693,-0.002732434,0.098056032,0.141652373,0.044328188,0.02,9.682980835,0.022495631,0.14056818,0.14131059,0.022614441,0.339727843,1.005281491,
Ryan Jeffers MIN,R,-0.003789916,-0.024264706,0.09022409,0.131568627,0.0357507,-0.010169118,9.683010926,0.022287577,0.140354306,0.14264042,0.022650601,0.343178157,1.016288171,
Kazuma Okamoto TOR,R,0.000537551,0,0.088065844,0.129423868,-0.011666667,0,9.682959337,0.022114749,0.140187097,0.143192472,0.022588852,0.344702744,1.021438311,
Jurickson Profar ATL,B,-0.002790055,-0.034530387,0.098618785,0.145856354,-0.05,0,9.683404255,0.021980017,0.140007164,0.139997683,0.021978528,0.33724316,0.999932279,
Jorge Soler LAA,R,-0.011285489,-0.024026946,0.088367508,0.133832808,-0.081474763,0,9.682861028,0.021460619,0.139527542,0.138970527,0.021374945,0.335312019,0.996007851,
Xander Bogaerts SDN,R,0.006945444,-0.019689837,0.094959845,0.144807533,0.049994461,0,9.682981081,0.021310781,0.139380838,0.139951094,0.021397971,0.337845612,1.004091349,
Maikel Garcia KCA,R,0.012773899,0.023039742,0.095649839,0.146106337,0.017371106,0,9.682981695,0.021277888,0.139345674,0.138601368,0.021164233,0.334629002,0.994658564,
Andrew Vaughn MIL,R,-0.01039819,-0.006546003,0.08826546,0.135776772,-0.0833454,0,9.683008139,0.021127004,0.139195618,0.136574415,0.02072916,0.329909221,0.981168926,
James Wood WAS,L,0.00574647,-0.014917127,0.094953439,0.146710724,-0.084052268,0,9.682962417,0.021036053,0.139100154,0.139581778,0.021108889,0.337287804,1.003462425,
Nick Kurtz OAK,L,0.004948945,-0.006936416,0.093975494,0.147311096,-0.085224643,0,9.682959509,0.020733885,0.138806642,0.136218903,0.020347349,0.329491674,0.981357238,
Kyle Schwarber PHI,L,-0.007972825,-0.061290323,0.092504931,0.147227701,-0.11530572,0,9.682992657,0.020420591,0.138488474,0.136695665,0.020156236,0.331019568,0.987054452,
Heliot Ramos SFN,R,-0.000343526,-0.031143897,0.086032465,0.138674972,-0.054394111,0,9.682943421,0.020162168,0.138233381,0.136667423,0.019933764,0.331245533,0.988671634,
Rhys Hoskins CLE,R,-0.009542925,-0.012353998,0.082750397,0.135930048,-0.087217806,0,9.683067698,0.01978618,0.137857029,0.136758501,0.019628512,0.331910889,0.992031398,
Corbin Carroll ARI,L,0.036004747,0.01814346,0.086946203,0.145121308,-0.04852057,0,9.682977622,0.019470438,0.137539124,0.135218332,0.0191419,0.328542135,0.983126315,
Lourdes Gurriel Jr. ARI,R,-0.004347658,-0.017404866,0.082539683,0.138637244,-0.075257453,0,9.682949259,0.019349388,0.137415145,0.133993197,0.018867545,0.325709945,0.975097731,
Ramon Laureano SDN,R,-0.001462774,-0.008224583,0.078423358,0.13389781,-0.05,0,9.682988684,0.019035806,0.137105994,0.134110485,0.018619909,0.326354503,0.978151871,
Jorge Polanco NYN,B,0.000244698,0.03748503,0.080130506,0.139119086,-0.086799347,0,9.682978349,0.018721869,0.136793132,0.133001557,0.018202944,0.324017976,0.972282414,
Luke Keaschall MIN,R,0.007518966,-0.000309076,0.081427367,0.143130093,0.011666198,0,9.683036575,0.018489641,0.136560485,0.130674822,0.017692751,0.318611568,0.956900691,
Miguel Vargas CHA,R,0.003488618,-0.022640998,0.077633669,0.137797777,0.00891477,0,9.682949046,0.018312044,0.136381964,0.138841665,0.018642309,0.338746183,1.018035381,
Eugenio Suarez CIN,R,-0.010303514,0.001297578,0.07715655,0.137486688,-0.083722045,0,9.683013369,0.018237795,0.136305179,0.131938749,0.017653562,0.321993818,0.967965784,
Yainer Diaz HOU,R,-0.002367513,-0.010276545,0.074255252,0.132486673,0.067083725,-0.035020479,9.682946586,0.018217849,0.136287663,0.13132075,0.017553911,0.320506556,0.963555661,
Johnathan Rodriguez CLE,R,0.001929002,-0.007029478,0.073811119,0.132685867,-0.057682518,0,9.683152364,0.018083151,0.136165146,0.132776285,0.0176331,0.324192603,0.975112125,
Agustin Ramirez MIA,R,0.000520347,-0.098494764,0.07688459,0.141327552,-0.014733155,0.016980391,9.682915378,0.017680141,0.135749731,0.131575147,0.01713644,0.321745731,0.969247941,
Luis Campusano SDN,R,-0.001665835,-0.027398119,0.069226933,0.127880299,0.036713217,-0.070588238,9.683063806,0.017591476,0.135662217,0.136558454,0.017707692,0.334042329,1.006606385,
Chase Meidroth CHA,R,0.00350044,0.014394606,0.07918499,0.148255644,0.020463207,0,9.683014282,0.017357482,0.135428202,0.132723353,0.017010808,0.324935934,0.980027428,
Matt Shaw CHN,R,0.008576409,-0.005328259,0.066298664,0.124811156,-0.058349797,0,9.682992658,0.017262436,0.135330845,0.133928472,0.017083554,0.327998507,0.989637444,
Justyn-Henry Malloy TBA,R,0.003173077,-0.006879607,0.073339161,0.139685315,-0.06902972,0,9.682907908,0.017069045,0.135128242,0.131615929,0.016625379,0.322583512,0.974007561,
Tyler Austin CHN,R,-0.004812165,0,0.068872987,0.131753131,-0.105053667,0,9.683175691,0.016990074,0.135060054,0.134315797,0.016896449,0.329275452,0.994489435,
Miguel Andujar SDN,R,-0.004912438,0.003015075,0.066995959,0.130534351,-0.098711271,0,9.682794667,0.016682244,0.134754963,0.133952792,0.016582938,0.328749299,0.994047191,
Nico Hoerner CHN,R,0.014037251,0.027728227,0.068572928,0.134706191,0.017368835,0,9.682984028,0.016545856,0.13461389,0.135857453,0.016698706,0.33360261,1.009237995,
Christopher Morel MIA,R,0.007463304,0.041395752,0.067068122,0.132856605,-0.086488521,0,9.683063343,0.016406855,0.134477283,0.132680436,0.016187631,0.325962597,0.986638286,
Josh Jung TEX,R,-0.003436684,-0.003263708,0.063544386,0.131429504,0.016667755,0,9.682960305,0.015713708,0.133788459,0.136073031,0.015982035,0.33514485,1.017076002,
Freddie Freeman LAN,L,-0.003063488,-0.004752806,0.067689403,0.141420817,-0.083698371,0,9.682989352,0.015556902,0.133627712,0.133990898,0.015599184,0.330220072,1.002717899,
Willy Adames SFN,R,0.002272846,-0.00489657,0.067949725,0.142576591,0.050005237,0,9.682953272,0.015490345,0.133563183,0.12990329,0.015065879,0.320219151,0.972598039,
Jahmai Jones DET,R,0.005194004,-0.008870968,0.066402116,0.140740741,-0.109223986,0,9.683163108,0.015336561,0.133405673,0.132275793,0.015206668,0.326259143,0.991530494,
Andy Pages LAN,R,0.004643505,0.001510574,0.060513595,0.128761329,0.013564955,0,9.682959319,0.015273382,0.133342805,0.133964633,0.015344608,0.330500094,1.004663382,
Caleb Durbin BOS,R,0.009047908,-0.007428745,0.061734384,0.13168587,0.016664645,0,9.682967039,0.015236594,0.133305229,0.128316538,0.014666394,0.316613692,0.962576931,
Matt Olson ATL,L,-0.007129741,0.011645325,0.065764677,0.14319884,-0.083334139,0,9.683084945,0.014926344,0.132993612,0.134640958,0.015111231,0.332606474,1.012386654,
Randal Grichuk NYA,R,-0.000670841,-0.01342155,0.059033989,0.136404293,-0.053685152,0,9.682925119,0.014068849,0.132140601,0.127058013,0.013527712,0.314873399,0.961536509,
Corey Seager TEX,L,-0.008194644,-0.020170186,0.062424417,0.144658796,0.035591707,0,9.683060306,0.014024855,0.132097572,0.12644429,0.013424644,0.313409564,0.957203743,
Romy Gonzalez BOS,R,0.001240672,-0.009421642,0.058208955,0.136333955,-0.006861007,0,9.682978991,0.01387427,0.131950084,0.129818653,0.013650154,0.321951038,0.983846686,
Hunter Goodman COL,R,0.000612813,-0.040450872,0.060383782,0.141411328,0.028817703,0.004680851,9.683068263,0.013879092,0.131947407,0.12843628,0.013509768,0.31852726,0.973389949,
Ha-seong Kim ATL,R,0.00756698,-0.030376539,0.055648081,0.131679942,0.049992759,0,9.682944305,0.013734476,0.131795569,0.132400247,0.01379749,0.328553518,1.004587996,
Jose Fermin SLN,R,0.004822747,-0.013441654,0.055612999,0.132570162,-0.006942393,0,9.683072093,0.013635641,0.131702545,0.131275868,0.013591466,0.325866859,0.996760304,
Christian Walker HOU,R,-0.006939694,0.020072882,0.055955596,0.137623762,-0.083720372,0,9.68309165,0.013213864,0.131281335,0.134380009,0.013525755,0.334113334,1.023603314,
Jonathon Long CHN,R,0.003264249,0,0.052849741,0.131606218,-0.083160622,0,9.683301344,0.013063055,0.131142829,0.128897004,0.01283935,0.32067377,0.982874968,
Coby Mayo BAL,R,0.005434783,-0.053703704,0.047906602,0.124235105,0.011908213,0,9.683049847,0.012536561,0.130612004,0.129663996,0.012445568,0.323210919,0.992741801,
Ozzie Albies ATL,B,0.007810301,-0.026709823,0.052068674,0.13557557,0.016667605,0,9.682952755,0.012481527,0.130550024,0.132338642,0.012652532,0.329959556,1.013700633,
Spencer Steer CIN,R,0.002392217,-0.001745962,0.05265166,0.137275849,-0.069397177,0,9.682897464,0.01246518,0.130532108,0.130804616,0.012491203,0.326162502,1.002087673,
Mitch Garver SEA,R,-0.010402098,-0.024475524,0.050874126,0.13479021,0.083374126,-0.039771929,9.683230499,0.012266852,0.130340568,0.130334117,0.012266244,0.325225902,0.999950505,
Luke Voit NA,R,-0.0125,-0.0125,0.05,0.1375,-0.0875,0,9.677419355,0.011764706,0.129411765,0.125150469,0.011377315,0.314167781,0.967071802,
Kristian Campbell BOS,R,0.004483696,0.018370607,0.048233696,0.131929348,-0.037160326,0,9.683013311,0.011885582,0.12997135,0.126606364,0.011577862,0.316358714,0.974109789,
Masyn Winn SLN,R,0.011939089,0.029798422,0.048597721,0.138803681,0.049997809,0,9.682979732,0.011378517,0.129447301,0.127615469,0.011217497,0.319544165,0.985848823,
Ryan Mountcastle BAL,R,0.000326797,0.012048193,0.048366013,0.138398693,-0.098521242,0,9.683081179,0.011356052,0.129424466,0.128578819,0.011281853,0.321996271,0.993466098,
Carson Kelly CHN,R,-0.00902517,0.023233178,0.043907311,0.126008789,0.07224131,-0.023050849,9.682997386,0.011323068,0.129396192,0.131913573,0.011543357,0.330369631,1.019454835,
Davis Schneider TOR,R,0.001789925,-0.010909839,0.046766702,0.135441229,-0.023915684,0,9.683028273,0.011220753,0.129282962,0.128261846,0.011132128,0.321372495,0.992101698,
Brooks Baldwin CHA,B,0.006196624,-0.013008937,0.042899702,0.126613704,-0.005556107,0,9.68303512,0.011012954,0.129083547,0.127955907,0.010916748,0.32084746,0.991264262,
Nolan Arenado ARI,R,-0.005251821,0.005518126,0.045137789,0.135191638,0.015134621,0,9.683032021,0.010852281,0.128925103,0.126904394,0.010682188,0.318408948,0.984326488,
Nolan Schanuel LAA,L,-0.005840509,-0.004567578,0.048371396,0.146050168,-0.083320854,0,9.68316884,0.010763495,0.128828704,0.126341824,0.010555719,0.317123818,0.980696233,
Tyler Stephenson CIN,R,-0.005131186,-0.007539178,0.044071737,0.133643308,0.040352043,-0.041868644,9.683040417,0.01071705,0.128782277,0.12794155,0.010647086,0.321197354,0.993471717,
Ryan Waldschmidt ARI,R,0.00556461,0,0.043073341,0.131781141,-0.046065192,0,9.6828593,0.010627184,0.128703813,0.126197091,0.010420202,0.316914945,0.980523328,
Salvador Perez KCA,R,-0.021023761,0.020085636,0.045321209,0.139659724,0.004065708,-0.069362247,9.68300852,0.010545718,0.12861681,0.124259138,0.010188418,0.312154001,0.966118957,
Andres Chaparro WAS,R,0.000490394,0.001990632,0.044438827,0.138827098,-0.085141557,0,9.682864808,0.010404769,0.128479369,0.126820575,0.010270433,0.31875967,0.98708902,
Guillermo Heredia NA,R,-0.00125,0,0.05,0.1375,-0.0525,0,9.63963964,0.011764706,0.129411765,0.127077238,0.011552476,0.317100568,0.981960474,
Lane Thomas KCA,R,0.007155963,-0.023751274,0.044852192,0.141046551,-0.027397214,0,9.683050926,0.010334811,0.128410022,0.128279796,0.01032433,0.322512593,0.998985854,
Dansby Swanson CHN,R,0.011594482,0.016105229,0.041033045,0.131247995,0.050003208,0,9.682991737,0.010161189,0.128226425,0.128491208,0.010182172,0.323283192,1.002064962,
Luis Matos SFN,R,0.004467655,0.010242588,0.041307278,0.132345013,-0.042601078,0,9.683065578,0.010144518,0.128221406,0.124585877,0.009856885,0.313460925,0.971646472,
Jonathan India KCA,R,0.000253296,-0.024863139,0.043199167,0.138861901,-0.015256766,0,9.682950215,0.010111142,0.128180045,0.126639418,0.009989614,0.318677146,0.98798076,
Danny Jansen TEX,R,-0.002094303,-0.025854617,0.038506876,0.125540275,0.083335953,-0.056258823,9.68291375,0.009970401,0.128038256,0.125424455,0.009766863,0.315796904,0.979585778,
Elly De La Cruz CIN,B,0.023902556,0.010851218,0.044017196,0.143635061,0.048266062,0,9.682980433,0.009959885,0.128030189,0.129913563,0.010106399,0.327111174,1.014710391,
Jordan Walker SLN,R,0.004131387,-0.011714719,0.039386861,0.129751825,-0.052592701,0,9.682937268,0.009866395,0.127941326,0.133013732,0.010257562,0.33503331,1.039646338,
Marcus Semien NYN,R,0.005772085,0.023019142,0.042135504,0.140411779,0.015216663,0,9.683027706,0.009753765,0.127824193,0.124307859,0.009485447,0.313255836,0.972490853,
Matt Davidson NA,R,-0.01375,-0.025,0.0375,0.1375,0.0175,0,9.68503937,0.008823529,0.126470588,0.125002406,0.008721098,0.318348919,0.98839112,
Victor Reyes NA,B,0,-0.028571429,0.042857143,0.142857143,-0.052857143,0,9.733333333,0.01,0.126666667,0.127254728,0.010046426,0.323554187,1.004642587,
Ian Happ CHN,B,0.000737127,-0.018931507,0.040921409,0.144200542,-0.050710027,0,9.683090851,0.009223049,0.127296406,0.128180719,0.009287121,0.323689116,1.006946879,
Gunnar Henderson BAL,L,0.022077197,-0.01142712,0.041823261,0.148298629,0.050005079,0,9.683005495,0.009165556,0.127238169,0.123384058,0.008887926,0.311649109,0.969709472,
Cody Bellinger NYA,L,0.007150287,0.004160964,0.039802902,0.142978374,-0.03825349,0,9.682949897,0.009048061,0.127120901,0.127587803,0.009081294,0.322419882,1.003672899,
Franmil Reyes NA,R,0,0,0.0375,0.1375,-0.11875,0,9.782608696,0.009090909,0.127272727,0.126367758,0.009026268,0.318795976,0.992889526,
Edgar Quero CHA,B,-0.001730902,-0.020497427,0.034686855,0.126462491,-0.036125258,-0.117623928,9.683086845,0.008915279,0.126989653,0.121331003,0.008518014,0.306769833,0.955440075,
Tyler Nevin NA,R,-0.001773399,0.024630542,0.036945813,0.135960591,-0.083497537,0,9.681393784,0.008834834,0.126868214,0.127869137,0.008904536,0.323519418,1.007889472,
Luis Robert Jr. NYN,R,0.003026898,-0.001449776,0.035137896,0.132073544,0.015018727,0,9.68291556,0.008645984,0.126715609,0.127810641,0.0087207,0.323510716,1.008641656,
Otto Lopez MIA,R,0.005955056,-0.014767255,0.035286249,0.135018727,0.05,0,9.683014227,0.008493155,0.126560243,0.128183699,0.008602101,0.324660855,1.01282754,
Alex Call LAN,R,0.0018542,-0.020206022,0.03518225,0.135419968,-0.020007924,0,9.68320256,0.008445958,0.126518167,0.126310343,0.008432084,0.319964549,0.998357361,
Gary Sanchez MIL,R,-0.007485714,-0.031657754,0.034693878,0.133714286,0.035265306,-0.041645163,9.683048574,0.008434048,0.126510726,0.128224021,0.008548268,0.32481712,1.013542688,
Sean Murphy ATL,R,-0.004216478,0.00096401,0.033198708,0.131825525,0.00878433,0.021677419,9.682918077,0.008185395,0.126256239,0.123975185,0.008037511,0.314383568,0.981933135,
Adolis Garcia PHI,R,0.003492304,-0.012641938,0.0333838,0.135326773,-0.05,0,9.683095645,0.008018177,0.126084773,0.123684894,0.00786556,0.313866987,0.980966152,
Jhonkensy Noel BAL,R,0.002431942,-0.001107011,0.032486388,0.132667877,-0.083284936,0,9.683172269,0.007960854,0.126039448,0.119721072,0.007561776,0.303852917,0.949869852,
Gabriel Gonzalez MIN,R,0.004169014,0,0.032394366,0.131830986,-0.050056338,0,9.681954814,0.007982716,0.125988091,0.121462816,0.007695991,0.308386607,0.964081729,
Austin Martin MIN,R,0.008361415,-0.00547599,0.032139848,0.134203875,-0.028664701,0,9.683129553,0.007783002,0.125854103,0.127572406,0.007889265,0.324027401,1.013653132,
Xavier Edwards MIA,B,0.01687377,0.010514478,0.035226314,0.147736857,0.016668541,0,9.682954811,0.007749975,0.125818033,0.128033693,0.007886453,0.325254625,1.017610035,
Dylan Crews WAS,R,0.00745004,-0.007833733,0.03272049,0.138209432,-0.026472156,0,9.68302879,0.007693688,0.125761729,0.120465911,0.007369707,0.30609856,0.957890066,
Kyle Lewis NA,R,0,0,0.0375,0.1375,-0.11875,0,9.782608696,0.009090909,0.124242424,0.123856598,0.009062678,0.318421085,0.996894569,
Dillon Dingler DET,R,0.002765547,0.013866358,0.029432213,0.127230591,0.083333333,0.041401543,9.683021971,0.007517655,0.125580358,0.127761454,0.007648223,0.324877183,1.017368132,
Isaac Collins KCA,B,0.005970741,-0.003596464,0.029625114,0.129015544,-0.050006096,0,9.683096771,0.007463553,0.125536649,0.12301357,0.007313548,0.3128532,0.979901651,
Ernie Clement TOR,R,0.006326486,-0.012789927,0.029114204,0.127059863,0.017393417,0,9.682944,0.007446533,0.125517586,0.124604934,0.007392388,0.316928698,0.99272889,
Starling Marte KCA,R,0.000834428,-0.018810289,0.031406045,0.137187911,-0.089303548,0,9.682943626,0.007441523,0.125509535,0.123350736,0.007313527,0.313756844,0.982799717,
Harry Ford WAS,R,0.005327511,0.000691017,0.030318153,0.133936369,0.009725515,-0.003435643,9.682971568,0.007355309,0.125418607,0.119985917,0.007036703,0.305309288,0.956683539,
Nelson Velazquez SLN,R,0.006411765,-0.005735294,0.030147059,0.134117647,-0.049970588,0,9.682933231,0.007307515,0.125404086,0.120484848,0.007020862,0.306579752,0.960772906,
LuJames Groover ARI,R,0.004864865,0,0.02972973,0.132432432,0.016756757,0,9.686609687,0.007346392,0.125556519,0.124813246,0.007302903,0.31720303,0.994080171,
Matt McLain CIN,R,0.007494106,0.006668912,0.032064668,0.142943752,0.018164365,0,9.683041116,0.00729007,0.125355514,0.123426099,0.007177865,0.314139329,0.984608459,
Jake Meyers HOU,R,0.007459893,0.003509358,0.028008021,0.126036096,0.016664439,0,9.682923722,0.007222742,0.125294755,0.123603777,0.007125264,0.314670113,0.986503999,
Michael Stefanic OAK,R,0.000680628,-0.017277487,0.028795812,0.130366492,0.016649215,0,9.681629746,0.007189402,0.125226313,0.123120091,0.007068481,0.313590392,0.983180674,
Konnor Griffin PIT,R,0.006731833,0,0.02855035,0.131759498,0.049996311,0,9.683041511,0.00704224,0.125113486,0.123996434,0.006979364,0.3159041,0.991071686,
Tyler Freeman COL,R,0.00493448,-0.00201005,0.03038493,0.140663391,-0.053407043,0,9.683147329,0.007021422,0.125089189,0.123234628,0.006917323,0.313997641,0.985174088,
Noelvi Marte CIN,R,0.006061789,0.000585366,0.026699187,0.128617886,-0.050006504,0,9.683017191,0.006747195,0.124819006,0.120668597,0.006522842,0.307793415,0.966748587,
Drake Baldwin ATL,L,0.000449633,-0.036909227,0.029009944,0.143147428,-0.001586684,-0.020428571,9.682996693,0.006586843,0.124659187,0.126946973,0.006707726,0.324022396,1.018352319,
Ben Rice NYA,L,-0.0004881,0.000588524,0.028196854,0.140096813,-0.06551432,-0.0134,9.682901939,0.006540487,0.124606103,0.12814433,0.006726206,0.327156196,1.028395294,
Tommy Pham NA,R,-0.011258341,-0.020972355,0.02821735,0.140324118,-0.050009533,0,9.683388908,0.006536021,0.124603942,0.121608423,0.006378893,0.310467413,0.975959678,
Cam Smith HOU,R,0.006595664,-0.00251046,0.02639787,0.13157094,-0.044024344,0,9.682955993,0.006521669,0.124597716,0.124692663,0.006526639,0.318347404,1.000762025,
Yohel Pozo SLN,R,-0.00117945,-0.014308176,0.024457308,0.12894356,0.007178003,0.015922078,9.682883977,0.006165882,0.124247991,0.121935881,0.006051142,0.311757549,0.981391162,
Colby Thomas OAK,R,0.004172813,0.002423604,0.025026344,0.13487882,-0.03199157,0,9.682924465,0.006030531,0.124101976,0.122174447,0.005936866,0.312560773,0.984468185,
Andrew McCutchen TEX,R,-0.013867624,-0.035891089,0.025279107,0.143620415,-0.095199362,0,9.683250835,0.005720752,0.123781195,0.121246812,0.005603621,0.310612371,0.979525302,
Tyler Locklear ARI,R,0.004140496,0.003636364,0.023057851,0.131652893,-0.095446281,0,9.683390043,0.005693054,0.123757606,0.122221945,0.005622411,0.313135599,0.98759138,
Nick Gonzales PIT,R,0.004234059,-0.016679627,0.022744946,0.133087092,0.031115863,0,9.683070338,0.005554833,0.12362115,0.121465628,0.005457976,0.311369455,0.982563483,
Esteury Ruiz MIA,R,0.017900415,-0.022323651,0.022738589,0.136099585,0.004165975,0,9.682797306,0.005428428,0.123486837,0.122691896,0.005393483,0.31469802,0.993562546,
Anthony Volpe NYA,R,0.012826236,0.008756868,0.022184066,0.133997253,0.050006868,0,9.683056793,0.005381277,0.123452828,0.121932474,0.005315005,0.312786918,0.987684742,
Austin Hays CHA,R,0.001693518,-0.01642351,0.021281379,0.132184339,-0.056762833,0,9.682904863,0.005232186,0.123306416,0.121542669,0.005157346,0.311974829,0.985696233,
Heriberto Hernandez MIA,R,0.000103538,-0.006407942,0.021440897,0.134857636,-0.084706644,0,9.682897434,0.005167469,0.123239456,0.121859292,0.005109598,0.312880353,0.988800954,
Juan Yepez TOR,R,-0.004262295,0.007650273,0.020765027,0.137704918,-0.083169399,0,9.683927371,0.004893232,0.122974659,0.122764253,0.00488486,0.315553174,0.998289034,
Jordan Lawlar ARI,R,0.00895541,0.000481232,0.018771437,0.126192703,0.01323667,0,9.682979988,0.004834455,0.122901152,0.122781616,0.004829753,0.31569565,0.999027383,
Bryan Reynolds PIT,B,0.002787831,-0.020899251,0.021111985,0.144558091,-0.053619197,0,9.683001788,0.004746861,0.122816926,0.123331569,0.004766752,0.317221716,1.004190327,
Amed Rosario NYA,R,0.01025058,0.008909513,0.019767981,0.137308585,0.005211137,0,9.683026899,0.004679082,0.122754501,0.124678092,0.004752404,0.320760845,1.015670225,
Nick Castellanos SDN,R,-0.010784861,-0.021304348,0.019482072,0.136294821,-0.08838247,0,9.682896503,0.004646043,0.12271634,0.119892364,0.004539127,0.30849952,0.976987769,
Nick Loftin KCA,R,0.003397626,-0.006676558,0.018694362,0.131602374,-0.016676558,0,9.682574992,0.004618171,0.12267476,0.122894031,0.004626426,0.316279314,1.001787416,
Mark Mathias NA,R,0.001,-0.02,0.02,0.13,0.016,0,9.671052632,0.005128205,0.123076923,0.123483151,0.005145131,0.316355729,1.003300601,
Curtis Mead WAS,R,0.004641638,-0.005631399,0.017235495,0.135153584,0.002372014,0,9.683000007,0.004144322,0.122236981,0.123944636,0.004202218,0.319557725,1.013970031,
Carlos Santana ARI,B,-0.010356798,0.015245737,0.016923819,0.132835101,-0.084657666,0,9.683148009,0.004140861,0.122220292,0.119905129,0.004062423,0.309179277,0.981057459,
Ramon Urias SLN,R,-0.000551692,-0.019749652,0.016087158,0.130505331,0.016671303,0,9.682858638,0.004006372,0.122073115,0.121173386,0.003976843,0.312649534,0.992629588,
Hunter Renfroe NA,R,-0.009242424,-0.024242424,0.015909091,0.131818182,-0.050151515,0,9.679633867,0.003914764,0.12191693,0.121167664,0.003890705,0.312929931,0.99385429,
Darell Hernaiz OAK,R,0.002324415,0.007441472,0.015635452,0.12951505,0.025367893,0,9.68295303,0.003924325,0.121989848,0.120900782,0.003889291,0.312054039,0.991072488,
Luis Urias NA,R,0.000723888,-0.016235781,0.01540848,0.127611169,0.016659772,0,9.683267482,0.003923474,0.121996336,0.12079312,0.003884778,0.311755613,0.990137276,
J.D. Martinez NA,R,-0.012431193,0,0.016055046,0.138990826,-0.116926606,0,9.688581315,0.003749401,0.121801983,0.1220141,0.003755931,0.315170914,1.001741494,
Eric Wagaman MIN,R,-0.000775109,-0.009801489,0.015283843,0.135371179,-0.06878821,0,9.683443025,0.003669706,0.121729398,0.117564396,0.003544146,0.303793385,0.965784741,
David MacKinnon NA,R,0,0.0125,0.0125,0.1375,-0.0875,0,9.677419355,0.002941176,0.120588235,0.120512444,0.002939328,0.314287341,0.999371484,
Lenyn Sosa CHA,R,0.001083704,0.01321807,0.014799838,0.134896886,-0.061504246,0,9.683143219,0.003566049,0.121635405,0.117144514,0.003434387,0.302815176,0.963079078,
Roman Anthony BOS,L,0.00814708,0.000777874,0.016402307,0.149711608,-0.061099495,0,9.682870339,0.003561091,0.12162497,0.118278931,0.003463122,0.305768983,0.972488886,
Carlos Narvaez BOS,R,-0.000166889,0.004141208,0.013551402,0.125033378,0.080086782,0.016149152,9.683006764,0.003522203,0.121594084,0.11914848,0.003451362,0.308053,0.979887142,
Eloy Jimenez TOR,R,-0.005894988,0,0.014797136,0.137470167,-0.116706444,0,9.680685358,0.003498253,0.121592512,0.120231341,0.003459092,0.310853744,0.988805476,
Trevor Story BOS,R,0.010170874,-0.042252427,0.014990291,0.143262136,0.05,0,9.683024081,0.003400305,0.121468397,0.115712214,0.00323917,0.29932869,0.952611682,
Austin Slater DET,R,6.47E-05,-0.004368932,0.014239482,0.13802589,-0.049983819,0,9.683351526,0.003352372,0.121409192,0.116466305,0.003215888,0.301361089,0.959287378,
Ty France SDN,R,-0.008185012,-0.000953678,0.01381733,0.134777518,-0.088044496,0,9.683237798,0.003330585,0.121397018,0.122711456,0.003366648,0.317535314,1.01082759,
Jasson Dominguez NYA,B,0.008972504,-0.013748191,0.013603473,0.133429812,-0.044862518,0,9.683453377,0.003312733,0.121408134,0.121440016,0.003313603,0.31421049,1.0002626,
Connor Norby MIA,R,-0.000155288,-0.008835341,0.012771084,0.128862115,0.014350736,0,9.683062886,0.003221206,0.121291584,0.119742297,0.003180061,0.309989202,0.987226758,
Tommy Edman LAN,B,0.008569219,-0.00645785,0.013070379,0.132018561,0.017134571,0,9.683056938,0.003217776,0.121285389,0.120038272,0.003184689,0.310768325,0.989717497,
Wilmer Flores NA,R,-0.014686156,-0.002229846,0.013069647,0.137145314,-0.100025795,0,9.682808951,0.003096954,0.121168323,0.120084873,0.003069262,0.311043648,0.991058302,
Christian Encarnacion-Strand CIN,R,0.002990937,0,0.012688822,0.134743202,-0.116616314,0,9.679930796,0.003057898,0.121150988,0.118044192,0.002979481,0.305775322,0.974355997,
Joey Ortiz MIL,R,0.008118002,-0.006330749,0.011670973,0.124375538,0.049997847,0,9.682966109,0.003049812,0.121120299,0.118169059,0.0029755,0.306144133,0.975633809,
Logan O'Hoppe LAA,R,-0.007228055,-0.009313948,0.012137757,0.129273415,0.067832843,-0.063759088,9.683106381,0.003051793,0.121121336,0.119445648,0.003009572,0.309445823,0.986165211,
Luis Rengifo MIL,B,0.006670951,-0.008611825,0.011439589,0.131748072,0.016666667,0,9.68290248,0.002822373,0.120896923,0.118041896,0.002755721,0.306101461,0.976384622,
Yonathan Perlaza NA,B,-0.001428571,0,0.014285714,0.142857143,-0.052857143,0,9.72972973,0.003333333,0.12,0.121652599,0.003379239,0.317758615,1.013771655,
Miguel Amaya CHN,R,-0.001550827,-0.022819843,0.010401891,0.125200946,0.057096927,-0.022598901,9.682943528,0.002700165,0.120758734,0.118995902,0.002660748,0.308771786,0.985402035,
Jared Triolo PIT,R,0.004468206,-0.00382093,0.010521814,0.128628457,0.017984032,0,9.682917287,0.002658835,0.120728399,0.119388236,0.00262932,0.30982118,0.988899358,
Justin Turner NA,R,-0.020747126,0.005128205,0.010673235,0.135960591,-0.103883415,0,9.681697292,0.002550662,0.120626683,0.12018929,0.002541413,0.312044408,0.996373996,
Jon Adams MIL,R,0,0,0.014285714,0.142857143,-0.088571429,0,9.6,0.003333333,0.12,0.118743444,0.003298429,0.309865965,0.989528701,
Javier Sanoja MIA,R,0.006550265,-0.015132275,0.00984127,0.127089947,0.018962963,0,9.683163328,0.002516181,0.120587304,0.119546162,0.002494457,0.310417537,0.991366076,
Domingo Santana NA,R,0,0,0.0125,0.1375,-0.0275,0,9.702970297,0.002941176,0.120588235,0.121841418,0.002971742,0.316214378,1.010392246,
Blake Perkins MIL,B,0.008084875,-0.01039173,0.009412405,0.130413493,0.016670294,0,9.682930328,0.00234553,0.120408393,0.118811467,0.002314422,0.308757046,0.98673742,
Tyler Soderstrom OAK,L,-0.000871608,0.004488518,0.00960334,0.141336117,-0.05276618,0,9.683233398,0.002208035,0.120277902,0.117253375,0.002152511,0.304873842,0.974853846,
Max Muncy LAN,L,-0.003974778,-0.02601588,0.008780943,0.133255488,0.01359178,0,9.68286558,0.002141944,0.120210929,0.122975323,0.002191201,0.319847945,1.022996197,
Jesus Rodriguez SFN,R,0.004609375,0,0.0078125,0.13203125,0.069270833,0,9.682632975,0.001924869,0.119983506,0.120132118,0.001927253,0.312768917,1.001238602,
Blaine Crim COL,R,0.000694239,0.00329582,0.007680945,0.135228951,-0.085982275,0,9.682819965,0.001845946,0.119915513,0.118017212,0.001816724,0.30735619,0.984169677,
Joey Bart PIT,R,-0.003809741,-0.031861629,0.006827492,0.126536186,0.083345471,-0.017418181,9.68291143,0.001753627,0.119819484,0.115775182,0.001694436,0.301639032,0.966246707,
Vinnie Pasquantino KCA,L,-0.009455559,-0.002951322,0.007248278,0.143292883,-0.088097737,0,9.68281981,0.001644185,0.119713055,0.11393652,0.001564848,0.296983078,0.951746821,
Jackson Merrill SDN,L,0.012226365,0.027106326,0.00713715,0.141917443,0.015185087,0,9.682996691,0.001634478,0.119707187,0.114563081,0.00156424,0.298623235,0.957027597,
Justin Foscue TEX,R,0.002880795,0.005960265,0.006291391,0.129470199,-0.083211921,0,9.681462141,0.001579,0.119588505,0.11761296,0.001552916,0.306766248,0.983480481,
Luken Baker ARI,R,-0.002520325,0,0.006504065,0.136585366,-0.116341463,0,9.675324675,0.001551227,0.119638385,0.11904736,0.001543564,0.310334306,0.995059899,
Cooper Hummel NA,B,0,-0.011320755,0.005660377,0.130188679,-0.05,0,9.681372549,0.00140699,0.119594162,0.118049267,0.001388815,0.307702143,0.987082187,
Josh Naylor SEA,L,-0.006373534,0.011041293,0.005164712,0.139670575,-0.085572306,0,9.683008255,0.001201826,0.119273073,0.115644982,0.001165268,0.302017893,0.969581637,
Sam Haggerty TEX,B,0.012812311,-0.016655383,0.005009053,0.13995172,-0.040983705,0,9.683004004,0.001163445,0.119232089,0.113889903,0.001111317,0.297490729,0.955195071,
Chas McCormick CHN,R,-0.00169863,-0.016986301,0.003561644,0.129315068,-0.030013699,0,9.683265049,0.000895228,0.118961996,0.118831907,0.000894249,0.310783776,0.998906468,
Vaughn Grissom LAA,R,0.006206503,0.014318311,0.002281803,0.131146606,0.010359384,0,9.682993145,0.000565391,0.11863326,0.121047028,0.000576895,0.31702165,1.020346476,
Joshua Baez SLN,R,0.00957377,0,0.002295082,0.132131148,-0.050065574,0,9.682325437,0.000565173,0.11860566,0.11600102,0.000552762,0.303862201,0.978039497,
Jerar Encarnacion SFN,R,1.13E-05,-0.006282723,0.002267574,0.132993197,-0.092879819,0,9.681793295,0.000553966,0.118604037,0.114692043,0.000535694,0.300428774,0.967016358,
Euiji Yang NA,R,-0.015714286,0,0,0.142857143,0.088571429,0,9.679487179,0,0.12,0.119154328,0,0.308450836,0.99295273,
Victor Robles SEA,R,0.00995122,0.008957871,0.001906874,0.128957871,-0.047037694,0,9.683176432,0.000480573,0.118545051,0.116181656,0.000470992,0.304398845,0.980063315,
Patrick Wisdom SEA,R,-0.001790281,0.00511509,0.001790281,0.135805627,-0.083350384,0,9.681720014,0.00042831,0.118458407,0.119679462,0.000432725,0.313717772,1.01030788,
Kyle Karros COL,R,0.002784722,0.000972222,0.001458333,0.130694444,0.016666667,0,9.683120488,0.000362619,0.118421059,0.119199793,0.000365004,0.31248849,1.006575969,
Matt Vierling DET,R,0.007215967,-0.024974411,0.001381781,0.14160696,-0.006253838,0,9.683035609,0.000317104,0.118385618,0.117303962,0.000314207,0.307555043,0.990863276,
Keaton Anthony PHI,R,0,0,0,0.142857143,-0.088571429,0,9.743589744,0,0.12,0.119609718,0,0.309365552,0.99674765,
Zach Dezenzo HOU,R,0.004349442,-0.00582404,0.000991326,0.130483271,-0.052193309,0,9.682343423,0.000246884,0.118288078,0.117491418,0.000245221,0.308200222,0.993265081,
Casey Schmitt SFN,R,0.000433002,-0.011644236,0.000819193,0.131948508,0.015517847,0,9.682966427,0.000201786,0.118275149,0.119745862,0.000204295,0.314115956,1.012434671,
Edward Olivares TBA,R,0.003417722,-0.022151899,0.000632911,0.135443038,-0.050126582,0,9.68094804,0.000151826,0.118120678,0.116129194,0.000149266,0.304870811,0.983140258,
Jordan Diaz OAK,R,0.002421875,-0.00390625,0,0.13203125,0.016640625,0,9.681397739,0,0.118044556,0.117810631,0,0.309357738,0.998018331,
Nick Solak SDN,R,0.003461538,0.065384615,0,0.134615385,-0.085,0,9.685534591,0,0.117713218,0.117850451,0,0.310162175,1.001165829,
Harrison Bader SFN,R,0.004304047,-0.01052978,-0.000756828,0.129779533,0.016669957,0,9.68290229,-0.000189554,0.117877554,0.113628259,-0.00018272,0.298596546,0.963951621,
Jake Mangum PIT,B,0.006331579,-0.004842105,-0.001157895,0.133842105,-0.0349,0,9.682751341,-0.000281152,0.117789783,0.11510968,-0.000274755,0.302605427,0.977246729,
Esmerlyn Valdez PIT,R,0,0,0,0.142857143,-0.052857143,0,9.692307692,0,0.116666667,0.116983354,0,0.310464464,1.002714467,
DJ LeMahieu NA,R,-0.015,-0.0359375,-0.0015625,0.128125,0.01671875,0,9.68852459,-0.000397939,0.117789885,0.117546875,-0.000397118,0.308983225,0.99793692,
Ceddanne Rafaela BOS,R,0.009433177,0.051352054,-0.001560062,0.127483099,0.016669267,0,9.682966141,-0.000397733,0.117675881,0.114391585,-0.000386632,0.300870705,0.972090327,
Aaron Vukovich ARI,R,0.00403183,0,-0.001856764,0.131830239,-0.05,0,9.682054122,-0.000458037,0.117584531,0.117504401,-0.000457724,0.309216136,0.999318534,
Dylan Carlson CHN,B,0.005654545,-0.010545455,-0.002363636,0.129818182,-0.030963636,0,9.682875078,-0.000591475,0.117475967,0.115249506,-0.000580265,0.303400716,0.981047513,
David Fry CLE,R,-0.000418629,-0.00124805,-0.002564103,0.136577708,-0.069136578,-0.01,9.682916687,-0.000610195,0.117468771,0.11688749,-0.000607176,0.307718715,0.995051609,
J.T. Realmuto PHI,R,-0.000521295,0.017962003,-0.002657581,0.13032368,0.080586031,-0.053851213,9.682950057,-0.000662789,0.117407116,0.116197487,-0.00065596,0.305992583,0.989697142,
Cody Freeman TEX,R,0.003545845,-0.002793696,-0.003223496,0.133022923,0.016669054,0,9.682921357,-0.000787487,0.117283077,0.115926093,-0.000778376,0.305454475,0.988429845,
Michael Arroyo SEA,R,0,0,0,0.142857143,0.017142857,0,9.655172414,0,0.116666667,0.112683259,0,0.29847767,0.965856505,
Wenceel Perez DET,B,0.009567159,-0.002335967,-0.003332188,0.1349708,-0.04021642,0,9.683053901,-0.000802426,0.117269992,0.116585485,-0.000797742,0.307200337,0.994162978,
Christian Moore LAA,R,0.005921788,-0.000558659,-0.00311253,0.123503591,0.016664006,0,9.683107777,-0.00081908,0.117254468,0.116848693,-0.000816246,0.307919703,0.996539369,
Brendan Donovan SEA,L,0.001095936,-0.008627582,-0.003764157,0.147501666,0.011668887,0,9.683062704,-0.000829398,0.117238668,0.116082672,-0.00082122,0.305925476,0.990139806,
Freddy Fermin SDN,R,-0.000214133,0.009024166,-0.003211991,0.124961762,0.08334353,0.001379205,9.682993613,-0.000835329,0.117240444,0.114732999,-0.000817464,0.30235808,0.978612792,
Luis Torrens NYN,R,-0.001266667,0.031282051,-0.003641026,0.128,0.083353846,0.020517948,9.682926987,-0.000924422,0.117154209,0.114568507,-0.000904019,0.302041216,0.977929068,
Mickey Gasper BOS,B,0.000960452,-0.013559322,-0.003954802,0.131073446,0.083333333,-0.041055555,9.684542622,-0.000981632,0.117094723,0.116532181,-0.000976916,0.307301546,0.995195835,
Jac Caglianone KCA,L,0.003988439,-0.002651113,-0.00433526,0.135597303,-0.058588632,0,9.682789066,-0.001039024,0.117028726,0.116446289,-0.001033853,0.307166624,0.995023126,
Jonah Bride TEX,R,-0.003967093,-0.033638026,-0.005850091,0.136197441,0.016672761,0,9.682898894,-0.001396224,0.116671998,0.116120465,-0.001389624,0.306791841,0.995272786,
Miguel Rojas LAN,R,-0.004288338,0.016804408,-0.005693297,0.129201102,0.016675849,0,9.683223834,-0.001431866,0.116650863,0.117371704,-0.001440714,0.310134699,1.006179473,
Connor Joe SEA,R,-0.00160221,-0.017679558,-0.006077348,0.135911602,-0.05,0,9.681978799,-0.001450524,0.11656937,0.116879749,-0.001454386,0.308990535,1.002662605,
Alec Burleson SLN,L,-0.004820144,0.002483286,-0.006744604,0.142311151,-0.081002698,0,9.683163108,-0.001540463,0.116530861,0.116591111,-0.001541259,0.308243289,1.000517031,
Rafael Devers SFN,L,-0.006935012,0.021525965,-0.00744322,0.146076006,-0.090816281,0,9.683031706,-0.001655988,0.116414481,0.112974634,-0.001607057,0.298842847,0.970451731,
Charles Leblanc NA,R,0.002285714,-0.03,-0.007142857,0.134285714,0.016714286,0,9.678571429,-0.001735581,0.116283956,0.115882148,-0.001729584,0.306826116,0.996544597,
Willi Castro COL,B,0.008419095,0.001239926,-0.007284563,0.134469932,0.015799752,0,9.68302058,-0.001760691,0.116310518,0.113731004,-0.001721643,0.300990291,0.977822183,
Jonathan Aranda TBA,L,-0.009634146,0.007445443,-0.007723577,0.142073171,-0.090228659,0,9.683197271,-0.001766559,0.116302334,0.114930941,-0.001745728,0.304182398,0.98820838,
Dane Myers CIN,R,0.005012034,-0.018953069,-0.007220217,0.131227437,0.00656438,0,9.682801677,-0.001787878,0.116286581,0.115494191,-0.001775695,0.305690699,0.993185891,
Mark Canha TEX,R,-0.005812808,-0.014778325,-0.00771757,0.138259442,-0.068505747,0,9.681626019,-0.001814416,0.116238441,0.116010659,-0.001810861,0.307138946,0.998040391,
Daz Cameron MIL,R,0.006850394,-0.007874016,-0.007874016,0.135433071,-0.05007874,0,9.680957129,-0.001887783,0.116287432,0.116309481,-0.001888141,0.30779635,1.000189609,
Buddy Kennedy SFN,R,0.00245098,-0.01372549,-0.007843137,0.130392157,0.016568627,0,9.680772086,-0.001956383,0.116160258,0.116061017,-0.001954712,0.307443114,0.999145659,
Leo Jimenez TOR,R,0.00096171,0,-0.00730187,0.128940338,0.034844167,0,9.682913154,-0.001840261,0.116228193,0.114887391,-0.001819032,0.304151377,0.988464051,
Ben Williamson TBA,R,0.003702624,-0.031137026,-0.007405248,0.125714286,0.023731778,0,9.683220165,-0.00191417,0.116161508,0.113908316,-0.001877041,0.301661899,0.980602931,
Gustavo Campero LAA,B,0.006517857,-0.008482143,-0.008035714,0.129017857,-0.050089286,0,9.680250784,-0.002027587,0.116023051,0.11491605,-0.002008242,0.304580934,0.990458787,
Otto Kemp PHI,R,0.00154902,-0.006308725,-0.009215686,0.130065359,-0.05096732,0,9.683016579,-0.002302897,0.115765465,0.110856158,-0.002205237,0.294115962,0.957592643,
Christian Yelich MIL,L,0.011372032,-0.031180812,-0.010224274,0.141226913,-0.104828496,0,9.683348123,-0.002352748,0.115717234,0.11470108,-0.002332087,0.304377476,0.991218651,
Ruben Cardenas NA,R,-0.001428571,0,-0.014285714,0.142857143,-0.052857143,0,9.62962963,-0.003333333,0.116666667,0.116490188,-0.003328291,0.306401811,0.998487323,
Rodolfo Castro NA,B,0.001666667,-0.008333333,-0.011111111,0.133333333,0.016666667,0,9.674796748,-0.002727855,0.115251857,0.115738849,-0.002739381,0.308095367,1.00422546,
Kala'i Rosario MIN,R,0.009166667,0,-0.008333333,0.133333333,-0.049166667,0,9.714285714,-0.002093762,0.115156917,0.112901576,-0.002052756,0.300787421,0.980415067,
Robbie Grossman NA,B,-0.004054054,0,-0.010810811,0.136486486,-0.116891892,0,9.722222222,-0.00258313,0.115595089,0.116911635,-0.00261255,0.310285132,1.011389291,
Nick Yorke PIT,R,0.005009823,-0.001375246,-0.010609037,0.129076621,0.00111002,0,9.682723782,-0.002672005,0.115391025,0.116003351,-0.002686184,0.308311427,1.005306527,
Michael Busch CHN,L,-0.004195455,0.005806452,-0.012,0.145272727,-0.083713636,0,9.682977174,-0.002684612,0.115377312,0.113542687,-0.002641924,0.30178574,0.98409891,
Michael Hermosillo NA,R,0.001111111,-0.044444444,-0.011111111,0.122222222,0.015555556,0,9.74025974,-0.002857143,0.114285714,0.113930504,-0.002848263,0.305707871,0.996891913,
Miguel Sano NA,R,-0.005945946,-0.077027027,-0.010810811,0.135135135,0.016621622,0,9.683972912,-0.00259359,0.115414735,0.113882695,-0.002559162,0.302541967,0.986725787,
Jorge Bonifacio NA,R,0,-0.0625,-0.0125,0.1375,0.0175,0,9.696969697,-0.002941176,0.114705882,0.114828057,-0.002944309,0.306871505,1.001065113,
Blaze Jordan SLN,R,0.005277778,0,-0.011111111,0.133333333,-0.084166667,0,9.689440994,-0.002712476,0.115280213,0.115431564,-0.002716037,0.306877371,1.0013129,
Brett Harris OAK,R,0.001586379,-0.005232558,-0.011877076,0.127657807,0.003031561,0,9.682961232,-0.00302385,0.115054305,0.113112122,-0.002972805,0.301081305,0.983119418,
Marcus Wilson NA,R,0.00125,-0.025,-0.0125,0.1375,-0.0525,0,9.75,-0.002941176,0.114705882,0.114622056,-0.002939027,0.306004211,0.999269208,
Chris Gittens NA,R,0,0,-0.0125,0.1375,-0.0875,0,9.677419355,-0.002941176,0.114705882,0.11401102,-0.002923359,0.304367971,0.993942228,
Victor Caratini MIN,B,-0.013124674,-0.023594053,-0.012780386,0.134741784,-0.001027647,-4.90E-05,9.682964588,-0.003082321,0.11498946,0.112743663,-0.003022122,0.300193302,0.980469545,
Cadyn Grenier BAL,R,0,0,-0.014285714,0.142857143,0.052857143,0,9.694656489,-0.003333333,0.113333333,0.113433553,-0.003336281,0.306434738,1.000884291,
Weston Wilson BAL,R,0.001443299,-0.010309278,-0.012371134,0.129896907,-0.050206186,0,9.675767918,-0.003105396,0.114899641,0.112539536,-0.003041609,0.299855627,0.979459428,
Ezequiel Tovar COL,R,0.004937896,0.034296578,-0.014169835,0.146210393,0.050002535,0,9.682979706,-0.003149546,0.11492181,0.108930722,-0.002985354,0.290132012,0.947868143,
Edmundo Sosa PHI,R,0.005806151,-0.005778192,-0.012861137,0.130894688,0.001961789,0,9.683082598,-0.003193365,0.114880149,0.115008245,-0.003196926,0.306374238,1.001115037,
Jose Trevino CIN,R,-0.009543518,-0.012477176,-0.01253804,0.126719416,0.083311016,0.075810973,9.68296772,-0.003216231,0.114847546,0.111743812,-0.003129313,0.29773527,0.97297518,
Joc Pederson TEX,L,-0.003434856,-0.006451613,-0.014128596,0.14001692,-0.115025381,0,9.687861272,-0.003279118,0.114788777,0.112827349,-0.003223087,0.300703471,0.982912719,
Andruw Monasterio BOS,R,0.002634088,-0.005840286,-0.013110846,0.129558999,0.00476758,0,9.683129395,-0.003289381,0.114769488,0.115913425,-0.003322167,0.308965145,1.009967262,
Anthony Santander TOR,B,-0.004131669,-0.01570997,-0.01430193,0.140635641,-0.095788876,0,9.683815648,-0.003303924,0.114745822,0.113767231,-0.003275748,0.303272345,0.991471667,
Justin Connell NA,R,0,0,-0.014285714,0.142857143,-0.052857143,0,9.636363636,-0.003333333,0.113333333,0.113452572,-0.00333684,0.306033642,1.001052108,
Triston Casas BOS,L,-0.004216524,-0.002642276,-0.014672365,0.135897436,-0.093333333,0,9.683944374,-0.003508242,0.114579854,0.113957645,-0.003489191,0.303997177,0.994569655,
Ricardo Olivar MIN,R,0.005,0,-0.014285714,0.130952381,-0.116666667,0,9.545454545,-0.003521721,0.114455944,0.115452294,-0.003552378,0.30830365,1.008705091,
Jordan Beck COL,R,0.005483355,-0.000928297,-0.015012804,0.137740077,-0.05,0,9.683150883,-0.003542739,0.114523375,0.110415886,-0.003415675,0.294635511,0.964134056,
Kaelen Culpepper MIN,R,0.006470588,0,-0.011764706,0.129411765,0.05,0,9.673202614,-0.002891834,0.114227459,0.112612484,-0.002850949,0.301239921,0.985861765,
Brice Matthews HOU,R,0.008295964,-0.000149477,-0.014499253,0.130941704,-0.011106129,0,9.682438464,-0.003598713,0.114491024,0.112009325,-0.003520708,0.298919094,0.978324073,
Matt Wallner MIN,L,0.001924747,-0.013716591,-0.014712976,0.132609744,-0.052942595,0,9.682857063,-0.003606493,0.11446181,0.111236989,-0.003504884,0.296906518,0.971826227,
Max Muncy OAK,R,0.003979537,0.001507808,-0.014216478,0.126763597,0.019628433,0,9.682966114,-0.003644234,0.114420674,0.113712284,-0.003621672,0.303575824,0.993808902,
Endy Rodriguez PIT,B,0.00261745,-0.001223242,-0.014765101,0.131096197,-0.011655481,0.013727273,9.682236039,-0.003661737,0.11440153,0.109805312,-0.003514622,0.293176262,0.959823806,
Johan Mieses NA,R,0,0,-0.014285714,0.142857143,-0.052857143,0,9.636363636,-0.003333333,0.113333333,0.1137999,-0.003347056,0.306553836,1.004116765,
Keston Hiura LAN,R,-0.002380952,0.017460317,-0.015873016,0.131746032,-0.083650794,0,9.675324675,-0.003921384,0.114112286,0.113651725,-0.003905558,0.304062818,0.995963963,
Andy Ibanez OAK,R,-0.00240859,-0.012594312,-0.016831109,0.138943703,0.0015148,0,9.682860202,-0.003937301,0.11412742,0.111084373,-0.003832318,0.296966885,0.973336409,
Jeremiah Jackson BAL,R,0.003019441,-0.010996355,-0.016889429,0.137727825,0.009459295,0,9.683066463,-0.00398585,0.114084207,0.112962483,-0.00394666,0.302057549,0.990167572,
C.J. Cron NA,R,-0.014285714,-0.014285714,-0.014285714,0.142857143,-0.088571429,0,10,-0.003333333,0.113333333,0.112996277,-0.00332342,0.30405703,0.997025977,
Elehuris Montero NA,R,-0.002727273,0.010984848,-0.016666667,0.131818182,-0.083371212,0,9.679487179,-0.004112058,0.113922696,0.113634872,-0.004101669,0.304065838,0.99747352,
Jhonny Pereda SEA,R,0,-0.024528302,-0.016352201,0.127044025,0.083207547,-0.0190625,9.683697904,-0.004182305,0.113887372,0.114432966,-0.004202341,0.306249135,1.004790642,
Thomas Saggese SLN,R,0.004358836,0.015140086,-0.017241379,0.132273707,0.004762931,0,9.683133982,-0.004236495,0.113842551,0.11026523,-0.004103369,0.295165968,0.968576593,
Henry Davis PIT,R,0.000480513,0.006246663,-0.016604378,0.127175654,0.083336893,-0.005139038,9.682946482,-0.004242503,0.113838212,0.112852578,-0.00420577,0.302099518,0.991341802,
Kyle Higashioka TEX,R,-0.008987508,-0.037542201,-0.016831032,0.127218935,0.078369494,0.056358109,9.683059948,-0.004299671,0.113773331,0.111962495,-0.004231237,0.299811962,0.984083824,
Spencer Horwitz PIT,L,-0.002865226,0.00910578,-0.018261317,0.136676955,-0.085226337,0,9.682580439,-0.004342374,0.11372128,0.113023893,-0.004315745,0.302734051,0.993867575,
Chase Pinder NA,R,0,0,-0.014285714,0.142857143,0.017142857,0,9.714285714,-0.003333333,0.113333333,0.11373547,-0.003345161,0.305679798,1.003548265,
Jacob Reimer NYN,R,0,0,-0.014285714,0.142857143,0.017142857,0,9.714285714,-0.003333333,0.113333333,0.109684183,-0.003226005,0.294790436,0.967801614,
Riley Greene DET,L,0.003197591,0.01150903,-0.019099512,0.14106682,-0.052864927,0,9.683144005,-0.004399986,0.113666308,0.114327315,-0.004425573,0.306305971,1.005815328,
Christian Franklin WAS,R,0.003851351,0,-0.017905405,0.131756757,-0.049966216,0,9.681312908,-0.004420321,0.113677304,0.112119455,-0.004359744,0.300326106,0.98629587,
Tim Tawa ARI,R,0.004126126,-0.004324324,-0.017657658,0.128828829,-0.013882883,0,9.68283926,-0.004454941,0.113623717,0.110479461,-0.004331661,0.296046489,0.972327469,
Brandon Nimmo TEX,L,0.002851434,0.002719665,-0.02019276,0.147132111,-0.056661965,0,9.683142045,-0.004460766,0.113606719,0.113759202,-0.004466753,0.304867643,1.001342194,
Mauricio Dubon ATL,R,0.000913108,-0.029086892,-0.017415317,0.125,0.015025773,0,9.682887785,-0.004528475,0.113537386,0.113770524,-0.004537774,0.304995995,1.002053399,
Rafael Flores PIT,R,0.002340426,0.001489362,-0.018297872,0.13106383,0.017957447,-0.001172414,9.682881326,-0.004535605,0.113548332,0.111271083,-0.004444642,0.298264781,0.979944676,
Michael Harris II ATL,L,0.011455026,0.030776014,-0.018400941,0.131746032,0.016666667,0,9.683054044,-0.004539199,0.11353074,0.115246067,-0.004607782,0.308958553,1.015108927,
Harold Ramirez WAS,R,0.001,0,-0.019285714,0.137857143,-0.116928571,0,9.736842105,-0.00455526,0.113544079,0.11374292,-0.004563237,0.304854934,1.001751217,
Everson Pereira CHA,R,0.00329904,0.00994513,-0.018518519,0.131344307,-0.034451303,0,9.683218347,-0.004581369,0.113482203,0.113140017,-0.004567555,0.303391408,0.99698467,
Brooks Lee MIN,B,-0.00161982,-0.018661258,-0.017965807,0.126803825,0.049208925,0,9.683089012,-0.004604284,0.113465907,0.112134536,-0.004550259,0.300709681,0.988266337,
Rece Hinds CIN,R,0.00671916,0.000787402,-0.019422572,0.129133858,-0.050026247,0,9.682299546,-0.004890251,0.113202713,0.108801296,-0.004700114,0.292104293,0.961119149,
Zachary Ehrhard LAN,R,0.002857143,0,-0.014285714,0.142857143,-0.052857143,0,9.649122807,-0.003333333,0.113333333,0.109226356,-0.00321254,0.292894007,0.963761963,
Brock Wilken MIL,R,0.003915212,0,-0.020199501,0.1319202,0.016683292,0,9.682481752,-0.004980622,0.113140049,0.108228024,-0.004764386,0.29065535,0.956584564,
Yoan Moncada LAA,B,-0.001061701,-0.022922984,-0.02167871,0.13963313,0.00573652,0,9.683246242,-0.005046543,0.113029629,0.108525139,-0.004845427,0.291634304,0.960147706,
Steven Kwan CLE,L,0.012719665,0.018019526,-0.023682008,0.150683403,-0.04158159,0,9.683067501,-0.005107674,0.112964432,0.110508401,-0.004996625,0.297056958,0.978258369,
Adael Amador COL,B,0.001024845,-0.000465839,-0.020031056,0.126242236,0.016661491,0,9.683274691,-0.005158369,0.112924305,0.110918015,-0.005066722,0.298207018,0.982233319,
Ryan Bliss SEA,R,0.005987461,-0.006583072,-0.020532915,0.128526646,0.016677116,0,9.683180665,-0.005190159,0.112876058,0.10522766,-0.004838478,0.282991932,0.932240742,
J.D. Davis NA,R,-0.005294118,0.018823529,-0.021176471,0.134117647,-0.083176471,0,9.684210526,-0.005147938,0.112968647,0.11298807,-0.005148823,0.303588189,1.000171937,
Ke'Bryan Hayes CIN,R,0.003794995,0.032362016,-0.020466232,0.127425437,0.016664381,0,9.682968561,-0.00522067,0.112843423,0.11107876,-0.005139028,0.298767602,0.984361848,
Blaze Alexander BAL,R,0.004093656,-0.014400806,-0.020996979,0.13021148,0.016661631,0,9.68316251,-0.005240645,0.112830962,0.109478581,-0.005084937,0.2944777,0.970288473,
Ronny Mauricio NYN,B,0.005433746,-0.022913505,-0.021163012,0.130028599,-0.023689228,0,9.682693355,-0.005291067,0.112780764,0.1095146,-0.005137836,0.294633839,0.971039707,
Carlos Perez HOU,R,-0.005625,0.005,-0.02125,0.1325,0.083625,-0.037374999,9.683642052,-0.005221834,0.112730176,0.110251441,-0.005107015,0.296722906,0.97801178,
James McCann ARI,R,-0.008285138,-0.00052356,-0.020914593,0.127034297,0.062669805,-0.038496242,9.683222354,-0.005351616,0.112728097,0.107355523,-0.00509656,0.288900087,0.952340426,
Yusniel Diaz NA,R,0,-0.028571429,-0.028571429,0.142857143,-0.052857143,0,9.583333333,-0.006666667,0.113333333,#N/A,#N/A,#N/A,#N/A,
Masataka Yoshida BOS,L,-0.006869369,-0.029411765,-0.02286036,0.136148649,-0.111317568,0,9.679878049,-0.005458819,0.112618394,0.112131516,-0.005435219,0.301915075,0.995676739,
Mel Rojas NA,B,-0.015714286,0,-0.028571429,0.142857143,-0.028571429,0,9.607843137,-0.006666667,0.113333333,0.113144161,-0.006655539,0.302522195,0.998330831,
T.J. Hopkins NA,R,0,-0.025,-0.025,0.1375,-0.0525,0,9.655172414,-0.005882353,0.111764706,0.111053928,-0.005844944,0.301089936,0.99364041,
Eduardo Valencia DET,R,0.002520325,0,-0.022764228,0.131707317,0.083577236,0,9.681194512,-0.00560092,0.112418472,0.108800887,-0.005420685,0.293189567,0.967820369,
Kyle Manzardo CLE,L,0.001835616,0.002011834,-0.024712329,0.139726027,-0.101156164,0,9.684008628,-0.005748789,0.112311717,0.107392057,-0.005496972,0.289588856,0.956196384,
Keibert Ruiz WAS,B,-0.007114846,-0.017973856,-0.023809524,0.131372549,0.083314659,-0.078728973,9.683008577,-0.005889434,0.1121764,0.11064583,-0.005809077,0.298549152,0.986355684,
Tommy Troy ARI,R,0.005469484,0,-0.023943662,0.131690141,0.016643192,0,9.683178546,-0.005910896,0.112191124,0.11071966,-0.005833371,0.298702246,0.986884304,
Warming Bernabel WAS,R,0.003209877,0.002469136,-0.024691358,0.132098765,-0.082962963,0,9.682539683,-0.006057253,0.112059184,0.110563472,-0.005976404,0.298622212,0.986652477,
Jonny DeLuca TBA,R,0.007982262,-0.011308204,-0.024257206,0.132505543,-0.019844789,0,9.683036537,-0.005948801,0.112113686,0.114020531,-0.006049979,0.307753782,1.017008139,
Santiago Espinal LAN,R,0.00318789,-0.018165628,-0.024398931,0.13205699,0.016669635,0,9.68301545,-0.006004386,0.112067269,0.110911466,-0.00594246,0.299421739,0.98968652,
Kevin Alcantara CHN,R,0.005871314,-0.001340483,-0.024396783,0.131367292,-0.016675603,0,9.682453044,-0.006037529,0.111992848,0.111913577,-0.006033256,0.302274891,0.999292176,
Austin Gauthier LAN,R,0.002394366,0,-0.023943662,0.130985915,0.016619718,0,9.686147186,-0.00592654,0.111907029,0.110788136,-0.005867284,0.29943687,0.990001587,
Gio Urshela MIN,R,-0.009977169,-0.026940639,-0.024657534,0.130136986,0.005547945,0,9.683771461,-0.006159487,0.111897343,0.111259973,-0.006124402,0.300646698,0.994303973,
Chad Pinder NA,R,0.001111111,-0.033333333,-0.022222222,0.133333333,-0.052222222,0,9.6,-0.005263158,0.113157895,0.111994192,-0.005209032,0.299242648,0.989716119,
Trey Mancini LAA,R,-0.008263158,-0.013684211,-0.025263158,0.131578947,-0.083157895,0,9.583333333,-0.006244544,0.111881405,0.108828102,-0.006074127,0.294074391,0.972709472,
Felix Reyes PHI,R,0,0,-0.028571429,0.142857143,-0.088571429,0,9.473684211,-0.006666667,0.113333333,0.113730574,-0.006690034,0.30320203,1.003505062,
Luis Arraez SFN,L,0.000471783,-0.038396767,-0.029262466,0.149298298,-0.008426396,0,9.682869321,-0.006370373,0.111696043,0.11061234,-0.006308566,0.299157066,0.990297748,
Jeferson Quero MIL,R,0.004520548,0,-0.026027397,0.131506849,0.083219178,0,9.684174058,-0.006428505,0.11165298,0.106291624,-0.006119821,0.287475709,0.951981975,
Tom Murphy NA,R,-0.004324853,-0.031702544,-0.026223092,0.131506849,0.083405088,-0.041960785,9.683544104,-0.006482644,0.111607911,0.111198204,-0.006458847,0.300852517,0.996329052,
Ryan Vilade TBA,R,0.002925795,-0.016819788,-0.026007067,0.129823322,-0.044678445,0,9.682395791,-0.006512469,0.111561432,0.110282776,-0.006437827,0.29845264,0.988538552,
Angel Martinez CLE,B,0.008405405,-0.005675676,-0.027702703,0.136756757,0.014033784,0,9.682803555,-0.006585148,0.11148174,0.11460449,-0.006769607,0.310272319,1.028011315,
Luisangel Acuna CHA,R,0.013588997,-0.000841424,-0.02631068,0.129546926,0.019006472,0,9.682900919,-0.006600309,0.111466481,0.108597479,-0.006430426,0.294032062,0.974261306,
Deyvison De Los Santos MIA,R,0.005118203,0,-0.026950355,0.13179669,-0.09107565,0,9.684848485,-0.00664349,0.111424146,0.110981869,-0.00661712,0.300564212,0.996030686,
Leo Rivas SEA,B,0.007036697,-0.000183486,-0.026330275,0.128899083,0.022458716,0,9.682742761,-0.006636776,0.11143772,0.108889234,-0.006484999,0.294856073,0.977130847,
J.P. Crawford SEA,L,0.000397264,-0.049223888,-0.027519074,0.134175217,0.049997369,0,9.68294499,-0.006666045,0.111398155,0.113111572,-0.006768576,0.30635873,1.015381018,
Jhostynxon Garcia PIT,R,0.004847188,-0.011155378,-0.027506112,0.131723716,-0.038037897,0,9.683389972,-0.006786254,0.111279489,0.107638668,-0.006564223,0.291701358,0.967282198,
Darin Ruf NA,R,-0.008181818,0,-0.027272727,0.127272727,-0.112727273,0,9.583333333,-0.006976744,0.111627907,0.112304391,-0.007019024,0.303337202,1.00606017,
Joey Meneses OAK,R,-0.010174081,-0.012765957,-0.029206963,0.138104449,-0.083404255,0,9.705882353,-0.006877435,0.111223152,0.112037737,-0.006927804,0.303694046,1.007323876,
Trent Grisham NYA,L,0.002265041,-0.013212741,-0.031026347,0.146519858,0.016665356,0,9.683033634,-0.006881593,0.111187008,0.111221858,-0.00688375,0.301548486,1.000313434,
Ryan Ritter COL,R,0.005841224,0.01383831,-0.026584122,0.125127458,0.019045885,0,9.68300472,-0.006904975,0.111160639,0.109080492,-0.006775762,0.295782478,0.981287022,
Samad Taylor SDN,R,0.008207792,-0.014025974,-0.028051948,0.131688312,0.016675325,0,9.683655536,-0.006921218,0.111188089,0.112725022,-0.007016889,0.305585459,1.013822815,
Derek Hill CHA,R,0.007347767,-0.017726658,-0.027875507,0.130446549,0.005548038,0,9.68360396,-0.006947042,0.111152672,0.10800201,-0.006750126,0.292847964,0.971654641,
Garrett Whitley NA,R,0,0,-0.028571429,0.142857143,0.017142857,0,9.684210526,-0.006666667,0.11,0.110114653,-0.006673615,0.301641072,1.001042296,
David Villar NA,R,-6.17E-05,0.027160494,-0.027777778,0.12962963,-0.08308642,0,9.687092568,-0.006952439,0.111084533,0.110141793,-0.006893436,0.298767748,0.99151331,
Jeff McNeil OAK,L,-0.006320872,-0.011565495,-0.029003115,0.134080997,0.010242991,0,9.682985374,-0.00702984,0.111042776,0.111231087,-0.007041761,0.30178191,1.001695849,
Jeter Downs NA,R,0.002222222,-0.044444444,-0.022222222,0.122222222,0.047777778,0,9.693877551,-0.005714286,0.111428571,0.111203267,-0.005702732,0.300596972,0.997978035,
Braxton Fulford COL,R,0.00437203,-0.013645621,-0.028038018,0.128513238,0.083319756,-0.059789115,9.68292107,-0.007089237,0.110990333,0.110179526,-0.007037449,0.298997687,0.992694795,
Jett Williams MIL,R,0.006360691,0,-0.028941685,0.13174946,0.026187905,0,9.683251301,-0.007139119,0.110922737,0.109314184,-0.007035591,0.296758219,0.985498444,
Lars Nootbaar SLN,L,0.005307467,-0.012408492,-0.031185944,0.141215227,-0.04567716,0,9.683030836,-0.007177056,0.110890577,0.111120149,-0.007191915,0.301708323,1.002070256,
Alexander Canario NA,R,-0.002878788,0.004545455,-0.03030303,0.134848485,-0.050151515,0,9.685863874,-0.007329138,0.110669979,0.107682586,-0.007131297,0.292848624,0.973006296,
Jesse Winker NA,L,-0.012132196,-0.033423913,-0.030810235,0.137846482,-0.090447761,0,9.678188319,-0.007264943,0.110809232,0.110654542,-0.007254801,0.300548848,0.998604002,
Eli White ATL,R,0.005430644,-0.00988214,-0.029646419,0.132366274,-0.044723481,0,9.683554999,-0.007279546,0.11077376,0.107530122,-0.007066389,0.292134777,0.970718356,
Donovan Solano NA,R,-0.015504587,0.001834862,-0.030275229,0.133944954,-0.083211009,0,9.736842105,-0.00736626,0.110717124,0.110041599,-0.007321316,0.298937877,0.993898644,
Dylan Moore PHI,R,0.008553758,-0.003710752,-0.030161751,0.131208373,-0.033339676,0,9.682539805,-0.007470624,0.110598226,0.109117382,-0.007370597,0.296687621,0.986610603,
Kerry Carpenter DET,L,0.000951792,-0.014969136,-0.033436341,0.14381953,-0.089987639,0,9.684210526,-0.007555315,0.110508707,0.106592987,-0.007287603,0.289964096,0.96456641,
Nick Madrigal LAA,R,-0.000772834,-0.022482436,-0.031147541,0.133255269,0.016674473,0,9.681936632,-0.007603451,0.110450136,0.109461985,-0.007535427,0.297882909,0.991053421,
Emmanuel Rivera NA,R,-0.003096447,-0.021319797,-0.030964467,0.13248731,0.016700508,0,9.685534591,-0.007601384,0.110531601,0.110229385,-0.0075806,0.299750174,0.997265793,
Nasim Nunez WAS,B,0.011465039,0.015760266,-0.029707732,0.127229005,0.025760266,0,9.682962868,-0.00758793,0.110473839,0.106522346,-0.007316521,0.289819998,0.964231406,
Niko Hulsizer NA,R,0,0,-0.028571429,0.142857143,-0.052857143,0,9.772727273,-0.006666667,0.11,0.109884579,-0.006659671,0.300228644,0.998950716,
Thomas White OAK,R,0,0,-0.028571429,0.142857143,0.017142857,0,9.684210526,-0.006666667,0.11,0.109252357,-0.006621355,0.2984248,0.993203247,
Tim Elko CHA,R,0.002768166,0.003114187,-0.030795848,0.130449827,-0.083321799,0,9.683257919,-0.007666705,0.110348866,0.109007259,-0.007573494,0.296773461,0.987842134,
Oscar Gonzalez NA,R,0.005113636,-0.020454545,-0.031818182,0.134090909,-0.05,0,9.672619048,-0.007695545,0.110211201,0.109181026,-0.007623613,0.297521742,0.990652724,
Aidan Miller PHI,R,0.008051576,0,-0.031805158,0.131805158,0.033295129,0,9.683941892,-0.007850192,0.110185577,0.109895677,-0.007829538,0.299442084,0.997368981,
Daylen Lile WAS,L,0.009402289,-0.003633491,-0.032810513,0.135396354,-0.063005511,0,9.682737896,-0.007875505,0.110196026,0.106894189,-0.007639529,0.291220537,0.970036697,
Bryan De La Cruz PHI,R,-0.006041667,-0.029340278,-0.033854167,0.139409722,-0.049965278,0,9.683860233,-0.0078928,0.110175389,0.108380617,-0.007764225,0.295285111,0.983709873,
Drew Ellis NA,R,0,0.0375,-0.0375,0.1375,-0.0875,0,9.756097561,-0.008823529,0.108823529,0.108336525,-0.008784043,0.298756005,0.995524827,
Christian Cerda ARI,R,0.006,0,-0.033333333,0.126666667,0.082,0,9.679715302,-0.008375739,0.110559749,0.111967329,-0.008482373,0.303910563,1.012731391,
Brennan Milone OAK,R,0.003071429,0,-0.032857143,0.132142857,-0.083642857,0,9.667896679,-0.008075567,0.110073487,0.107008287,-0.007850688,0.291690665,0.972153153,
Juan Brito CLE,B,0.003946054,0,-0.032567433,0.131768232,0.016663337,0,9.682706125,-0.008034353,0.110041065,0.108623997,-0.00793089,0.296171263,0.987122379,
Eduardo Escobar NA,B,-0.0125,-0.0375,-0.0375,0.125,0.01625,0,9.772727273,-0.009677419,0.109677419,0.109129982,-0.009629116,0.298417028,0.995008662,
Jeong Choi NA,R,-0.014285714,0,-0.028571429,0.142857143,0.017142857,0,9.647058824,-0.006666667,0.11,0.111174008,-0.006737819,0.303094709,1.010672801,
Jacob Young WAS,R,0.01645331,0.037352039,-0.031126699,0.123629987,0.016663744,0,9.682998619,-0.008181819,0.109889891,0.108652558,-0.008089693,0.296466843,0.988740251,
Jose Miranda SDN,R,-0.003553719,-0.003099174,-0.034090909,0.135330579,-0.033305785,0,9.683317009,-0.008182371,0.109891717,0.108902446,-0.008108711,0.297140771,0.990997769,
Oswaldo Cabrera NYA,B,0.002411111,-0.016555556,-0.031777778,0.126222222,-0.029644444,0,9.683517623,-0.008179214,0.109876021,0.104824663,-0.007803189,0.28605538,0.954026748,
Pablo Reyes SDN,R,0.000263158,-0.007017544,-0.033333333,0.133333333,-0.049912281,0,9.68627451,-0.008143447,0.10993654,0.111555827,-0.008263395,0.304205693,1.014729287,
Junwoo Jeon NA,R,-0.015714286,0,-0.028571429,0.142857143,-0.028571429,0,9.607843137,-0.006666667,0.11,0.108939049,-0.006602367,0.296886638,0.990354989,
Henry Bolte OAK,R,0.010666667,0,-0.033333333,0.133333333,-0.050666667,0,9.677419355,-0.008110713,0.110305702,0.111658184,-0.008210161,0.303407078,1.012261213,
Jon Berti NA,R,0.010101925,-0.03193658,-0.033069083,0.128539071,0.021426954,0,9.682777602,-0.008363071,0.109722344,0.108839935,-0.008295813,0.297216349,0.991957804,
Taylor Jones NA,R,0,0,-0.0375,0.1375,-0.0875,0,10,-0.008823529,0.108823529,0.108091602,-0.008764184,0.297589912,0.993274184,
Brendan Rodgers BOS,R,4.42E-05,-0.018584071,-0.034955752,0.135840708,0.016681416,0,9.684119429,-0.008366707,0.109720362,0.1091747,-0.008325098,0.298112018,0.995026796,
Nicholas Cimillo PIT,R,0,0,-0.042857143,0.142857143,-0.088571429,0,10,-0.01,0.11,0.107996773,-0.009817888,0.294143939,0.981788848,
Riley Alderman MIA,R,0.00543956,0,-0.034065934,0.131868132,-0.050054945,0,9.68,-0.00839605,0.109690333,0.107639715,-0.008239089,0.293968676,0.981305395,
Anthony Rendon LAA,R,-0.003235294,-0.023529412,-0.036764706,0.141176471,0.016617647,0,9.682779456,-0.008435914,0.109666882,0.111051795,-0.008542446,0.303243713,1.012628357,
Rafael Marchan PHI,B,3.44E-05,0.00524957,-0.033562823,0.127710843,0.083364888,-0.013948276,9.683197837,-0.008540428,0.109514563,0.105348976,-0.008215577,0.287993494,0.961963164,
Kyler Fedko MIN,R,0.001428571,0,-0.042857143,0.142857143,-0.088571429,0,10,-0.01,0.11,0.109784487,-0.009980408,0.298751533,0.998040787,
Nacho Alvarez Jr. ATL,R,0.001240876,-0.062408759,-0.034306569,0.126642336,0.049927007,0,9.681917633,-0.008811374,0.109298539,0.107274795,-0.008648225,0.293514829,0.981484254,
Tyrone Taylor NYN,R,0.010070652,0.00298913,-0.035271739,0.129836957,-0.032913043,0,9.683032036,-0.008828103,0.109242669,0.108015759,-0.008728954,0.295673557,0.988768951,
Fenwick Trimble MIA,R,0.002857143,0,-0.042857143,0.142857143,-0.052857143,0,9.722222222,-0.01,0.11,0.106705881,-0.009700535,0.290068298,0.970053467,
Brenton Doyle COL,R,0.008929093,0.032944266,-0.036504231,0.133761307,0.016667639,0,9.682988651,-0.008869104,0.109201286,0.106460636,-0.008646514,0.291478378,0.974902763,
Wilyer Abreu BOS,L,0.002269504,0.010535025,-0.037752319,0.137097654,-0.050900164,0,9.68288232,-0.008950405,0.109125091,0.110067186,-0.009027675,0.301464314,1.008633162,
Jung Hoo Lee SFN,L,0.009408134,0.017928731,-0.038017429,0.138017429,-0.038503994,0,9.683151593,-0.008951264,0.109116508,0.108041238,-0.008863055,0.295932759,0.990145675,
Ryan O'Hearn PIT,L,-0.002134602,-0.009386828,-0.038341264,0.139021074,-0.068368457,0,9.682203976,-0.008962124,0.109102741,0.110604631,-0.009085495,0.302985208,1.013765832,
Vito Friscia NA,R,0,0,-0.042857143,0.142857143,0.088571429,0,9.705882353,-0.01,0.11,0.109658082,-0.009968917,0.297936024,0.996891653,
Zack Gelof OAK,R,0.008752345,-0.001969981,-0.036491557,0.131144465,0.016660413,0,9.683101747,-0.009042695,0.10902375,0.111465123,-0.009245188,0.305460367,1.022393035,
Francisco Urbaez CIN,R,0.004285714,0,-0.038095238,0.128571429,-0.114285714,0,9.761904762,-0.009591788,0.109106589,0.109181387,-0.009598364,0.298957811,1.000685553,
TJ Friedl CIN,L,0.011851218,-0.00645575,-0.041855494,0.149465584,-0.002808893,0,9.682933534,-0.009100967,0.108969903,0.106271314,-0.008875586,0.291297956,0.975235461,
Justice Bigbie DET,R,0.001929825,0,-0.036842105,0.131578947,-0.116842105,0,9.663865546,-0.00907404,0.108888481,0.108028922,-0.00900241,0.296335135,0.992106059,
Ronny Simon PIT,B,0.007291667,-0.00625,-0.038194444,0.134722222,0.016666667,0,9.68216598,-0.00922295,0.108998495,0.109415912,-0.009258269,0.299775631,1.003829566,
Enrique Hernandez LAN,R,0.000322841,-0.006698951,-0.036561743,0.129539952,-0.003849879,0,9.682689766,-0.009171741,0.108906838,0.108431477,-0.009131708,0.297311594,0.995635162,
Brayan Rocchio CLE,B,0.000836454,0.012172285,-0.034862672,0.123533084,0.033798377,0,9.683010467,-0.009171823,0.108895896,0.110917984,-0.009342135,0.304154888,1.018568996,
Brady House WAS,R,0.004324402,0.001382887,-0.037597234,0.132526649,0.016666667,0,9.682988963,-0.009220945,0.108849549,0.108072833,-0.009155148,0.296414678,0.992864319,
Nick Fortes TBA,R,0.00095656,-0.041728828,-0.035190873,0.123957876,0.08334796,0.042460527,9.68297014,-0.009225171,0.108838619,0.10859545,-0.00920456,0.297870004,0.997765784,
Sean Bouchard NA,R,0.001881188,-0.014851485,-0.037623762,0.132673267,-0.04980198,0,9.673590504,-0.009225348,0.108761997,0.108477503,-0.009201217,0.297691272,0.99738425,
Zachary Levenson SLN,R,0,0,-0.042857143,0.142857143,0.017142857,0,9.647058824,-0.01,0.11,0.104939297,-0.009539936,0.284657384,0.953993612,
Ramon Rodriguez MIL,R,0.005277778,0,-0.038888889,0.130555556,0.082777778,0,9.685628743,-0.009651398,0.108922923,0.107656636,-0.009539196,0.294899312,0.988374464,
Brennen Davis SEA,R,0.002947368,0,-0.037894737,0.131578947,-0.049947368,0,9.683406114,-0.009355035,0.108622348,0.107942402,-0.009296475,0.296471479,0.993740272,
Shay Whitcomb HOU,R,0.004187192,-0.018965517,-0.038423645,0.132512315,0.016674877,0,9.681987578,-0.009420162,0.108633792,0.106306335,-0.009218337,0.291920726,0.978575203,
Stuart Fairchild CLE,R,0.004540541,-0.021801802,-0.038558559,0.132612613,-0.016666667,0,9.683690955,-0.009443672,0.108646361,0.109161608,-0.009488458,0.299689546,1.004742422,
Colt Keith DET,L,0.009008667,0.009448161,-0.039274106,0.134940412,-0.045785482,0,9.682911242,-0.009461092,0.108613341,0.107596606,-0.009372527,0.295457076,0.990638949,
Mitch Haniger NA,R,-0.00825,-0.0325,-0.039166667,0.134166667,-0.050083333,0,9.615384615,-0.009489665,0.108626376,0.108156481,-0.009448615,0.296941911,0.99567421,
Orlando Arcia MIN,R,-0.002433735,0.012409639,-0.037228916,0.12746988,0.026192771,0,9.683433229,-0.009488678,0.108582414,0.106562071,-0.009312127,0.292672139,0.98139346,
Corey Julks DET,R,0.002587413,-0.014685315,-0.040559441,0.137062937,-0.05,0,9.68503937,-0.009601816,0.108599854,0.108088522,-0.009556607,0.296772065,0.99529159,
Aaron Palensky NA,R,0.001428571,0,-0.042857143,0.142857143,-0.052857143,0,9.714285714,-0.01,0.11,0.109974622,-0.009997693,0.298085214,0.999769294,
Leandro Cedeno SDN,R,-0.001428571,0,-0.042857143,0.142857143,-0.088571429,0,10,-0.01,0.11,0.110136721,-0.010012429,0.298493542,1.001242917,
Josh Donaldson NA,R,-0.014285714,-0.028571429,-0.042857143,0.142857143,0.017142857,0,9.62962963,-0.01,0.11,0.109801798,-0.009981982,0.297517955,0.998198168,
Ezequiel Duran TEX,R,0.000821559,-0.019884877,-0.039141811,0.130455259,0.021166928,0,9.683228571,-0.00975335,0.108316946,0.110396057,-0.009940562,0.303611985,1.019194697,
Jake Holton SFN,R,0.003913043,0,-0.039130435,0.130434783,-0.082608696,0,9.666666667,-0.009731956,0.108132842,0.106126725,-0.009551405,0.292276094,0.981447658,
Sal Frelick MIL,L,0.00920488,0.008918805,-0.041564998,0.137484224,-0.041779554,0,9.683184273,-0.009827201,0.10823846,0.107203701,-0.009733253,0.294946101,0.990440007,
Eguy Rosario NA,R,0.001870504,-0.00647482,-0.039568345,0.129496403,0.016618705,0,9.68557758,-0.009904447,0.108228595,0.10784934,-0.00986974,0.296726555,0.996495802,
Andre Lipcius NA,R,0.002258065,-0.02,-0.04,0.131612903,0.016645161,0,9.682539683,-0.009866533,0.108213587,#N/A,#N/A,#N/A,#N/A,
Sebastian Walcott TEX,R,0.001428571,0,-0.042857143,0.142857143,0.052857143,0,9.642857143,-0.01,0.106666667,0.106616222,-0.009995271,0.2975852,0.999527082,
Ildemaro Vargas ARI,B,-0.002782051,-0.015641026,-0.04025641,0.131794872,0.011538462,0,9.683237869,-0.009925519,0.108137585,0.112827731,-0.010356009,0.31058055,1.043372023,
Hao-Yu Lee DET,R,0.006052632,0,-0.040789474,0.131578947,0.016666667,0,9.6820056,-0.010065348,0.108013088,0.10718408,-0.009988096,0.295268266,0.992324925,
Adam Duvall NA,R,-0.006847826,-0.010869565,-0.041304348,0.131521739,-0.050108696,0,9.671361502,-0.010195925,0.10786215,0.107274107,-0.010140338,0.295805486,0.994548195,
Carter Kieboom CLE,R,0,0.04,-0.04,0.133333333,-0.085333333,0,9.72972973,-0.009601822,0.107220343,0.106895514,-0.009572733,0.296494029,0.996970457,
Alex Freeland LAN,B,0.005227273,-0.009090909,-0.040454545,0.128181818,0.021431818,0,9.682340243,-0.01026113,0.107857159,0.105893871,-0.01007435,0.291877548,0.981797335,
Ryan McKenna NA,R,0.007052632,-0.011578947,-0.042105263,0.132631579,-0.050105263,0,9.6875,-0.01031796,0.10782268,0.107642813,-0.010300748,0.296769111,0.998331829,
Rafael Lantigua TOR,R,0.001509434,0,-0.041509434,0.132075472,0.016603774,0,9.680672269,-0.010285009,0.107992591,0.106809344,-0.010172318,0.293967393,0.989043257,
Max Schuemann NYA,R,0.004588859,-0.012997347,-0.040583554,0.128381963,0.03331565,0,9.683226762,-0.010278408,0.107755338,0.107394912,-0.010244028,0.296204912,0.996655144,
Nathan Lukes TOR,L,0.001763085,-0.00312213,-0.043250689,0.135812672,-0.042066116,0,9.683315412,-0.0103519,0.107716901,0.106572893,-0.010241957,0.293999066,0.989379502,
Kevin McGonigle DET,L,0.006097345,0,-0.048274336,0.151061947,0.048261062,0,9.682915846,-0.010385525,0.107682002,0.115713506,-0.011160134,0.319259319,1.074585389,
Dylan Beavers BAL,L,0.003742018,-0.00146871,-0.043805875,0.136206897,-0.04765645,0,9.683061547,-0.010454568,0.107608902,0.106436221,-0.010340638,0.293780223,0.989102385,
Raul Melendez ARI,R,0.004090909,0,-0.040909091,0.131818182,-0.083181818,0,9.62962963,-0.010131198,0.108066113,0.106328654,-0.009968311,0.2922318,0.983922264,
Joe Dunand NA,R,0,-0.0375,-0.05,0.1375,0.0175,0,9.642857143,-0.011764706,0.108823529,0.108434993,-0.011722702,0.295896764,0.996429665,
Ryan Ignoffo MIA,R,0.01,0,-0.045454545,0.136363636,0.085454545,0,9.669811321,-0.010969541,0.107501504,0.106807908,-0.010898766,0.29502614,0.993548033,
Diego Castillo NA,R,0.002180451,0.009022556,-0.042857143,0.131578947,0.016691729,0,9.68164794,-0.010559837,0.107450975,0.107400606,-0.010554887,0.296739835,0.99953124,
Jose Iglesias NA,R,-0.004612645,-0.016295637,-0.043276937,0.131522707,0.02777382,0,9.682712093,-0.01069228,0.107362811,0.106485441,-0.010604903,0.294282306,0.991827985,
Jose Caballero NYA,R,0.014851898,-0.01760534,-0.04226116,0.128118481,0.031055486,0,9.68294457,-0.010722346,0.107350476,0.10758348,-0.010745619,0.297324946,1.0021705,
Charles Condon COL,R,0.004394619,0,-0.04367713,0.131748879,-0.08793722,0,9.674329502,-0.010772159,0.107301322,0.108929525,-0.010935617,0.301125008,1.015174119,
Denzel Clarke OAK,R,0.00978348,-0.00521251,-0.040697674,0.122774659,0.016668003,0,9.682837815,-0.010772765,0.107303105,0.103961792,-0.010437311,0.28738645,0.968860978,
Connor Wong BOS,R,0.001588468,-0.024024873,-0.044092708,0.131147541,0.083340871,-0.05219209,9.683247893,-0.01092763,0.107146809,0.107054643,-0.01091823,0.296173018,0.999139818,
Pedro Pages SLN,R,-0.003224115,-0.005591962,-0.042682394,0.126561817,0.083337702,0.045449781,9.682948013,-0.010960634,0.107104581,0.105284329,-0.010774357,0.29134791,0.983004909,
Brendon Davis NA,R,0.004029851,-0.019402985,-0.044776119,0.131343284,-0.049701493,0,9.66442953,-0.011115726,0.107081495,0.10680006,-0.011086511,0.295459417,0.997371765,
Kyle Stowers MIA,L,0.003837263,-0.007808803,-0.048220065,0.141146556,-0.049241794,0,9.683536984,-0.011101761,0.106962217,0.10537951,-0.010937489,0.291827014,0.985203113,
Jamie Westbrook NA,R,-0.001461538,-0.013846154,-0.045384615,0.133076923,0.016692308,0,9.682274247,-0.011099124,0.106852584,0.106707105,-0.011084013,0.295759776,0.998638506,
Jake Rogers DET,R,0.001745432,0.00415879,-0.043352237,0.125897921,0.083358538,0.075327046,9.682935457,-0.011193952,0.10687946,0.105067134,-0.011004139,0.291074196,0.983043267,
Jonah Heim OAK,B,-0.007641921,-0.018195051,-0.045123726,0.129548763,0.083318777,-0.009797101,9.683031085,-0.011320381,0.106740234,0.106502616,-0.01129518,0.295274215,0.997773871,
Nathan Nankil OAK,R,0,0,-0.042857143,0.142857143,-0.052857143,0,9.705882353,-0.01,0.106666667,0.105581434,-0.009898259,0.292922162,0.989825947,
Maxwell Anderson DET,R,0.003846154,0,-0.046153846,0.131868132,0.016703297,0,9.68452679,-0.011375294,0.106711089,0.107613665,-0.011471507,0.298337209,1.008458124,
Jazz Chisholm Jr. NYA,L,0.016377536,-0.006813448,-0.047603646,0.135548368,0.015119083,0,9.682976735,-0.011413483,0.106655089,0.104477694,-0.011180474,0.289782706,0.979584703,
Armando Alvarez OAK,R,-0.000222222,-0.033333333,-0.046666667,0.132222222,0.016777778,0,9.687010955,-0.011426935,0.106651393,0.106384903,-0.011398382,0.295031955,0.997501293,
Jadher Areinamo TBA,R,0.008461538,0,-0.046153846,0.130769231,0.016153846,0,9.659863946,-0.011773908,0.105965168,0.104372018,-0.011596891,0.291324184,0.984965341,
Willie MacIver TEX,R,0.003442029,-0.013043478,-0.045289855,0.128985507,0.083369565,-0.048357142,9.682847994,-0.011426768,0.106588889,0.104267286,-0.011177882,0.289324926,0.978219091,
Michael Toglia CIN,B,0.000519481,-0.005519481,-0.047727273,0.133766234,-0.083409091,0,9.733333333,-0.011590037,0.106517961,0.106037644,-0.011537775,0.294288965,0.995490745,
Thairo Estrada BAL,R,0.00396789,-0.001605505,-0.048623853,0.135779817,0.016651376,0,9.682075082,-0.011635079,0.106417065,0.105452477,-0.011529616,0.292849268,0.990935776,
Javier Baez DET,R,0.005615385,0.002912088,-0.04532967,0.125714286,0.027972527,0,9.68319017,-0.011717171,0.106349304,0.104287572,-0.011490017,0.289720323,0.980613587,
Brandon Lockridge MIL,R,0.011380042,-0.005944798,-0.047133758,0.130573248,-0.027770701,0,9.683714344,-0.011724373,0.106311548,0.105907263,-0.011679788,0.294304536,0.996197165,
Franklin Arias BOS,R,0,0,-0.057142857,0.142857143,0.052857143,0,9.7,-0.013333333,0.106666667,0.111428073,-0.013928509,0.308348986,1.044638182,
Brice Turang MIL,L,0.012837414,-0.002856246,-0.052981795,0.143816698,0.017740113,0,9.682893964,-0.011972429,0.106099271,0.108298274,-0.012220569,0.301248876,1.020725899,
Alan Roden MIN,L,0.003815621,-0.004500703,-0.048271447,0.130473752,-0.055825864,0,9.681709754,-0.012029335,0.106030455,0.105266658,-0.011942681,0.292917642,0.992796447,
Alejo Lopez SEA,B,0.00125,-0.025,-0.05,0.125,0.01625,0,9.642857143,-0.012903226,0.106451613,0.105135308,-0.012743674,0.291179403,0.987634709,
Kristian Robinson ARI,R,0.005,0,-0.04954955,0.131531532,-0.04990991,0,9.682352941,-0.012247764,0.10588749,0.106953355,-0.012371051,0.297792714,1.010066019,
Tristin English ATL,R,0.001333333,0.002222222,-0.048888889,0.131111111,-0.082888889,0,10,-0.012197807,0.105899144,0.104464834,-0.012032599,0.290784507,0.986455887,
Dairon Blanco TEX,R,0.014705882,-0.008144796,-0.049321267,0.130769231,-0.049954751,0,9.677790564,-0.012237839,0.105761876,0.104912613,-0.01213957,0.2923921,0.99197005,
Diego Rincones NA,R,0,0,-0.057142857,0.142857143,-0.052857143,0,9.583333333,-0.013333333,0.106666667,0.10664536,-0.01333067,0.294663128,0.999800246,
Matthew Kroon NA,R,0.001428571,0,-0.057142857,0.142857143,-0.052857143,0,9.6,-0.013333333,0.106666667,0.106520578,-0.013315072,0.294307368,0.998630414,
Kris Bryant COL,R,-0.003454545,0.001111111,-0.051636364,0.136,-0.105509091,0,9.680464779,-0.012331714,0.105731419,0.104681471,-0.012209256,0.29176858,0.990069665,
Xavier FernÃ¡ndez NA,R,0,0,-0.057142857,0.142857143,-0.088571429,0,10,-0.013333333,0.106666667,0.106840773,-0.013355097,0.295007741,1.001632248,
Drew Millas WAS,B,0.005552486,-0.0106814,-0.049355433,0.128360958,0.08335175,0.011605504,9.683210014,-0.01249897,0.105588314,0.100424792,-0.01188774,0.280083979,0.951097608,
Andrew Bechtold PHI,R,0,0,-0.057142857,0.142857143,0.017142857,0,9.72972973,-0.013333333,0.106666667,0.106470854,-0.013308857,0.293868541,0.998164258,
Yuli Gurriel SDN,R,-0.006923077,0,-0.050769231,0.132307692,-0.116153846,0,9.677419355,-0.012443881,0.105584447,0.105031315,-0.012378691,0.29284179,0.99476123,
Brett Baty NYN,L,0.000370943,0.005386251,-0.051210716,0.131633179,-0.053760948,0,9.682462771,-0.012642422,0.105425589,0.100444482,-0.012045098,0.28039884,0.952752392,
Aron Estrada BAL,B,0.001428571,0,-0.057142857,0.142857143,0.017142857,0,9.733333333,-0.013333333,0.106666667,0.103276713,-0.012909589,0.284947875,0.968219187,
Joshua Kuroda-Grauer OAK,R,0.001428571,0,-0.057142857,0.142857143,0.052857143,0,9.702970297,-0.013333333,0.106666667,0.107175303,-0.013396913,0.295675226,1.004768466,
Brainer Bonaci NA,B,0.009090909,0,-0.054545455,0.136363636,0.050909091,0,9.689440994,-0.0131655,0.105324002,#N/A,#N/A,#N/A,#N/A,
Leody Taveras BAL,B,0.010923451,0.006439854,-0.049574727,0.126488457,-0.001518834,0,9.682901835,-0.012736496,0.105325829,0.105758694,-0.01278884,0.295371941,1.004109766,
Alex Jackson MIN,R,0.003306288,-0.004056795,-0.049290061,0.12535497,0.08336714,0.050857143,9.68271822,-0.012772175,0.10527846,0.102862702,-0.0124791,0.287383716,0.977053632,
Moises Ballesteros CHN,L,0.001693269,0.000473934,-0.050104094,0.126509368,-0.096738376,0.000615385,9.684210175,-0.012870957,0.105196009,0.108318527,-0.013253004,0.302745293,1.029682853,
Kyren Paris LAA,R,0.010453258,0.004815864,-0.050708215,0.127195467,0.016657224,0,9.683704698,-0.01295916,0.105121233,0.103952285,-0.012815054,0.290623922,0.988880004,
Abraham Toro KCA,B,-0.003130841,0.025233645,-0.054672897,0.136448598,-0.08317757,0,9.672489083,-0.013031358,0.105030517,0.102499384,-0.012717315,0.286699213,0.975900977,
Nicholas Morabito NYN,R,0.004285714,0,-0.057142857,0.142857143,-0.052857143,0,9.62962963,-0.013333333,0.106666667,0.106821151,-0.013352644,0.29419947,1.00144829,
Carter Jensen KCA,L,0.004255444,0.00829769,-0.052266039,0.129487934,0.021253679,0.00434188,9.682896935,-0.013115885,0.104956619,0.103744141,-0.012964368,0.290320962,0.988447817,
Sandro Fabian NA,R,0.001555556,-0.013333333,-0.054444444,0.132222222,-0.050222222,0,9.659863946,-0.013357934,0.104682582,0.102873422,-0.013127077,0.288456132,0.98271766,
Nick Sogard BOS,B,-0.001340206,-0.013402062,-0.052835052,0.129639175,-0.00556701,0,9.681979226,-0.013254496,0.104807505,0.104858273,-0.013260917,0.29365918,1.000484401,
Matthew Lugo LAA,R,0.004209115,0.01689008,-0.05308311,0.13002681,-0.049946381,0,9.68159741,-0.013259411,0.10480292,0.103420748,-0.013084542,0.289634171,0.98681171,
Ramon Mendoza SLN,R,-0.00125,0,-0.05,0.125,0.01625,0,9.72972973,-0.013148628,0.105189024,0.105469799,-0.013183725,0.294265374,1.00266924,
Yohandy Morales WAS,R,0.004251781,0,-0.05391924,0.131828979,-0.083396675,0,9.62962963,-0.013288138,0.104783113,0.106303036,-0.013480888,0.297734006,1.014505416,
Lazaro Armenteros NA,R,0,0,-0.054545455,0.136363636,-0.05,0,9.722222222,-0.013399269,0.104960942,0.10477043,-0.013374948,0.292915369,0.998184922,
Jose Abreu NA,R,0,-0.014285714,-0.057142857,0.128571429,-0.087142857,0,9.545454545,-0.013793103,0.103448276,0.103031215,-0.013737495,0.292257967,0.995968413,
Cole Young SEA,L,0.004605263,-0.006688596,-0.050438596,0.122861842,0.01785636,0,9.682797349,-0.013344824,0.104727862,0.105484069,-0.013441183,0.295540708,1.007220686,
Tyler Fitzgerald SFN,R,0.010976139,0.005206074,-0.054013015,0.130585683,-0.005553145,0,9.682080925,-0.013447133,0.104660819,0.100692379,-0.012937256,0.282201027,0.962082847,
William Gleed MIA,R,0,0,-0.057142857,0.142857143,0.017142857,0,9.72972973,-0.013333333,0.103333333,0.101780012,-0.013132905,0.288667486,0.984967861,
Anthony Prato NA,R,0.005652174,0,-0.056521739,0.130434783,0.016521739,0,9.692982456,-0.014057269,0.104888857,0.1051428,-0.014091303,0.293734434,1.00242107,
Robert Glendinning NA,R,0,0,-0.057142857,0.142857143,-0.122857143,0,9.62962963,-0.013333333,0.103333333,0.103077798,-0.013300361,0.29225249,0.997527076,
Nathaniel Lowe CIN,L,-0.007969811,0.004,-0.058415094,0.138188679,-0.089615094,0,9.683894114,-0.013739504,0.104324376,0.105225398,-0.013858169,0.295457943,1.00863674,
Charles McAdoo TOR,R,0.010833333,0,-0.058333333,0.133333333,0.016666667,0,9.68503937,-0.014656335,0.104688106,0.105566275,-0.014779279,0.295281343,1.008388433,
Will Wagner SDN,L,0.0008,-0.026190476,-0.055714286,0.130857143,-0.036628571,0,9.683470106,-0.013833612,0.104213211,0.103203268,-0.013699549,0.289980264,0.990308874,
Mike Zunino NA,R,-0.0125,-0.0125,-0.0625,0.1375,0.085,0.011,9.674796748,-0.015151515,0.103030303,0.101787672,-0.014968775,0.289263649,0.987939169,
Jonatan Clase TOR,B,0.011089385,-0.008659218,-0.054469274,0.127374302,-0.016648045,0,9.68202765,-0.013889654,0.104208017,0.10280254,-0.013702321,0.288828252,0.986512779,
Benjamin Malgeri DET,R,0.003571429,0,-0.057142857,0.132142857,-0.05,0,9.638554217,-0.01412747,0.104190091,0.10703534,-0.014513266,0.300744491,1.027308253,
Victor Bericoto SFN,R,0.003333333,0,-0.056862745,0.131372549,-0.049803922,0,9.662162162,-0.014059436,0.104233747,0.10427538,-0.014065051,0.292858929,1.000399427,
Whit Merrifield NA,R,0.00375,-0.0125,-0.05,0.125,0.01625,0,9.705882353,-0.012830582,0.102644657,0.102869197,-0.01285865,0.293380383,1.002187549,
Maxwell Costes NA,R,0,0,-0.057142857,0.142857143,-0.088571429,0,10,-0.013333333,0.103333333,0.102979255,-0.013287646,0.291708006,0.996573432,
Tyler Heineman TOR,B,-0.003135484,-0.00116129,-0.055096774,0.128129032,0.083329032,0.049558441,9.682845161,-0.013969922,0.104103727,0.100539521,-0.013491633,0.282645008,0.96576293,
Curt Casali NA,R,-0.00745098,-0.025490196,-0.054901961,0.12745098,0.083921569,-0.0294,9.679358717,-0.014005839,0.104043375,0.104458724,-0.014061751,0.29382832,1.003992073,
Bryce Johnson SDN,B,0.00608405,-0.015377268,-0.056829035,0.132091691,-0.023333333,0,9.68329676,-0.013983807,0.104091232,0.101123067,-0.013585059,0.28428759,0.971484971,
Samuel Basallo BAL,L,0.003004338,0.005339806,-0.055422993,0.126409978,-0.033004338,-0.025157895,9.683373371,-0.014248407,0.103823762,0.104284039,-0.014311574,0.29359584,1.004433254,
Nathan Baez BOS,R,0.008181818,0,-0.063636364,0.136363636,0.085454545,0,9.682539683,-0.015357358,0.103113688,0.101635311,-0.015137174,0.288067795,0.985662651,
Dayan Viciedo NA,R,-0.014285714,0,-0.057142857,0.142857143,-0.028571429,0,9.677419355,-0.013333333,0.103333333,0.101986708,-0.013159575,0.28836347,0.986968145,
Evan White LAA,R,0,0.0125,-0.0625,0.1375,-0.0875,0,#DIV/0!,-0.014705882,0.102941176,0.102600239,-0.014657177,0.291166463,0.996688037,
Jaylin Davis NA,R,0,-0.075,-0.0625,0.1375,0.0175,0,10,-0.014705882,0.102941176,0.102912109,-0.01470173,0.291989527,0.999717628,
Austin Wynns OAK,R,-0.006144835,0.020340788,-0.057401491,0.129179979,0.083365282,-0.016755319,9.683001413,-0.014437056,0.103630741,0.100991786,-0.014069417,0.284623672,0.974535018,
Michael Chavis CIN,R,0.005555556,-0.044444444,-0.061111111,0.133333333,0.016666667,0,9.677419355,-0.015130742,0.10316415,0.10316674,-0.015131122,0.292057333,1.000025109,
Omar Meregildo NA,R,0,0,-0.057142857,0.142857143,-0.088571429,0,10,-0.013333333,0.103333333,0.1032121,-0.01331769,0.291645433,0.998826777,
Jace Avina NYA,R,0,0,-0.057142857,0.142857143,-0.052857143,0,9.583333333,-0.013333333,0.103333333,0.101475581,-0.013093623,0.286733658,0.982021755,
Travis d'Arnaud LAA,R,-0.011427239,-0.016122841,-0.058395522,0.130876866,0.077341418,-0.010605769,9.682679817,-0.014504593,0.103547968,0.101835186,-0.014264674,0.287144471,0.983459044,
Brewer Hicklen ATL,R,0.008989899,-0.037373737,-0.058585859,0.131313131,0.016666667,0,9.679487179,-0.014511864,0.103584682,0.104739423,-0.014673639,0.295225835,1.011147802,
Marco Luciano NYA,R,0.004594595,0.020945946,-0.058783784,0.130405405,0.016621622,0,9.683726279,-0.014617839,0.103501021,0.104633078,-0.014777724,0.295131112,1.010937637,
Blake Dunn CIN,R,0.007541766,-0.031742243,-0.058949881,0.131026253,0,0,9.681467649,-0.014628234,0.103463665,0.103300391,-0.01460515,0.291380453,0.998421925,
Jackson Holliday BAL,L,0.003788018,-0.012396313,-0.063686636,0.141336406,0.017705069,0,9.683127672,-0.014647248,0.103421016,0.100645657,-0.014254181,0.283977173,0.973164454,
JJ Bleday CIN,L,0.000468009,0.013566351,-0.06007109,0.133116114,-0.047227488,0,9.683316121,-0.014667056,0.103407088,0.104501768,-0.014822324,0.294879936,1.010586125,
Dalton Guthrie NA,R,0.00125,-0.0125,-0.0625,0.1375,-0.0525,0,10,-0.014705882,0.102941176,#N/A,#N/A,#N/A,#N/A,
Carson Williams TBA,R,0.004247076,-0.000219298,-0.057273392,0.126717836,0.049996345,0,9.682976217,-0.014690478,0.103377089,0.101099318,-0.014366793,0.285322671,0.977966386,
Jose Rodriguez PHI,R,0.007333333,0,-0.06,0.133333333,0.016666667,0,9.668874172,-0.014642172,0.104122109,0.104086576,-0.014637175,0.291598453,0.999658733,
Evan Carter TEX,L,0.008292683,-0.002497096,-0.06068525,0.133565621,-0.000981417,0,9.682998924,-0.014766525,0.103295022,0.09949595,-0.014223429,0.280929227,0.963221148,
Johan Rojas PHI,R,0.018330309,0.014972777,-0.057168784,0.125771325,0.016669691,0,9.682845714,-0.014775875,0.103290399,0.102288249,-0.014632515,0.288824299,0.990297747,
Oswald Peraza LAA,R,0.007953488,-0.003643411,-0.058992248,0.129069767,0.000790698,0,9.683475078,-0.014855505,0.103227218,0.103661013,-0.014917933,0.292786236,1.004202332,
Gilberto Celestino TEX,R,0,-0.022222222,-0.055555556,0.122222222,0.015555556,0,9.642857143,-0.014285714,0.102857143,0.101792341,-0.014137825,0.288362575,0.989647761,
Eddys Leonard MIL,R,0,0,-0.057142857,0.142857143,-0.052857143,0,9.583333333,-0.013333333,0.103333333,0.104349208,-0.013464414,0.29423851,1.009831042,
Dominic Canzone SEA,L,-0.002314758,-0.013174946,-0.061114513,0.132026944,-0.097795468,0,9.683111446,-0.015044371,0.103034346,0.103170642,-0.015064272,0.291708367,1.001322817,
Javier Valdes NA,R,0,0,-0.071428571,0.142857143,-0.122857143,0,9.72972973,-0.016666667,0.103333333,0.103370444,-0.016672652,0.291364602,1.000359136,
Bryson Stott PHI,L,0.012509151,0.009284526,-0.060965058,0.131281198,0.017417637,0,9.683142471,-0.015092435,0.102977861,0.102667884,-0.015047005,0.290376291,0.996989871,
Jordan Groshans ATL,R,0.0025,-0.00625,-0.0625,0.13125,0.0165625,0,9.666666667,-0.015476925,0.102921551,0.103489958,-0.0155624,0.292769,1.005522718,
Armani Smith NA,R,0,0,-0.071428571,0.142857143,-0.052857143,0,10,-0.016666667,0.103333333,0.103700809,-0.016725937,0.292097078,1.003556211,
Andrew Benintendi CHA,L,-0.000779703,-0.04868791,-0.06390264,0.13609736,-0.057990924,0,9.682496214,-0.015259365,0.102816008,0.09911309,-0.014709799,0.280570728,0.963985006,
Aaron Hicks NA,B,-0.0025,-0.0025,-0.0625,0.135,-0.04975,0,9.726027397,-0.015106986,0.102727503,0.103461438,-0.015214917,0.293068972,1.007144479,
Maximo Acosta MIA,R,0.006440072,-0.014132379,-0.060465116,0.127728086,0.031484794,0,9.682328324,-0.015380245,0.102701816,0.101116829,-0.015142884,0.286426321,0.984567095,
Kyle Farmer ATL,R,-0.007359413,-0.00195599,-0.062591687,0.131784841,0.016650367,0,9.684405941,-0.015431804,0.102597384,0.10066799,-0.015141601,0.285347064,0.981194515,
Junior Perez OAK,R,0.006576087,0,-0.062771739,0.131793478,-0.023315217,0,9.682939104,-0.015489568,0.102526188,0.099988471,-0.015106172,0.283537785,0.975248113,
Liam Hicks MIA,L,0.000393912,-0.013479624,-0.063563115,0.132855864,-0.023661594,0.007930233,9.683529684,-0.015551626,0.102509309,0.10572567,-0.016039578,0.299805613,1.031376277,
Homer Bush TBA,R,0.004285714,0,-0.071428571,0.142857143,0.017142857,0,9.701492537,-0.016666667,0.103333333,0.104182705,-0.016803662,0.293025956,1.008219724,
Nolan Gorman SLN,L,-0.003059341,0.006340058,-0.063956044,0.133230769,-0.037279121,0,9.682419416,-0.015602717,0.102473927,0.101035685,-0.01538373,0.286547005,0.985964797,
Camden Duzenack NA,R,0,0,-0.071428571,0.142857143,0.052857143,0,9.666666667,-0.016666667,0.103333333,0.103548333,-0.016701344,0.291219667,1.002080646,
James Ritchie NA,R,0,0,-0.071428571,0.142857143,0.088571429,0,9.655172414,-0.016666667,0.103333333,0.103617609,-0.016712518,0.291397452,1.002751058,
Yu Chang NA,R,0.001111111,-0.066666667,-0.066666667,0.133333333,0.052222222,0,9.6,-0.015789474,0.102631579,0.102351398,-0.015746369,0.289736862,0.997270031,
A.J. Pollock NA,R,-0.011111111,-0.022222222,-0.055555556,0.122222222,-0.047777778,0,10,-0.014285714,0.102857143,0.102249212,-0.014201279,0.288798924,0.994089565,
Addison Barger TOR,L,0.002139939,-0.006690501,-0.066905005,0.13845761,-0.02566905,0,9.68293827,-0.015707085,0.102359833,0.099693281,-0.015297903,0.282924462,0.973949238,
Garrett Cooper NA,R,-0.009772727,-0.011363636,-0.065909091,0.134090909,-0.083863636,0,9.700598802,-0.016031032,0.102266929,0.102592272,-0.016082032,0.29129777,1.003181311,
JJ Wetherholt SLN,L,0.008211131,0,-0.073542403,0.15110424,0.018754417,0,9.682897088,-0.015816982,0.102254654,0.110765705,-0.017133491,0.31452237,1.083233869,
Danny Mendick NA,R,-0.000882353,-0.005882353,-0.063235294,0.130882353,0.016764706,0,9.688073394,-0.015746365,0.102168277,0.101769999,-0.015684982,0.289202202,0.996101738,
Vinny Capra BOS,R,0.002929293,0.008080808,-0.063636364,0.131313131,0.016767677,0,9.682377049,-0.015806238,0.102113314,0.103449062,-0.016013,0.294113637,1.013081046,
David Bote LAN,R,-0.001538462,-0.026923077,-0.065384615,0.133333333,0.016666667,0,9.690265487,-0.015954616,0.101984408,0.10204963,-0.015964819,0.29033656,1.000639529,
Alejandro Osuna TEX,L,0.00488806,0.000746269,-0.065298507,0.132462687,-0.050037313,0,9.682539683,-0.016027403,0.102025866,0.100433501,-0.015777256,0.285587041,0.984392537,
Leodalis De Vries OAK,B,0.003146417,0,-0.065109034,0.131464174,0.049937695,0,9.681818182,-0.016081347,0.101951125,0.101368788,-0.015989492,0.288370387,0.994288073,
Sheldon Neuse NA,R,0,-0.033333333,-0.066666667,0.133333333,0.016666667,0,9.782608696,-0.016666667,0.102777778,0.102262633,-0.01658313,0.288534517,0.994987782,
Connor Charping SEA,R,0,0,-0.071428571,0.142857143,0.088571429,0,9.655172414,-0.016604065,0.102945205,0.104464134,-0.016849054,0.294224077,1.014754737,
Ryan Galanie CHA,R,0,0,-0.071428571,0.142857143,-0.088571429,0,10,-0.016666667,0.103333333,0.102505317,-0.016533116,0.287610742,0.991986942,
Jeferson Morales MIN,R,0.004545455,0,-0.063636364,0.131818182,-0.05,0,9.615384615,-0.015759641,0.101311981,0.10132038,-0.015760948,0.289908032,1.000082902,
Jake Cronenworth SDN,L,0.004640884,-0.019994738,-0.067429624,0.135201263,0.010739279,0,9.682961972,-0.016208533,0.10186143,0.100404279,-0.015976667,0.285719402,0.985694776,
Max Stassi NA,R,0,-0.011111111,-0.066666667,0.122222222,0.08,0.013,9.689922481,-0.017142857,0.102857143,0.103203371,-0.017200562,0.290819647,1.003366111,
Nick Allen HOU,R,0.00509417,0.029327354,-0.061973094,0.123946188,0.025919283,0,9.683329012,-0.016252701,0.101820464,0.101685678,-0.016231186,0.289435349,0.998676239,
Lawrence Butler OAK,L,0.010789703,-0.0008726,-0.068237347,0.136169284,-0.029367365,0,9.682816565,-0.016287854,0.101778258,0.099244813,-0.01588242,0.282559051,0.975108192,
Jorge Barrosa ARI,B,0.003120482,0.010963855,-0.064216867,0.128072289,-0.033337349,0,9.683495144,-0.016289962,0.101774059,0.100883442,-0.01614741,0.287225323,0.991249074,
Pedro Leon PHI,R,0.000925508,-0.044469526,-0.06523702,0.12979684,-0.005553047,0,9.688826025,-0.016335063,0.101740878,0.10097674,-0.016212377,0.28751524,0.992489377,
Alfonsin Rosario CLE,R,0,0,-0.071428571,0.142857143,-0.052857143,0,10,-0.016666667,0.103333333,0.102625429,-0.016552489,0.287673644,0.993149314,
Will Simpson TBA,R,0,0,-0.071428571,0.142857143,-0.088571429,0,10,-0.016666667,0.1,0.09675908,-0.016126513,0.280240421,0.967590801,
Allan Cerda NA,R,0,0,-0.071428571,0.142857143,0.017142857,0,9.6875,-0.016666667,0.1,0.099842559,-0.016640427,0.289161025,0.998425593,
Jared Young NYN,L,0.000381679,-0.012977099,-0.066412214,0.13129771,-0.049923664,0,9.6875,-0.01646955,0.101656877,0.103485053,-0.016765735,0.294735829,1.017983791,
Liover Peguero PHI,R,0.006125461,-0.012915129,-0.066789668,0.131734317,0.049926199,0,9.682644628,-0.016475589,0.101584292,0.099109893,-0.016074275,0.282475653,0.975641917,
Kyoung-min Hur NA,R,-0.015714286,0,-0.071428571,0.142857143,0.017142857,0,9.622641509,-0.016666667,0.1,0.100848169,-0.016808028,0.291982678,1.008481689,
James Lott NA,R,0,0,-0.071428571,0.142857143,-0.052857143,0,10,-0.016666667,0.1,0.10000452,-0.01666742,0.289520085,1.000045198,
CJ Abrams WAS,L,0.02077748,-0.032160665,-0.076380697,0.150080429,0.042595174,0,9.682936249,-0.016539176,0.101533938,0.102413746,-0.016682491,0.291968218,1.008665163,
Vidal Brujan NYN,B,0.005859729,-0.045248869,-0.065384615,0.128506787,0.038846154,0,9.681484074,-0.01652494,0.101551188,0.099920431,-0.016259575,0.284809746,0.983941525,
Matt Gorski LAN,R,0.004444444,0.003703704,-0.066666667,0.12962963,-0.082222222,0,9.677419355,-0.016683353,0.101953823,0.10074722,-0.016485909,0.285987857,0.988165207,
Tyler Gentry KCA,R,0.003181818,-0.013636364,-0.066666667,0.131060606,-0.05,0,9.62962963,-0.016555873,0.101404725,0.101233227,-0.016527874,0.288889596,0.998308778,
Luis Castro NA,R,0,0,-0.071428571,0.142857143,-0.088571429,0,10,-0.016666667,0.1,0.099893137,-0.016648856,0.288981855,0.99893137,
Oscar Mercado ARI,R,0.008181818,-0.027272727,-0.068181818,0.131818182,-0.05,0,10,-0.016746727,0.101596812,0.099305424,-0.016369026,0.282706781,0.977446257,
Bryan Arias NA,R,0,0,-0.071428571,0.142857143,0.017142857,0,9.6875,-0.016666667,0.1,0.099534179,-0.01658903,0.287681646,0.995341787,
Luke Maile KCA,R,-0.006195652,0.005434783,-0.066304348,0.127173913,0.08326087,-0.022444443,9.67937617,-0.016963315,0.101223714,0.100250744,-0.016800262,0.286215177,0.990387923,
Daniel Susac SFN,R,0.004066986,0,-0.068740032,0.131897927,0.08338118,0,9.68314182,-0.016943545,0.101150211,0.103105028,-0.017270994,0.294554599,1.019325878,
Kyle Teel CHA,L,0.00119891,-0.030967742,-0.076076294,0.145122616,0.035683924,0.005571429,9.683274703,-0.017040526,0.101022485,0.100331861,-0.016924031,0.286860424,0.993163654,
Noah Cardenas MIN,R,0.0075,0,-0.066666667,0.133333333,0.084166667,0,9.693877551,-0.01627745,0.101734063,0.09981628,-0.015970605,0.283360754,0.981149059,
Brandon Dixon NA,R,0.00125,-0.0125,-0.075,0.1375,-0.0875,0,9.666666667,-0.017647059,0.1,0.099796686,-0.01761118,0.288193867,0.997966857,
Pete Crow-Armstrong CHN,L,0.014419087,0.071957123,-0.070919779,0.134854772,0.016666667,0,9.682981977,-0.017092255,0.100978478,0.09928633,-0.016805832,0.283929949,0.983242484,
Malcom NuÃ±ez NA,R,0.002054795,0,-0.069863014,0.132876712,0.016712329,0,9.675850891,-0.017137486,0.100808742,0.100535503,-0.017091036,0.28798331,0.997289535,
Zachary Daniels NA,R,0.001428571,0,-0.071428571,0.142857143,-0.052857143,0,10,-0.016666667,0.1,0.100185918,-0.016697653,0.289300865,1.001859183,
Wil Myers NA,R,0,-0.025,-0.0625,0.125,-0.04875,0,10,-0.015625,0.1,0.099978478,-0.015621637,0.288640866,0.999784782,
Michael Snyder MIA,R,0.001428571,0,-0.071428571,0.142857143,0.017142857,0,9.692307692,-0.016666667,0.1,0.096503677,-0.016083946,0.278490311,0.96503677,
Elier Hernandez NA,R,-0.000746269,-0.026865672,-0.070149254,0.132835821,-0.050149254,0,9.711538462,-0.017241246,0.10087963,#N/A,#N/A,#N/A,#N/A,
Luis Garcia Jr. WAS,L,-0.001040392,0.013930348,-0.074663403,0.140514076,-0.031685027,0,9.682690896,-0.017270451,0.10080092,0.09797711,-0.016786641,0.280468583,0.971986273,
Kevin Pillar NA,R,-0.002698413,-0.047619048,-0.073015873,0.138095238,0.016746032,0,9.682926829,-0.017222002,0.100711275,0.099712718,-0.017051245,0.285665251,0.990084952,
Manuel Margot NA,R,0.001263538,-0.057581227,-0.07400722,0.138808664,0.01666065,0,9.680333565,-0.01732671,0.100706221,0.10024746,-0.017247779,0.28714096,0.995444558,
Billy Cook PIT,R,0.004983051,-0.040338983,-0.068474576,0.12779661,0.016677966,0,9.684975767,-0.017410573,0.100671033,0.09953903,-0.017214798,0.285134323,0.988755424,
Zachary Zubia NA,R,0,0,-0.071428571,0.142857143,-0.088571429,0,10,-0.016666667,0.1,0.099831006,-0.016638501,0.287864702,0.998310059,
Tristen Lutz NA,R,0,0,-0.071428571,0.142857143,-0.122857143,0,9.72972973,-0.016666667,0.1,0.100025642,-0.01667094,0.288407936,1.000256425,
Dermis Garcia NA,R,0.004761905,0.014285714,-0.071428571,0.133333333,-0.083333333,0,10,-0.017576732,0.100773266,0.1003999,-0.017511611,0.287263729,0.996294997,
Gabriel Arias CLE,R,0.005227202,-0.010811658,-0.070166092,0.130554685,0.043234096,0,9.683050548,-0.017468363,0.100604976,0.100267882,-0.017409832,0.287339982,0.996649331,
Robert Tenerowicz SDN,R,-0.001111111,0,-0.066666667,0.133333333,-0.084444444,0,9.444444444,-0.016176574,0.099755542,0.099407061,-0.016120064,0.287262972,0.99650665,
Elias Diaz KCA,R,-0.014328859,-0.006375839,-0.068791946,0.127516779,0.083221477,-0.021366666,9.683936549,-0.017532522,0.100576808,0.100654733,-0.017546106,0.288490344,1.000774782,
Sabin Ceballos SFN,R,0,0,-0.071428571,0.142857143,0.017142857,0,9.6875,-0.016666667,0.1,0.1004248,-0.016737467,0.289413226,1.004247997,
Brandon Drury KCA,R,-0.0075,-0.026612903,-0.072580645,0.134677419,0.016693548,0,9.685314685,-0.017558721,0.100474902,0.097724442,-0.017078058,0.280251309,0.972625396,
Michael Sirota LAN,R,0,0,-0.071428571,0.142857143,-0.122857143,0,9.72972973,-0.016666667,0.1,0.105141025,-0.017523504,0.302926013,1.051410251,
Braylen Wimmer COL,R,0.001428571,0,-0.071428571,0.142857143,-0.052857143,0,10,-0.016666667,0.1,0.098048844,-0.016341474,0.282485582,0.980488437,
Isiah Gilliam SEA,B,0.001428571,0,-0.071428571,0.142857143,-0.122857143,0,9.722222222,-0.016666667,0.1,0.100159215,-0.016693202,0.288555693,1.001592148,
Brandon Lowe PIT,L,0.001776756,-0.028859348,-0.079389632,0.146195652,0.013248328,0,9.683353146,-0.017646775,0.100425857,0.099905538,-0.017555345,0.286594386,0.994818878,
Luis Vazquez BAL,R,0.003333333,0.01754386,-0.071929825,0.131578947,0.016666667,0,9.685314685,-0.017690769,0.100535348,0.099744119,-0.01755154,0.285777048,0.992129841,
Jakob Marsee MIA,L,0.017276704,-0.001749909,-0.081589501,0.149070361,0.012602989,0,9.682850179,-0.017787251,0.100285763,0.096814527,-0.017171573,0.277947338,0.965386551,
Mike Tauchman NYN,L,-0.006153846,-0.004411765,-0.078205128,0.142735043,-0.058846154,0,9.66507177,-0.017814977,0.10027009,0.100191867,-0.017801079,0.287640428,0.99921987,
Gabriel Cancel TOR,R,0.001428571,0,-0.071428571,0.142857143,0.017142857,0,9.692307692,-0.016666667,0.1,0.099685349,-0.016614225,0.286877489,0.996853494,
Corey Joyce PIT,R,0,0,-0.071428571,0.142857143,0.017142857,0,9.6875,-0.016666667,0.1,0.101459176,-0.016909863,0.291934574,1.014591758,
Narciso Crook NA,R,0,-0.0125,-0.075,0.1375,-0.0525,0,10,-0.017647059,0.1,0.099551286,-0.017567874,0.286441902,0.995512861,
Paul McIntosh PHI,R,0.001666667,0,-0.072916667,0.13125,0.082708333,0,9.688826025,-0.018117116,0.099902952,0.099097759,-0.017971096,0.285412952,0.99194025,
Garrett Mitchell MIL,L,0.008623279,-0.017083855,-0.070400501,0.127346683,0.009649562,0,9.683135192,-0.017965038,0.100109177,0.100048146,-0.017954086,0.287512613,0.999390357,
Orelvis Martinez WAS,R,0.003775281,0,-0.072808989,0.131460674,-0.016674157,0,9.681407973,-0.017991843,0.100065745,0.099632852,-0.017914009,0.286419541,0.995673915,
Nate Eaton BOS,R,0.00875,-0.012142857,-0.074285714,0.134107143,-0.042607143,0,9.687108886,-0.0180037,0.100059025,0.098915137,-0.017797879,0.28435364,0.988567873,
Jake Noll NA,R,0.00125,0,-0.075,0.1375,-0.0875,0,9.5,-0.017647059,0.1,0.09938409,-0.017538369,0.285863427,0.993840899,
Michael Helman TEX,R,0.005536723,-0.01299435,-0.072457627,0.130649718,0.019435028,0,9.682323323,-0.018032868,0.100041992,0.09529131,-0.017176543,0.273963727,0.952513114,
Rodolfo DurÃ¡n SDN,R,0.00221519,0,-0.073417722,0.132278481,0.083607595,0,9.682337992,-0.018051365,0.100060584,0.09859432,-0.017786845,0.283350104,0.985346232,
Chandler Simpson TBA,L,0.020515106,0.01256913,-0.07285785,0.13080733,-0.043853393,0,9.682620774,-0.018104595,0.099962967,0.098743641,-0.01788376,0.284000053,0.98780222,
Allan Castro BOS,B,0.008461538,0,-0.069230769,0.130769231,-0.048461538,0,9.655172414,-0.017709588,0.100354334,0.096335979,-0.017000467,0.275939063,0.959958333,
Felix Stevens NA,R,0,0,-0.071428571,0.142857143,-0.052857143,0,10,-0.016666667,0.1,0.099836642,-0.01663944,0.28697344,0.998366424,
Seth Stephenson DET,R,0.005714286,0,-0.071428571,0.142857143,0.017142857,0,9.705882353,-0.016666667,0.1,0.096492698,-0.016082116,0.277342206,0.964926975,
Ronaldo HernÃ¡ndez NA,R,0.006,0,-0.073333333,0.126666667,0.081333333,0,9.678899083,-0.01857598,0.099634802,0.099647085,-0.01857827,0.287441433,1.000123286,
Bryan Ramos BAL,R,0.004901478,-0.000246305,-0.074137931,0.132019704,0.016674877,0,9.683830755,-0.018250117,0.099799642,0.09742589,-0.017816035,0.280509472,0.976214823,
Leonard Jones NA,R,0,0,-0.071428571,0.142857143,-0.052857143,0,10,-0.016666667,0.1,0.100075585,-0.016679264,0.287554183,1.000755848,
Munetaka Murakami CHA,L,0.001195725,0,-0.078891116,0.140247161,-0.080945224,0,9.683488829,-0.018282105,0.099785308,0.105939017,-0.019409553,0.305012336,1.06166949,
Alexander Isola NA,R,0.003703704,0,-0.074074074,0.133333333,-0.05,0,9.722222222,-0.018207001,0.100138503,0.100062523,-0.018193186,0.287046038,0.999241248,
Nick Senzel LAN,R,0.001898734,-0.017721519,-0.074683544,0.132278481,0.01664557,0,9.685204617,-0.018309661,0.099772133,0.098576724,-0.018090285,0.283821188,0.988018603,
Miguel Cabrera NA,R,-0.028571429,0,-0.071428571,0.128571429,-0.118571429,0,9.692307692,-0.017241379,0.1,0.100339531,-0.017299919,0.288182158,1.003395314,
Riley Adams WAS,R,8.62E-05,-0.01875,-0.073922414,0.130603448,0.083405172,-0.08693478,9.68028427,-0.018390107,0.099724778,0.098298044,-0.018127005,0.283077313,0.985693289,
Christian Koss SFN,R,0.00589372,-0.010628019,-0.07294686,0.128985507,0.011908213,0,9.681834998,-0.01837645,0.099670943,0.09715528,-0.017912634,0.279935566,0.974760314,
Lorenzo Cedrola CLE,R,0.001428571,0,-0.085714286,0.142857143,0.017142857,0,9.636363636,-0.02,0.1,0.099446028,-0.019889206,0.285563246,0.994460276,
Jeimer Candelario LAA,B,-0.000226537,0.022006472,-0.077993528,0.136893204,-0.083365696,0,9.651162791,-0.018506178,0.099595487,0.097727448,-0.018159071,0.28167877,0.981243734,
Andrew Knizner SEA,R,-0.0023875,-0.019375,-0.0715,0.1255,0.08335,0.001775,9.683374488,-0.018519797,0.099527721,0.098956124,-0.018413436,0.285330854,0.994256911,
Edwin Arroyo CIN,B,0.004545455,0,-0.07523511,0.131974922,0.016677116,0,9.684579439,-0.018543473,0.099516639,0.099014127,-0.018449837,0.285522929,0.994950479,
Jack Brannigan PIT,R,0.001428571,0,-0.085714286,0.142857143,0.017142857,0,9.636363636,-0.02,0.1,0.097237001,-0.0194474,0.279041994,0.97237001,
Logan Porter SFN,R,0,0,-0.075,0.125,0.0825,0.006,9.705882353,-0.019017363,0.099312893,0.098860407,-0.018930716,0.285364878,0.995443829,
Yasiel Puig NA,R,-0.014285714,0,-0.085714286,0.142857143,-0.028571429,0,10,-0.02,0.1,0.099992122,-0.019998424,0.28659242,0.999921218,
C.J. Kayfus CLE,L,0.005456349,0.000797267,-0.075297619,0.129861111,-0.067529762,0,9.689703808,-0.018839583,0.099211873,0.098321417,-0.018670492,0.284019754,0.991024711,
Skye Bolt NA,B,0.001428571,-0.057142857,-0.085714286,0.142857143,0.017142857,0,10,-0.02,0.1,0.099850944,-0.019970189,0.286150838,0.998509439,
Rainer Nunez NA,R,0.002580645,0,-0.074193548,0.129032258,-0.082258065,0,9.625,-0.018548009,0.099191526,0.098969043,-0.018506406,0.285856393,0.997757036,
Carlos Cortes OAK,L,0.000717781,-0.006688418,-0.076835237,0.131647635,-0.050016313,0,9.72972973,-0.01898004,0.099091122,0.103007756,-0.019730237,0.297766907,1.039525588,
Joey Wiemer WAS,R,0.005064576,0.001107011,-0.076752768,0.131088561,-0.018634686,0,9.682167442,-0.019032739,0.09902972,0.099874086,-0.01919502,0.288802626,1.008526392,
Jose Ramos NYN,R,0.00325,0,-0.0775,0.1325,-0.050125,0,9.701492537,-0.019068869,0.099035096,0.097678957,-0.01880775,0.282427876,0.986306486,
Murphy Stehly WAS,R,0,0,-0.085714286,0.142857143,0.017142857,0,9.62962963,-0.02,0.1,0.100130571,-0.020026114,0.286660809,1.001305714,
Nick Dini TBA,R,0,0,-0.085714286,0.142857143,0.088571429,0,9.714285714,-0.02,0.1,0.099921853,-0.019984371,0.286037297,0.999218535,
Onil Perez SFN,R,0.006470588,0,-0.076470588,0.129411765,0.083529412,0,9.6812749,-0.018796924,0.09832237,0.097501863,-0.018640062,0.283865192,0.991654936,
Yasmani Grandal NA,B,-0.018095238,-0.066666667,-0.076190476,0.128571429,0.083492063,0.065166665,9.687499864,-0.019305311,0.098939721,0.099795833,-0.019472358,0.288671406,1.008652863,
Angel Genao CLE,B,0,0,-0.085714286,0.142857143,0.052857143,0,9.625,-0.02,0.1,0.100594906,-0.020118981,0.287810074,1.005949061,
William Trimble BAL,B,0.004285714,0,-0.085714286,0.142857143,-0.052857143,0,10,-0.02,0.1,0.099868028,-0.019973606,0.285662506,0.998680275,
Freuddy Batista HOU,R,0,0,-0.085714286,0.142857143,0.088571429,0,9.714285714,-0.02,0.1,0.098580703,-0.019716141,0.281939825,0.985807031,
Geisel Cepeda TEX,R,0,0,-0.085714286,0.142857143,-0.052857143,0,10,-0.02,0.1,0.100213362,-0.020042672,0.286606207,1.002133621,
Dominic Keegan TBA,R,0.003256228,0,-0.078469751,0.131850534,0.083345196,0,9.682461896,-0.01935248,0.098737145,0.097468755,-0.019103876,0.282313175,0.987153874,
Bryan Lavastida OAK,R,0.00516129,0,-0.077419355,0.129032258,0.082580645,-0.001,9.683972912,-0.019278001,0.098799753,0.098261587,-0.019172993,0.284410322,0.994552964,
Oneil Cruz PIT,L,0.019078591,-0.002369505,-0.087567751,0.146578591,0.014935637,0,9.683148052,-0.019417947,0.098652186,0.099082088,-0.019502566,0.287128806,1.004357748,
Levi Jordan WAS,R,0.002666667,-0.013333333,-0.08,0.133333333,-0.05,0,9.777777778,-0.019574604,0.09868863,0.098208988,-0.019479469,0.28440201,0.99513984,
Ethan Workinger ATL,R,0,0,-0.077777778,0.133333333,-0.051111111,0,10,-0.018952722,0.097471144,0.095403046,-0.018550592,0.279701769,0.978782458,
Riley Tirotta TOR,R,0.004166667,0,-0.079166667,0.129166667,-0.082916667,0,9.718309859,-0.019669609,0.098348047,0.096738543,-0.019347709,0.281046048,0.98363461,
Jose Peroza NA,R,0,0,-0.085714286,0.142857143,0.017142857,0,9.62962963,-0.02,0.1,0.099995099,-0.01999902,0.285695998,0.999950992,
Jarren Duran BOS,L,0.025831169,-0.003139535,-0.08788961,0.146006494,-0.070146104,0,9.684237743,-0.019563931,0.098506237,0.096444023,-0.019154363,0.279717932,0.979065142,
Pedro Ramirez CHN,B,0,0,-0.085714286,0.142857143,0.017142857,0,9.62962963,-0.02,0.1,0.101755766,-0.020351153,0.290712152,1.017557656,
Jake Scheiner NA,R,-0.00015625,0,-0.078125,0.13125,-0.08265625,0,9.693877551,-0.019416939,0.098638049,0.098309645,-0.019352292,0.284696968,0.996670616,
Yunior Severino MIN,B,0.003384615,0,-0.08,0.131538462,0.016615385,0,9.6875,-0.019748243,0.098361439,0.098327694,-0.019741468,0.285480025,0.999656924,
Trevor Larnach MIN,L,-0.002708934,-0.017104072,-0.085590778,0.141268012,-0.074034582,0,9.682206751,-0.019690601,0.098386706,0.096960828,-0.019405233,0.281411643,0.985507417,
Justice Thompson NA,R,0,0,-0.075,0.125,-0.0475,0,10,-0.019722942,0.09861471,0.098723616,-0.019744723,0.285854338,1.001104361,
Jake McCarthy COL,L,0.018939478,-0.011771238,-0.087340366,0.143920044,-0.03667407,0,9.682287145,-0.019723449,0.09835393,0.097184334,-0.019488903,0.282115788,0.988108297,
Bo Naylor CLE,L,0.003214286,-0.017084942,-0.076978764,0.126882239,0.083334942,0.004971014,9.683141859,-0.019714392,0.098349478,0.095685289,-0.019180349,0.277773874,0.972911001,
Owen Miller CHN,R,0.005048544,-0.037864078,-0.080582524,0.132038835,0.016601942,0,9.68,-0.019799585,0.098282275,0.096724036,-0.019485667,0.280951824,0.984145272,
John Hicks NA,R,-0.01125,0,-0.0875,0.1375,0.0875,0,9.711538462,-0.020588235,0.097058824,0.096634842,-0.0204983,0.284223978,0.995631703,
Brandon McIlwain NA,R,0,0,-0.085714286,0.142857143,-0.052857143,0,10,-0.02,0.096666667,0.096895237,-0.02004729,0.286093879,1.00236452,
Tim Locastro NA,R,0.003333333,-0.011111111,-0.077777778,0.122222222,-0.047777778,0,10,-0.02,0.097142857,0.097113494,-0.019993955,0.285305736,0.999697735,
Ryan McBroom NA,R,0,0,-0.0875,0.1375,-0.1225,0,9.666666667,-0.020588235,0.097058824,0.0970819,-0.02059313,0.285438849,1.000237757,
Luke Raley SEA,L,0.002418155,-0.009874327,-0.081473214,0.133482143,-0.068854167,0,9.68451212,-0.019842647,0.098216572,0.098130538,-0.019825266,0.285100047,0.999124048,
Leonardo Balcazar CIN,R,0,0,-0.085714286,0.142857143,0.017142857,0,9.62962963,-0.02,0.096666667,0.09596999,-0.01985586,0.283247814,0.992793,
Jacob Slaughter NA,R,0.002321429,0,-0.080357143,0.132142857,0.016607143,0,9.682151589,-0.019818912,0.09821372,0.09823311,-0.019822825,0.285348323,1.000197422,
James Triantos CHN,R,0.008129771,0,-0.08129771,0.131679389,0.016679389,0,9.685349542,-0.020046782,0.098069234,0.099108864,-0.020259298,0.288148615,1.01060098,
Jake Marisnick NA,R,0,-0.044444444,-0.077777778,0.122222222,0.015555556,0,10,-0.02,0.097142857,0.09657796,-0.019883698,0.283438133,0.994184882,
Albert Almora Jr. NA,R,0.000887574,-0.012426036,-0.081065089,0.131360947,-0.049881657,0,9.690721649,-0.020036887,0.097990614,0.09790885,-0.020020168,0.284818147,0.999165592,
Jonathan Gazdar SLN,R,0,0,-0.085714286,0.142857143,0.017142857,0,9.62962963,-0.02,0.096666667,0.096225118,-0.019908645,0.283731043,0.995432259,
Pavin Smith ARI,L,-0.005481707,0.004395604,-0.084634146,0.136829268,-0.096128049,0,9.683258284,-0.020105967,0.097965892,0.097441411,-0.019998326,0.283498064,0.994646289,
Isiah Kiner-Falefa BOS,R,0.008380604,0.002287283,-0.079780421,0.128911253,0.021015554,0,9.683183619,-0.020119248,0.097965972,0.096358076,-0.019789035,0.280342024,0.983587201,
Andrew Ehrhard BOS,R,0,0,-0.085714286,0.142857143,-0.122857143,0,9.583333333,-0.02,0.096666667,#N/A,#N/A,#N/A,#N/A,
Coco Montes NA,R,0,-0.025,-0.0875,0.1375,0.0175,0,9.714285714,-0.020588235,0.097058824,0.096749832,-0.020522692,0.284057801,0.996816455,
Chad Stevens COL,R,0.0075,-0.0125,-0.075,0.125,0.01625,0,9.702970297,-0.019414528,0.098690516,0.099062923,-0.019487788,0.286031275,1.003773477,
Cooper Pratt MIL,R,0.001428571,0,-0.085714286,0.142857143,0.052857143,0,9.62962963,-0.02,0.096666667,0.096572776,-0.019980574,0.284648258,0.99902872,
Colson Montgomery CHA,L,0.003107527,-0.004193548,-0.08827957,0.142078853,0.049992832,0,9.683033215,-0.020195595,0.097870329,0.097910696,-0.020203925,0.285033516,1.000412458,
Bertram Murray CHN,B,0.004137931,0,-0.082758621,0.131034483,-0.083103448,0,9.673913043,-0.020429541,0.09789155,0.100293872,-0.020930895,0.291810691,1.024540645,
Payton Henry NYA,R,0,0,-0.0875,0.1375,0.0875,0.001,9.652173913,-0.020588235,0.097058824,0.095721021,-0.020304459,0.2808804,0.986216583,
Luca Tresh KCA,R,0.004090909,0,-0.086363636,0.136363636,0.085,0,9.683544304,-0.020831225,0.097577842,0.096416469,-0.020583291,0.281328295,0.988097989,
Andres Gimenez TOR,L,0.007910448,-0.009749127,-0.08145443,0.129977771,0.05,0,9.682918358,-0.020365929,0.097708818,0.096461101,-0.020105861,0.281071363,0.987230251,
Daulton Varsho TOR,L,0.008328173,-0.026780186,-0.089899381,0.143459752,0.016667957,0,9.682998924,-0.020363854,0.097707927,0.096866784,-0.020188547,0.282255039,0.991391256,
Kevin Sanchez NA,R,0,0,-0.085714286,0.142857143,-0.052857143,0,10,-0.02,0.096666667,0.096268762,-0.019917675,0.283422539,0.995883747,
Austin Wells NYA,L,0.001367969,-0.002176015,-0.079122974,0.12564347,0.080333651,0.085512077,9.683093415,-0.020463467,0.097608274,0.096621463,-0.020256584,0.281712821,0.989890091,
Minho Kang NA,R,-0.014285714,0,-0.085714286,0.142857143,0.088571429,0,9.684210526,-0.02,0.096666667,0.093789928,-0.019404813,0.276048014,0.970240634,
Devin Mann SFN,R,0.006,0,-0.086666667,0.133333333,0.016666667,0,9.719626168,-0.021311864,0.096723075,0.096793192,-0.021327313,0.284700235,1.000724919,
Jared Oliva SFN,R,0.01125,-0.0375,-0.0875,0.1375,-0.0525,0,9.583333333,-0.020588235,0.097058824,0.096902013,-0.020554972,0.28402438,0.998384373,
Euribiel Angeles OAK,R,0,0,-0.088888889,0.133333333,0.016666667,0,9.649122807,-0.021660254,0.097471144,0.095962444,-0.021324987,0.280067836,0.984521572,
Eduardo Quintero LAN,R,0.001428571,0,-0.085714286,0.142857143,0.017142857,0,9.636363636,-0.02,0.096666667,0.093406121,-0.019325404,0.274843001,0.966270214,
George Valera CLE,L,0.003024561,0,-0.093122807,0.146947368,-0.075663158,0,9.682195389,-0.020599715,0.0974722,0.096320918,-0.020356404,0.28105764,0.98818861,
Joe Perez NA,R,0.008333333,-0.008333333,-0.083333333,0.133333333,0.016666667,0,9.638554217,-0.020887783,0.09817258,0.098193919,-0.020892323,0.284440813,1.000217361,
Jake Fraley TBA,L,0.001760184,-0.014450867,-0.083935434,0.132129131,-0.054596464,0,9.683257919,-0.020640848,0.097420267,0.095148758,-0.020159574,0.277732623,0.976683405,
Diego Infante NA,R,0,0,-0.085714286,0.142857143,-0.052857143,0,10,-0.02,0.096666667,0.096607036,-0.019987663,0.284166597,0.999383127,
Marcos CastaÃ±on SDN,R,0.004090909,0,-0.081818182,0.131818182,0.016818182,0,9.689440994,-0.020262396,0.097934915,0.097702403,-0.02021429,0.283640994,0.99762586,
Tyler Osik NA,R,0,0,-0.085714286,0.142857143,-0.088571429,0,9.565217391,-0.02,0.096666667,0.096324191,-0.019929143,0.28324693,0.996457147,
Ruben Ibarra CIN,R,-0.001428571,0,-0.085714286,0.142857143,-0.088571429,0,9.583333333,-0.02,0.096666667,0.09460165,-0.019572755,0.278061325,0.978637759,
Alexfri Planez NA,R,0.006060606,0,-0.084848485,0.13030303,-0.05,0,10,-0.020961093,0.097319358,0.097317447,-0.020960681,0.28411542,0.99998036,
Connor Hollis SDN,R,-0.000333333,0,-0.083333333,0.13,0.016666667,0,9.692307692,-0.020600014,0.097232066,0.097362715,-0.020627694,0.284439684,1.001343683,
Kevin Newman KCA,R,0.007317708,-0.003125,-0.08203125,0.127604167,0.016666667,0,9.681214054,-0.020901506,0.097142236,0.094381619,-0.02030752,0.27595738,0.971581705,
Jorge Ona NA,R,0.00125,0,-0.0875,0.1375,-0.1225,0,9.661016949,-0.020588235,0.097058824,0.096457233,-0.020460625,0.282193002,0.993801798,
Andrew Pinckney WAS,R,0.005727273,0,-0.085,0.131363636,0.016636364,0,9.686098655,-0.020995286,0.097117232,0.096074654,-0.020769896,0.280875013,0.989264741,
Lamar Sparks NA,R,0.004545455,0,-0.086363636,0.136363636,-0.050909091,0,10,-0.020831225,0.097577842,0.097762825,-0.020870715,0.284423173,1.001895743,
Luis Lara MIL,B,0.001428571,0,-0.085714286,0.142857143,-0.052857143,0,10,-0.02,0.096666667,0.098668647,-0.020414203,0.289709179,1.020710137,
Patrick Hilson PIT,R,0,0,-0.085714286,0.142857143,-0.052857143,0,10,-0.02,0.096666667,0.091932237,-0.019020463,0.269923192,0.951023141,
Sean Roby NA,R,0,0,-0.085714286,0.142857143,0.017142857,0,9.62962963,-0.02,0.096666667,0.096863163,-0.020040654,0.284345824,1.002032724,
Logan Davidson TBA,B,-0.000666667,0.013333333,-0.086666667,0.133333333,-0.085333333,0,9.75,-0.020769491,0.097456843,0.096400093,-0.020544282,0.280674215,0.989156743,
Jorge Mateo ATL,R,0.023386628,-0.010392442,-0.083430233,0.128270349,0.008728198,0,9.682841636,-0.021141999,0.096925384,0.097495214,-0.021266294,0.28540913,1.005879059,
Quincy Nieporte NA,R,0,0,-0.085714286,0.142857143,-0.122857143,0,9.583333333,-0.02,0.096666667,0.096559947,-0.01997792,0.283412767,0.998896002,
Blake Rambusch SEA,R,0.002857143,0,-0.085714286,0.142857143,0.017142857,0,9.642857143,-0.02,0.096666667,0.095716143,-0.01980334,0.280921268,0.990166994,
Matt Reynolds NA,R,-0.01,-0.011111111,-0.088888889,0.133333333,0.016666667,0,9.72972973,-0.022222222,0.097222222,0.096986449,-0.022168331,0.283012997,0.997574901,
Neyfy Castillo NA,R,0.006666667,0,-0.086666667,0.133333333,-0.082666667,0,9.777777778,-0.021584661,0.096300793,0.096025003,-0.021522845,0.282835677,0.997136158,
Kramer Robertson NA,R,0.001428571,-0.042857143,-0.085714286,0.142857143,0.052857143,0,9.6,-0.02,0.096666667,0.096752797,-0.02001782,0.28389873,1.000891005,
Luis Baez HOU,R,0,0,-0.085714286,0.142857143,-0.052857143,0,10,-0.02,0.096666667,0.093730742,-0.019392567,0.275010846,0.969628368,
Delino DeShields NA,R,0,-0.0625,-0.0875,0.1375,0.0175,0,10,-0.020588235,0.097058824,0.096794715,-0.020532212,0.282741528,0.997278883,
Kyle Nevin LAN,R,0,0,-0.085714286,0.142857143,-0.088571429,0,9.565217391,-0.02,0.096666667,0.09674843,-0.020016917,0.283579658,1.000845832,
Michael Conforto CHN,L,-0.004789762,-0.028884826,-0.088299817,0.133272395,-0.050018282,0,9.684499314,-0.021532616,0.096517836,0.09704413,-0.02165003,0.284799538,1.005452818,
Braden Montgomery CHA,B,0.004988426,0,-0.0875,0.131828704,-0.04,0,9.687123947,-0.021580013,0.096510612,0.099452278,-0.022237776,0.291847459,1.030480232,
Franklin Barreto NA,R,0,0,-0.0875,0.1375,0.0525,0,9.647058824,-0.020588235,0.097058824,#N/A,#N/A,#N/A,#N/A,
Angelo Castellano CHA,R,0,0,-0.085714286,0.142857143,0.017142857,0,9.62962963,-0.02,0.096666667,0.096456823,-0.019956584,0.28254931,0.997829209,
Chase Strumpf NA,R,0,0,-0.085714286,0.142857143,0.017142857,0,9.62962963,-0.02,0.096666667,0.096487352,-0.0199629,0.282607794,0.99814502,
Korry Howell NA,R,0.001428571,0,-0.085714286,0.142857143,0.017142857,0,9.636363636,-0.02,0.096666667,0.096618755,-0.019990087,0.282976676,0.99950436,
Jackson Frazier NA,R,0.001111111,-0.022222222,-0.088888889,0.133333333,-0.048888889,0,9.583333333,-0.022222222,0.097222222,0.097087519,-0.022191433,0.282723738,0.998614483,
Drew Waters KCA,B,0.004576803,-0.037304075,-0.086520376,0.129780564,0.016677116,0,9.6875,-0.021645058,0.096383249,0.096900024,-0.021761112,0.284626936,1.005361666,
John Peck DET,R,0.001428571,0,-0.085714286,0.142857143,0.052857143,0,9.62962963,-0.02,0.096666667,0.096980267,-0.020064883,0.284025439,1.003244141,
Dominic Miroglio NA,R,0,0,-0.1,0.142857143,0.088571429,0,9.684210526,-0.023333333,0.096666667,0.096335315,-0.023253352,0.281947223,0.996572221,
Dalton Rushing LAN,L,0.00235,0.0102,-0.0866,0.1287,0.06284,-0.02903409,9.682991368,-0.021863626,0.096189856,0.099696204,-0.022660607,0.293146042,1.036452368,
Cam Devanney NA,R,0.001139241,-0.006329114,-0.087341772,0.129113924,0.016582278,0,9.677419355,-0.021912784,0.096225703,0.095719088,-0.021797416,0.281332983,0.994735144,
Kyle Garlick NA,R,-0.001511628,-0.026744186,-0.088372093,0.131395349,-0.049883721,0,9.679487179,-0.021841797,0.096276343,0.095478637,-0.021660825,0.280470718,0.991714406,
David McCabe ATL,B,-0.001428571,0,-0.1,0.142857143,-0.088571429,0,9.705882353,-0.023333333,0.096666667,0.098459825,-0.023766165,0.288044897,1.018549914,
Juan Fernandez NA,R,0,0,-0.1,0.142857143,0.017142857,0,9.76744186,-0.023333333,0.096666667,0.096155264,-0.023209891,0.281284982,0.994709623,
JesÃºs Bastidas MIA,R,0.003212121,0,-0.089090909,0.132121212,0.050121212,0,9.683313623,-0.021925101,0.096201973,0.094215027,-0.021472262,0.276908151,0.9793461,
Max Kepler NA,L,-0.002612753,-0.006065319,-0.090202177,0.133281493,-0.049984448,0,9.68115942,-0.021992646,0.096085112,0.095416544,-0.021839619,0.28073891,0.993041923,
Osleivis Basabe SFN,R,0,-0.0125,-0.0875,0.1375,0.0525,0,9.72972973,-0.020588235,0.097058824,0.096111138,-0.020387211,0.279897127,0.990235964,
Colton Cowser BAL,L,0.006158407,-0.027445997,-0.090427785,0.133418043,0.016666667,0,9.682556338,-0.022027963,0.09603573,0.092939512,-0.021317776,0.273525674,0.967759728,
Francisco Mejia NA,B,0.004090909,-0.013636364,-0.090909091,0.131818182,0.084545455,-0.0485,9.693251534,-0.022154364,0.096371483,#N/A,#N/A,#N/A,#N/A,
Bobby Dalbec NA,R,0.000522388,0.007462687,-0.089552239,0.132089552,-0.08358209,0,9.672489083,-0.022079716,0.096046764,0.09727434,-0.022361917,0.286174443,1.012781019,
Aaron Sabato MIN,R,0.004090909,0,-0.090909091,0.131818182,-0.083636364,0,9.659090909,-0.022330298,0.096020281,0.094921051,-0.022074663,0.279324294,0.988552104,
Kellen Strahm HOU,R,0.010666667,0,-0.093333333,0.133333333,-0.05,0,10,-0.022951238,0.096723075,0.095923371,-0.022761478,0.280139503,0.991732022,
James Herron NA,R,0.008333333,0,-0.088888889,0.133333333,-0.049444444,0,10,-0.022087137,0.095250779,0.09540638,-0.022123219,0.282927436,1.001633598,
Jesus Aguilar NA,R,-0.0125,-0.0125,-0.1,0.1375,-0.0875,0,9.677419355,-0.023529412,0.097058824,0.096684114,-0.023438573,0.281322705,0.99613936,
Ho-young Son NA,R,0,0,-0.1,0.142857143,0.052857143,0,9.710144928,-0.023333333,0.096666667,0.09595057,-0.023160482,0.280280216,0.992592098,
Graham Pauley MIA,L,0.001811249,0.01001032,-0.087511916,0.127740705,-0.022364156,0,9.684008628,-0.022262516,0.095816125,0.09195098,-0.021364465,0.270972705,0.959660809,
Chase DeLauter CLE,L,0.003592687,0,-0.091326531,0.133035714,-0.00252551,0,9.683349374,-0.022308765,0.095757363,0.109975403,-0.025621168,0.324208975,1.148479865,
Carson McCusker NA,R,0.002328767,-0.006849315,-0.089041096,0.130136986,-0.05,0,9.702970297,-0.022181668,0.095893058,0.093918027,-0.021724811,0.276470027,0.979403817,
Sergio Alcantara WAS,B,0.002789474,-0.062105263,-0.09,0.130526316,0.049947368,0,9.68903437,-0.022365189,0.095738703,0.096507346,-0.022544749,0.284533196,1.008028555,
Ali Sanchez NYA,R,-0.000183486,0.001834862,-0.088073394,0.126605505,0.083486239,0.018272726,9.681249332,-0.022549146,0.095598981,0.096998134,-0.022879167,0.286245963,1.014635641,
Trei Cruz DET,B,0.002508251,0,-0.091089109,0.131683168,0.03330033,0,9.682140959,-0.022481972,0.095629839,0.094122433,-0.022127591,0.277642452,0.984237074,
Bon Ki Shin NA,R,-0.014285714,0,-0.1,0.142857143,-0.122857143,0,9.705882353,-0.023333333,0.096666667,0.096460075,-0.023283466,0.281424265,0.997862846,
J.C. Escarra NYA,L,0.000951743,-0.022072072,-0.090616622,0.130563003,0.053217158,0.100142861,9.683213948,-0.02256696,0.095508982,0.09630374,-0.022754746,0.284330471,1.008321291,
Steven Berman NA,R,0,0,-0.1,0.142857143,0.088571429,0,9.684210526,-0.023333333,0.096666667,0.097087551,-0.023434926,0.283172583,1.00435398,
LaMonte Wade Jr. CHA,L,-0.005211268,-0.008450704,-0.094366197,0.136619718,-0.082816901,0,9.673366834,-0.022477999,0.095615369,0.0939045,-0.022075795,0.276896162,0.98210676,
Jase Bowen SDN,R,0.005,0,-0.09,0.133333333,-0.05,0,10,-0.022198871,0.095372929,0.096724417,-0.022513442,0.285913953,1.01417057,
Khalil Lee NA,L,0,-0.08,-0.1,0.14,0.018,0,10,-0.022727273,0.095454545,0.095721226,-0.022790768,0.282627403,1.002793794,
Carter Trice CHN,R,0.001428571,0,-0.1,0.142857143,-0.052857143,0,10,-0.023333333,0.096666667,0.095830363,-0.023131467,0.279388796,0.991348579,
David Hensley MIA,R,0.002372881,-0.01440678,-0.091525424,0.130508475,-0.049830508,0,9.677419355,-0.022785241,0.095360453,0.095761295,-0.022881017,0.282995576,1.004203441,
Richie Palacios TBA,L,0.006196251,-0.008048512,-0.095148842,0.136163175,-0.04199559,0,9.698113208,-0.0227093,0.09536327,0.095903438,-0.022837932,0.283381121,1.005664322,
Juan Guerrero NA,R,0,0,-0.088888889,0.133333333,-0.051111111,0,10,-0.021660254,0.094763612,0.094854392,-0.021681004,0.281994882,1.000957963,
Nick Podkul NA,R,0,0,-0.1,0.142857143,-0.088571429,0,9.696969697,-0.023333333,0.096666667,0.096540063,-0.023302774,0.28135303,0.998690305,
Jesus Sanchez TOR,L,-0.000130533,-0.00640423,-0.095856981,0.136265607,-0.05223042,0,9.681914865,-0.022862077,0.095211278,0.094320045,-0.022648074,0.278970995,0.990639419,
Connor Kokx NA,R,0.000909091,0,-0.090909091,0.136363636,0.016363636,0,9.718309859,-0.022332115,0.096028096,0.09616981,-0.022365072,0.282017577,1.00147576,
Bryce Eldridge SFN,L,0.003011173,0.003235294,-0.089162011,0.126201117,-0.110435754,0,9.682896873,-0.022966629,0.095104295,0.093893767,-0.022674301,0.277894242,0.987271578,
Bryan Torres SLN,L,0.003047619,0,-0.093333333,0.131746032,-0.016666667,0,9.677819083,-0.023014517,0.095111015,0.096264592,-0.023293654,0.28486161,1.012128741,
Jose Siri LAA,R,0.011881188,0.004620462,-0.091089109,0.128712871,0.016650165,0,9.683901777,-0.022997217,0.095071828,0.095535413,-0.023109355,0.282805309,1.004876148,
Landon Stephens NA,R,0,0,-0.1,0.142857143,-0.052857143,0,10,-0.023333333,0.096666667,0.096554227,-0.023306193,0.281075681,0.998836832,
Chris Taylor LAA,R,0.002343413,-0.015658747,-0.093088553,0.131209503,-0.015075594,0,9.688172043,-0.023049052,0.095030547,0.094616013,-0.02294851,0.280152591,0.995637895,
Haydn McGeary CHN,R,0.007142857,0,-0.092857143,0.135714286,-0.085,0,9.607843137,-0.022471683,0.095072504,0.092596134,-0.021886359,0.273989486,0.973952822,
Rylan Bannon NA,R,0.00125,-0.04125,-0.09375,0.13125,0.016625,0,9.658119658,-0.023225037,0.09506782,0.095323792,-0.023287571,0.282070442,1.002692524,
Neftali Soto NA,R,-0.015714286,0,-0.1,0.142857143,-0.088571429,0,9.772727273,-0.023333333,0.093333333,0.092595023,-0.023148756,0.278979545,0.992089533,
Marcelo Mayer BOS,L,0.0054149,-0.01646763,-0.09061175,0.126892792,0.012646881,0,9.682926829,-0.023208358,0.094865713,0.09404687,-0.023008032,0.278749,0.991368396,
Benjamin Gobbel LAA,R,0,0,-0.1,0.142857143,-0.122857143,0,9.655172414,-0.023333333,0.093333333,0.094112462,-0.023528116,0.283517153,1.008347807,
Brandon Marsh PHI,L,0.011075949,0.000678119,-0.095253165,0.133227848,-0.034977396,0,9.682492582,-0.023238291,0.09482811,0.095441982,-0.023388725,0.282958961,1.006473527,
Moises Gomez NA,R,0,0,-0.1,0.142857143,-0.052857143,0,10,-0.023333333,0.093333333,0.093450359,-0.02336259,0.281460467,1.001253849,
Luis Diaz NA,R,0,0,-0.1,0.142857143,0.017142857,0,9.76744186,-0.023333333,0.093333333,0.092878673,-0.023219668,0.279678914,0.99512864,
Chris Williams NA,R,0,0,-0.1,0.142857143,0.088571429,0,9.684210526,-0.023333333,0.093333333,0.09341964,-0.02335491,0.28128587,1.000924719,
Joseph Suozzi NA,R,0,0,-0.0875,0.125,-0.08,0,9.714285714,-0.022331332,0.09570571,0.095564003,-0.022298267,0.280584936,0.99851935,
Alerick Soularie NA,R,0.001428571,0,-0.1,0.142857143,-0.052857143,0,10,-0.023333333,0.093333333,0.093410031,-0.023352508,0.281190883,1.000821765,
Sam Huff BAL,R,-0.000540541,-0.006756757,-0.091891892,0.127027027,0.083108108,0.003571429,9.679633867,-0.023532111,0.094820564,0.092907199,-0.023057261,0.275289586,0.979821205,
Josh Smith TEX,L,0.003983622,-0.010260116,-0.096483622,0.133959538,0.013381503,0,9.682988377,-0.023409899,0.094656402,0.093707149,-0.023175135,0.278110739,0.989971591,
Ryan Jackson SDN,R,0,0,-0.1,0.142857143,0.017142857,0,9.76744186,-0.023333333,0.093333333,0.08990741,-0.022476853,0.270613278,0.963293683,
Jose Osuna NA,R,-0.00125,0,-0.1,0.1375,-0.0275,0,10,-0.023529412,0.094117647,0.093181397,-0.023295349,0.278110653,0.990052342,
Alsander Womack NA,R,0.008333333,0,-0.091666667,0.133333333,0.016666667,0,9.638554217,-0.022725779,0.095035076,0.095121246,-0.022746385,0.2811587,1.000906715,
Leonardo Bernal SLN,B,0,0,-0.1,0.142857143,0.088571429,0,9.684210526,-0.023333333,0.093333333,0.092199056,-0.023049764,0.277487219,0.987847032,
Nathan Church SLN,L,0.00496063,0.017435321,-0.092575928,0.128458943,-0.024364454,0,9.682080925,-0.023423453,0.094633026,0.094814802,-0.023468446,0.281434557,1.001920849,
Tanner Schobel MIN,R,0.002876712,0,-0.094520548,0.131506849,0.016575342,0,9.694117647,-0.023372517,0.094506264,0.09338267,-0.023094639,0.277521817,0.988110905,
Jean Segura NA,R,0,-0.014285714,-0.1,0.142857143,0.017142857,0,9.696969697,-0.023333333,0.093333333,0.093532278,-0.023383069,0.281457665,1.00213155,
Trevor Schwecke NA,R,0.005789474,0,-0.094736842,0.131578947,0.016315789,0,9.655172414,-0.023568421,0.094273686,0.094286437,-0.023571609,0.280895989,1.000135261,
Martin Costes NA,R,0,0,-0.1,0.142857143,-0.052857143,0,10,-0.023333333,0.093333333,0.093186669,-0.023296667,0.280259904,0.998428591,
Cristian Santana LAN,R,0,0,-0.1,0.142857143,-0.088571429,0,9.696969697,-0.023333333,0.093333333,0.09308447,-0.023271118,0.279940573,0.997333608,
D'Andre Smith NYN,R,0.002857143,0,-0.1,0.142857143,-0.052857143,0,10,-0.023333333,0.093333333,0.091838831,-0.022959708,0.276177733,0.983987476,
Joshua Kasevich TOR,R,0.003981191,0,-0.095924765,0.131974922,0.050031348,0,9.683181665,-0.023650276,0.094446527,0.094937486,-0.023773217,0.28212699,1.005198277,
Kody Hoese NA,R,0.002380952,0,-0.096825397,0.133333333,0.016825397,0,9.696132597,-0.02373583,0.094554208,0.094223335,-0.023652771,0.279669916,0.996500706,
Korey Lee CHA,R,0.003959799,-0.012663317,-0.094472362,0.129849246,0.083366834,-0.055790001,9.682654123,-0.023653129,0.094411213,0.091032841,-0.022806735,0.270581302,0.964216411,
Ramon Hernandez NA,R,0,0,-0.1,0.142857143,0.017142857,0,9.76744186,-0.023333333,0.093333333,0.093218354,-0.023304589,0.280246333,0.99876808,
Stone Garrett NA,R,0.003043478,0,-0.095652174,0.131884058,-0.116376812,0,9.690346084,-0.023577536,0.094310142,0.093911109,-0.023477777,0.279402804,0.99576893,
Stephen Piscotty NA,R,-0.011111111,-0.033333333,-0.088888889,0.122222222,-0.047777778,0,9.636363636,-0.022857143,0.094285714,0.093913776,-0.022766976,0.279343682,0.996055204,
Cole Carrigg COL,B,0.004285714,0,-0.1,0.142857143,0.052857143,0,9.722222222,-0.023333333,0.093333333,0.096924565,-0.024231141,0.291210894,1.038477482,
Brian O'Keefe SEA,R,0,0,-0.1,0.1375,0.0875,-0.006,9.690721649,-0.023529412,0.094117647,0.093512394,-0.023378098,0.278601767,0.993569184,
Cameron Cauley TEX,R,0.007836879,0,-0.097163121,0.131560284,0.049964539,0,9.683426443,-0.023978945,0.094077976,0.095153881,-0.024253175,0.283437831,1.011436308,
Owen Caissie MIA,L,0.0053241,0,-0.090747922,0.12265928,-0.055545706,0,9.683562848,-0.024040964,0.094021012,0.090646516,-0.023178113,0.270079747,0.96410913,
Aaron McKeithan SEA,R,-0.001428571,0,-0.1,0.142857143,0.088571429,0,9.680851064,-0.023333333,0.093333333,0.092674532,-0.023168633,0.278074235,0.992941411,
Jose Fernandez ARI,R,0,0,-0.1,0.142857143,0.052857143,0,9.710144928,-0.023333333,0.093333333,0.099980264,-0.024995066,0.299968645,1.071217119,
Robert Perez Jr. NA,R,0.004042553,0,-0.09787234,0.131914894,-0.05,0,9.655172414,-0.024189738,0.09360377,0.093607399,-0.024190676,0.279941851,1.000038763,
Christopher Suero NYN,R,0.001428571,0,-0.1,0.142857143,-0.122857143,0,9.649122807,-0.023333333,0.093333333,0.092327774,-0.023081943,0.276878463,0.989226146,
Andrew Cossetti MIN,R,0.004090909,0,-0.095454545,0.127272727,0.081818182,0,9.700374532,-0.023949588,0.093517439,0.091193319,-0.023354387,0.272900945,0.975147737,
Devonte Brown NA,R,0.005454545,0,-0.1,0.131818182,0.016818182,0,9.674796748,-0.024765151,0.09343216,0.093538331,-0.024793293,0.280132966,1.001136344,
Jakson Reetz SEA,R,0,-0.002380952,-0.097619048,0.130952381,0.083809524,0.005,9.691119691,-0.024335893,0.093782221,0.093833755,-0.024349266,0.279936744,1.000549512,
Yeiner Fernandez LAN,R,0.005,0,-0.1,0.133333333,0.016944444,0,9.660194175,-0.02441228,0.093580408,0.092815429,-0.024212721,0.277367949,0.991825431,
Davis Wendzel PIT,R,0.001733333,-0.086,-0.100333333,0.133,0.049966667,0,9.607843137,-0.024499321,0.093602056,0.094032721,-0.024612043,0.280897497,1.004601024,
Damon Keith LAN,R,0,0,-0.1,0.142857143,-0.052857143,0,10,-0.023333333,0.093333333,0.096203127,-0.024050782,0.28813833,1.030747792,
Denzer Guzman LAA,R,0.004595588,0.033088235,-0.097426471,0.129044118,0.033382353,0,9.684466019,-0.024568263,0.093544819,0.093858316,-0.024650598,0.280474816,1.003351301,
Alex Verdugo SDN,L,-0.002953488,-0.016744186,-0.104418605,0.137906977,-0.049976744,0,9.682637854,-0.024620194,0.093490938,0.093537115,-0.024632355,0.279580023,1.000493924,
Zack Short DET,R,0.002177419,-0.047580645,-0.097580645,0.129032258,0.05016129,0,9.676724138,-0.0246468,0.093494888,0.09260821,-0.024413058,0.276766102,0.990516298,
Gavin Lux TBA,L,0.006137425,-0.017011341,-0.108739159,0.143428953,0.017178119,0,9.683265049,-0.024641432,0.093425796,0.091732147,-0.024194725,0.274321214,0.981871726,
Cedric Mullins TBA,L,0.007727626,-0.009066148,-0.101945525,0.134085603,0.012747082,0,9.683336217,-0.024707463,0.093360261,0.091139878,-0.024119847,0.272665231,0.976217047,
Enmanuel Valdez PIT,L,0.000990991,-0.026576577,-0.101351351,0.133333333,0.016666667,0,9.678638941,-0.024715047,0.093367955,0.092162756,-0.024396024,0.275689843,0.987091939,
Javier Jasso MIA,R,-0.001428571,0,-0.1,0.142857143,0.017142857,0,9.761904762,-0.023333333,0.093333333,0.091362412,-0.022840603,0.273396145,0.978882987,
Austin Nola NA,R,-0.00125,-0.025,-0.1,0.125,0.0825,-0.054,10,-0.025,0.09375,0.093420801,-0.024912214,0.278311279,0.996488546,
Jefferson Rojas CHN,R,0,0,-0.1,0.142857143,0.052857143,0,9.710144928,-0.023333333,0.093333333,0.093452802,-0.023363201,0.279630476,1.001280023,
Ryan Yeager NA,R,0.002820513,0,-0.1,0.130769231,-0.082307692,0,9.693877551,-0.024976334,0.093501147,0.093641505,-0.025013827,0.279670193,1.001501133,
Drew Romo CHA,B,0.004233577,-0.005109489,-0.097810219,0.128467153,0.083284672,0.003285714,9.684274438,-0.024747898,0.093266332,0.096539646,-0.025616461,0.288999956,1.035096422,
Nathan Furman SFN,L,0.003225806,0,-0.1,0.132258065,0.016451613,0,9.698795181,-0.024812128,0.092845381,0.093227264,-0.024914183,0.280295161,1.004113105,
Jose Cordova COL,R,0,0,-0.1,0.142857143,-0.088571429,0,9.696969697,-0.023333333,0.093333333,0.092888025,-0.023222006,0.277807184,0.995228843,
Jake Bauers MIL,L,-0.000958904,-0.006330472,-0.101565558,0.132681018,-0.069266145,0,9.68334348,-0.024875838,0.093200514,0.094652108,-0.025263278,0.283455096,1.01557496,
Cayden Wallace WAS,R,0,0,-0.1,0.133333333,0.016666667,0,9.782608696,-0.024367786,0.09205608,0.09376447,-0.024820007,0.284252078,1.018558148,
Bryson Brigman CIN,R,0,0,-0.1,0.13,0.0165,0,9.6875,-0.024943117,0.093536688,0.093403244,-0.024907532,0.278668869,0.99857335,
Rhylan Thomas SEA,L,0.004244604,-0.00647482,-0.1,0.130935252,-0.05,0,9.673202614,-0.024871532,0.093223512,0.090876216,-0.024245286,0.272039334,0.974820774,
Jordan Brewer NA,R,0.001428571,0,-0.1,0.142857143,-0.088571429,0,9.6875,-0.023333333,0.093333333,0.093123496,-0.023280874,0.278407659,0.997751748,
JosÃ© Alvarez NA,R,0,0,-0.1,0.142857143,-0.052857143,0,10,-0.023333333,0.093333333,0.093626875,-0.023406719,0.279890521,1.00314509,
Dru Baker CHA,R,0.006818182,0,-0.1,0.131818182,0.016818182,0,9.682539683,-0.024765151,0.09343216,0.093619821,-0.024814892,0.279553366,1.002008531,
Cooper Bowman OAK,R,0.008615385,0,-0.101538462,0.132307692,0.016769231,0,9.681697613,-0.024924477,0.092900322,0.089261706,-0.023948263,0.267939844,0.960833115,
Colby Shade MIA,R,0.005714286,0,-0.114285714,0.142857143,-0.052857143,0,10,-0.026666667,0.093333333,0.0920754,-0.026307257,0.275069997,0.986522146,
Cristian Pache NYN,R,0.004245614,-0.023859649,-0.100350877,0.129824561,0.016701754,0,9.680306905,-0.025130877,0.092966673,0.092948566,-0.025125983,0.278740702,0.99980524,
Jorbit Vivas NYA,L,0.004311927,-0.010091743,-0.097247706,0.125688073,0.016697248,0,9.683972912,-0.025110869,0.092862835,0.093322784,-0.025235243,0.280096478,1.004952992,
Jacob Rucker MIN,R,0.001944444,0,-0.102777778,0.131944444,0.016666667,0,9.690140845,-0.025312648,0.092699023,0.09158966,-0.025009723,0.275256013,0.988032639,
Alexander McKenna NA,R,0,0,-0.114285714,0.142857143,-0.052857143,0,9.444444444,-0.026666667,0.093333333,0.093269606,-0.026648459,0.278395784,0.999317209,
Thomas Harber SFN,R,0,0,-0.114285714,0.142857143,0.017142857,0,9.696969697,-0.026666667,0.093333333,0.092104485,-0.026315567,0.274799652,0.986833768,
Diego Velasquez SFN,B,0.007692308,0,-0.1,0.130769231,0.016153846,0,9.726027397,-0.025580516,0.092483406,0.092187078,-0.025498553,0.277524919,0.996795882,
Brandon Butterworth BAL,R,0.001428571,0,-0.114285714,0.142857143,0.052857143,0,9.666666667,-0.026666667,0.093333333,0.093042001,-0.026583429,0.27754296,0.996878583,
Gavin Sheets SDN,L,-0.005146879,0.005919003,-0.104283966,0.133047736,-0.089541004,0,9.682785393,-0.025471431,0.092603002,0.091318782,-0.025118193,0.274505615,0.986131981,
Ryan Lasko OAK,R,0,0,-0.114285714,0.142857143,-0.052857143,0,9.444444444,-0.026666667,0.093333333,0.089867888,-0.02567654,0.268024558,0.962870233,
Alika Williams PIT,R,0.001349693,0.008588957,-0.101226994,0.129447853,0.016625767,0,9.685466377,-0.025470405,0.092619653,0.094507222,-0.025989486,0.284027815,1.020379785,
Patrick Bailey SFN,B,-0.00085048,0.003943759,-0.098251029,0.125342936,0.083319616,0.176458898,9.683044487,-0.025478122,0.092592743,0.09122862,-0.025102766,0.274252161,0.985267488,
Nicholas Lorusso NYN,R,0,0,-0.114285714,0.142857143,0.017142857,0,9.696969697,-0.026666667,0.093333333,0.09141206,-0.026117731,0.272605454,0.979414928,
Yamal Encarnacion HOU,B,0.002857143,0,-0.114285714,0.142857143,-0.052857143,0,10,-0.026666667,0.093333333,0.090322954,-0.025806558,0.269307241,0.967745931,
Glenn Santiago NA,R,0,0,-0.114285714,0.142857143,-0.052857143,0,9.444444444,-0.026666667,0.093333333,0.093148095,-0.026613741,0.277708736,0.998015302,
Nicholas Meyer NA,R,0,0,-0.114285714,0.142857143,-0.088571429,0,9.76744186,-0.026666667,0.093333333,0.093065982,-0.026590281,0.277457944,0.99713552,
Yoelqui CÃ©spedes CHA,R,0,0,-0.114285714,0.142857143,-0.122857143,0,9.705882353,-0.026666667,0.093333333,0.093305337,-0.026658668,0.278133545,0.999700036,
Andrew Pintar MIA,R,0.002222222,0,-0.1,0.133333333,0.016666667,0,9.591836735,-0.024367786,0.09205608,0.089297587,-0.023637597,0.269747235,0.970034648,
Tim Lopes NA,R,0.00125,-0.0375,-0.1125,0.1375,0.0175,0,10,-0.026470588,0.091176471,0.09107163,-0.026440151,0.277688327,0.99885013,
Shane Sasaki CIN,R,0.004285714,0,-0.114285714,0.142857143,-0.052857143,0,10,-0.026666667,0.093333333,0.092171118,-0.026334605,0.274458268,0.987547696,
Wilfred Veras CHA,R,0.005365854,0,-0.104878049,0.132926829,-0.050243902,0,9.65034965,-0.025737067,0.092174611,0.090819409,-0.025358666,0.273807265,0.985297453,
Jose Azocar ATL,R,0.006801347,-0.003703704,-0.106734007,0.134006734,-0.05,0,9.684385382,-0.025881065,0.092175782,0.091724879,-0.025754461,0.276494802,0.99510823,
Justin Crawford PHI,L,0.00988642,0,-0.097382716,0.12217284,0.015683951,0,9.682871341,-0.025901728,0.092166544,0.093907833,-0.026391085,0.283072886,1.018892846,
Dominic Smith ATL,L,-0.008040609,-0.02,-0.102538071,0.128324873,-0.113746193,0,9.683166606,-0.025967557,0.092120551,0.093363099,-0.026317815,0.281507517,1.013488276,
Arismendy Alcantara NA,B,0,0,-0.114285714,0.142857143,0.017142857,0,9.696969697,-0.026666667,0.093333333,0.093352461,-0.026672132,0.277785919,1.000204944,
Kevin Plawecki NA,R,-0.0125,-0.025,-0.1125,0.1375,0.0875,0.003,9.692307692,-0.026470588,0.091176471,0.090801357,-0.026361684,0.276543559,0.995885853,
Miles Mastrobuoni SEA,L,0.003315217,-0.016304348,-0.103804348,0.129347826,0.016684783,0,9.676258993,-0.026099828,0.091964314,0.091211989,-0.025886315,0.275325094,0.991819385,
Brian Navarreto MIA,R,0.006666667,-0.006666667,-0.106666667,0.126666667,0.080666667,0.014,9.705882353,-0.026695912,0.091767196,0.090787433,-0.026410889,0.274537237,0.989323377,
Mike Yastrzemski ATL,L,0.003622201,-0.007622869,-0.111148978,0.137974684,-0.05,0,9.683400385,-0.026186076,0.091886401,0.089509189,-0.02550861,0.270298336,0.974128796,
Chris Owings NA,R,0,-0.044444444,-0.1,0.122222222,0.047777778,0,9.583333333,-0.025714286,0.091428571,0.091750503,-0.025804829,0.278454031,1.003521124,
Dylan Campbell PHI,R,0.002857143,0,-0.114285714,0.142857143,-0.052857143,0,10,-0.026666667,0.093333333,0.091461618,-0.026131891,0.271823274,0.979945902,
Alfred Lewis COL,R,0,0,-0.114285714,0.142857143,-0.122857143,0,9.705882353,-0.026666667,0.093333333,0.092897288,-0.026542082,0.276030357,0.995328087,
Byung-ho Park NA,R,-0.014285714,0,-0.114285714,0.142857143,-0.088571429,0,9.62962963,-0.026666667,0.093333333,0.093441472,-0.026697563,0.277633302,1.00115863,
Rene Pinto PHI,R,-0.001440678,-0.028813559,-0.103389831,0.127966102,0.083135593,0.002333333,9.681397739,-0.026339904,0.091757861,0.090545674,-0.025991935,0.27363864,0.986789277,
Trey Lipscomb WAS,R,0.001678161,-0.022758621,-0.103678161,0.128045977,0.016643678,0,9.687150838,-0.026337078,0.091741797,0.09094853,-0.026109349,0.27490226,0.991353264,
Taylor Walls TBA,B,0.011012216,-0.022745782,-0.104653869,0.128853985,0.041471786,0,9.682539379,-0.02639142,0.091673143,0.090148069,-0.025952373,0.272603255,0.983364013,
Adam Walker NA,R,0,0,-0.114285714,0.142857143,-0.028571429,0,#DIV/0!,-0.026666667,0.09,0.089329171,-0.026467902,0.275101092,0.992546342,
Blake Hunt SDN,R,0,0,-0.114285714,0.142857143,0.088571429,0,9.647058824,-0.026666667,0.09,0.090245956,-0.026739543,0.277884346,1.002732848,
Francisco Acuna SDN,R,0.001428571,0,-0.114285714,0.142857143,0.052857143,0,9.666666667,-0.026666667,0.09,0.08673503,-0.025699268,0.267046555,0.96372255,
Eric Haase SFN,R,-0.004014085,-0.002112676,-0.106690141,0.130633803,0.083380282,-0.021285714,9.6812576,-0.026508823,0.091512307,0.089927667,-0.026049793,0.272227996,0.982683859,
Miguel Ugueto SLN,R,0,0,-0.114285714,0.142857143,0.017142857,0,9.696969697,-0.026666667,0.09,0.08989771,-0.026636358,0.276710145,0.998863442,
Elijah Wilson NA,R,0,0,-0.114285714,0.142857143,0.088571429,0,9.647058824,-0.026666667,0.09,0.089973994,-0.026658961,0.276898965,0.999711043,
Antonio Bullard MIA,R,0,0,-0.114285714,0.142857143,-0.088571429,0,9.76744186,-0.026666667,0.09,0.089893786,-0.026635196,0.276631147,0.998819846,
Shawn Goosenberg NA,R,0.001428571,0,-0.114285714,0.142857143,-0.052857143,0,9.411764706,-0.026666667,0.09,0.090036425,-0.026677459,0.277051082,1.000404717,
Jonathan Davis NA,R,0,-0.0375,-0.1125,0.1375,0.0175,0,10,-0.027272727,0.090909091,0.09071387,-0.027214161,0.276287414,0.997852565,
Tomas Frick NYA,R,0,0,-0.114285714,0.142857143,0.088571429,0,9.647058824,-0.026666667,0.09,0.089846532,-0.026621195,0.276394885,0.998294795,
Austin Barnes NYN,R,-0.007733333,-0.048,-0.104,0.126666667,0.083466667,0.026799999,9.682274164,-0.026672818,0.091474088,0.091640329,-0.026721292,0.277368163,1.001817359,
Greg Allen NA,B,0.00375,-0.05,-0.1,0.125,0.01625,0,10,-0.026666667,0.09,0.089625221,-0.026555621,0.275699131,0.995835793,
Judson Fabian BAL,R,0.004360465,0,-0.10872093,0.131395349,0.016627907,0,9.677835052,-0.026837989,0.091277865,0.091590752,-0.026929985,0.277676584,1.003427857,
Jack Blomgren HOU,R,0.001428571,0,-0.114285714,0.142857143,0.052857143,0,9.666666667,-0.026666667,0.09,0.089324906,-0.026466639,0.274623467,0.99249895,
Payton Green MIA,R,0,0,-0.114285714,0.142857143,0.052857143,0,9.661016949,-0.026666667,0.09,0.090303319,-0.026756539,0.277629527,1.00337021,
Myles Straw TOR,R,0.015325265,0.02602118,-0.106354009,0.128895613,-0.026921331,0,9.682980372,-0.026823584,0.091249788,0.093556218,-0.027501577,0.283686693,1.025276003,
Christian Vazquez HOU,R,-0.015471074,-0.000495868,-0.103140496,0.124958678,0.083305785,0.0499,9.682557805,-0.02681285,0.091266817,0.093290592,-0.027407406,0.282822333,1.022174273,
Roberto Campos DET,R,0,0,-0.114285714,0.142857143,-0.052857143,0,9.444444444,-0.026666667,0.09,0.090223972,-0.026733029,0.277370545,1.002488579,
Garret Guillemette HOU,R,0,0,-0.114285714,0.142857143,-0.088571429,0,9.76744186,-0.026666667,0.09,0.087141532,-0.025819713,0.267859515,0.968239248,
Paul DeJong NYA,R,-0.00471831,-0.012676056,-0.109624413,0.132394366,0.038849765,0,9.681397739,-0.026894666,0.091223021,0.091347148,-0.026931261,0.277005408,1.001360696,
Will Benson CIN,L,4.49E-05,-0.012808989,-0.108539326,0.130786517,-0.04141573,0,9.683134583,-0.026970838,0.091075437,0.089453223,-0.026490439,0.271561296,0.982188234,
Michael Moss PIT,R,0,0,-0.114285714,0.142857143,-0.088571429,0,9.76744186,-0.026666667,0.09,0.097511788,-0.028892382,0.299539962,1.083464316,
Aaron Schunk ATL,R,0.001596639,-0.044537815,-0.106722689,0.128571429,0.05,0,9.690140845,-0.026940318,0.091003122,0.091515097,-0.027091882,0.278008299,1.005625907,
Dakota Harris SLN,R,0.001111111,0,-0.111111111,0.133333333,-0.084444444,0,9.649122807,-0.027075318,0.09205608,0.091193558,-0.026821635,0.273817197,0.990630472,
Jared Sundstrom SEA,R,0.002857143,0,-0.114285714,0.142857143,-0.052857143,0,10,-0.026666667,0.09,0.08909607,-0.026398836,0.273611062,0.989956337,
Avisail Garcia NA,R,-0.005283019,-0.028301887,-0.109433962,0.130188679,-0.05,0,9.680232558,-0.02715308,0.090822371,0.090406382,-0.027028712,0.275046421,0.995419747,
Nolan Jones CLE,L,0.001363636,-0.015064935,-0.111558442,0.133506494,-0.042181818,0,9.681363468,-0.027163098,0.09091258,0.090957521,-0.027176526,0.276417576,1.000494337,
Daniel Robertson NA,R,0,-0.025,-0.1125,0.1375,0.0175,0,10,-0.026470588,0.091176471,0.091256117,-0.026493711,0.276520342,1.000873544,
George Lombard NYA,R,0.001428571,0,-0.114285714,0.142857143,0.052857143,0,9.666666667,-0.026666667,0.09,0.09213586,-0.027299514,0.282674866,1.023731778,
Graysen Tarlow SLN,R,0,0,-0.114285714,0.142857143,0.088571429,0,9.647058824,-0.026666667,0.09,0.088335069,-0.026173354,0.271011009,0.981500762,
Christopher Rotondo NA,R,0,0,-0.114285714,0.142857143,-0.052857143,0,9.444444444,-0.026666667,0.09,0.090101352,-0.026696697,0.276339845,1.001126132,
Brian Anderson NA,R,-0.000169492,-0.023728814,-0.110169492,0.13220339,-0.05,0,9.683544304,-0.027165998,0.090692638,0.090809404,-0.027200974,0.27638138,1.001287487,
Dustin Peterson NA,R,0,0,-0.114285714,0.142857143,-0.028571429,0,#DIV/0!,-0.026666667,0.09,0.089931619,-0.026646406,0.275771313,0.999240212,
Ryan Kreidler MIN,R,0.007093541,-0.025835189,-0.109020045,0.128953229,0.036681514,0,9.68394105,-0.027484452,0.090594819,0.092533674,-0.028072658,0.281764808,1.021401387,
Abrahan Gutierrez NYA,R,0,0,-0.114285714,0.142857143,0.088571429,0,9.647058824,-0.026666667,0.09,0.089924262,-0.026644226,0.27560887,0.999158464,
Griffin Conine MIA,L,-0.000231924,-0.006226766,-0.115279673,0.135948158,-0.076432469,0,9.682660534,-0.027558155,0.090501633,0.092333725,-0.028116035,0.281348536,1.020243743,
Michael Brantley NA,L,-0.016666667,-0.033333333,-0.116666667,0.133333333,-0.05,0,9.615384615,-0.029166667,0.091666667,0.092141238,-0.029317667,0.277155484,1.005177146,
Rolando Espinosa NA,R,0.00125,0,-0.1,0.125,-0.0475,0,9.444444444,-0.026297256,0.092040396,0.091990562,-0.026283018,0.275512748,0.999458569,
Luis Santana NA,R,0,0,-0.114285714,0.142857143,0.017142857,0,9.696969697,-0.026666667,0.09,0.089581603,-0.026542697,0.274369538,0.995351143,
Stanley Consuegra NA,R,0,0,-0.111111111,0.133333333,0.016666667,0,9.722222222,-0.027926786,0.089365714,0.08935169,-0.027922403,0.275540755,0.999843079,
Landon Wallace NA,R,0,0,-0.114285714,0.142857143,-0.052857143,0,9.444444444,-0.026666667,0.09,0.090451568,-0.026800465,0.276884311,1.005017426,
Taegun Kim NA,R,-0.015714286,0,-0.114285714,0.142857143,0.088571429,0,9.726027397,-0.026666667,0.09,0.089817943,-0.026612724,0.274925737,0.997977142,
Wade Meckler LAA,L,0,-0.02,-0.12,0.14,0.018,0,10,-0.028571429,0.09047619,0.091972161,-0.02904384,0.280025752,1.016534416,
Damon Gladney NYA,R,0,0,-0.111111111,0.122222222,0.015555556,0,9.6,-0.028635288,0.091632921,0.092089755,-0.028778048,0.276816215,1.004985478,
Jacob Amaya ARI,R,0.004313725,-0.014705882,-0.108823529,0.12745098,0.049901961,0,9.689542484,-0.027799778,0.090161442,0.090122502,-0.027787771,0.275311043,0.999568104,
Drew Gilbert SFN,L,0.004598214,0.004241071,-0.109821429,0.128125,-0.044910714,0,9.683698297,-0.027867404,0.090229215,0.089138957,-0.027530676,0.272078213,0.987916796,
Alfredo Duno CIN,R,0,0,-0.114285714,0.142857143,-0.122857143,0,9.705882353,-0.026666667,0.09,0.090967232,-0.026953254,0.278362763,1.010747025,
Evan Mendoza NA,R,0.001428571,0,-0.114285714,0.142857143,0.052857143,0,9.666666667,-0.026666667,0.09,0.08968904,-0.02657453,0.274405611,0.996544889,
Joshua Mears SDN,R,0,0,-0.114285714,0.142857143,-0.052857143,0,9.444444444,-0.026666667,0.09,0.088311139,-0.026166263,0.270161437,0.98123488,
Michael Papierski NA,B,-0.000625,-0.0125,-0.1125,0.13125,0.081875,-0.0055,9.69924812,-0.028240233,0.089427405,0.089598429,-0.028294241,0.275817474,1.001912427,
Kevin Parada NYN,R,0.005757576,0,-0.112121212,0.13030303,0.083333333,0,9.672131148,-0.027698587,0.089833254,0.088113314,-0.027168272,0.270019322,0.980854088,
Adrian Del Castillo ARI,L,0.000769231,-0.026190476,-0.114053254,0.13239645,-0.078949704,0.003923077,9.682042529,-0.027990048,0.090105446,0.086213534,-0.026781078,0.263365947,0.956807132,
Brock Rodden SEA,B,0.001428571,0,-0.114285714,0.142857143,0.052857143,0,9.666666667,-0.026666667,0.09,0.089242934,-0.026442351,0.272924725,0.991588159,
James Haley NA,R,0.002,0,-0.116,0.132,0.0168,0,9.666666667,-0.028368033,0.08999514,0.089588022,-0.028239702,0.273960031,0.995476212,
Peyton Wilson KCA,B,0.006,0,-0.115555556,0.133333333,0.016888889,0,9.682539683,-0.02825591,0.090201559,0.089995888,-0.028191483,0.274559539,0.997719874,
Victor Mesa Jr. TBA,L,0.004594595,-0.028648649,-0.110810811,0.128108108,0.016648649,0,9.682539683,-0.028090944,0.090028049,0.088800992,-0.027708072,0.271418524,0.986370282,
Gage Miller MIA,R,0.001428571,0,-0.114285714,0.142857143,0.017142857,0,9.705882353,-0.026666667,0.09,0.09020425,-0.026727185,0.275724323,1.00226944,
Garrett Hampson CIN,R,0.011821946,-0.024223602,-0.114285714,0.131884058,0.027784679,0,9.683889989,-0.028162447,0.089946365,0.088014887,-0.027557696,0.269142691,0.978526339,
Rowdy Tellez NA,L,-0.009972067,-0.007174888,-0.116340782,0.134217877,-0.095656425,0,9.683237869,-0.028157792,0.089915637,0.087804634,-0.027496714,0.268581743,0.976522395,
Zach McKinstry DET,L,0.013374317,-0.003527607,-0.110040984,0.126980874,-0.005758197,0,9.681902409,-0.028167142,0.089904062,0.088389445,-0.027692609,0.270388694,0.983152962,
Leonel Valera NA,R,0.001428571,0,-0.114285714,0.142857143,0.052857143,0,9.666666667,-0.026666667,0.09,0.090239808,-0.026737721,0.275684618,1.002664531,
Jared Serna MIA,R,0.004395973,0,-0.11442953,0.131879195,0.027785235,0,9.685658153,-0.028216983,0.089864057,0.089925469,-0.028236266,0.275107878,1.000683392,
Mark Coley MIA,R,0.001428571,0,-0.114285714,0.142857143,0.017142857,0,9.705882353,-0.026666667,0.09,0.088320767,-0.026169116,0.2697434,0.981341861,
Kenneth Betancourt NA,R,0,0,-0.114285714,0.142857143,0.017142857,0,9.696969697,-0.026666667,0.09,0.09015001,-0.026711114,0.275311118,1.001666775,
MoisÃ©s Castillo NA,R,0,0,-0.128571429,0.142857143,0.052857143,0,9.591836735,-0.03,0.09,0.090081157,-0.030027052,0.275056806,1.000901739,
Ehire Adrianza NA,B,-0.007142857,-0.021428571,-0.114285714,0.128571429,0.016428571,0,10,-0.028186243,0.089843651,0.090128805,-0.028275704,0.27565112,1.003173896,
Matthew Dyer NA,R,0,0,-0.128571429,0.142857143,-0.052857143,0,9.642857143,-0.03,0.09,0.089821053,-0.029940351,0.274230661,0.9980117,
Trayce Thompson NA,R,-0.01,-0.055555556,-0.111111111,0.122222222,0.015555556,0,9.722222222,-0.028571429,0.088571429,#N/A,#N/A,#N/A,#N/A,
Daniel Mateo NA,R,0.001111111,0,-0.111111111,0.133333333,0.016666667,0,9.72972973,-0.027075318,0.089348548,0.08939857,-0.027090476,0.274874801,1.000559844,
Hendry Mendez MIN,L,0,0,-0.12,0.14,-0.054,0,9.444444444,-0.027272727,0.090909091,0.08976837,-0.026930511,0.271269869,0.987452065,
Sam Antonacci CHA,L,0.006732673,0,-0.115346535,0.132178218,0.016683168,0,9.678571429,-0.028384367,0.089660489,0.098494839,-0.031181111,0.301770898,1.098531139,
Gabriel Martinez NA,R,0.005277778,0,-0.116666667,0.133333333,-0.050555556,0,9.716981132,-0.028480994,0.089511695,0.089626314,-0.028517464,0.275052754,1.001280498,
Wilderd PatiÃ±o NA,R,0.010833333,0,-0.116666667,0.133333333,0.016666667,0,9.636363636,-0.02931267,0.090031771,0.090296644,-0.029398907,0.275499139,1.002941993,
AndrÃ©s Alvarez PIT,R,0.007692308,0,-0.115384615,0.130769231,0.016923077,0,9.62962963,-0.027892454,0.089255852,0.089403188,-0.027938496,0.275135421,1.001650712,
Yonny Hernandez NYN,B,0,-0.033333333,-0.111111111,0.133333333,0.016666667,0,10,-0.027895616,0.089265972,0.088148643,-0.027546451,0.271226073,0.987483154,
Edwin DÃ­az HOU,R,0,0,-0.128571429,0.142857143,0.052857143,0,9.591836735,-0.03,0.09,0.089759948,-0.029919983,0.273888518,0.997332753,
Phillip Glasser WAS,L,0,0,-0.12,0.14,-0.054,0,9.444444444,-0.027272727,0.090909091,0.088052778,-0.026415834,0.26598772,0.968580563,
Tyler Black MIL,L,0.005950413,0.005785124,-0.116942149,0.133471074,-0.083181818,0,9.679533867,-0.028466823,0.089524639,0.08982554,-0.028562503,0.275512924,1.003361098,
Mike Brosseau NA,R,0,-0.030769231,-0.115384615,0.130769231,0.016538462,0,10,-0.028892902,0.089567996,0.089348446,-0.028822079,0.273869039,0.997548787,
Edouard Julien COL,L,-0.000803571,-0.011126565,-0.111543367,0.126913265,-0.002780612,0,9.6875,-0.028559005,0.089514275,0.089025824,-0.028403168,0.273030983,0.99454332,
Andrew Compton ATL,B,0,0,-0.128571429,0.142857143,-0.088571429,0,9.62962963,-0.03,0.09,0.087062015,-0.029020672,0.265557526,0.967355724,
Erick Mejia WAS,B,0.001428571,0,-0.128571429,0.142857143,0.017142857,0,9.583333333,-0.03,0.09,0.089785266,-0.029928422,0.273836083,0.997614067,
Jean Correa NA,R,0,0,-0.118181818,0.136363636,-0.117272727,0,9.646017699,-0.02903175,0.089328461,0.08979087,-0.029182033,0.275859633,1.005176498,
Caleb Cali SEA,R,0,0,-0.128571429,0.142857143,0.017142857,0,9.565217391,-0.03,0.09,0.090298366,-0.030099455,0.275222395,1.003315173,
Monte Harrison NA,R,0.0025,-0.0125,-0.125,0.1375,-0.0525,0,9.756097561,-0.029411765,0.088235294,0.088318761,-0.029439587,0.274545463,1.000945958,
Matt Duffy NA,R,-0.006129032,-0.032258065,-0.116129032,0.132258065,0.016774194,0,9.444444444,-0.028450598,0.089303267,0.08963853,-0.028557408,0.275310707,1.003754205,
Connor Caskenette MIA,R,0.001428571,0,-0.128571429,0.142857143,0.088571429,0,9.733333333,-0.03,0.09,0.093962935,-0.031320978,0.286269565,1.044032608,
Ethan Anderson BAL,B,0,0,-0.128571429,0.142857143,0.088571429,0,9.72972973,-0.03,0.09,0.089962436,-0.029987479,0.273971604,0.999582627,
Kevin Padlo NA,R,0.001,0.03,-0.11,0.13,-0.081,0,9.677419355,-0.028013951,0.089135297,0.088989678,-0.027968184,0.27362525,0.998366311,
Nicholas Decolati NA,R,0.00125,0,-0.1125,0.125,-0.04875,0,9.655172414,-0.028711713,0.089325329,0.089762997,-0.028852392,0.275404822,1.004899702,
Emaarion Boyd MIA,R,0.001428571,0,-0.128571429,0.142857143,-0.052857143,0,9.62962963,-0.03,0.09,0.090396333,-0.030132111,0.275266877,1.004403696,
Yanquiel Fernandez NYA,L,-0.000888889,0,-0.115555556,0.131111111,-0.117333333,0,9.685534591,-0.028706189,0.088878777,0.087319896,-0.028202699,0.269236447,0.982460588,
Lucas Ritter LAA,R,0.00097561,0,-0.117886179,0.132520325,0.016747967,0,9.683698297,-0.028975108,0.089123435,0.087857685,-0.028563597,0.270131268,0.985797791,
Riley Unroe HOU,B,0.001428571,0,-0.128571429,0.142857143,0.052857143,0,9.6,-0.03,0.09,0.088506514,-0.029502171,0.269453166,0.983405715,
Brett Auerbach SFN,R,0,0,-0.128571429,0.142857143,0.017142857,0,9.565217391,-0.03,0.09,0.090218395,-0.030072798,0.274647851,1.002426614,
Miguel Bleis BOS,R,0.001428571,0,-0.128571429,0.142857143,-0.052857143,0,9.62962963,-0.03,0.09,0.087385512,-0.029128504,0.265993732,0.970950137,
Jair Camargo ATL,R,0.005428571,0,-0.117142857,0.131428571,0.084285714,-0.00025,9.68,-0.02874038,0.089025081,0.085083052,-0.027467757,0.261793695,0.95572002,
John Morgan TBA,L,0.004703196,0,-0.11826484,0.13196347,-0.083424658,0,9.680489463,-0.029142246,0.089001994,0.087552818,-0.028667737,0.269411692,0.983717487,
Joseph Gray Jr. NA,R,0,0,-0.128571429,0.142857143,0.017142857,0,9.565217391,-0.03,0.09,0.090024383,-0.030008128,0.273930193,1.00027092,
Terry Bowens BAL,R,0.004736842,0,-0.121052632,0.131578947,-0.083684211,0,9.701492537,-0.029646089,0.088938266,0.088252663,-0.029417554,0.271687359,0.992291248,
James Glowenke NA,R,0.004545455,0,-0.122727273,0.136363636,0.016818182,0,9.625,-0.029602267,0.0888068,0.088852139,-0.02961738,0.273925778,1.000510537,
Cameron Cannon NA,R,0,0,-0.128571429,0.142857143,0.017142857,0,9.565217391,-0.03,0.09,0.089621188,-0.029873729,0.272619688,0.995790979,
Jae-Hoon Ha NA,R,-0.012857143,0,-0.128571429,0.142857143,-0.028571429,0,9.5,-0.03,0.09,0.090244922,-0.030081641,0.274517031,1.002721356,
Noah Campbell NA,B,0,0,-0.128571429,0.142857143,-0.052857143,0,9.642857143,-0.03,0.09,0.090174144,-0.030058048,0.274235604,1.001934937,
Kevin Smith NA,R,0.001764706,0,-0.117647059,0.129411765,-0.113529412,0,9.659090909,-0.029692146,0.089076439,0.088945287,-0.029648429,0.273266062,0.998527645,
Jacob Gonzalez NA,R,0,0,-0.128571429,0.142857143,-0.088571429,0,9.62962963,-0.03,0.09,0.089966132,-0.029988711,0.273494042,0.999623687,
Justin Farmer NA,R,0.001428571,0,-0.128571429,0.142857143,-0.052857143,0,9.62962963,-0.03,0.09,0.090383884,-0.030127961,0.274755959,1.004265373,
Tim Anderson NA,R,0.006344086,0.009677419,-0.117204301,0.130107527,0.016774194,0,9.681093394,-0.029281097,0.088649194,0.088069622,-0.029089663,0.271780456,0.993462183,
Joshua Palacios NA,L,0.000675676,-0.013513514,-0.121621622,0.135135135,-0.05,0,9.681697613,-0.029262547,0.088763058,0.088108268,-0.029046682,0.271547949,0.992623166,
Tanner Murray CHA,R,0.00307377,0,-0.119057377,0.131762295,0.01295082,0,9.682320442,-0.029378754,0.088692487,0.090645509,-0.030025679,0.279547038,1.022020144,
Steward Berroa MIL,B,0.010392857,-0.050357143,-0.119642857,0.1325,0.016642857,0,9.669966997,-0.029364083,0.088705827,0.088627403,-0.029338123,0.273279182,0.999115907,
Cristofer Torin ARI,R,0,0,-0.128571429,0.142857143,0.052857143,0,9.591836735,-0.03,0.09,0.09626232,-0.03208744,0.29254547,1.069581338,
Alan Trejo NA,R,0.000314961,-0.050393701,-0.115748031,0.127559055,0.04984252,0,9.671052632,-0.029465895,0.088598134,0.08800683,-0.02926924,0.271653802,0.993326003,
John Ingle CLE,L,0.004310345,0,-0.120689655,0.132758621,0.083793103,0,9.683333333,-0.029598955,0.088796864,0.091792266,-0.030597422,0.28269605,1.033733193,
Felix Valerio NA,R,0,0,-0.128571429,0.142857143,-0.052857143,0,9.642857143,-0.03,0.09,0.090144724,-0.030048241,0.273891722,1.001608041,
Mason Auer TBA,R,0.009375,0,-0.11875,0.13125,-0.02625,0,10,-0.029480056,0.088440168,0.087871218,-0.029290406,0.271626271,0.993566842,
Jorel Ortega MIN,R,0.003666667,0,-0.12,0.133333333,0.016666667,0,9.711538462,-0.029598495,0.088795485,0.085943863,-0.028647954,0.264547305,0.967885503,
Gavin Collins NA,R,0,0,-0.128571429,0.142857143,0.088571429,0,9.72972973,-0.03,0.09,0.090077543,-0.030025848,0.273503446,1.000861594,
Jay Allen II CIN,R,0,0,-0.128571429,0.142857143,0.017142857,0,9.565217391,-0.03,0.09,0.089355657,-0.029785219,0.271299659,0.992840629,
Darlin Moquete NA,R,0.001428571,0,-0.128571429,0.142857143,-0.052857143,0,9.62962963,-0.03,0.09,0.090104922,-0.030034974,0.273490464,1.0011658,
Jackson Hornung TOR,R,0,0,-0.128571429,0.142857143,-0.088571429,0,9.62962963,-0.03,0.09,0.091150817,-0.030383606,0.276622475,1.01278686,
Jose Briceno NA,R,0,0,-0.125,0.1375,0.0875,0,9.638554217,-0.029411765,0.088235294,0.087641627,-0.029213876,0.271260535,0.993271774,
Hyeseong Kim LAN,L,0.009,-0.002258065,-0.113225806,0.123709677,0.016677419,0,9.682174559,-0.029759793,0.088304344,0.087544137,-0.029503593,0.270705277,0.991391059,
Chadwick Tromp ATL,R,0.000927835,-0.004123711,-0.116494845,0.126804124,0.083608247,0.0173,9.687212511,-0.029805546,0.088361576,0.086836139,-0.029290996,0.268316526,0.982736425,
Griffin Lockwood-Powell LAN,R,0.004736842,0,-0.121052632,0.131578947,-0.083684211,0,9.701492537,-0.029646089,0.087649305,0.088533573,-0.029945179,0.275767345,1.010088695,
Vincent Johnson CIN,B,0.005454545,0,-0.122727273,0.136363636,-0.050909091,0,9.722222222,-0.029602267,0.08771042,0.08977683,-0.03029968,0.279394884,1.023559458,
Grae Kessinger NYN,R,-0.000232558,-0.009302326,-0.123255814,0.134883721,0.016511628,0,9.638554217,-0.029704477,0.087992508,0.088369995,-0.029831909,0.273999436,1.004289998,
Adrian Pinto TOR,R,0,0,-0.128571429,0.142857143,0.017142857,0,9.565217391,-0.03,0.086666667,0.087369061,-0.030243136,0.275023017,1.008104545,
Scott Kingery CHN,R,0.000945946,-0.004054054,-0.118918919,0.128378378,0.016621622,0,9.659090909,-0.029981635,0.088241402,0.086691553,-0.029455045,0.26799584,0.98243626,
Josh Lowe LAA,L,0.011745796,-0.022210414,-0.124826904,0.135311573,-0.048115727,0,9.68319236,-0.029982064,0.088093101,0.084899625,-0.02889518,0.262880813,0.963748861,
Demetrio Crisantes ARI,R,0.001428571,0,-0.128571429,0.142857143,0.017142857,0,9.583333333,-0.03,0.086666667,0.08682047,-0.03005324,0.273240048,1.001774656,
Peyton Burdick NA,R,0,-0.0125,-0.125,0.1375,-0.05125,0,9.761904762,-0.03030303,0.087878788,0.087782035,-0.030269667,0.272355812,0.998899023,
Sam Hilliard NA,L,0.003571429,-0.003571429,-0.121428571,0.130357143,-0.049642857,0,9.70212766,-0.030315899,0.087826944,0.086564718,-0.029880207,0.268700991,0.985628261,
Duncan Pastore NYA,R,0,0,-0.128571429,0.142857143,0.017142857,0,9.565217391,-0.03,0.086666667,0.084124183,-0.029119909,0.264554377,0.970663647,
Bubba Thompson NA,R,0.011764706,-0.056862745,-0.123529412,0.133333333,0.016666667,0,9.693877551,-0.030220721,0.087784,0.087674074,-0.030182878,0.272206707,0.998747769,
Freylin Minyety NA,R,0,0,-0.128571429,0.142857143,0.017142857,0,9.565217391,-0.03,0.086666667,0.086620515,-0.029984025,0.272400865,0.999467484,
P.J. Higgins CIN,R,-0.002173913,-0.004347826,-0.122463768,0.131884058,-0.08326087,0,9.68558952,-0.030226812,0.087818726,0.087440858,-0.030096752,0.271331466,0.995697186,
Miguel Hiraldo NA,R,0.00125,0,-0.125,0.1375,0.01625,0,9.6,-0.030491379,0.088424999,0.087853475,-0.030294302,0.270724821,0.993536626,
Lucas Berryhill NA,R,0,0,-0.128571429,0.142857143,0.088571429,0,9.72972973,-0.03,0.086666667,0.086937518,-0.030093756,0.273325538,1.003125208,
James Govern NA,R,0,0,-0.128571429,0.142857143,0.017142857,0,9.565217391,-0.03,0.086666667,0.086419465,-0.02991443,0.27167787,0.997147676,
Willy Vasquez BAL,R,0.006363636,0,-0.121212121,0.13030303,0.016363636,0,9.722222222,-0.030204523,0.087593118,0.086538558,-0.029840882,0.269133337,0.987960696,
Jeffrey Schwarz NA,R,0,0,-0.128571429,0.142857143,0.088571429,0,9.72972973,-0.03,0.086666667,0.086956259,-0.030100243,0.273302184,1.003341449,
Zachary Morgan SFN,R,0,0,-0.128571429,0.142857143,0.088571429,0,9.72972973,-0.03,0.086666667,0.087376752,-0.030245799,0.274607655,1.008193288,
Noah Mendlinger SLN,L,0.002592593,0,-0.125925926,0.133333333,-0.050740741,0,9.649122807,-0.030616335,0.087346602,0.085642208,-0.030018918,0.267027791,0.980487002,
Keshawn Ogans ATL,R,0.005757576,0,-0.124242424,0.13030303,0.016666667,0,9.690721649,-0.030693028,0.087587423,0.086199256,-0.030206577,0.26802272,0.984151076,
Trenton Brooks NA,L,-0.002380952,0,-0.119047619,0.126190476,-0.115952381,0,9.68879668,-0.03065727,0.087679793,0.086122117,-0.030112628,0.267409412,0.982234494,
Matt Thaiss BOS,L,-0.005,-0.031012658,-0.12278481,0.131012658,0.083291139,-0.029062501,9.694117412,-0.030474239,0.087652709,0.087897425,-0.03055932,0.272968974,1.002791877,
Benjamin Cowles CHN,R,0.004084507,0,-0.123943662,0.131924883,0.016713615,0,9.684044234,-0.030508599,0.08759666,0.087220727,-0.030377667,0.271008916,0.995708366,
Edward Hodo BAL,R,0.002857143,0,-0.128571429,0.142857143,0.017142857,0,9.6,-0.03,0.086666667,0.086954974,-0.030099799,0.273073401,1.003326625,
Yan Gomes NA,R,-0.007346939,0.006122449,-0.120408163,0.126530612,0.084081633,-0.0828,9.565217391,-0.030711285,0.087449083,0.086793809,-0.030481159,0.269986661,0.992506795,
AdriÃ¡n Sugastey SFN,R,0.009090909,0,-0.127272727,0.136363636,0.084545455,0,9.658119658,-0.030814305,0.088040872,0.087342789,-0.030569976,0.269867099,0.992070917,
Christian Arroyo NYN,R,-0.000243902,-0.024390244,-0.124390244,0.134146341,0.016829268,0,10,-0.030354522,0.087492445,0.087055351,-0.030202877,0.270621244,0.995004206,
Jae-Gyun Hwang NA,R,-0.015714286,0,-0.128571429,0.142857143,0.017142857,0,10,-0.03,0.086666667,0.086168482,-0.029827551,0.270416581,0.994251713,
Damiano Palmegiani TOR,R,0.003829787,0,-0.123404255,0.131914894,-0.082765957,0,9.678362573,-0.030619985,0.08763651,0.087735919,-0.030654719,0.272263489,1.001134338,
Orlando Calixte NA,R,0,0,-0.128571429,0.142857143,-0.028571429,0,10,-0.03,0.086666667,0.085728537,-0.029675263,0.268923167,0.989175428,
Kody Clemens MIN,L,0.004464286,-0.016796875,-0.125892857,0.133134921,-0.046974206,0,9.68225439,-0.030725513,0.087334061,0.085299165,-0.030009604,0.265497298,0.976699854,
Jose Tena WAS,L,0.002661668,-0.011996251,-0.124086223,0.130740394,0.018809747,0,9.684862127,-0.030836065,0.087244636,0.087183459,-0.030814442,0.271515474,0.999298779,
Brady Allen NA,R,0.004545455,0,-0.122727273,0.131818182,0.016818182,0,9.710144928,-0.030393594,0.086678028,0.086583141,-0.030360322,0.271307673,0.998905296,
Marco Dinges MIL,R,0,0,-0.128571429,0.142857143,-0.122857143,0,9.743589744,-0.03,0.086666667,0.0885965,-0.030668019,0.277643711,1.022267305,
Roman Quinn COL,B,0,-0.05,-0.125,0.125,0.01625,0,9.642857143,-0.03125,0.0875,0.08776301,-0.031343932,0.272387296,1.003005829,
Kenedy Corona NYA,R,0.0046875,-0.009375,-0.125,0.13125,0.0165625,0,9.666666667,-0.030621165,0.087270321,0.087292726,-0.030629027,0.27163672,1.000256732,
Ryan McMahon NYA,L,2.22E-05,0.009763314,-0.127292899,0.133542899,0.016664201,0,9.683495571,-0.030976599,0.087098062,0.086363388,-0.030715311,0.269237656,0.99156498,
Tirso Ornelas SDN,L,0.001923077,-0.005128205,-0.126923077,0.132051282,-0.049871795,0,9.689119171,-0.031240886,0.086780239,0.085060753,-0.030621871,0.265957716,0.980185734,
Collin Price HOU,R,0,0,-0.128571429,0.142857143,-0.088571429,0,9.62962963,-0.03,0.086666667,0.086562872,-0.029964071,0.270949113,0.998802366,
Maxwell Clark DET,L,0.007692308,0,-0.123076923,0.123076923,0.016153846,0,9.6875,-0.031547284,0.086755032,0.085045469,-0.030925625,0.265916611,0.980294369,
Kyle Datres NA,R,0.000833333,0,-0.125,0.125,-0.081666667,0,9.7,-0.031524274,0.086166348,0.086034718,-0.031476116,0.270809671,0.998472373,
Aledmys Diaz HOU,R,-0.008333333,-0.064583333,-0.127083333,0.13125,0.050416667,0,9.67032967,-0.031433519,0.087086308,0.086955118,-0.031386167,0.270793452,0.998493566,
Taylor Young LAN,R,0.006810345,0,-0.127586207,0.131896552,0.016724138,0,9.670658683,-0.031345465,0.086835411,0.086720596,-0.03130402,0.270769511,0.998677787,
Anthony Seigler BOS,L,0.005533981,-0.006796117,-0.125242718,0.130097087,0.016699029,0,9.675925926,-0.031197747,0.086821637,0.085942212,-0.030881742,0.268373798,0.989870898,
Tyler Robertson SDN,R,0.001428571,0,-0.128571429,0.142857143,0.017142857,0,9.583333333,-0.03,0.086666667,0.087034148,-0.030127205,0.272189257,1.004240175,
Jacob Berry MIA,B,0.006119403,0,-0.126865672,0.131343284,0.016567164,0,9.680851064,-0.031465117,0.086621617,0.08880042,-0.032256563,0.277845197,1.02515311,
Maddux Houghton MIN,R,0.001428571,0,-0.128571429,0.142857143,0.017142857,0,9.583333333,-0.03,0.086666667,0.085093072,-0.029455294,0.266035307,0.981843136,
Jaeho Kim NA,R,-0.014285714,0,-0.128571429,0.142857143,0.052857143,0,9.736842105,-0.03,0.086666667,0.087017404,-0.030121409,0.272026444,1.004046964,
Mark Kolozsvary PHI,R,0,0,-0.1375,0.1375,0.0875,-0.001,9.718309859,-0.032352941,0.085294118,0.085205546,-0.032319345,0.270564746,0.998961572,
Troy Johnston COL,L,0.001435316,0.003373232,-0.123135033,0.126628895,-0.087818697,0,9.683247791,-0.031603323,0.086472895,0.086167974,-0.031491883,0.269790298,0.996473796,
Colton Becker KCA,R,0.005714286,0,-0.128571429,0.142857143,0.017142857,0,9.62962963,-0.03,0.086666667,0.087436276,-0.030266403,0.273138148,1.008880111,
Jeron Williams HOU,R,0.003333333,0,-0.133333333,0.133333333,0.051111111,0,9.607843137,-0.032490381,0.086641017,0.086465017,-0.032424381,0.270093224,0.99796863,
Nick Martini NA,L,-0.004375,0,-0.128125,0.13125,-0.1178125,0,9.694656489,-0.031451151,0.08668244,0.086346169,-0.031329141,0.269574156,0.996120654,
Christopher Hinojosa TBA,R,0,0,-0.125,0.13,0.0495,0,9.646017699,-0.031178896,0.086053753,0.086115125,-0.031201132,0.270814003,1.000713186,
Gabriel Rodriguez NA,R,0,0,-0.142857143,0.142857143,0.017142857,0,10,-0.033333333,0.086666667,0.086740696,-0.033361806,0.270850159,1.000854186,
Yolbert Sanchez NA,R,0.003809524,0,-0.128571429,0.128571429,0.016666667,0,9.772727273,-0.03204892,0.086650785,0.086913957,-0.032146258,0.271417842,1.003037155,
Justin Dean CHN,R,0.006517413,-0.009950249,-0.131343284,0.134328358,0.016666667,0,9.673590504,-0.03176002,0.08637763,0.086033424,-0.031633459,0.26949579,0.996015101,
Miguel Palma NYA,R,0,0,-0.133333333,0.133333333,0.084444444,0,9.743589744,-0.032490381,0.086641017,0.085466384,-0.032049894,0.266863286,0.986442537,
Carter Aldrete NA,R,0,0,-0.142857143,0.142857143,-0.088571429,0,9.6875,-0.033333333,0.086666667,0.086644878,-0.033324953,0.270351015,0.999748594,
Jace Jung DET,L,0.003915858,0.007443366,-0.130744337,0.133333333,-0.003333333,0,9.675516224,-0.031857335,0.086188286,0.085276746,-0.031520407,0.267536251,0.989423849,
Tyler Payne NA,R,0,0,-0.142857143,0.142857143,0.088571429,0,9.6875,-0.033333333,0.086666667,0.086466896,-0.033256498,0.269752771,0.997694954,
Patrick Frick NA,R,0,0,-0.142857143,0.142857143,0.017142857,0,10,-0.033333333,0.086666667,0.08701018,-0.033465454,0.271360322,1.003963617,
Alex De Jesus NA,R,0.005757576,0,-0.13030303,0.13030303,0.016666667,0,9.736842105,-0.032190249,0.086090202,0.086139691,-0.032208754,0.270435373,1.000574859,
Nicholas Northcut NA,R,0.004545455,0,-0.131818182,0.136363636,0.016818182,0,9.661016949,-0.031795027,0.08661404,0.086527658,-0.031763318,0.269985471,0.999002686,
D'Shawn Knowles NA,B,0.001428571,0,-0.142857143,0.142857143,-0.052857143,0,9.72972973,-0.033333333,0.086666667,0.086705252,-0.033348174,0.270366317,1.000445213,
Drew Maggi NA,R,-0.0125,-0.025,-0.1375,0.1375,0.0175,0,9.411764706,-0.032352941,0.085294118,0.084920637,-0.032211276,0.269060671,0.995621257,
Parker Meadows DET,L,0.010884354,-0.004535147,-0.134183673,0.135941043,0.016666667,0,9.683137602,-0.032083688,0.085990248,0.084014179,-0.0313464,0.263948752,0.977019851,
Colby Smelley NA,R,0,0,-0.142857143,0.142857143,0.088571429,0,9.6875,-0.033333333,0.086666667,0.086433979,-0.033243838,0.269417705,0.997315144,
Jose Barrero BAL,R,0.006888889,0.013333333,-0.128888889,0.128888889,0.016666667,0,9.707602339,-0.032231831,0.08613679,0.087161022,-0.032615092,0.273317766,1.011890761,
Tanner Kirwer NA,R,0.002857143,0,-0.142857143,0.142857143,0.017142857,0,10,-0.033333333,0.086666667,0.086816684,-0.033391032,0.270568538,1.001730975,
Jordan Nwogu CHN,R,0,0,-0.142857143,0.142857143,-0.052857143,0,9.736842105,-0.033333333,0.086666667,0.088979367,-0.034222833,0.27722651,1.026684999,
Joshua Bissonette NA,R,0,0,-0.142857143,0.142857143,0.017142857,0,10,-0.033333333,0.086666667,0.086860818,-0.033408007,0.270606861,1.002240209,
Kendall Simmons NA,R,0,0,-0.142857143,0.142857143,0.017142857,0,10,-0.033333333,0.086666667,0.086898843,-0.033422632,0.270724322,1.00267896,
Dong-Yub Kim CHN,R,-0.014285714,0,-0.142857143,0.142857143,-0.028571429,0,9.677419355,-0.033333333,0.086666667,0.086260942,-0.033177286,0.268730041,0.995318566,
Austin Deming NA,R,0,0,-0.142857143,0.142857143,-0.088571429,0,9.6875,-0.033333333,0.086666667,0.086601418,-0.033308238,0.269778739,0.999247131,
Sebastian Espino NA,R,0,0,-0.142857143,0.142857143,0.052857143,0,9.736842105,-0.033333333,0.086666667,0.086525064,-0.033278871,0.269517919,0.998366119,
Bryce Teodosio LAA,R,0.010632458,-0.006205251,-0.12326969,0.124045346,0.016670644,0,9.683043045,-0.032305024,0.085766242,0.08403542,-0.031653086,0.264438536,0.979819316,
Colt Emerson SEA,L,0.003352685,0,-0.130986938,0.131785196,0.018795356,0,9.681567667,-0.03230474,0.085764163,0.082786118,-0.031183002,0.260510711,0.965276347,
Thayron Liranzo DET,B,-0.001428571,0,-0.142857143,0.142857143,0.088571429,0,9.682539683,-0.033333333,0.086666667,0.086756017,-0.033367699,0.270095172,1.001030965,
Alexander RamÃ­rez NA,R,0.007101449,0,-0.13115942,0.131884058,-0.05,0,9.683860233,-0.032359108,0.08563543,0.084657709,-0.031989656,0.266676127,0.988582745,
Josh Harrison NA,R,-0.011111111,-0.022222222,-0.122222222,0.122222222,0.015555556,0,9.411764706,-0.031428571,0.085714286,0.085863901,-0.031483431,0.270221855,1.001745517,
Mickey Moniak COL,L,0.002904249,0.006493506,-0.137983513,0.138173748,-0.078985415,0,9.682836149,-0.032451095,0.085616607,0.085527686,-0.032417391,0.269417891,0.998961398,
Rio Foster LAA,R,0,0,-0.142857143,0.142857143,-0.052857143,0,9.736842105,-0.033333333,0.086666667,0.086098216,-0.033114698,0.267915129,0.993440949,
Carson Benge NYN,L,0.006714754,0,-0.122098361,0.122163934,-0.039737705,0,9.682141796,-0.032476534,0.085586655,0.0893613,-0.033908853,0.281558088,1.044103195,
Garrett Martin NYA,R,0.001428571,0,-0.142857143,0.142857143,-0.052857143,0,9.72972973,-0.033333333,0.086666667,0.088500543,-0.03403867,0.275330294,1.021160108,
Christian Cairo PHI,R,0.006666667,0,-0.133333333,0.133333333,0.016666667,0,9.722222222,-0.032887217,0.085506764,0.087570737,-0.033681053,0.27604107,1.024138127,
Chavez Young NA,B,0.001428571,0,-0.142857143,0.142857143,0.017142857,0,10,-0.033333333,0.086666667,0.086581844,-0.033300709,0.269207261,0.999021271,
Jose Herrera TEX,B,-0.002576419,-0.020087336,-0.125327511,0.12489083,0.08349345,-0.025521739,9.683698418,-0.032620924,0.08547364,0.084164758,-0.03212139,0.265343528,0.984686711,
Hun Gon Kim NA,R,-0.014285714,0,-0.142857143,0.142857143,-0.028571429,0,9.677419355,-0.033333333,0.086666667,0.087192309,-0.033535503,0.270995708,1.006065102,
Sang-soo Kim NA,R,-0.015714286,0,-0.142857143,0.142857143,0.052857143,0,9.62962963,-0.033333333,0.086666667,0.088183034,-0.033916552,0.274062695,1.017496547,
Tyler Tolbert KCA,R,0.018177966,-0.004576271,-0.133474576,0.132118644,0.006059322,0,9.68175706,-0.032831361,0.085236468,0.084386182,-0.032503848,0.266529415,0.990024386,
Yasel Antuna NA,B,0,0,-0.142857143,0.142857143,-0.052857143,0,9.736842105,-0.033333333,0.086666667,0.086348202,-0.033210847,0.268213789,0.996325409,
Tyler Hardman NYA,R,0,0,-0.142857143,0.142857143,-0.088571429,0,9.6875,-0.033333333,0.086666667,0.088112379,-0.033889376,0.273641803,1.016681292,
Logan Warmoth NA,R,0,0,-0.142857143,0.142857143,0.052857143,0,9.736842105,-0.033333333,0.086666667,0.086595701,-0.033306039,0.268927612,0.999181164,
Michael Massey KCA,L,0.002708529,-0.01147541,-0.135707591,0.134114339,0.009259606,0,9.651162791,-0.032889763,0.085177218,0.083018849,-0.032056345,0.262322008,0.974660246,
Joshua Stowers NA,R,0.001428571,0,-0.142857143,0.142857143,-0.052857143,0,9.72972973,-0.033333333,0.086666667,0.086860843,-0.033408017,0.269736995,1.002240501,
Robert Schreck TOR,L,0.003262411,0,-0.134042553,0.131914894,-0.050070922,0,9.677419355,-0.033006918,0.085049571,0.082467496,-0.032004839,0.260904038,0.96964035,
Abimelec Ortiz WAS,L,0.00363716,0,-0.133654689,0.131726556,-0.088431201,0,9.682943252,-0.032977923,0.085093855,0.084417332,-0.032715738,0.266902038,0.99204968,
Andres Sosa NA,R,0,0,-0.133333333,0.125,0.080833333,0,9.666666667,-0.03385818,0.084645451,0.084564262,-0.033825705,0.26877895,0.999040838,
Maverick Handley BAL,R,0.002746479,-0.016901408,-0.129577465,0.128169014,0.083309859,0.021642858,9.686064395,-0.032923334,0.084992303,0.084358307,-0.032677744,0.266994401,0.992540552,
Taylor Trammell HOU,L,0.0009375,0.003125,-0.134375,0.131875,-0.0500625,0,9.687890137,-0.033046051,0.084997517,0.086112403,-0.033479506,0.27247368,1.013116685,
Mason McCoy SDN,R,0.006123853,-0.019495413,-0.131651376,0.129587156,0.049954128,0,9.684684685,-0.033043977,0.085027796,0.086675366,-0.033684265,0.274143053,1.019376842,
Alek Thomas ARI,L,0.014157233,0.017232704,-0.127044025,0.124654088,-0.018421384,0,9.683362119,-0.033123182,0.084956041,0.082662876,-0.032229108,0.261607696,0.973007628,
Jordyn Adams MIL,R,0.005952381,-0.02952381,-0.133333333,0.13047619,0.016666667,0,9.669811321,-0.033155012,0.084900512,0.084228956,-0.032892758,0.266698615,0.992090077,
Eliezer Alfonzo LAN,B,0.004090909,0,-0.131818182,0.131818182,0.083181818,0,9.696969697,-0.032644972,0.08442665,0.0853797,-0.033013484,0.271853561,1.011288492,
James O'Ferrall BAL,R,0.002857143,0,-0.142857143,0.142857143,0.017142857,0,10,-0.033333333,0.083333333,0.082330216,-0.032932086,0.265526802,0.987962591,
Jason Martin NA,L,0,-0.04,-0.14,0.14,-0.054,0,9.591836735,-0.031818182,0.086363636,0.085978031,-0.031676117,0.267512228,0.995535101,
Will Wilson SEA,R,-0.000294118,-0.020588235,-0.135294118,0.132352941,0.016764706,0,9.6,-0.033202092,0.085170584,0.085469728,-0.033318708,0.269641747,1.003512296,
Luis De Los Santos NA,R,0.001454545,-0.015454545,-0.133636364,0.130909091,0.016636364,0,10,-0.033183581,0.084877731,0.084680941,-0.033106644,0.26807003,0.99768148,
Laz Rivera NA,R,0,0,-0.142857143,0.142857143,0.017142857,0,10,-0.033333333,0.083333333,0.083605966,-0.033442386,0.269419556,1.00327159,
Eduardo Garcia MIL,R,0.002857143,0,-0.142857143,0.142857143,0.052857143,0,9.75,-0.033333333,0.083333333,0.082288399,-0.03291536,0.265152971,0.987460789,
Sebastian Rivero LAA,R,0.001748252,-0.004195804,-0.132867133,0.129370629,0.083356643,-0.009571429,9.68159204,-0.033453825,0.084691,0.083894854,-0.033139339,0.265938297,0.990599403,
Seth Brown NYA,L,-0.006521739,-0.017391304,-0.139130435,0.134782609,-0.050144928,0,9.677996422,-0.033634514,0.084436646,0.082107023,-0.032706532,0.260966594,0.972409813,
Jesus Valdez ARI,R,0,0,-0.142857143,0.142857143,0.017142857,0,10,-0.033333333,0.083333333,0.082704786,-0.033081914,0.266335876,0.99245743,
Matthew Scheffler NA,R,0,0,-0.142857143,0.142857143,0.088571429,0,9.6875,-0.033333333,0.083333333,0.083362697,-0.033345079,0.268440557,1.00035237,
Madison Stokes NA,R,0,0,-0.142857143,0.142857143,0.052857143,0,9.736842105,-0.033333333,0.083333333,0.083068688,-0.033227475,0.267492804,0.996824252,
Freddy Zamora MIL,R,0.007333333,0,-0.14,0.133333333,0.050666667,0,9.625,-0.034246199,0.084800113,0.083332178,-0.03365338,0.263678187,0.982689471,
Brandon Lewis NA,R,0,0,-0.142857143,0.142857143,-0.088571429,0,9.6875,-0.033333333,0.083333333,0.083568325,-0.03342733,0.269067611,1.002819903,
John Olmstead MIA,R,0.001428571,0,-0.142857143,0.142857143,0.017142857,0,10,-0.033333333,0.083333333,0.08270473,-0.033081892,0.266226526,0.99245676,
Hunter Stovall PIT,R,0.007692308,0,-0.138461538,0.130769231,0.050769231,0,9.705882353,-0.033666802,0.084167004,0.08406091,-0.033624364,0.267902878,0.998739484,
Joshua Zamora NA,R,0,0,-0.142857143,0.142857143,0.017142857,0,10,-0.033333333,0.083333333,0.083356553,-0.033342621,0.268293735,1.000278634,
Ethan Murray MIL,R,0.004,0,-0.136140351,0.131578947,0.016631579,0,9.682875264,-0.033627257,0.084414814,0.081773817,-0.032575196,0.259824607,0.968714048,
Ben McLaughlin ARI,L,0,0,-0.14,0.14,-0.09,0,9.782608696,-0.031818182,0.086363636,0.087284083,-0.032157294,0.271065496,1.010657798,
Jackson DiChiara NA,R,0,0,-0.142857143,0.142857143,-0.122857143,0,9.662921348,-0.033333333,0.083333333,0.083273237,-0.033309295,0.267994596,0.999278849,
Nicholas Raposo SEA,R,0,0,-0.142857143,0.142857143,0.088571429,0,9.6875,-0.033333333,0.083333333,0.083134199,-0.033253679,0.26738153,0.997610383,
Bryson Ware PHI,R,0,0,-0.142857143,0.142857143,0.052857143,0,9.736842105,-0.033333333,0.083333333,0.083486674,-0.03339467,0.268502161,1.001840091,
Joshua Morgan NA,R,0,0,-0.142857143,0.142857143,0.017142857,0,10,-0.033333333,0.083333333,0.083523133,-0.033409253,0.268595362,1.002277598,
Onix Vega NYN,R,0,0,-0.142857143,0.142857143,-0.122857143,0,9.662921348,-0.033333333,0.083333333,0.083685611,-0.033474244,0.269103802,1.004227331,
Ben DeLuzio NA,R,0,-0.0375,-0.1375,0.1375,0.0175,0,9.411764706,-0.033333333,0.084848485,0.084776451,-0.033305034,0.267718522,0.99915103,
Samuel Petersen WAS,R,0.002857143,0,-0.142857143,0.142857143,-0.052857143,0,9.722222222,-0.033333333,0.083333333,0.091057532,-0.036423013,0.292674933,1.09269038,
Carlos De La Cruz NA,R,0.004166667,0,-0.133333333,0.129166667,-0.049166667,0,9.672131148,-0.033476423,0.083691059,0.083288968,-0.033315587,0.266528292,0.995195534,
Geraldo Quintero ATL,B,0.003103448,0,-0.137931034,0.131034483,-0.049655172,0,9.6875,-0.034147978,0.083662547,0.083472485,-0.034070402,0.267177652,0.997728231,
Julio Rodriguez NA,R,0,0,-0.142857143,0.142857143,0.088571429,0,9.6875,-0.033333333,0.083333333,0.083495446,-0.033398179,0.268213758,1.001945355,
Andrew Navigato NA,R,0.002857143,0,-0.138095238,0.131746032,0.04984127,0,9.668874172,-0.034168468,0.084046576,0.084319307,-0.034279344,0.268502472,1.003244999,
Elio Prado NA,R,0,0,-0.142857143,0.142857143,0.017142857,0,10,-0.033333333,0.083333333,0.083073673,-0.033229469,0.26675322,0.996884079,
Heston Kjerstad BAL,L,0.001879699,-0.009022556,-0.137218045,0.130451128,-0.049924812,0,9.680729761,-0.034168223,0.083875966,0.08321312,-0.033898202,0.265418769,0.992097308,
McCarthy Tatum NA,R,0,0,-0.142857143,0.142857143,-0.052857143,0,9.736842105,-0.033333333,0.083333333,0.083519664,-0.033407865,0.268131194,1.002235963,
Michael Sandle NA,R,0.001428571,0,-0.142857143,0.142857143,-0.052857143,0,9.72972973,-0.033333333,0.083333333,0.083361852,-0.033344741,0.267599548,1.000342225,
Zach Remillard CHA,R,0.003130435,-0.01826087,-0.137391304,0.130434783,0.016608696,0,9.692307692,-0.034338933,0.083891317,0.083977472,-0.034374198,0.267749692,1.001026982,
Cameron Masterman NA,R,0,0,-0.142857143,0.142857143,-0.122857143,0,9.662921348,-0.033333333,0.083333333,0.083325975,-0.03333039,0.267446381,0.999911695,
William Knight SEA,R,0.002857143,0,-0.142857143,0.142857143,-0.052857143,0,9.722222222,-0.033333333,0.083333333,0.083218282,-0.033287313,0.267069768,0.998619379,
Samuel Praytor MIA,R,0,0,-0.142857143,0.142857143,0.088571429,0,9.6875,-0.033333333,0.083333333,0.083505677,-0.033402271,0.267948005,1.00206812,
Carlos Mendoza TOR,L,0.001818182,0,-0.14,0.132727273,0.016727273,0,9.6875,-0.034436608,0.083631763,0.081421307,-0.03352642,0.260311954,0.973569181,
Chad Wallach OAK,R,-0.0125,0,-0.15,0.1375,0.0875,-0.01,9.756097561,-0.035294118,0.082352941,0.081390051,-0.03488145,0.264239893,0.988307762,
Luis Encarnacion NA,R,0,0,-0.142857143,0.142857143,-0.088571429,0,9.6875,-0.033333333,0.083333333,0.083255082,-0.033302033,0.267111942,0.999060985,
Baek-ho Kang NA,L,-0.002,0,-0.16,0.14,-0.028,0,9.615384615,-0.036363636,0.081818182,#N/A,#N/A,#N/A,#N/A,
Jacob Burke CHA,R,0.001111111,0,-0.133333333,0.133333333,-0.048888889,0,9.772727273,-0.033512143,0.083780357,0.084079385,-0.033631754,0.268274117,1.003569194,
Lucius Fox NA,B,0.001428571,-0.042857143,-0.142857143,0.142857143,0.052857143,0,10,-0.033333333,0.083333333,0.08316848,-0.033267392,0.266789181,0.998021761,
Luke Williams ATL,R,0.004137931,-0.056034483,-0.136206897,0.128448276,0.05,0,9.655172414,-0.034349391,0.083699467,0.083293031,-0.034182594,0.265959228,0.995144105,
Walker Jenkins MIN,L,0.004370079,0,-0.13976378,0.131692913,0,0,9.690721649,-0.034500548,0.083578793,0.083294316,-0.034383119,0.266243693,0.996596306,
Trevor Austin HOU,R,0,0,-0.142857143,0.142857143,0.017142857,0,10,-0.033333333,0.083333333,0.084095743,-0.033638297,0.26957496,1.009148919,
Brenden Dixon NA,R,0.00125,0,-0.1375,0.125,-0.07875,0,9.72972973,-0.036158727,0.082178925,0.081800776,-0.035992342,0.265897808,0.995398473,
Dixon Machado NA,R,0,-0.0375,-0.15,0.1375,0.0525,0,10,-0.035294118,0.082352941,0.082711481,-0.035447778,0.268253834,1.0043537,
Chanteyon Davidson SFN,L,0,0,-0.144444444,0.133333333,-0.051111111,0,9.655172414,-0.034786545,0.082952531,0.082855796,-0.034745979,0.266778534,0.998833854,
Ronald Guzman NA,L,0,0,-0.16,0.14,-0.09,0,9.649122807,-0.036363636,0.081818182,0.08137825,-0.036168111,0.265625029,0.99462306,
Daniel Vogelbach NA,L,-0.013870968,0,-0.141935484,0.132258065,-0.117096774,0,9.688888889,-0.034466154,0.08381542,0.084892488,-0.03490906,0.270483745,1.012850475,
Micael Ramirez NA,R,0,0,-0.142857143,0.142857143,0.088571429,0,9.6875,-0.033333333,0.083333333,0.083258294,-0.033303318,0.266748585,0.999099532,
Nathan George BAL,R,0.001428571,0,-0.142857143,0.142857143,0.017142857,0,10,-0.033333333,0.083333333,0.082542866,-0.033017146,0.264414845,0.99051439,
Jacob Melton TBA,L,0.010101744,0.011337209,-0.136773256,0.128197674,-0.024593023,0,9.68787515,-0.034692638,0.083358187,0.079229863,-0.032974481,0.253673192,0.950474883,
Jacob Nottingham SEA,R,0,0,-0.15,0.1375,-0.1225,0,9.642857143,-0.035294118,0.082352941,0.082333756,-0.035285895,0.266778836,0.999767037,
Dasan Brown MIL,R,0.003333333,0,-0.144444444,0.133333333,0.016666667,0,10,-0.035197913,0.083933485,0.084550168,-0.035456522,0.268800549,1.007347283,
Spencer Packard SEA,L,-0.000909091,0,-0.145454545,0.136363636,-0.050909091,0,9.710144928,-0.035077345,0.083308695,0.083887493,-0.03532105,0.268679807,1.006947625,
Hudson Haskin NA,R,0,0,-0.142857143,0.142857143,-0.052857143,0,9.736842105,-0.033333333,0.083333333,0.083394793,-0.033357917,0.267018784,1.00073751,
Cesar Hernandez NA,B,0,-0.042857143,-0.142857143,0.142857143,0.017142857,0,9.473684211,-0.033333333,0.083333333,0.083527286,-0.033410914,0.267424968,1.002327431,
Jacob Campbell SDN,R,0,0,-0.142857143,0.142857143,-0.052857143,0,9.736842105,-0.033333333,0.083333333,0.082968411,-0.033187364,0.26563266,0.995620931,
Manuel Palencia NYA,R,0,0,-0.142857143,0.142857143,0.088571429,0,9.6875,-0.033333333,0.083333333,0.081425542,-0.032570217,0.260641205,0.977106501,
Pascanel Ferreras HOU,R,0.006060606,0,-0.139393939,0.13030303,0.016363636,0,9.777777778,-0.034865391,0.083373761,0.08421462,-0.035217023,0.269400892,1.010085418,
Jeremy Arocho NA,B,0.007272727,0,-0.140909091,0.131818182,0.016818182,0,9.705882353,-0.034896349,0.083300962,0.083169919,-0.034841453,0.266275456,0.998426877,
Scott Kapers NA,R,0,0,-0.142857143,0.142857143,0.088571429,0,9.6875,-0.033333333,0.083333333,0.08332967,-0.033331868,0.266676276,0.999956039,
Andrew Knapp NA,B,-0.003142857,-0.014285714,-0.14,0.131428571,0.083428571,-0.017,9.708029197,-0.034572951,0.08325731,0.08350741,-0.034676806,0.267454009,1.003003938,
Devin Ortiz CHN,R,0,0,-0.142857143,0.142857143,0.017142857,0,10,-0.033333333,0.083333333,0.082492718,-0.032997087,0.263963168,0.989912613,
Cam Eden NA,R,0.010769231,-0.019230769,-0.138461538,0.130769231,-0.049230769,0,9.659090909,-0.03478071,0.083087252,0.083111985,-0.034791064,0.26668036,1.000297673,
Reivaj Garcia NA,B,0,0,-0.142857143,0.142857143,0.017142857,0,10,-0.033333333,0.083333333,0.083275362,-0.033310145,0.26641154,0.999304343,
Joshua Breaux CHA,R,0,0,-0.142857143,0.142857143,0.088571429,0,9.6875,-0.033333333,0.083333333,0.08221689,-0.032886756,0.263014463,0.986602684,
Simon Whiteman NA,R,0.001428571,0,-0.142857143,0.142857143,0.052857143,0,9.743589744,-0.033333333,0.083333333,0.083424718,-0.033369887,0.266855318,1.001096619,
Ronaiker Palma NA,R,0,0,-0.157142857,0.142857143,0.088571429,0,9.62962963,-0.036666667,0.083333333,0.083443358,-0.036715078,0.266840845,1.001320298,
Brandon Parker NA,R,0,0,-0.157142857,0.142857143,-0.052857143,0,9.591836735,-0.036666667,0.083333333,0.083198209,-0.036607212,0.266004975,0.99837851,
ArquÃ­medes Gamboa NA,B,0,0,-0.157142857,0.142857143,0.052857143,0,9.642857143,-0.036666667,0.083333333,0.08333482,-0.036667321,0.266381752,1.000017839,
Rainiel Rodriguez SLN,R,0,0,-0.157142857,0.142857143,0.088571429,0,9.62962963,-0.036666667,0.083333333,0.087637055,-0.038560304,0.280118176,1.051644664,
Ryan Spikes TBA,R,0.001428571,0,-0.157142857,0.142857143,-0.052857143,0,9.583333333,-0.036666667,0.083333333,0.08051453,-0.035426393,0.257351169,0.966174361,
Ripken Reyes NA,B,0.001551724,0,-0.14137931,0.131034483,0.016551724,0,9.782608696,-0.034954667,0.083123903,0.083157099,-0.034968626,0.266463369,1.000399347,
Brooks Brannon BOS,R,0,0,-0.157142857,0.142857143,0.088571429,0,9.62962963,-0.036666667,0.083333333,0.084550211,-0.037202093,0.270229237,1.014602527,
Zac Veen COL,L,0.005280899,0,-0.144301766,0.133386838,-0.050032103,0,9.681742044,-0.035168908,0.082895346,0.081542569,-0.034594983,0.261983737,0.983680911,
Brandon Belt NA,L,0,0,-0.14,0.14,-0.116,0,9.666666667,-0.035,0.085,0.085565933,-0.035233031,0.268093167,1.006658032,
Michael Reed NA,B,0.001428571,0,-0.157142857,0.142857143,-0.028571429,0,9.666666667,-0.036666667,0.083333333,0.083415781,-0.036702944,0.266576483,1.000989373,
Nicklaus Tanielu NA,R,0,0,-0.157142857,0.142857143,-0.088571429,0,9.72972973,-0.036666667,0.083333333,0.082943437,-0.036495112,0.2650431,0.995321249,
Jacob Stallings BAL,R,-0.015934066,-0.02967033,-0.13956044,0.12967033,0.083626374,-0.050333332,9.704433005,-0.03507526,0.082854945,0.082621417,-0.0349764,0.265531482,0.997181492,
Benjamin Ross MIN,R,0.004,0,-0.143333333,0.133333333,0.016666667,0,9.696969697,-0.035353758,0.083040222,0.086857404,-0.036978895,0.278518232,1.045967868,
Kenneth Piper TBA,R,0.0055,0,-0.145,0.135,0.084,0,9.695121951,-0.035450934,0.083126328,0.082469403,-0.035170775,0.264091333,0.992097271,
Ryan McCarty TOR,R,0,0,-0.157142857,0.142857143,0.017142857,0,10,-0.036666667,0.083333333,0.082148287,-0.036145246,0.262338583,0.985779444,
Justin Johnson KCA,R,0,0,-0.157142857,0.142857143,0.017142857,0,10,-0.036666667,0.083333333,0.08091501,-0.035602605,0.258336059,0.970980125,
Andrick Nava MIL,B,0,0,-0.157142857,0.142857143,0.088571429,0,9.62962963,-0.036666667,0.083333333,0.083685598,-0.036821663,0.267143509,1.004227176,
Silas Ardoin BAL,R,0.002666667,0,-0.143333333,0.133333333,-0.116666667,0,9.6875,-0.035353758,0.083040222,0.081781683,-0.034817944,0.261953791,0.984844224,
Dilan Rosario NA,R,0,0,-0.157142857,0.142857143,0.017142857,0,10,-0.036666667,0.083333333,0.083547836,-0.036761048,0.266666647,1.002574035,
Will Brennan SFN,L,0.000776699,-0.017718447,-0.146601942,0.134223301,-0.043325243,0,9.682950501,-0.035498137,0.082574308,0.082683608,-0.035545124,0.266294016,1.001323657,
Diego Cartaya SFN,R,0.004871795,0,-0.143589744,0.130769231,0.083333333,0,9.671052632,-0.035442844,0.08227803,0.07869217,-0.033898166,0.254305746,0.956417768,
Vaun Brown NA,R,0.004166667,0,-0.141666667,0.125,-0.048333333,0,9.733333333,-0.035974316,0.082529314,0.082260714,-0.035857234,0.264942899,0.996745391,
Colton Conn OAK,B,0,0,-0.157142857,0.142857143,0.088571429,0,9.62962963,-0.036666667,0.083333333,0.084461119,-0.037162892,0.269350563,1.013533429,
Joey Loperfido HOU,L,0.002865422,-0.00727624,-0.14507405,0.132324533,-0.047083065,0,9.682647328,-0.035636497,0.082440046,0.082068249,-0.03547578,0.264542532,0.99549009,
Miguel Hernandez NA,R,0,0,-0.157142857,0.142857143,0.017142857,0,10,-0.036666667,0.083333333,0.083328143,-0.036664383,0.265709449,0.999937714,
MJ Melendez NYN,L,0.002005814,-0.021802326,-0.145930233,0.132848837,-0.05,0,9.684102932,-0.035671436,0.082356961,0.083670707,-0.036240461,0.269914022,1.015951844,
Macauley Horvath TBA,R,0.004285714,0,-0.157142857,0.142857143,0.017142857,0,10,-0.036666667,0.083333333,0.089814413,-0.039518342,0.286312542,1.077772959,
Johnny Ascanio CIN,B,0,0,-0.157142857,0.142857143,0.017142857,0,10,-0.036666667,0.083333333,0.082808779,-0.036435863,0.263957952,0.99370535,
Nelson Quiroz LAN,L,0.002758621,0,-0.144827586,0.131034483,0.082758621,0,9.674418605,-0.035975919,0.082230672,0.081567873,-0.035685944,0.263350088,0.991939764,
Justin Gonzales BOS,R,0,0,-0.157142857,0.142857143,-0.052857143,0,9.591836735,-0.036666667,0.083333333,0.085438119,-0.037592772,0.27218124,1.025257424,
Jorge Alfaro KCA,R,0.00125,-0.0125,-0.15,0.1375,0.08375,-0.029,9.5,-0.036363636,0.081818182,0.080491425,-0.035773967,0.261158274,0.983784083,
Robert Hassell III WAS,L,0.005904306,0.01492823,-0.141052632,0.12784689,-0.020937799,0,9.679888657,-0.035866442,0.082195958,0.0791555,-0.03453973,0.255630909,0.96300964,
Tomas Nido DET,R,-0.009280576,-0.015107914,-0.138848921,0.125899281,0.083273381,0.025785714,9.68507705,-0.035868496,0.082144432,0.081627601,-0.035642821,0.263760978,0.993708263,
Jose Mujica OAK,R,0,0,-0.157142857,0.142857143,0.088571429,0,9.62962963,-0.036666667,0.083333333,0.083665663,-0.036812892,0.266488523,1.003987955,
Javier D'Orazio LAA,R,-0.001,0,-0.15,0.14,0.087,0,9.743589744,-0.035398704,0.082596975,0.081946108,-0.03511976,0.26331459,0.99211996,
Richie Martin TEX,R,0.0025,-0.0125,-0.15,0.1375,0.0175,0,10,-0.035294118,0.082352941,0.082685195,-0.035436512,0.266471763,1.00403451,
Sterlin Thompson COL,L,0.003680297,0,-0.145724907,0.13197026,-0.05,0,9.682443997,-0.035931801,0.08212983,0.083400867,-0.036487879,0.269499191,1.015475941,
Brayan Buelvas OAK,R,0.001111111,0,-0.144444444,0.133333333,0.016666667,0,10,-0.035197913,0.081225953,0.082789507,-0.035875453,0.270463953,1.019249435,
Willie Calhoun NA,L,-0.004941176,0,-0.151764706,0.137647059,-0.116941176,0,9.681742044,-0.035869615,0.082027415,0.082013385,-0.03586348,0.265290616,0.999828956,
Paul Witt NA,R,0,0,-0.141666667,0.125,-0.113333333,0,9.689440994,-0.035974316,0.082529314,0.082168773,-0.035817158,0.26415693,0.99563136,
Hunter Dozier NA,R,0,-0.05,-0.1375,0.125,0.01625,0,9.736842105,-0.035483871,0.080645161,0.080824918,-0.035562964,0.265846249,1.002228983,
Jantzen Witte NA,R,-0.014285714,0,-0.157142857,0.142857143,0.017142857,0,10,-0.036666667,0.083333333,0.083237141,-0.036624342,0.264919849,0.998845698,
Garrett Pennington DET,R,0,0,-0.157142857,0.142857143,-0.088571429,0,9.72972973,-0.036666667,0.083333333,0.0833859,-0.036689796,0.265385299,1.000630798,
Brandon Martorano NA,R,0,0,-0.157142857,0.142857143,0.088571429,0,9.62962963,-0.036666667,0.083333333,0.083679906,-0.036819159,0.266283854,1.004158873,
Emmanuel Rodriguez MIN,L,0.005035714,0,-0.146428571,0.131785714,-0.021428571,0,9.687848384,-0.036105227,0.081985283,0.082203653,-0.036201394,0.265869269,1.002663528,
Yolmer Sanchez LAA,B,-0.007692308,-0.030769231,-0.146153846,0.130769231,0.016923077,0,9.6,-0.035317337,0.081787517,0.08157761,-0.035226695,0.264371745,0.997433504,
Delvin PÃ©rez NA,R,0.001428571,0,-0.157142857,0.142857143,0.017142857,0,10,-0.036666667,0.083333333,0.083551772,-0.03676278,0.265687617,1.002621265,
Dylan Rock NA,R,0,0,-0.157142857,0.142857143,-0.052857143,0,9.591836735,-0.036666667,0.083333333,0.083294428,-0.036649548,0.264841296,0.999533131,
Nick Maton NA,L,0.003333333,0,-0.154166667,0.1375,-0.116875,0,9.689922481,-0.036270423,0.081853523,0.081805443,-0.036249118,0.264770384,0.999412606,
Jeral Perez CHA,R,0,0,-0.157142857,0.142857143,0.017142857,0,10,-0.036666667,0.083333333,0.087374011,-0.038444565,0.277742408,1.048488128,
David Banuelos MIN,R,0.005555556,0,-0.15,0.138888889,-0.119444444,0,9.698275862,-0.035720135,0.082024013,0.082655112,-0.035994968,0.266897854,1.00769408,
Nicholas Kahle NA,R,0,0,-0.157142857,0.142857143,0.088571429,0,9.62962963,-0.036666667,0.08,0.080373172,-0.036837704,0.265995014,1.004664655,
Lazaro Montes SEA,L,0,0,-0.16,0.14,-0.126,0,9.733333333,-0.036363636,0.081818182,0.081020514,-0.036009117,0.262177793,0.99025073,
Garrett Wolforth NA,R,0,0,-0.157142857,0.142857143,0.088571429,0,9.62962963,-0.036666667,0.08,0.080113184,-0.036718543,0.265118561,1.001414804,
Kale Emshoff NA,R,0,0,-0.157142857,0.142857143,-0.122857143,0,9.696969697,-0.036666667,0.08,0.08035604,-0.036829851,0.265891104,1.004450495,
Kervin Pichardo WAS,R,0.006060606,0,-0.148484848,0.13030303,0.016666667,0,10,-0.036681912,0.081598539,0.083904783,-0.037718664,0.272162787,1.028263301,
Jimmy Crooks SLN,L,0.003272451,-0.003241491,-0.14718417,0.131050228,0.069908676,-0.016967213,9.684007669,-0.036514986,0.081563982,0.080757732,-0.03615404,0.262034958,0.990115125,
Deniel Ortiz SLN,R,0.001428571,0,-0.157142857,0.142857143,0.017142857,0,10,-0.036666667,0.08,0.078927613,-0.036175156,0.261080704,0.98659516,
William Holland NA,R,0.001428571,0,-0.157142857,0.142857143,0.052857143,0,9.655172414,-0.036666667,0.08,0.080183408,-0.036750729,0.265076324,1.0022926,
Jaylen Palmer CHN,R,0.001111111,0,-0.144444444,0.133333333,-0.048888889,0,9.636363636,-0.036304821,0.080987678,0.080551939,-0.03610949,0.263045078,0.994619682,
Joseph Rosa NA,B,0,0,-0.157142857,0.142857143,0.052857143,0,9.642857143,-0.036666667,0.08,0.079857619,-0.036601409,0.263949396,0.998220241,
Beau Philip NA,R,0,0,-0.157142857,0.142857143,0.052857143,0,9.642857143,-0.036666667,0.08,0.080096986,-0.036711118,0.264617413,1.001212322,
Travis Honeyman SLN,R,0,0,-0.157142857,0.142857143,0.017142857,0,10,-0.036666667,0.08,0.090025956,-0.041261897,0.297360234,1.12532445,
Austin Hedges CLE,R,-0.003301798,0.006717124,-0.142194891,0.125354778,0.083301798,0.148962264,9.682890904,-0.036859455,0.081223231,0.083292262,-0.037798391,0.270959809,1.025473392,
Dustin Dickerson KCA,R,0,0,-0.157142857,0.142857143,0.017142857,0,10,-0.036666667,0.08,0.07946292,-0.036420505,0.262427285,0.993286494,
Andrew Garriola CHN,R,0,0,-0.157142857,0.142857143,-0.052857143,0,9.591836735,-0.036666667,0.08,0.083369061,-0.03821082,0.275317987,1.042113262,
Lucas Dunn NA,R,0,0,-0.157142857,0.142857143,0.017142857,0,10,-0.036666667,0.08,0.079721171,-0.03653887,0.263221368,0.996514632,
Michael De La Cruz SDN,B,0,0,-0.157142857,0.142857143,0.088571429,0,9.62962963,-0.036666667,0.08,0.080028391,-0.036679679,0.264163714,1.000354883,
Christian Bethancourt CHN,R,-0.003134328,0.008955224,-0.143283582,0.125373134,0.083283582,-0.028142857,9.688581315,-0.036972924,0.080878272,0.081451815,-0.037235115,0.265904366,1.007091436,
Jacob Hurtubise MIL,L,0.00654321,-0.012345679,-0.151851852,0.132098765,-0.050123457,0,9.684044234,-0.037188489,0.081028577,0.079381447,-0.03643253,0.258612898,0.979672239,
John Rave KCA,L,0.003176895,-0.000722022,-0.147472924,0.129241877,-0.049963899,0,9.683594274,-0.037084587,0.08097785,0.080793043,-0.036999953,0.263315688,0.997717806,
John Rhodes LAN,R,0.006363636,0,-0.148484848,0.13030303,-0.083030303,0,9.690402477,-0.0368129,0.081138636,0.081154339,-0.036820024,0.263936072,1.000193539,
Kyle Isbel KCA,L,0.01103538,0.002757544,-0.14037461,0.122840791,0.016664932,0,9.684210526,-0.037139155,0.080940782,0.079593632,-0.036521023,0.259486106,0.983356346,
Jason Heyward NA,L,-0.003243243,-0.010810811,-0.151351351,0.132432432,-0.050540541,0,9.686520376,-0.037293946,0.080581562,0.079888212,-0.036973057,0.261486558,0.991395676,
John Garcia HOU,R,0,0,-0.157142857,0.142857143,0.088571429,0,9.62962963,-0.036666667,0.08,0.079099329,-0.036253859,0.260777634,0.988741612,
Jackson Glenn NA,R,0,0,-0.157142857,0.142857143,0.017142857,0,10,-0.036666667,0.08,0.080166955,-0.036743188,0.264285399,1.00208694,
Ronald Rosario BOS,R,0,0,-0.157142857,0.142857143,-0.122857143,0,9.696969697,-0.036666667,0.08,0.079779832,-0.036565756,0.262975269,0.997247902,
Alexander Stone TOR,R,0,0,-0.157142857,0.142857143,0.088571429,0,9.62962963,-0.036666667,0.08,0.081384963,-0.037301442,0.268260099,1.017312042,
James Outman MIN,L,0.008213483,0.012247191,-0.148764045,0.129550562,-0.030258427,0,9.681289839,-0.037316465,0.080777182,0.078798164,-0.036402222,0.257210157,0.975500273,
Ryan Clifford NYN,L,0.003630952,0,-0.151190476,0.131547619,-0.083392857,0,9.68115942,-0.03726951,0.080701694,0.077019186,-0.03556886,0.251595498,0.954368888,
Austin Shenton NA,L,0.001866667,0.006666667,-0.153333333,0.133333333,-0.0836,0,9.6875,-0.037311884,0.080788339,0.080769735,-0.037303291,0.263485308,0.99976971,
JosÃ© SÃ¡nchez NA,R,0,0,-0.157142857,0.142857143,0.017142857,0,10,-0.036666667,0.08,0.079844114,-0.036595219,0.263032462,0.998051429,
Greg Jones MIL,B,0.009791667,-0.0125,-0.154166667,0.133333333,-0.050416667,0,9.673024523,-0.037517553,0.08061204,0.079176642,-0.036849506,0.258847341,0.98219375,
Gregory Barrios TBA,R,0.002857143,0,-0.157142857,0.142857143,0.052857143,0,9.666666667,-0.036666667,0.08,0.079985549,-0.036660043,0.263337424,0.999819367,
Andrew Blake LAA,R,0.001428571,0,-0.157142857,0.142857143,0.017142857,0,10,-0.036666667,0.08,0.079937595,-0.036638065,0.263127585,0.999219942,
Tucupita Marcano SDN,L,0.003469388,-0.02244898,-0.153061224,0.132653061,0.05,0,9.62962963,-0.037697898,0.080422182,0.08036528,-0.037671225,0.263136689,0.999292462,
Rikuu Nishida CHA,L,0.002,0,-0.16,0.14,-0.054,0,9.72972973,-0.036363636,0.081818182,0.082019315,-0.036453029,0.263909176,1.002458296,
Jancarlos Cintron NA,R,0.001698113,0,-0.150943396,0.130188679,0.049622642,0,9.700598802,-0.037574147,0.08031474,0.079971706,-0.037413663,0.262084803,0.995728881,
Cooper Johnson TEX,R,0,0,-0.157142857,0.142857143,0.088571429,0,9.62962963,-0.036666667,0.08,0.078616845,-0.036032721,0.258653351,0.982710563,
Sung-Mun Song SDN,L,0.003170254,0,-0.152837573,0.131702544,0.0112394,0,9.680751174,-0.037708112,0.080373158,0.078621146,-0.036886132,0.257438186,0.978201524,
Brandon Valenzuela TOR,B,0.003418803,0,-0.152991453,0.132051282,0.083504274,0,9.680250784,-0.037658224,0.080365595,0.084321699,-0.039512,0.276120697,1.049226332,
Eladio Exposito ATL,R,0.001428571,0,-0.157142857,0.142857143,0.017142857,0,10,-0.036666667,0.08,0.08002379,-0.03667757,0.263244259,1.000297375,
Cade Doughty TOR,R,0,0,-0.155555556,0.133333333,0.016666667,0,10,-0.037905445,0.081225953,0.079889938,-0.037281971,0.258725288,0.983551876,
Jose Rojas NYN,L,0,-0.04,-0.16,0.14,0.018,0,9.545454545,-0.036363636,0.081818182,0.081130331,-0.036057925,0.260832572,0.991592935,
Bob Seymour NA,L,0.001632653,0.004081633,-0.148979592,0.128571429,-0.08244898,0,9.674796748,-0.037932883,0.080022794,0.078002691,-0.036975301,0.25639102,0.974755903,
Tyler McDonough BOS,B,0.004545455,0,-0.159090909,0.136363636,-0.050909091,0,9.681528662,-0.038373309,0.080035758,0.078579766,-0.03767523,0.258221455,0.981808229,
Mateo Gil NA,R,0,0,-0.157142857,0.142857143,-0.088571429,0,9.72972973,-0.036666667,0.08,0.080032055,-0.036681359,0.263070367,1.000400688,
Phillip Sikes BOS,R,0.004827586,0,-0.155172414,0.134482759,-0.050344828,0,9.696969697,-0.037893692,0.079997794,0.079931938,-0.037862497,0.262722541,0.999176771,
Travis Jankowski NYN,L,0.003170732,-0.009756098,-0.153658537,0.131707317,-0.05,0,9.66966967,-0.038159433,0.079953097,0.079816428,-0.038094204,0.262455598,0.99829063,
Estevan Florial NA,L,0.005795455,0.005681818,-0.154545455,0.132954545,-0.050227273,0,9.689781022,-0.037846374,0.080145262,0.080085042,-0.037817937,0.262658495,0.999248619,
Matthew Batten NA,R,0.004270833,0.036979167,-0.153125,0.13125,-0.083229167,0,9.684044234,-0.037908503,0.080072042,0.079942997,-0.037847409,0.262414409,0.998388395,
Hogan Windish SEA,R,0.003538462,0,-0.153846154,0.130769231,-0.082923077,0,9.680232558,-0.038106092,0.080022794,0.079978155,-0.038084836,0.262688384,0.999442175,
Drake Logan CHA,R,0.001428571,0,-0.157142857,0.142857143,-0.052857143,0,9.583333333,-0.036666667,0.08,0.079910833,-0.036625798,0.262480115,0.998885407,
Caleb Hamilton NA,R,0,-0.0125,-0.1625,0.1375,0.0875,0.002,9.76744186,-0.038235294,0.079411765,0.079194976,-0.038130915,0.262019747,0.997270072,
Josh Rojas KCA,L,0.000237288,-0.02,-0.153559322,0.130847458,0.016677966,0,9.681933842,-0.038133366,0.079970636,0.078791635,-0.037571169,0.258817182,0.985257079,
Caleb Bonemer CHA,R,0.001428571,0,-0.157142857,0.142857143,0.017142857,0,10,-0.036666667,0.08,0.083391995,-0.038221331,0.273813445,1.042399934,
Ryan Noda BAL,L,0.001976744,0.005813953,-0.155813953,0.13255814,-0.083023256,0,9.68,-0.038121032,0.079940373,0.08000541,-0.038152046,0.26283366,1.000813571,
Dustin Harris CHA,L,0.006292135,0.002247191,-0.156179775,0.13258427,-0.04988764,0,9.681742044,-0.038299256,0.079904922,0.079537416,-0.038123106,0.261359378,0.995400709,
Hiroyuki Nakajima NA,R,-0.014285714,0,-0.157142857,0.142857143,0.052857143,0,9.444444444,-0.036666667,0.08,0.079986139,-0.036660314,0.262487512,0.999826734,
Maxwell Wagner BAL,R,0,0,-0.157142857,0.142857143,0.017142857,0,10,-0.036666667,0.08,0.082404198,-0.037768591,0.270383623,1.03005247,
Adrian Placencia LAA,B,-0.001428571,0,-0.157142857,0.142857143,0.017142857,0,10,-0.036666667,0.08,0.079576888,-0.03647274,0.261074859,0.994711098,
Wyatt Hendrie PIT,R,0,0,-0.157142857,0.142857143,0.088571429,0,9.62962963,-0.036666667,0.08,0.079657519,-0.036509696,0.261282638,0.995718993,
Juan Zabala NA,R,0,0,-0.171428571,0.142857143,0.088571429,0,9.76744186,-0.04,0.08,0.080240368,-0.040120184,0.263115189,1.003004605,
Kody Huff CLE,R,0.003,0,-0.156666667,0.133333333,0.083333333,0,9.692307692,-0.03864248,0.079751501,0.081727604,-0.039599973,0.268818809,1.024778262,
Maikel Franco NA,R,0,-0.0375,-0.15,0.125,0.01625,0,9.736842105,-0.0375,0.078125,#N/A,#N/A,#N/A,#N/A,
Jarryd Dale NA,R,0.001428571,0,-0.171428571,0.142857143,0.017142857,0,10,-0.04,0.08,0.084617343,-0.042308671,0.277405266,1.057716786,
Marvin Alcantara BOS,R,0,0,-0.171428571,0.142857143,0.017142857,0,10,-0.04,0.08,0.07847894,-0.03923947,0.257231404,0.980986755,
Zachary Humphreys LAA,R,0,0,-0.171428571,0.142857143,0.088571429,0,9.76744186,-0.04,0.08,0.07903824,-0.03951912,0.259037952,0.987978001,
Diosbel Arias NA,R,0,0,-0.171428571,0.142857143,0.017142857,0,10,-0.04,0.08,#N/A,#N/A,#N/A,#N/A,
Hayden Senger NYN,R,0.001689189,0.003378378,-0.149324324,0.126351351,0.083445946,0.040666667,9.681373204,-0.038482796,0.079577546,0.078492368,-0.037958016,0.258522853,0.986363266,
Pat Valaika NA,R,0,-0.025,-0.1625,0.1375,0.0175,0,9.62962963,-0.038235294,0.079411765,0.079507243,-0.038281265,0.262385092,1.00120232,
Logan Cerny NA,R,0.001428571,0,-0.171428571,0.142857143,0.017142857,0,10,-0.04,0.08,0.080361677,-0.040180838,0.26316641,1.004520959,
Matheu Nelson NA,R,0,0,-0.171428571,0.142857143,0.088571429,0,9.76744186,-0.04,0.08,0.079872929,-0.039936465,0.261532924,0.998411614,
Jan Mercado NA,R,0,0,-0.171428571,0.142857143,0.088571429,0,9.76744186,-0.04,0.08,0.079909797,-0.039954899,0.261635663,0.998872463,
Kaden Polcovich SEA,B,0.001428571,0,-0.171428571,0.142857143,0.017142857,0,10,-0.04,0.08,0.080081621,-0.040040811,0.262151191,1.001020265,
Javier Rivas PIT,R,0,0,-0.171428571,0.142857143,0.017142857,0,10,-0.04,0.08,0.079815006,-0.039907503,0.261269433,0.997687572,
Ismael Munguia TOR,L,0.006875,0,-0.1625,0.13125,0.016875,0,10,-0.039368173,0.078736347,0.078873162,-0.039436581,0.262272946,1.001737642,
Leonard Gabrielson NYA,R,0.001428571,0,-0.171428571,0.142857143,-0.052857143,0,9.655172414,-0.04,0.08,0.0814822,-0.0407411,0.266657628,1.018527495,
Frainyer Chavez TEX,B,0.004090909,0,-0.154545455,0.131818182,0.016818182,0,10,-0.038273415,0.078798207,0.079651368,-0.038687807,0.264612312,1.010827159,
Ji Hwan Bae NYN,L,0.009156627,-0.01686747,-0.155421687,0.130120482,0.016626506,0,9.714285714,-0.038898678,0.079305056,0.079210889,-0.038852489,0.261445191,0.9988126,
Luis PeÃ±a MIL,R,0.002857143,0,-0.171428571,0.142857143,0.017142857,0,10,-0.04,0.08,0.081138556,-0.040569278,0.265481299,1.014231953,
Elih Marrero KCA,B,0,0,-0.171428571,0.142857143,-0.122857143,0,9.724770642,-0.04,0.08,0.07847048,-0.03923524,0.256687731,0.980881005,
HÃ©ctor RodrÃ­guez CIN,L,0.004,0,-0.158518519,0.131851852,-0.050074074,0,9.684418146,-0.039017999,0.079129961,0.078280551,-0.038599166,0.258758255,0.989265635,
Nicholas Dunn NA,L,-0.000909091,0,-0.154545455,0.127272727,0.016363636,0,10,-0.038734129,0.079746736,0.079561199,-0.038644011,0.260944477,0.997673424,
A.J. Ewing NYN,L,0.002,0,-0.18,0.14,-0.054,0,9.583333333,-0.040909091,0.077272727,0.080820215,-0.042787172,0.273547997,1.045908661,
Tres Barrera WAS,R,0,-0.0125,-0.1625,0.1375,0.0875,0.003,9.772727273,-0.038235294,0.079411765,0.078521337,-0.03780657,0.25860543,0.988787213,
Alex De Goti NA,R,0,-0.0375,-0.1625,0.1375,0.0175,0,9.72972973,-0.038235294,0.079411765,0.079274262,-0.038169089,0.261079153,0.998268483,
TJ Rumfield COL,L,0.002760331,0,-0.158347107,0.131735537,-0.087801653,0,9.683199264,-0.039045139,0.079027687,0.08326571,-0.041139015,0.27552453,1.053627061,
Kevin Made WAS,R,0,0,-0.171428571,0.142857143,0.017142857,0,10,-0.04,0.08,0.079598253,-0.039799127,0.260183806,0.994978168,
Michael Davis SEA,R,0,0,-0.171428571,0.142857143,-0.052857143,0,9.661016949,-0.04,0.08,0.078486315,-0.039243158,0.256480524,0.98107894,
Ricardo GenovÃ©s NA,R,0,0,-0.171428571,0.142857143,0.088571429,0,9.76744186,-0.04,0.08,0.079889154,-0.039944577,0.261043804,0.998614431,
Maikol Escotto NA,R,0.001428571,0,-0.171428571,0.142857143,0.052857143,0,9.473684211,-0.04,0.08,0.080054206,-0.040027103,0.261562108,1.000677575,
Jared Dickey OAK,L,0,0,-0.18,0.14,-0.054,0,9.591836735,-0.040909091,0.077272727,0.077271489,-0.040908436,0.261369813,0.999983981,
Pablo Aliendo NA,R,0,0,-0.1625,0.1375,0.08375,0,9.591836735,-0.039638793,0.079277586,0.079207058,-0.039603529,0.261129485,0.999110372,
Cole Tucker NA,B,0.0034,-0.002,-0.161,0.133,0.0167,0,9.705882353,-0.039333401,0.078911109,0.078933161,-0.039344393,0.261354013,1.000279442,
Josue BriceÃ±o DET,L,0.005454545,0,-0.160606061,0.133333333,-0.083333333,0,9.69273743,-0.039541492,0.079082985,0.078920063,-0.039460031,0.260692827,0.997939858,
Taylor Snyder NA,R,0.001428571,0,-0.171428571,0.142857143,0.017142857,0,10,-0.04,0.08,0.079804957,-0.039902479,0.260593113,0.997561968,
Jason Delay BOS,R,-0.001617647,-0.026470588,-0.155882353,0.129411765,0.082941176,0.052857143,9.690189329,-0.039108657,0.078955212,0.078690676,-0.038977625,0.26032785,0.996649541,
Chia Lin NA,R,0,0,-0.171428571,0.142857143,0.088571429,0,9.76744186,-0.04,0.08,0.080215751,-0.040107876,0.261906434,1.002696894,
Joshua Crouch LAA,R,0,0,-0.171428571,0.142857143,0.088571429,0,9.76744186,-0.04,0.08,0.078783088,-0.039391544,0.257185422,0.984788603,
Aaron Whitefield NA,R,0.00125,0,-0.1625,0.1375,-0.0525,0,9.682539683,-0.038235294,0.079411765,0.079450186,-0.038253793,0.261251339,1.000483826,
JesÃºs Made MIL,B,0.001428571,0,-0.171428571,0.142857143,0.017142857,0,10,-0.04,0.08,0.088595564,-0.044297782,0.2891726,1.107444556,
Niko Kavadas LAA,L,9.90E-05,0.004950495,-0.158415842,0.130693069,-0.082970297,0,9.682395644,-0.039341318,0.078682635,0.080503789,-0.040251895,0.267091126,1.023145563,
Cody Roberts NA,R,0,0,-0.171428571,0.142857143,0.088571429,0,9.76744186,-0.04,0.08,0.080090155,-0.040045078,0.26130114,1.001126943,
Payton Eeles BAL,L,0.001,0,-0.16,0.13,0.016,0,10,-0.040008232,0.07751595,0.077893264,-0.040202975,0.262267421,1.004867569,
Josiah Town NA,L,0,0,-0.18,0.14,-0.054,0,9.591836735,-0.040909091,0.077272727,0.077016851,-0.040773627,0.260116802,0.996688655,
Hayden Cantrelle CHN,B,0.002857143,0,-0.171428571,0.142857143,0.017142857,0,10,-0.04,0.08,0.079330476,-0.039665238,0.258765105,0.991630951,
Ben Gamel ATL,L,-0.002402402,-0.026426426,-0.16036036,0.131531532,-0.04993994,0,9.683783784,-0.039600124,0.078458672,0.075697697,-0.038206588,0.251613718,0.964809821,
Socrates Brito NA,L,0,0,-0.18,0.14,-0.028,0,9.714285714,-0.040909091,0.077272727,#N/A,#N/A,#N/A,#N/A,
Alexander Vargas CIN,R,0.009166667,0,-0.158333333,0.133333333,0.049166667,0,9.756097561,-0.03978148,0.077469199,0.077160044,-0.039622725,0.259638714,0.996009322,
Cal Stevenson DET,L,0.002439024,-0.031707317,-0.158536585,0.129268293,0.016829268,0,9.661016949,-0.03985638,0.078486409,0.078501887,-0.039864239,0.260624385,1.0001972,
Justin Riemer OAK,R,0,0,-0.171428571,0.142857143,0.017142857,0,10,-0.04,0.076666667,0.079570177,-0.041514875,0.270394683,1.037871872,
Xavier Isaac TBA,L,0,0,-0.166666667,0.133333333,-0.085555556,0,9.63963964,-0.040249064,0.077814858,0.076676907,-0.039660469,0.256676699,0.985376178,
Jack Suwinski LAN,L,0.00515,-0.0335,-0.1635,0.1335,0.0167,0,9.686046512,-0.039860861,0.07813704,0.078595937,-0.040094963,0.26197861,1.005872973,
Byeong-woo Jeon NA,R,0,0,-0.171428571,0.142857143,0.017142857,0,10,-0.04,0.076666667,0.078281717,-0.040842635,0.265927416,1.021065869,
Andrew Velazquez TEX,R,0.01,-0.038235294,-0.158823529,0.129411765,0.049411765,0,9.655172414,-0.039700116,0.077929858,0.077791469,-0.039629616,0.259906633,0.998224186,
Keyber Rodriguez TEX,R,0.003666667,0,-0.163333333,0.133333333,0.016666667,0,9.666666667,-0.040286841,0.07810714,0.078623725,-0.04055329,0.262017545,1.006613797,
Cesar Prieto SLN,L,0.001155378,-0.006772908,-0.164143426,0.133067729,0.016653386,0,9.691714836,-0.040049769,0.078058166,0.077873823,-0.039955187,0.259667314,0.997638385,
Zach Cole HOU,L,0.003752255,-0.005111245,-0.15538184,0.126157547,-0.027396272,0,9.682667494,-0.04003845,0.078031592,0.077392896,-0.039710731,0.258140658,0.991814908,
Eduardo Guerrero LAN,B,0,0,-0.171428571,0.142857143,0.017142857,0,10,-0.04,0.076666667,0.076653902,-0.03999334,0.260189671,0.999833499,
Tucker Barnhart NA,L,-0.00775,0.005,-0.155,0.1275,0.0825,-0.0185,9.712230216,-0.039775968,0.07826884,0.078380985,-0.03983296,0.260577826,1.001432816,
Raffaele Velazquez CLE,L,0,0,-0.18,0.14,-0.09,0,9.701492537,-0.040909091,0.077272727,0.077511418,-0.041035456,0.260922491,1.003088936,
Joshua Hood SEA,R,0.001428571,0,-0.171428571,0.142857143,0.052857143,0,9.473684211,-0.04,0.076666667,0.075541946,-0.039413189,0.256262584,0.985329724,
Tony Kemp NA,L,0.001,-0.025,-0.16,0.13,0.0165,0,9.74025974,-0.04041105,0.07829641,0.078410765,-0.040470072,0.260390756,1.001460538,
Javier Vaz KCA,L,0.005102041,0,-0.163265306,0.130612245,0.016530612,0,9.642857143,-0.040383038,0.077737349,0.077423657,-0.040220081,0.258946842,0.995964715,
Axel Sanchez SEA,R,0,0,-0.171428571,0.142857143,0.017142857,0,10,-0.04,0.076666667,0.077340375,-0.0403515,0.262256503,1.008787496,
Blake Burke MIL,L,0,0,-0.18,0.14,-0.09,0,9.701492537,-0.040909091,0.077272727,0.076739434,-0.040626759,0.258172854,0.993098563,
Andrew Stevenson NA,L,0.002,-0.06,-0.18,0.14,0.018,0,9.756097561,-0.040909091,0.077272727,#N/A,#N/A,#N/A,#N/A,
Nerwilian CedeÃ±o NA,B,0,0,-0.171428571,0.142857143,0.017142857,0,10,-0.04,0.076666667,0.076580449,-0.039955017,0.2595398,0.998875427,
Juan Chacon BOS,R,0,0,-0.171428571,0.142857143,-0.052857143,0,9.661016949,-0.04,0.076666667,0.076718717,-0.040027157,0.259965376,1.00067892,
Jansel Luis ARI,B,0.001428571,0,-0.171428571,0.142857143,0.017142857,0,10,-0.04,0.076666667,0.081290945,-0.042412667,0.275445886,1.060316679,
Korey Holland NA,R,0,0,-0.171428571,0.142857143,-0.052857143,0,9.661016949,-0.04,0.076666667,0.076922415,-0.040133434,0.26061147,1.003335849,
Noah Miller LAN,B,0.006923077,0,-0.161538462,0.130769231,0.048461538,0,9.696969697,-0.041322373,0.076741549,0.077130683,-0.041531906,0.260998772,1.00507071,
Kevin Maitan NA,R,0,0,-0.171428571,0.142857143,-0.088571429,0,9.647058824,-0.04,0.076666667,0.076716535,-0.040026018,0.259832901,1.00065046,
Daniel Schneemann CLE,L,-0.00038961,-0.00974026,-0.168441558,0.134935065,0.011337662,0,9.684579439,-0.040554794,0.07751375,0.078762341,-0.04120805,0.263802976,1.016108004,
Daniel Johnson MIA,L,0.002142857,-0.003571429,-0.167857143,0.133928571,-0.05,0,9.67611336,-0.04051484,0.077581608,0.076124319,-0.039753811,0.254742332,0.981216059,
Benjamin Montgomery COL,R,0,0,-0.171428571,0.142857143,-0.052857143,0,9.661016949,-0.04,0.076666667,0.075984103,-0.03964388,0.257283824,0.991096993,
Chuckie Robinson LAN,R,0.000714286,0.001020408,-0.158163265,0.126530612,0.082959184,0.0115,9.679878049,-0.040551411,0.077440114,0.077158759,-0.04040408,0.258600028,0.996366799,
Ashton Creal NA,R,0,0,-0.171428571,0.142857143,0.017142857,0,10,-0.04,0.076666667,0.077008674,-0.040178439,0.260610411,1.004460966,
Dillon Lewis MIA,R,0.001428571,0,-0.171428571,0.142857143,0.017142857,0,10,-0.04,0.076666667,0.08466378,-0.044172407,0.286449223,1.104310168,
Jacob Means NA,R,0,0,-0.171428571,0.142857143,0.017142857,0,10,-0.04,0.076666667,0.076873762,-0.04010805,0.260013466,1.002701238,
Rougned Odor NA,L,0,-0.04,-0.18,0.14,0.018,0,9.6875,-0.040909091,0.077272727,0.077528746,-0.04104463,0.260167134,1.00331318,
Turner Hill SFN,L,0,0,-0.18,0.14,-0.054,0,9.591836735,-0.040909091,0.077272727,0.077902878,-0.0412427,0.261358107,1.008154893,
Kevin Kilpatrick ATL,R,0.002222222,0,-0.166666667,0.133333333,-0.051111111,0,9.736842105,-0.040635271,0.075852505,0.075626258,-0.040514067,0.258467755,0.997017274,
Nate Mondou SDN,L,-0.000769231,-0.030769231,-0.169230769,0.130769231,0.016923077,0,9.718309859,-0.041271344,0.076914777,0.076070456,-0.040818293,0.256350713,0.989022643,
Dayson Croes SFN,L,0,0,-0.18,0.14,0.018,0,10,-0.040909091,0.077272727,0.078169937,-0.041384084,0.262168082,1.011610949,
Trevor Boone NA,R,0.000909091,0,-0.172727273,0.136363636,0.017272727,0,9.523809524,-0.041188078,0.078040568,0.078070345,-0.041203793,0.259252881,1.000381553,
Robert Moore PHI,B,0.0036,0,-0.164,0.13,0.0166,0,9.718309859,-0.040817506,0.077155041,0.078423947,-0.041488798,0.263403898,1.016446188,
Brendan Jones MIA,L,0.004,0,-0.18,0.14,-0.054,0,9.782608696,-0.040909091,0.077272727,0.075702408,-0.040077745,0.253869895,0.979678219,
Erik Gonzalez NA,R,-0.006666667,-0.086666667,-0.166666667,0.133333333,0.05,0,9.663865546,-0.0410031,0.077085828,#N/A,#N/A,#N/A,#N/A,
Aidan Smith TBA,R,0.002857143,0,-0.171428571,0.142857143,0.017142857,0,10,-0.04,0.076666667,0.07597106,-0.039637075,0.256757081,0.990926876,
Frank Rodriguez LAN,R,0,0,-0.171428571,0.142857143,0.088571429,0,9.76744186,-0.04,0.076666667,0.077798372,-0.040590455,0.262923656,1.014761369,
Jason Vosler NA,L,-0.00057971,0.015942029,-0.165217391,0.130434783,-0.083043478,0,9.684931507,-0.041160634,0.076905395,0.075576278,-0.040449275,0.254585744,0.982717501,
Jonah Cox SFN,R,0.004285714,0,-0.171428571,0.142857143,0.017142857,0,10,-0.04,0.076666667,0.087562105,-0.045684576,0.295844179,1.142114407,
Michael Boeve MIL,L,0,0,-0.155555556,0.122222222,-0.112222222,0,9.703703704,-0.039971822,0.077088515,0.074174332,-0.038460765,0.249237869,0.962196923,
Oswaldo Linares SDN,R,0,0,-0.171428571,0.142857143,0.088571429,0,9.76744186,-0.04,0.076666667,0.075358443,-0.039317449,0.254583429,0.982936217,
Dayan Frias CLE,B,0.006060606,0,-0.166666667,0.13030303,0.016666667,0,9.782608696,-0.041173575,0.077106876,0.075526763,-0.040329825,0.25365424,0.979507493,
Jaison Chourio CLE,B,0,0,-0.171428571,0.142857143,0.017142857,0,10,-0.04,0.076666667,0.078411457,-0.040910326,0.264838106,1.022758138,
Julio Carreras NA,R,0.006666667,0,-0.166666667,0.129166667,0.016666667,0,9.714285714,-0.04131766,0.076437671,0.076546733,-0.041376613,0.259290432,1.001426814,
William Taylor PIT,R,0.001428571,0,-0.171428571,0.142857143,0.017142857,0,10,-0.04,0.076666667,0.085606668,-0.044664349,0.289093347,1.116608718,
Kole Myers LAN,L,0,0,-0.18,0.14,-0.054,0,9.591836735,-0.040909091,0.077272727,0.07500187,-0.039706872,0.251224587,0.970612434,
Jonathan Ornelas NYA,R,0.003475177,-0.041134752,-0.168085106,0.132624113,0.050070922,0,9.672619048,-0.041225096,0.076883935,0.077977083,-0.041811242,0.262466476,1.014218164,
Mitchell Tolman NA,L,0,0,-0.18,0.14,0.018,0,10,-0.040909091,0.077272727,0.077045225,-0.040788649,0.257960285,0.997055855,
Chris Roller NA,R,0.002765957,-0.019148936,-0.168085106,0.134042553,0.016808511,0,9.693251534,-0.041077167,0.076954692,0.076667802,-0.040924029,0.257732566,0.996271955,
Jared Thomas COL,L,0,0,-0.18,0.14,-0.054,0,9.591836735,-0.040909091,0.077272727,0.07711935,-0.040827891,0.258163555,0.998015112,
Bladimir Restituyo NA,R,0.005945946,0,-0.167567568,0.132432432,-0.05,0,9.669966997,-0.041423787,0.076834443,0.076338063,-0.041156173,0.256960145,0.993539618,
Donovan Walton LAA,L,-0.000789474,-0.015789474,-0.165789474,0.131578947,0.016842105,0,9.69924812,-0.041189793,0.076495329,0.077227425,-0.041583998,0.261103189,1.00957046,
Agnnel Escobar PHI,R,0,0,-0.171428571,0.142857143,0.017142857,0,10,-0.04,0.076666667,0.084260848,-0.043962182,0.284192425,1.099054544,
Oliver Carrillo NA,R,0,0,-0.171428571,0.142857143,-0.088571429,0,9.647058824,-0.04,0.076666667,0.076476878,-0.03990098,0.257936893,0.997524501,
Viandel Pena WAS,B,0.001428571,0,-0.171428571,0.142857143,0.017142857,0,10,-0.04,0.076666667,0.076896029,-0.040119667,0.259324501,1.002991677,
Seaver King WAS,R,0.001428571,0,-0.171428571,0.142857143,0.017142857,0,10,-0.04,0.076666667,0.079482674,-0.041469221,0.26803631,1.036730525,
Jeremy Eierman OAK,R,0,0,-0.166666667,0.133333333,0.049166667,0,9.5,-0.041705606,0.077155372,0.077231857,-0.041746949,0.258793289,1.000991305,
Nick Ahmed NA,R,-0.001212121,-0.02020202,-0.161616162,0.126262626,0.05020202,0,9.701492537,-0.0415821,0.076407109,0.076129416,-0.041430975,0.257446925,0.996365612,
Gilbert Lara NA,R,0,0,-0.171428571,0.142857143,0.052857143,0,9.444444444,-0.04,0.076666667,0.076591269,-0.039960662,0.2581229,0.999016553,
William Bergolla CHA,L,0.002,0,-0.18,0.14,0.054,0,10,-0.040909091,0.077272727,0.07841615,-0.041514432,0.26217794,1.014797236,
Cutter Coffey TOR,R,0,0,-0.171428571,0.142857143,0.017142857,0,10,-0.04,0.076666667,0.079492545,-0.041474372,0.267874671,1.036859289,
Jose Izarra LAN,R,0,0,-0.171428571,0.142857143,0.052857143,0,9.444444444,-0.04,0.076666667,0.076699565,-0.040017165,0.258431849,1.000429113,
Jesus BaÃ©z SLN,R,0,0,-0.185714286,0.142857143,0.017142857,0,9.473684211,-0.043333333,0.076666667,0.076563468,-0.043275004,0.257889396,0.998653934,
Ian Moller TEX,R,0,0,-0.185714286,0.142857143,0.088571429,0,9.696969697,-0.043333333,0.076666667,0.076261177,-0.043104144,0.256794593,0.994711005,
Henry Gatewood NA,R,0,0,-0.185714286,0.142857143,0.017142857,0,9.473684211,-0.043333333,0.076666667,0.076740704,-0.04337518,0.258409305,1.0009657,
Vimael Machin COL,L,-0.002380952,-0.022619048,-0.166666667,0.129761905,0.016666667,0,9.693877551,-0.041715447,0.076279675,0.079987758,-0.043743305,0.270699105,1.048611679,
Jose Gomez NA,R,0,0,-0.185714286,0.142857143,0.017142857,0,9.473684211,-0.043333333,0.076666667,0.07686642,-0.043446237,0.258787512,1.002605474,
Samuel Kulasingam KCA,B,0,0,-0.185714286,0.142857143,-0.088571429,0,9.684210526,-0.043333333,0.076666667,0.085927086,-0.048567484,0.289204794,1.120788081,
Brett Wisely ATL,L,-0.000405063,-0.019493671,-0.166582278,0.129113924,0.027772152,0,9.685169843,-0.041895236,0.076150003,0.075246253,-0.041398022,0.254909395,0.98813198,
Victor Labrada SEA,L,0.002,0,-0.18,0.14,-0.054,0,9.583333333,-0.040909091,0.077272727,0.076969343,-0.040748476,0.256939243,0.996073855,
Jack Winkler HOU,R,0.006714286,-0.001428571,-0.172857143,0.132857143,0.016714286,0,9.692307692,-0.04208082,0.076162806,0.074223551,-0.041009359,0.251365518,0.974538031,
Hudson Potts NA,R,0,0,-0.185714286,0.142857143,-0.088571429,0,9.684210526,-0.043333333,0.076666667,0.076699646,-0.043351974,0.258020944,1.000430166,
Cade Fergus PHI,R,0.001111111,0,-0.166666667,0.133333333,0.016666667,0,10,-0.040612977,0.07581089,0.074595894,-0.039962086,0.253745076,0.983973336,
Christopher Seise NA,R,0,0,-0.185714286,0.142857143,0.017142857,0,9.473684211,-0.043333333,0.076666667,0.07655495,-0.043270189,0.257442316,0.998542833,
Forrest Wall NA,L,0.005882353,-0.011764706,-0.167647059,0.129411765,-0.049852941,0,9.681818182,-0.042116576,0.076105392,0.075961002,-0.042036671,0.257325863,0.99810276,
William Lugo PIT,R,0,0,-0.185714286,0.142857143,0.052857143,0,10,-0.043333333,0.076666667,0.076836237,-0.043429177,0.258333116,1.002211784,
Victor Scott II SLN,L,0.016970138,0.024180626,-0.159686817,0.123379461,0.016664239,0,9.683554999,-0.042066812,0.076008062,0.07465279,-0.041316734,0.253158084,0.982169371,
Blake Wright COL,R,0,0,-0.185714286,0.142857143,0.017142857,0,9.473684211,-0.043333333,0.076666667,0.076543045,-0.04326346,0.25729745,0.998387547,
James Tibbs LAN,L,0,0,-0.18,0.14,-0.09,0,9.701492537,-0.040909091,0.077272727,0.079117674,-0.041885827,0.263854837,1.023875783,
Andruw Jones ARI,R,0,0,-0.185714286,0.142857143,0.017142857,0,9.473684211,-0.043333333,0.076666667,0.081939393,-0.04631357,0.275382624,1.068774689,
Matt Mervis WAS,L,-0.001524664,0.005829596,-0.17309417,0.133183857,-0.083318386,0,9.68236618,-0.042192894,0.075859764,0.075060991,-0.04174862,0.254854923,0.989470402,
Hunter Feduccia TBA,L,0.00031483,-0.005799503,-0.167439934,0.128831814,0.083363712,0.013859504,9.68311428,-0.042228218,0.075847814,0.074579304,-0.041521976,0.253244596,0.983275595,
Eric Yang CHN,R,0.003333333,0,-0.17037037,0.12962963,-0.114814815,0,9.693396226,-0.042598282,0.075936069,0.075903342,-0.042579923,0.257407015,0.99956902,
Adam Frazier LAA,L,0.000383973,-0.011519199,-0.17245409,0.132387312,-0.012821369,0,9.681898999,-0.042323551,0.075756289,0.075242594,-0.04203656,0.255700288,0.993219114,
Akil Baddoo MIL,L,0.01166065,-0.007220217,-0.170758123,0.131046931,-0.05,0,9.684296446,-0.042311767,0.075767582,0.075732371,-0.042292103,0.257301368,0.999535267,
Jonah Advincula CLE,L,0.004,0,-0.18,0.14,-0.054,0,9.782608696,-0.040909091,0.077272727,0.077058997,-0.040795939,0.256694034,0.997234074,
Tristan Gray MIN,L,0.000874036,-0.005912596,-0.168894602,0.129562982,0.009254499,0,9.68107725,-0.042375861,0.075721857,0.075023666,-0.041985135,0.255016741,0.990779521,
Seby Zavala LAN,R,-0.003405172,-0.02112069,-0.168103448,0.12887931,0.083189655,0.053304347,9.682447864,-0.042366334,0.075716243,0.075852585,-0.042442623,0.257841459,1.001800694,
Chris Okey NA,R,0,-0.0125,-0.175,0.1375,0.0875,-0.001,9.666666667,-0.041176471,0.076470588,0.076514439,-0.041200082,0.257484565,1.000573431,
Glenallen Hill COL,B,0.002857143,0,-0.185714286,0.142857143,0.017142857,0,9.411764706,-0.043333333,0.076666667,0.074657684,-0.042197822,0.250583973,0.973795882,
Alex Dickerson NA,L,0,0,-0.18,0.14,-0.12,0,9.638554217,-0.042857143,0.076190476,0.076051782,-0.042779128,0.256811659,0.998179645,
Zavier Warren CIN,B,0.006666667,0,-0.173333333,0.133333333,-0.084,0,9.67032967,-0.042400056,0.075015484,0.074843325,-0.042302749,0.2566666,0.997705019,
Connor Kaiser KCA,R,0,-0.005,-0.175,0.135,0.017,0,9.655172414,-0.042327134,0.076188841,0.075983686,-0.042213159,0.256559295,0.99730729,
Luis Verdugo SDN,R,0.003,0,-0.173333333,0.133333333,0.016666667,0,9.682539683,-0.042753382,0.075640599,0.075651013,-0.042759268,0.257284418,1.00013768,
Nicky Lopez TEX,L,0.010864198,0.003703704,-0.17654321,0.134979424,0.016625514,0,9.692307692,-0.04249528,0.075580183,0.076022787,-0.042744136,0.258737368,1.00585609,
David Hamilton MIL,L,0.017196871,0.013950456,-0.170664928,0.130508475,0.01791395,0,9.687943262,-0.04250157,0.075554738,0.075878347,-0.042683608,0.258316679,1.004283106,
Raylin Heredia PHI,R,0,0,-0.185714286,0.142857143,-0.052857143,0,9.710144928,-0.043333333,0.076666667,0.083819732,-0.04737637,0.28114122,1.093300849,
Christopher Brito KCA,R,0,0,-0.185714286,0.142857143,-0.088571429,0,9.684210526,-0.043333333,0.076666667,0.076589473,-0.043289702,0.256856117,0.998993124,
Ahbram Liendo BOS,R,0.002857143,0,-0.185714286,0.142857143,0.052857143,0,10,-0.043333333,0.076666667,0.074078877,-0.04187067,0.248433499,0.966246223,
Ryan Fitzgerald LAN,L,-0.000666667,0,-0.166666667,0.126666667,0.016,0,9.736842105,-0.04272786,0.075201033,0.076590537,-0.043517351,0.261855577,1.018477186,
Aramis Garcia ARI,R,-0.004782609,0.004347826,-0.169565217,0.130434783,0.082608696,0.008,9.663865546,-0.042385846,0.074990344,0.0765146,-0.043247382,0.26228603,1.020326032,
Daniel Serretti ARI,B,0,0,-0.185714286,0.142857143,0.017142857,0,9.473684211,-0.043333333,0.076666667,0.080627274,-0.045571938,0.270318712,1.0516601,
Matt Beaty NA,L,0,0,-0.18,0.14,-0.082,0,9.682539683,-0.045,0.075,0.0752345,-0.0451407,0.25780255,1.003126666,
Erick Brito PHI,R,0.001111111,0,-0.177777778,0.133333333,0.051111111,0,10,-0.043320508,0.07581089,0.075799824,-0.043314185,0.256951491,0.999854044,
Jared Wegner NA,R,0.005,0,-0.175,0.135,-0.0505,0,9.661016949,-0.04278561,0.075791652,0.075758197,-0.042766724,0.256871564,0.999558589,
Scott Hurst NA,L,0,-0.06,-0.18,0.14,0.018,0,9.761904762,-0.040909091,0.077272727,0.077157927,-0.040848314,0.256509351,0.998514354,
Omar De Los Santos NA,R,0.005714286,0,-0.185714286,0.142857143,-0.052857143,0,9.692307692,-0.043333333,0.076666667,0.07674871,-0.043379706,0.257151891,1.001070127,
Clark Elliott OAK,L,0,0,-0.18,0.14,-0.054,0,9.591836735,-0.040909091,0.077272727,0.07656798,-0.040535989,0.254516379,0.990879739,
Adam Zebrowski ATL,R,0,0,-0.185714286,0.142857143,0.088571429,0,9.696969697,-0.043333333,0.076666667,0.077927322,-0.044045878,0.261057208,1.016443337,
Tucker Bradley NA,L,0,0,-0.18,0.14,-0.054,0,9.591836735,-0.040909091,0.077272727,0.077294652,-0.040920698,0.256892868,1.000283732,
Jean Walters ARI,B,0,0,-0.177777778,0.133333333,0.016666667,0,9.615384615,-0.043320508,0.07581089,0.075947416,-0.043398523,0.257274488,1.001800882,
Nelson Rada LAA,L,0.004848485,0,-0.173737374,0.131818182,-0.012954545,0,9.68230694,-0.042845513,0.075228749,0.074811418,-0.042607827,0.255369436,0.994452503,
Jarred Kelenic CHA,L,0.006285047,0.003968254,-0.175233645,0.132943925,-0.057359813,0,9.6827797,-0.042854133,0.075251858,0.074780891,-0.042585929,0.255184857,0.99374146,
Tristan Peters CHA,L,0.002380952,0.019047619,-0.171825397,0.13015873,-0.027738095,0,9.679743795,-0.042899136,0.07519733,0.075782472,-0.043232952,0.258754933,1.007781416,
Braiden Ward BOS,L,0.01,0,-0.18,0.14,0.018,0,10,-0.040909091,0.077272727,0.077559735,-0.041061036,0.257683551,1.003714217,
Kamren James TBA,R,0,0,-0.185714286,0.142857143,-0.052857143,0,9.710144928,-0.043333333,0.076666667,0.075520479,-0.042685488,0.252799223,0.985049732,
Jacob Sharp TOR,R,0,0,-0.185714286,0.142857143,0.088571429,0,9.696969697,-0.043333333,0.076666667,0.075636715,-0.042751186,0.25316858,0.986565842,
Wuilfredo Antunez CLE,L,0,0,-0.18,0.14,-0.054,0,9.591836735,-0.040909091,0.077272727,0.074375416,-0.03937522,0.246980805,0.962505378,
Julian Brock TEX,R,0,0,-0.185714286,0.142857143,0.088571429,0,9.696969697,-0.043333333,0.076666667,0.07613213,-0.043031204,0.254804971,0.993027783,
Christopher Alleyne NA,B,0,0,-0.185714286,0.142857143,0.017142857,0,9.473684211,-0.043333333,0.076666667,0.076828196,-0.043424632,0.257121591,1.002106902,
Nelson Medina NA,R,0,0,-0.185714286,0.142857143,0.017142857,0,9.473684211,-0.043333333,0.076666667,0.076930847,-0.043482653,0.257438041,1.003445828,
Ray-Patrick Didder NA,R,0.0016,0,-0.176,0.132,0.0504,0,9.523809524,-0.043041154,0.07532202,0.075303678,-0.043030673,0.256455534,0.999756485,
Caleb Knight NA,R,0,0,-0.185714286,0.142857143,0.088571429,0,9.696969697,-0.043333333,0.076666667,0.076985394,-0.043513483,0.257577396,1.004157311,
Reese McGuire MIL,L,-0.004471154,0.006730769,-0.16875,0.127403846,0.083461538,0.04542857,9.685242915,-0.043078141,0.074987876,0.071580587,-0.041120763,0.244848053,0.954562142,
Andy Lugo MIN,R,0.001428571,0,-0.185714286,0.142857143,-0.088571429,0,9.680851064,-0.043333333,0.073333333,0.071579585,-0.042297028,0.250329753,0.976085256,
Cavan Biggio HOU,L,0.001419355,-0.032258065,-0.173548387,0.130967742,0.016645161,0,9.680968097,-0.043077131,0.074944599,0.073952039,-0.042506621,0.253044719,0.986756092,
Elijah Hainline LAN,R,0.001428571,0,-0.185714286,0.142857143,0.017142857,0,9.444444444,-0.043333333,0.073333333,0.080213072,-0.047398634,0.280487977,1.093814621,
Adam Retzbach BAL,R,0,0,-0.185714286,0.142857143,-0.088571429,0,9.684210526,-0.043333333,0.073333333,0.072593388,-0.042896093,0.253818821,0.989909834,
Caden Connor CHA,L,0,0,-0.2,0.14,-0.09,0,9.74025974,-0.045454545,0.072727273,0.071785206,-0.044865754,0.253035313,0.98704658,
Daniel Cope NA,R,0,0,-0.185714286,0.142857143,0.088571429,0,9.696969697,-0.043333333,0.073333333,0.073369644,-0.043354789,0.256471927,1.000495141,
Adam Engel NA,R,0.00125,-0.0625,-0.1875,0.1375,0.0175,0,9.74025974,-0.044117647,0.073529412,0.073280917,-0.04396855,0.255418877,0.996620469,
Tanner Murphy NA,R,0.001428571,0,-0.185714286,0.142857143,-0.052857143,0,9.705882353,-0.043333333,0.073333333,0.073342211,-0.043338579,0.256258018,1.000121057,
Joe Hudson NA,R,0,0,-0.185714286,0.142857143,0.088571429,0,9.696969697,-0.043333333,0.073333333,0.073328699,-0.043330595,0.25615481,0.9999368,
Ryan Wrobleski NA,R,0.001428571,0,-0.185714286,0.142857143,-0.052857143,0,9.705882353,-0.043333333,0.073333333,0.073300401,-0.043313873,0.256049963,0.999550926,
Donovan Casey LAN,R,0.001428571,0,-0.185714286,0.142857143,-0.052857143,0,9.705882353,-0.043333333,0.073333333,0.073329008,-0.043330777,0.256149891,0.999941018,
Philip Clarke NA,L,-0.00125,0,-0.175,0.125,0.0825,0,9.615384615,-0.043668358,0.074860042,0.074573007,-0.043500921,0.255124013,0.996165701,
Roc Riggio COL,L,0,0,-0.2,0.14,0.018,0,9.545454545,-0.045454545,0.072727273,0.070319036,-0.043949397,0.247625496,0.966886742,
Andrew Swift OAK,R,0.001428571,0,-0.185714286,0.142857143,0.017142857,0,9.444444444,-0.043333333,0.073333333,0.074003586,-0.043729392,0.258388231,1.009139814,
Dominic Fletcher PIT,L,0.001171171,-0.042342342,-0.172072072,0.128828829,0.016666667,0,9.684481648,-0.04344494,0.074607017,0.073887751,-0.043026099,0.253523063,0.990359282,
Ryan Higgins NA,R,0,0,-0.185714286,0.142857143,0.017142857,0,9.473684211,-0.043333333,0.073333333,0.073521517,-0.043444533,0.256631869,1.002566145,
David Peralta NA,L,-0.004285714,-0.021428571,-0.171428571,0.128571429,-0.049285714,0,9.677419355,-0.043343805,0.074948663,0.074990485,-0.043367991,0.256090819,1.000558,
Nicholas Kent COL,R,0.004545455,0,-0.172727273,0.127272727,0.049090909,0,9.473684211,-0.04333735,0.074129677,0.073851375,-0.04317465,0.25495921,0.996245741,
Gabriel Rincones PHI,L,0.004481328,0,-0.176348548,0.13153527,-0.049958506,0,9.684023573,-0.043527793,0.074560548,0.074179386,-0.043305274,0.254611708,0.994887887,
Andrew Atwood NA,R,0,0,-0.185714286,0.142857143,0.017142857,0,9.473684211,-0.043333333,0.073333333,0.073787339,-0.04360161,0.257406798,1.006190991,
Alfredo Velasquez BAL,R,0.001428571,0,-0.185714286,0.142857143,0.017142857,0,9.444444444,-0.043333333,0.073333333,0.072190086,-0.042657778,0.251747173,0.984410258,
Cody Thomas NA,L,0,-0.02,-0.18,0.14,-0.052,0,9.655172414,-0.042857143,0.076190476,0.075745391,-0.042606782,0.25423609,0.994158253,
Victor Mesa MIA,R,0.001428571,0,-0.185714286,0.142857143,-0.052857143,0,9.705882353,-0.043333333,0.073333333,0.073291126,-0.043308393,0.255575817,0.999424444,
Kole Calhoun NA,L,-0.011481481,-0.011111111,-0.177777778,0.133333333,-0.083333333,0,9.68973747,-0.04381083,0.073930775,0.07401219,-0.043859076,0.255972576,1.001101235,
Jakob Gelof LAN,R,0,0,-0.185714286,0.142857143,0.017142857,0,9.473684211,-0.043333333,0.073333333,0.080146984,-0.047359582,0.279429546,1.092913421,
Jesus Chirinos NA,R,0,0,-0.185714286,0.142857143,-0.122857143,0,9.666666667,-0.043333333,0.073333333,0.073105846,-0.043198909,0.25486592,0.996897899,
Termarr Johnson PIT,L,0,0,-0.2,0.14,0.018,0,9.545454545,-0.045454545,0.072727273,0.069605121,-0.043503201,0.244681751,0.957070415,
Kyler Castillo NA,R,0,0,-0.185714286,0.142857143,-0.052857143,0,9.710144928,-0.043333333,0.073333333,0.073381621,-0.043361867,0.255764303,1.000658473,
Rudy Martin KCA,L,0.004,0,-0.2,0.14,0.018,0,9.5,-0.045454545,0.072727273,0.070735506,-0.044209691,0.248550333,0.972613209,
William Amick MIN,R,0,0,-0.185714286,0.142857143,-0.088571429,0,9.684210526,-0.043333333,0.073333333,0.084043482,-0.049662058,0.292822008,1.146047482,
Brody Moore SLN,R,0.001428571,0,-0.185714286,0.142857143,0.052857143,0,10,-0.043333333,0.073333333,0.073223087,-0.043268188,0.255063971,0.998496645,
Hyun Soo Kim NA,L,0,0,-0.2,0.14,-0.028,0,9.777777778,-0.045454545,0.072727273,0.073041369,-0.045650856,0.256499011,1.004318826,
Matt Carpenter NA,L,-0.0124,0,-0.176,0.132,-0.1156,0,9.684684685,-0.043691684,0.074474461,0.074804295,-0.043885186,0.256522082,1.004428825,
Antonio Gomez NYA,R,0,0,-0.185714286,0.142857143,0.088571429,0,9.696969697,-0.043333333,0.073333333,0.073655181,-0.043523516,0.256511869,1.004388835,
David Fletcher NA,R,0.001153846,-0.015384615,-0.176923077,0.130769231,0.016923077,0,9.658119658,-0.043721691,0.07413678,0.073842202,-0.043547965,0.254373228,0.996026548,
Alexis Hernandez TOR,R,0.001428571,0,-0.185714286,0.142857143,-0.052857143,0,9.705882353,-0.043333333,0.073333333,0.072193254,-0.04265965,0.251229569,0.984453458,
Ryan Ward LAN,L,0.001931818,0,-0.178977273,0.13125,-0.049886364,0,9.683726279,-0.044241949,0.073877032,0.073817888,-0.04420653,0.254879786,0.999199425,
Jorge Caballero NA,R,0,0,-0.185714286,0.142857143,-0.052857143,0,9.710144928,-0.043333333,0.073333333,0.073282857,-0.043303506,0.254900426,0.99931168,
Travis Bazzana CLE,L,0.004969199,0,-0.179568789,0.131724846,0.016663244,0,9.6814562,-0.044304902,0.073765508,0.078347204,-0.047056752,0.270814038,1.062111634,
Torin Montgomery NA,R,0,0,-0.185714286,0.142857143,-0.088571429,0,9.684210526,-0.043333333,0.073333333,0.073206527,-0.043258403,0.254533106,0.998270828,
Jordan Arruda SEA,B,0.005652174,0,-0.17826087,0.130434783,0.016521739,0,9.672131148,-0.044334465,0.073530333,0.072731213,-0.043852643,0.252115928,0.989132114,
Tyler Dearden NA,L,0,0,-0.2,0.14,-0.054,0,9.661016949,-0.045454545,0.072727273,0.072772369,-0.045482731,0.25499702,1.000620078,
Casey Yamauchi OAK,R,0,0,-0.185714286,0.142857143,0.017142857,0,9.473684211,-0.043333333,0.073333333,0.073812935,-0.043616734,0.256432175,1.006540021,
Arturo De Freitas NA,R,0,0,-0.185714286,0.142857143,0.088571429,0,9.696969697,-0.043333333,0.073333333,0.073305463,-0.043316864,0.254597203,0.999619948,
Spencer Jones NYA,L,0.005133333,0,-0.180666667,0.131666667,-0.05,0,9.683631362,-0.04455077,0.073484111,0.073003057,-0.044259124,0.252996878,0.993453641,
Caden Kendle MIN,R,0,0,-0.185714286,0.142857143,-0.052857143,0,9.710144928,-0.043333333,0.073333333,0.074378593,-0.043950987,0.258262421,1.014253537,
Matthew Suggs WAS,R,0,0,-0.185714286,0.142857143,0.088571429,0,9.696969697,-0.043333333,0.073333333,0.072216652,-0.042673476,0.250649228,0.984772529,
Trevor Hauver TEX,L,0.005,0,-0.183333333,0.133333333,-0.050555556,0,9.662921348,-0.044859939,0.073407172,0.072925531,-0.044565602,0.252783474,0.993438765,
Chase Adkison SLN,R,0,0,-0.185714286,0.142857143,-0.122857143,0,9.666666667,-0.043333333,0.073333333,0.07286601,-0.043057188,0.252749997,0.993627406,
Billy McKinney NA,L,-0.000465116,-0.020930233,-0.181395349,0.130232558,-0.050232558,0,9.688073394,-0.044916789,0.073133746,0.072795926,-0.044709309,0.253191031,0.995380794,
Alexander Suarez NA,R,0.001428571,0,-0.185714286,0.142857143,-0.052857143,0,9.705882353,-0.043333333,0.073333333,0.072954889,-0.043109707,0.253042373,0.99483939,
William Simoneit TOR,R,0,0,-0.185714286,0.142857143,-0.122857143,0,9.666666667,-0.043333333,0.073333333,0.074116133,-0.043795897,0.257063048,1.01067454,
Jakob Christian SFN,R,0,0,-0.185714286,0.142857143,-0.088571429,0,9.684210526,-0.043333333,0.073333333,0.074400267,-0.043963794,0.257923743,1.014549092,
Gavin Conticello ARI,L,0,0,-0.2,0.14,-0.054,0,9.661016949,-0.045454545,0.072727273,0.071155294,-0.044472059,0.248723152,0.978385291,
Trey Sweeney DET,L,0.001422414,-0.014224138,-0.178017241,0.12887931,0.05,0,9.685314685,-0.044924099,0.073205613,0.072843403,-0.044701821,0.252958177,0.995052149,
Andrew Jenkins DET,R,0,0,-0.185714286,0.142857143,-0.088571429,0,9.684210526,-0.043333333,0.073333333,0.079906013,-0.047217189,0.276997462,1.089627446,
Misael Urbina NA,R,0,0,-0.185714286,0.142857143,-0.052857143,0,9.710144928,-0.043333333,0.073333333,0.073264825,-0.043292851,0.253888595,0.999065798,
Justin Boyd NA,R,0,0,-0.185714286,0.142857143,-0.052857143,0,9.710144928,-0.043333333,0.073333333,0.073417405,-0.043383012,0.254404322,1.001146427,
Errol Robinson BAL,R,0.001428571,0,-0.2,0.142857143,0.052857143,0,10,-0.046666667,0.073333333,0.073116506,-0.046528686,0.253353678,0.997043262,
Will Banfield CIN,R,0.002606061,-0.003636364,-0.184848485,0.132727273,0.083515152,0.005235294,9.688013136,-0.045164597,0.073003758,0.072934095,-0.045121499,0.253739642,0.999045767,
Marwin Gonzalez NA,B,0,-0.028571429,-0.2,0.142857143,-0.052857143,0,9.7,-0.046666667,0.073333333,0.073279814,-0.046632609,0.253746677,0.999270187,
Daniel Bautista OAK,R,0,0,-0.2,0.142857143,-0.088571429,0,9.714285714,-0.046666667,0.073333333,0.073390008,-0.046702733,0.254122244,1.000772839,
Kekai Rios NA,R,0,0,-0.2,0.142857143,0.088571429,0,9.565217391,-0.046666667,0.073333333,0.073455189,-0.046744211,0.254301864,1.001661667,
Jon Singleton NA,L,-0.009428571,0,-0.184761905,0.132380952,-0.116666667,0,9.684754522,-0.045208114,0.072938865,0.0729518,-0.045216132,0.253863013,1.000177344,
Brett Bateman CHN,L,0,0,-0.171428571,0.128571429,0.015714286,0,9.5,-0.044305065,0.073841776,0.074840077,-0.044904046,0.257237321,1.013519464,
Canaan Smith-Njigba NA,L,0.005238095,-0.014285714,-0.180952381,0.128571429,-0.04952381,0,9.668049793,-0.045092745,0.072385723,0.072190524,-0.044971146,0.253082681,0.997303357,
Hoy Park OAK,L,0.006111111,-0.033333333,-0.188888889,0.133333333,0.017222222,0,9.672131148,-0.045353282,0.073365604,0.07322217,-0.045264614,0.25319502,0.998044944,
Zachary Arnold PHI,R,0,0,-0.2,0.142857143,0.017142857,0,9.655172414,-0.046666667,0.073333333,0.073383822,-0.046698796,0.253815626,1.000688477,
Bryan Gonzalez NA,R,0,0,-0.2,0.142857143,-0.122857143,0,9.692307692,-0.046666667,0.073333333,0.07319917,-0.04658129,0.253151012,0.998170503,
Matt O'Neill ARI,R,0,0,-0.2,0.142857143,0.088571429,0,9.565217391,-0.046666667,0.073333333,0.07366265,-0.046876232,0.254727786,1.004490676,
Shervyen Newton NA,B,0,0,-0.2,0.142857143,0.052857143,0,10,-0.046666667,0.073333333,0.073436488,-0.04673231,0.253940704,1.00140665,
Axiel Plaz PIT,R,0,0,-0.2,0.142857143,-0.088571429,0,9.714285714,-0.046666667,0.073333333,0.075353177,-0.047952022,0.260511005,1.027543329,
Jose Salas MIN,B,0.001428571,0,-0.2,0.142857143,-0.088571429,0,9.711538462,-0.046666667,0.073333333,0.072593888,-0.046196111,0.250922094,0.989916655,
David GarcÃ­a MIL,B,0,0,-0.2,0.142857143,0.088571429,0,9.565217391,-0.046666667,0.073333333,0.074004344,-0.047093674,0.255748922,1.009150148,
Khadim Diaw MIN,R,0,0,-0.2,0.142857143,0.088571429,0,9.565217391,-0.046666667,0.073333333,0.073574331,-0.046820029,0.254200652,1.003286335,
Israel Pineda NA,R,0,0,-0.1875,0.1375,0.085,-0.001,9.642857143,-0.045454545,0.072727273,0.072561561,-0.045350976,0.252781713,0.997721466,
Simon Muzziotti NA,L,0,-0.02,-0.18,0.13,0.016,0,9.642857143,-0.04608492,0.071687653,#N/A,#N/A,#N/A,#N/A,
Shawn Ross PIT,R,0,0,-0.2,0.142857143,0.088571429,0,9.565217391,-0.046666667,0.073333333,0.075809234,-0.04824224,0.261771354,1.033762288,
Joseph Rizzo NA,L,0,0,-0.2,0.14,0.018,0,9.545454545,-0.045454545,0.072727273,0.072438232,-0.045273895,0.252178765,0.996025693,
Albert Fabian SDN,L,0,0,-0.2,0.14,-0.126,0,9.6875,-0.045454545,0.072727273,0.072866702,-0.045541688,0.253668389,1.001917147,
Carlos RodrÃ­guez SDN,L,0.003469388,0,-0.183673469,0.130612245,0.016530612,0,9.700598802,-0.045648131,0.072022607,0.071301266,-0.045190944,0.250573992,0.989984521,
Carlos Franco OAK,R,0,0,-0.2,0.142857143,0.088571429,0,9.565217391,-0.046666667,0.073333333,0.073072898,-0.046500935,0.252140361,0.996448615,
Jeremy Rivas SLN,R,0.006111111,0,-0.188888889,0.133333333,0.050555556,0,10,-0.046112085,0.071880603,0.07173329,-0.046017582,0.25245555,0.99795058,
Victor Arias TOR,L,0,0,-0.2,0.14,0.018,0,9.545454545,-0.045454545,0.072727273,0.071767906,-0.044854941,0.249531357,0.986808706,
Peyton Graham DET,R,0.001428571,0,-0.2,0.142857143,0.052857143,0,10,-0.046666667,0.073333333,0.079788531,-0.05077452,0.275094173,1.088025427,
Andy Weber CHA,L,0,0,-0.2,0.14,0.054,0,10,-0.045454545,0.072727273,0.071953743,-0.04497109,0.250085488,0.989363969,
Michael Messina COL,R,0,0,-0.2,0.142857143,-0.122857143,0,9.692307692,-0.046666667,0.073333333,0.080913552,-0.051490442,0.278760058,1.103366613,
Fabian Pertuz NA,R,0,0,-0.188888889,0.133333333,0.051111111,0,10,-0.04602804,0.073103358,0.07318969,-0.046082397,0.25294036,1.00118096,
Christopher Meyers DET,L,0.001458333,0,-0.1875,0.13125,-0.083125,0,9.678362573,-0.046347167,0.072095594,0.072080723,-0.046337608,0.252568894,0.999793738,
Joey Gallo NA,L,-0.000243902,-0.003658537,-0.187804878,0.132926829,-0.083170732,0,9.683860233,-0.046092823,0.071832971,0.072334396,-0.046414571,0.254374333,1.006980428,
Dyan Jorge COL,R,0,0,-0.2,0.142857143,0.052857143,0,10,-0.046666667,0.073333333,0.073219835,-0.046594441,0.2521771,0.998452298,
Jake Cave NA,L,0.003719008,-0.016528926,-0.185123967,0.130578512,-0.049917355,0,9.686006826,-0.046161124,0.071920679,0.071753186,-0.046053621,0.251974816,0.997671139,
Rafael Ortega NA,L,-0.008518519,-0.048148148,-0.188888889,0.133333333,0.016296296,0,9.700374532,-0.046652439,0.072265544,0.072570369,-0.046849225,0.253611271,1.004218127,
Jack Lopez NA,R,0.001030928,-0.008247423,-0.18556701,0.129896907,0.016701031,0,9.676025918,-0.0463067,0.071775385,0.071622274,-0.046207919,0.251950392,0.997866806,
Nicholas Goodwin TOR,R,0,0,-0.2,0.142857143,0.017142857,0,9.655172414,-0.046666667,0.073333333,0.079991221,-0.050903504,0.27540032,1.090789376,
Francisco Tostado NA,L,0,0,-0.2,0.14,-0.09,0,9.74025974,-0.045454545,0.072727273,0.072858487,-0.045536554,0.252892445,1.001804193,
Patrick Sullivan HOU,L,0.002,0,-0.2,0.14,0.018,0,9.523809524,-0.045454545,0.072727273,0.071985154,-0.044990721,0.249846252,0.989795866,
Caleb Ketchup LAA,R,0.004285714,0,-0.2,0.142857143,-0.052857143,0,9.736842105,-0.046666667,0.073333333,0.073508115,-0.046777892,0.253012594,1.002383391,
Terone Harris NA,R,0.007692308,0,-0.192307692,0.130769231,-0.116923077,0,9.694323144,-0.04727401,0.071856496,0.071860004,-0.047276318,0.252384321,1.000048821,
Alexander Mooney CLE,R,0.002857143,0,-0.2,0.142857143,0.017142857,0,9.62962963,-0.046666667,0.07,0.068719356,-0.045812904,0.247703827,0.981705085,
Trent Farquhar PHI,L,0,0,-0.2,0.14,0.018,0,9.545454545,-0.045454545,0.072727273,0.070347294,-0.043967059,0.24403485,0.967275289,
Carson Taylor SEA,L,0.003,0,-0.186666667,0.13,-0.082333333,0,9.691211401,-0.046592859,0.071553319,0.070744997,-0.04606651,0.249383579,0.988703219,
Griffin Doersching NA,R,0,0,-0.2,0.142857143,-0.088571429,0,9.714285714,-0.046666667,0.07,0.069742557,-0.046495038,0.251277453,0.99632225,
Dakota Jordan SFN,R,0.001428571,0,-0.2,0.142857143,-0.052857143,0,9.743589744,-0.046666667,0.07,0.073566611,-0.049044407,0.264948046,1.050951579,
Eric Brown MIL,R,0.005,0,-0.19,0.133333333,0.016666667,0,9.722222222,-0.046864284,0.071529697,0.072218512,-0.047315577,0.254508487,1.00962979,
Matthew Etzel MIA,L,0.001111111,0,-0.177777778,0.122222222,0.015555556,0,9.722222222,-0.045682083,0.071378254,0.068848266,-0.04406289,0.243137358,0.964555199,
Jadiel Sanchez NA,B,0,0,-0.2,0.142857143,-0.052857143,0,9.625,-0.046666667,0.07,0.069625886,-0.046417258,0.25069795,0.994655518,
Kameron Misner KCA,L,0.002840909,0.004545455,-0.189772727,0.13219697,-0.023333333,0,9.680798005,-0.046709986,0.071416865,0.071839413,-0.046986352,0.253516143,1.005916647,
Yoyner Fajardo NA,L,0.004761905,0,-0.19047619,0.133333333,-0.05047619,0,9.686098655,-0.046430775,0.070806932,0.070688191,-0.046352912,0.251570416,0.998323033,
Modeifi Marte ARI,R,0,0,-0.2,0.142857143,-0.088571429,0,9.714285714,-0.046666667,0.07,0.069186215,-0.046124143,0.2490427,0.988374502,
Justin Yurchak NA,L,0,0,-0.2,0.14,-0.09,0,9.74025974,-0.045454545,0.072727273,0.072829832,-0.045518645,0.252288272,1.001410184,
Enrique Bradfield BAL,L,0.005714286,0,-0.185714286,0.128571429,0.015714286,0,9.615384615,-0.047997154,0.070149687,0.069056163,-0.047248954,0.247971305,0.984411567,
Nick Dalesandro NA,R,0.001428571,0,-0.2,0.142857143,-0.052857143,0,9.743589744,-0.046666667,0.07,0.070258783,-0.046839189,0.252806157,1.003696901,
Arjun Nimmala TOR,R,0,0,-0.2,0.142857143,0.052857143,0,10,-0.046666667,0.07,0.070848512,-0.047232342,0.254886632,1.012121604,
Karson Simas CHN,R,0.001428571,0,-0.2,0.142857143,0.052857143,0,10,-0.046666667,0.07,0.07115449,-0.047436327,0.255846134,1.016492715,
Arturo Disla TEX,R,0,0,-0.2,0.142857143,-0.088571429,0,9.714285714,-0.046666667,0.07,0.072279464,-0.048186309,0.259859129,1.032563772,
Jose Torres COL,R,0,0,-0.2,0.142857143,0.017142857,0,9.655172414,-0.046666667,0.07,0.06887025,-0.0459135,0.247599372,0.983860717,
Cristian Hernandez MIA,R,0.002857143,0,-0.2,0.142857143,0.052857143,0,10,-0.046666667,0.07,0.072904689,-0.048603126,0.261967377,1.041495555,
Mitchell Jebb PIT,L,0.002,0,-0.2,0.14,0.018,0,9.523809524,-0.045454545,0.072727273,0.072940086,-0.045587554,0.252237941,1.002926183,
Angel Mateo TBA,R,0,0,-0.2,0.142857143,-0.052857143,0,9.625,-0.046666667,0.07,0.068740903,-0.045827268,0.246962495,0.982012895,
Jheremy Vargas MIL,R,0,0,-0.2,0.142857143,0.017142857,0,9.655172414,-0.046666667,0.07,0.069671217,-0.046447478,0.250301808,0.995303094,
Colin Moran SEA,L,0,0,-0.2,0.14,-0.09,0,9.74025974,-0.045454545,0.072727273,0.072670865,-0.045419291,0.251242984,0.999224397,
D.J. Stewart NA,L,0.000617284,-0.02345679,-0.19382716,0.133333333,-0.050246914,0,9.686660698,-0.047216736,0.070975476,0.071268936,-0.047411962,0.252385231,1.004134663,
Keiner Delgado PIT,B,0.001428571,0,-0.2,0.142857143,0.017142857,0,9.642857143,-0.046666667,0.07,0.076457404,-0.050971603,0.274496281,1.092248634,
Gosuke Katoh NA,L,0,0.02,-0.2,0.14,-0.09,0,9.701492537,-0.045454545,0.072727273,0.072689483,-0.045430927,0.251111452,0.999480389,
Ben Rortvedt NYN,L,-0.00055794,-0.021030043,-0.183690987,0.126180258,0.083390558,0.011565217,9.682539683,-0.047343565,0.070794116,0.070539027,-0.047172974,0.25033472,0.996396752,
Ah-seop Son NA,L,0,0,-0.2,0.14,-0.028,0,9.777777778,-0.045454545,0.072727273,0.071247976,-0.044529985,0.246077772,0.979659664,
Bennett Hostetler MIA,R,0.001428571,0,-0.2,0.142857143,0.088571429,0,9.583333333,-0.046666667,0.07,0.070105961,-0.046737307,0.251547197,1.001513722,
Martin Maldonado NA,R,-0.018333333,-0.0375,-0.18125,0.125,0.08375,-0.0488,9.693877551,-0.047484668,0.0704083,0.069752129,-0.047042133,0.248766804,0.990680483,
Ernesto Martinez NYA,L,0.00625,0,-0.19375,0.13125,-0.08375,0,9.696969697,-0.04758593,0.07061138,0.069899556,-0.047106222,0.248537014,0.989919122,
Trey Cabbage NA,L,0.002318841,-0.013043478,-0.186956522,0.127536232,-0.049710145,0,9.683840749,-0.04741997,0.070578559,0.070803101,-0.047570834,0.251752397,1.003181448,
Jordy Barley NA,R,0.002857143,0,-0.2,0.142857143,0.017142857,0,9.62962963,-0.046666667,0.07,0.07019116,-0.046794107,0.251631298,1.002730858,
Terence Doston NA,L,0,0,-0.2,0.14,-0.054,0,9.661016949,-0.045454545,0.072727273,0.072678471,-0.045424045,0.250740635,0.99932898,
Ethan Gourson PIT,L,0.002,0,-0.2,0.14,0.018,0,9.523809524,-0.045454545,0.072727273,0.072148888,-0.045093055,0.248894725,0.992047212,
Tucker Mitchell TEX,R,0,0,-0.2,0.142857143,0.088571429,0,9.565217391,-0.046666667,0.07,0.071641234,-0.047760823,0.256771395,1.023446205,
Carlos Linarez SLN,R,0,0,-0.2,0.142857143,-0.122857143,0,9.692307692,-0.046666667,0.07,0.067954975,-0.045303317,0.243544807,0.970785362,
Ford Proctor NA,L,0,-0.02,-0.2,0.14,0.018,0,9.6875,-0.047619048,0.071428571,0.071452685,-0.047635123,0.250914677,1.000337587,
Isan Diaz NA,L,0,-0.04,-0.2,0.14,0.018,0,9.761904762,-0.047619048,0.071428571,#N/A,#N/A,#N/A,#N/A,
Brad Miller NA,L,0,0,-0.225,0.15,-0.13,0,9.647058824,-0.05,0.072222222,0.072215438,-0.049995303,0.25069345,0.999906069,
Zach DeLoach NA,L,0.003085106,-0.010638298,-0.19787234,0.135106383,-0.050106383,0,9.683490163,-0.04770149,0.070269937,0.070210927,-0.047661432,0.250460497,0.999160242,
Adam Hackenberg CHA,R,0.008333333,0,-0.191666667,0.133333333,0.084166667,0,9.761904762,-0.04690149,0.069332637,0.068879971,-0.046595275,0.249011545,0.993471103,
Terrin Vavra NA,L,0,-0.025,-0.2,0.1375,0.0175,0,9.655172414,-0.04766355,0.071495325,0.07139429,-0.047596193,0.250228883,0.998586828,
Luis Guillorme NA,L,-0.001940299,-0.02238806,-0.191044776,0.129850746,0.016716418,0,9.68487395,-0.047932772,0.07040126,0.070855304,-0.048241909,0.252197091,1.006449376,
Brian Serven OAK,R,-0.001395349,-0.015116279,-0.189534884,0.129069767,0.083139535,0.004111111,9.677419355,-0.047811514,0.070103999,0.071381056,-0.048682478,0.255122319,1.018216617,
Matthew Wood MIL,L,0,0,-0.22,0.14,0.09,0,10,-0.05,0.068181818,0.068656892,-0.050348387,0.252202121,1.006967747,
Keith Jones TEX,L,0,0,-0.22,0.14,-0.126,0,9.716981132,-0.05,0.068181818,0.067545225,-0.049533165,0.248048222,0.990663304,
Yoshi Tsutsugo NA,L,0,-0.02,-0.22,0.14,-0.09,0,9.693877551,-0.05,0.068181818,0.069919307,-0.051274158,0.256727659,1.025483163,
Kolten Wong NA,L,0,-0.04,-0.2,0.14,0.016,0,9.76744186,-0.05,0.07,0.070600868,-0.050429191,0.252483832,1.008583826,
Caden Rose BOS,R,0,0,-0.2,0.142857143,0.017142857,0,9.655172414,-0.046666667,0.07,0.069823778,-0.046549186,0.249648935,0.997482549,
Mike Ford NA,L,-0.006415094,0,-0.2,0.135849057,-0.117169811,0,9.678988327,-0.048129912,0.06992459,0.070213103,-0.0483285,0.251291586,1.004126069,
Sean McLain LAN,R,0,0,-0.2,0.142857143,0.052857143,0,10,-0.046666667,0.07,0.069301737,-0.046201158,0.247758661,0.990024819,
Luis Suisbel SEA,B,0,0,-0.2,0.142857143,0.017142857,0,9.655172414,-0.046666667,0.07,0.06841042,-0.045606947,0.244527183,0.977291716,
David Dahl NA,L,-0.002105263,-0.024561404,-0.192982456,0.129824561,-0.05,0,9.684082625,-0.048351816,0.069890352,0.069775779,-0.048272552,0.249772869,0.998360676,
Yohendrick Pinango TOR,L,0.00375,0,-0.195833333,0.129166667,-0.049583333,0,9.677419355,-0.048577274,0.070282013,0.074462335,-0.051466614,0.26503721,1.059479249,
Tyler Reichenborn NA,R,0,0,-0.2,0.142857143,-0.052857143,0,9.625,-0.046666667,0.07,0.069811333,-0.046540888,0.2494698,0.997304752,
Adam Hall NA,R,0.004285714,0,-0.2,0.142857143,-0.052857143,0,9.736842105,-0.046666667,0.07,0.070320043,-0.046880028,0.251274608,1.004572036,
Grant Koch NA,R,0.004761905,0,-0.195238095,0.133333333,0.084285714,-0.001,9.649122807,-0.047860311,0.07003948,0.069685693,-0.047618557,0.248862552,0.994948754,
Walking Cabrera NA,R,0,0,-0.2,0.142857143,0.017142857,0,9.655172414,-0.046666667,0.07,0.069832611,-0.046555074,0.249508926,0.997608727,
Brian Kalmer CHN,R,0,0,-0.2,0.142857143,-0.088571429,0,9.714285714,-0.046666667,0.07,0.069105245,-0.046070163,0.246904154,0.98721778,
Jameson Hannah NA,L,0,0,-0.22,0.14,-0.054,0,9.710144928,-0.05,0.068181818,0.068154752,-0.049980152,0.249974729,0.999603034,
Michael Lipscomb CLE,L,0.002,0,-0.22,0.14,-0.054,0,9.705882353,-0.05,0.068181818,0.06762528,-0.049591872,0.248011926,0.991837434,
Jack Costello SDN,R,0,0,-0.214285714,0.142857143,-0.088571429,0,9.655172414,-0.05,0.07,0.071370306,-0.05097879,0.254796072,1.019575805,
Quinn McDaniel SFN,R,0.001428571,0,-0.214285714,0.142857143,0.017142857,0,9.736842105,-0.05,0.07,0.069896127,-0.049925805,0.249502213,0.998516098,
Matthew Koperniak SLN,L,0.001428571,0,-0.196428571,0.131696429,-0.016651786,0,9.681081081,-0.048428924,0.069671611,0.069779523,-0.048503934,0.25022697,1.001548871,
Romeo Sanabria SDN,L,0,0,-0.185714286,0.128571429,-0.08,0,9.696969697,-0.047997154,0.070149687,0.067186398,-0.045969641,0.239286169,0.957757641,
Yunior Garcia NA,R,0,0,-0.214285714,0.142857143,-0.052857143,0,9.666666667,-0.05,0.07,0.069572217,-0.04969444,0.248287339,0.993888809,
Damon Dues NA,L,0.002,0,-0.22,0.14,0.018,0,9.677419355,-0.05,0.068181818,0.06780145,-0.049721064,0.248407428,0.994421271,
Jancel Villarroel SFN,R,0,0,-0.214285714,0.142857143,0.088571429,0,10,-0.05,0.07,0.070072028,-0.050051448,0.250027005,1.001028967,
Victor Rodrigues LAN,R,0,0,-0.214285714,0.142857143,0.088571429,0,10,-0.05,0.07,0.072166189,-0.051547278,0.25746319,1.030945562,
Fernando Peguero BAL,B,0.002857143,0,-0.214285714,0.142857143,0.017142857,0,9.72972973,-0.05,0.07,0.069209932,-0.049435665,0.246882702,0.988713309,
Anthony Garcia NA,B,0,0,-0.214285714,0.142857143,-0.052857143,0,9.666666667,-0.05,0.07,0.069859189,-0.049899421,0.249169763,0.997988413,
Jack Payton SFN,R,0,0,-0.214285714,0.142857143,-0.122857143,0,9.714285714,-0.05,0.07,0.069908033,-0.049934309,0.24934098,0.998686181,
Leonel Espinoza CHN,R,0.001428571,0,-0.214285714,0.142857143,0.017142857,0,9.736842105,-0.05,0.07,0.069442453,-0.049601752,0.247660556,0.992035041,
Juan Benjamin CLE,B,0,0,-0.214285714,0.142857143,-0.088571429,0,9.655172414,-0.05,0.07,0.074644734,-0.053317667,0.266209779,1.066353338,
Jason Talley NA,L,0,0,-0.22,0.14,-0.09,0,9.659090909,-0.05,0.068181818,0.067762088,-0.049692198,0.248025686,0.993843959,
Jamari Baylor NA,R,0.001428571,0,-0.214285714,0.142857143,0.017142857,0,9.736842105,-0.05,0.07,0.069874462,-0.04991033,0.249107448,0.9982066,
Rodolfo Nolasco NA,R,0,0,-0.214285714,0.142857143,-0.052857143,0,9.666666667,-0.05,0.07,0.069795943,-0.049854245,0.248820541,0.997084893,
Jordan Qsar NA,L,0,0,-0.22,0.14,-0.054,0,9.710144928,-0.05,0.068181818,0.06843812,-0.050187955,0.250478044,1.003759093,
William Bradshaw NA,L,0,0,-0.22,0.14,-0.054,0,9.710144928,-0.05,0.068181818,0.0681061,-0.049944473,0.249191957,0.998889469,
Trace Willhoite NYN,R,0,0,-0.214285714,0.142857143,-0.088571429,0,9.655172414,-0.05,0.07,0.068069,-0.048620715,0.242573607,0.972414291,
Brian Miller NA,L,0,-0.08,-0.22,0.14,0.018,0,9.726027397,-0.05,0.068181818,0.068207881,-0.050019113,0.249477327,1.000382253,
Matthew Lloyd BOS,L,0,0,-0.194871795,0.130769231,-0.082307692,0,9.677966102,-0.0486756,0.069170589,0.068590004,-0.04826704,0.247287815,0.991606478,
Robert Brooks TOR,R,0,0,-0.214285714,0.142857143,0.088571429,0,10,-0.05,0.07,0.069963006,-0.049973576,0.249061306,0.999471518,
Christopher Lanzilli NA,R,0,0,-0.214285714,0.142857143,-0.052857143,0,9.666666667,-0.05,0.07,0.069590511,-0.049707508,0.247717367,0.994150164,
Jason Schwartz NYN,L,0.005625,0,-0.20625,0.1375,-0.085625,0,9.674796748,-0.049337111,0.068772943,0.067583403,-0.048483746,0.244808117,0.982703376,
Edwin Rios NA,L,-0.000555556,0.011111111,-0.197222222,0.130555556,-0.083055556,0,9.690522244,-0.049075479,0.069120393,0.069045533,-0.049022328,0.248829218,0.998916969,
Johnathon Thomas WAS,R,0.004285714,0,-0.214285714,0.142857143,0.017142857,0,9.722222222,-0.05,0.07,0.071501842,-0.051072744,0.254397425,1.021454885,
Jose Sanabria NA,R,0,0,-0.214285714,0.142857143,0.017142857,0,9.743589744,-0.05,0.07,0.069890689,-0.049921921,0.248651102,0.998438412,
Jacob Thompson NA,L,0,0,-0.22,0.14,-0.054,0,9.710144928,-0.05,0.068181818,0.068389749,-0.050152483,0.249637996,1.003049659,
Michael Perez NA,R,0.001428571,0,-0.214285714,0.142857143,0.017142857,0,9.736842105,-0.05,0.07,0.069878171,-0.049912979,0.248422888,0.998259588,
Cesar Salazar HOU,L,0.001735075,-0.024253731,-0.199440299,0.131716418,0.083339552,0.020296296,9.68,-0.049227129,0.068844301,0.067790128,-0.048473342,0.245042457,0.984687575,
Anthony Mulrine NA,R,0,0,-0.214285714,0.142857143,0.088571429,0,10,-0.05,0.07,0.070457004,-0.050326431,0.250434387,1.006528624,
Shin-Soo Choo NA,L,-0.022,0,-0.22,0.14,-0.028,0,9.701492537,-0.05,0.068181818,0.068402574,-0.050161888,0.249585488,1.003237752,
Spencer Henson NA,R,0,0,-0.214285714,0.142857143,-0.088571429,0,9.655172414,-0.05,0.07,0.069679998,-0.049771427,0.247589956,0.995428546,
Sandy Leon ATL,B,-0.014285714,-0.014285714,-0.214285714,0.142857143,0.087142857,0.006,10,-0.05,0.07,0.068437524,-0.048883946,0.243050002,0.977678921,
Lisbel Diaz SFN,R,0,0,-0.214285714,0.142857143,-0.052857143,0,9.666666667,-0.05,0.07,0.0725028,-0.051787715,0.257482302,1.03575429,
Ivan Brethowr PIT,R,0.001428571,0,-0.214285714,0.142857143,-0.122857143,0,9.712230216,-0.05,0.07,0.068683155,-0.049059396,0.243823237,0.981187925,
Ryan Johnson HOU,R,0,0,-0.214285714,0.142857143,0.052857143,0,10,-0.05,0.07,0.069691232,-0.049779452,0.247387945,0.995589032,
Jeffrey Wehler NA,R,0,0,-0.214285714,0.142857143,0.017142857,0,9.743589744,-0.05,0.07,0.069774493,-0.049838924,0.247653599,0.996778474,
Greyson Jenista NA,L,0,0,-0.22,0.14,-0.054,0,9.710144928,-0.05,0.068181818,0.068295863,-0.050083633,0.248827509,1.001672661,
Jake Lamb NA,L,0,0,-0.2,0.14,-0.086,0,9.733333333,-0.047619048,0.066666667,0.066365736,-0.047404097,0.247273756,0.995486044,
Marcus Lee Sang TEX,L,0.004090909,0,-0.2,0.131818182,-0.05,0,9.691119691,-0.049330825,0.068390462,0.06857157,-0.04946146,0.249041757,1.002648146,
Alberto Rodriguez KCA,L,0.004090909,0,-0.2,0.131818182,-0.05,0,9.691119691,-0.049330825,0.068390462,0.06819192,-0.049187614,0.247651956,0.997096931,
Drew Avans COL,L,0.005360825,-0.003092784,-0.202061856,0.131958763,-0.05,0,9.686440678,-0.049801182,0.068349582,0.068028112,-0.049566951,0.24706548,0.995296677,
Orlando Martinez TEX,L,0.004285714,0,-0.2,0.133333333,0.016666667,0,9.696969697,-0.049347781,0.068146936,0.068927355,-0.049912912,0.251069695,1.011451998,
Cole Urman NA,R,0,0,-0.214285714,0.142857143,-0.088571429,0,9.655172414,-0.05,0.066666667,0.066977868,-0.050233401,0.249367643,1.004668014,
Emil Morales LAN,R,0,0,-0.214285714,0.142857143,0.052857143,0,10,-0.05,0.066666667,0.067692072,-0.050769054,0.252020629,1.015381075,
Anderson De Los Santos BAL,R,0,0,-0.214285714,0.142857143,0.017142857,0,9.743589744,-0.05,0.066666667,0.076330773,-0.05724808,0.28413825,1.144961598,
Taylor Kohlwey NA,L,0,-0.02,-0.22,0.14,-0.054,0,9.625,-0.05,0.068181818,0.068057061,-0.049908512,0.247626071,0.998170231,
Rixon Wingrove NA,L,0,0,-0.22,0.14,-0.09,0,9.659090909,-0.05,0.068181818,0.068013476,-0.049876549,0.247463494,0.997530974,
Wilfredo Lara MIA,R,0,0,-0.214285714,0.142857143,0.052857143,0,10,-0.05,0.066666667,0.066578033,-0.049933525,0.247745184,0.998670499,
Elliot Soto NA,R,-0.01125,0,-0.2125,0.1375,0.0525,0,9.642857143,-0.05,0.067647059,0.067761291,-0.050084432,0.248491908,1.001688648,
C.J. Stubbs TOR,R,0,0,-0.2125,0.1375,0.0875,-0.005,10,-0.05,0.067647059,0.066560337,-0.049196771,0.244077971,0.983935416,
Grant Lavigne NA,L,0.001320755,0,-0.2,0.130188679,-0.082830189,0,9.685990338,-0.049660434,0.06840022,0.068248991,-0.049550637,0.247512549,0.997789048,
Colton Ledbetter SLN,L,0.002,0,-0.22,0.14,-0.054,0,9.705882353,-0.05,0.068181818,0.063673636,-0.046694,0.231410795,0.933880002,
Eric Rodriguez LAA,R,0.001428571,0,-0.214285714,0.142857143,-0.052857143,0,9.662921348,-0.05,0.066666667,0.080645538,-0.060484153,0.299686883,1.209683067,
Gionti Turner NA,R,0,0,-0.214285714,0.142857143,0.017142857,0,9.743589744,-0.05,0.066666667,0.066703731,-0.050027798,0.247873732,1.000555963,
Spencer Nivens KCA,L,0,0,-0.22,0.14,-0.054,0,9.710144928,-0.05,0.068181818,0.068046512,-0.049900775,0.247225407,0.998015506,
Dalvy Rosario NA,R,0.001111111,0,-0.211111111,0.133333333,-0.051111111,0,9.663865546,-0.051443104,0.067688294,0.067951576,-0.051643198,0.248664464,1.003889625,
Narbe Cruz HOU,R,0,0,-0.214285714,0.142857143,0.017142857,0,9.743589744,-0.05,0.066666667,0.066949283,-0.050211962,0.24871893,1.004239247,
Enmanuel Tejeda NYA,R,0.001428571,0,-0.214285714,0.142857143,0.017142857,0,9.736842105,-0.05,0.066666667,0.066750721,-0.050063041,0.247934205,1.001260813,
Edward Duran TOR,R,0,0,-0.214285714,0.142857143,0.088571429,0,10,-0.05,0.066666667,0.065782711,-0.049337033,0.244280478,0.98674066,
Ian Lewis MIA,B,0.002857143,0,-0.214285714,0.142857143,0.017142857,0,9.72972973,-0.05,0.066666667,0.074033934,-0.055525451,0.274880965,1.110509015,
Jesse Franklin NA,L,0,0,-0.22,0.14,-0.054,0,9.710144928,-0.05,0.068181818,0.068318795,-0.050100449,0.248018267,1.002008989,
Pierce Bennett NA,R,0,0,-0.214285714,0.142857143,-0.052857143,0,9.666666667,-0.05,0.066666667,0.066547126,-0.049910344,0.247068183,0.998206887,
Anthony Gutierrez TEX,R,0.004285714,0,-0.214285714,0.142857143,-0.122857143,0,9.708029197,-0.05,0.066666667,0.066270993,-0.049703245,0.246039015,0.994064899,
Harold Castro NA,L,-0.001111111,-0.022222222,-0.2,0.133333333,0.016666667,0,9.705882353,-0.050149324,0.066865765,0.065841501,-0.049381126,0.243687078,0.984681782,
Matthew Rudick NYN,L,0.002045455,0,-0.204545455,0.131818182,0.016818182,0,9.673469388,-0.050306482,0.06763427,0.065801052,-0.048942931,0.240761384,0.972895126,
Ildefonso Ruiz MIN,R,0,0,-0.214285714,0.142857143,0.088571429,0,10,-0.05,0.066666667,0.066920705,-0.050190529,0.248360804,1.003810572,
Maick Collado CLE,B,0,0,-0.214285714,0.142857143,-0.088571429,0,9.655172414,-0.05,0.066666667,0.066582069,-0.049936552,0.247071076,0.998731031,
Aeverson Arteaga SFN,R,0,0,-0.211111111,0.133333333,0.051111111,0,9.6,-0.051471343,0.067725451,0.06828389,-0.051895757,0.249415771,1.00824563,
Travis Swaggerty NA,L,0,0,-0.22,0.14,-0.054,0,9.710144928,-0.05,0.068181818,0.068118968,-0.04995391,0.247107005,0.999078194,
Joo-Hyung Kim NA,R,0,0,-0.214285714,0.142857143,0.017142857,0,9.743589744,-0.05,0.066666667,0.066315612,-0.049736709,0.246016663,0.994734181,
Jose Cordoba SLN,R,0,0,-0.214285714,0.142857143,-0.052857143,0,9.666666667,-0.05,0.066666667,0.065592507,-0.04919438,0.243316389,0.983887607,
Maxwell McDowell NA,R,0,0,-0.214285714,0.142857143,0.088571429,0,10,-0.05,0.066666667,0.066987886,-0.050240915,0.248462425,1.004818297,
Kean Wong NA,L,0,-0.04,-0.22,0.14,0.018,0,9.622641509,-0.05,0.068181818,0.068062006,-0.049912138,0.246820513,0.998242757,
Creed Willems BAL,L,0,0,-0.22,0.14,-0.09,0,9.659090909,-0.05,0.068181818,0.067073479,-0.049187218,0.243044864,0.983744355,
Tyler Neslony NA,L,0,0,-0.22,0.14,-0.054,0,9.710144928,-0.05,0.068181818,0.068192034,-0.050007492,0.24703501,1.000149839,
Lance DeBarge MIN,R,0.004285714,0,-0.214285714,0.142857143,0.017142857,0,9.722222222,-0.05,0.066666667,0.0705469,-0.052910175,0.261360392,1.058203502,
Jose Devers NA,L,0.004285714,0.080952381,-0.204761905,0.133333333,-0.082857143,0,9.666666667,-0.050560108,0.067021538,0.066460877,-0.050137153,0.244859376,0.99163461,
Juan Matheus MIA,B,0.001428571,0,-0.214285714,0.142857143,0.017142857,0,9.736842105,-0.05,0.066666667,0.067171863,-0.050378897,0.248743791,1.007577949,
Cameron Collier CIN,L,0,0,-0.22,0.14,0.018,0,9.6875,-0.05,0.068181818,0.067248987,-0.049315924,0.243463839,0.986318476,
Johnfrank Salazar SLN,R,0,0,-0.214285714,0.142857143,-0.088571429,0,9.655172414,-0.05,0.066666667,0.066775639,-0.050081729,0.247228456,1.001634583,
Lucas Spence HOU,L,0,0,-0.22,0.14,-0.054,0,9.710144928,-0.05,0.068181818,0.067509202,-0.049506748,0.24438313,0.990134958,
Shayne Fontana NA,L,0,0,-0.22,0.14,-0.09,0,9.659090909,-0.05,0.068181818,0.068279788,-0.050071845,0.247133595,1.001436893,
Aaron Parker TOR,R,0,0,-0.214285714,0.142857143,0.088571429,0,10,-0.05,0.066666667,0.076972956,-0.057729717,0.284919245,1.154594339,
Luke Waddell ATL,L,0.005294118,0,-0.211764706,0.135294118,0.017058824,0,9.684210526,-0.051355877,0.06704795,0.067023361,-0.051337043,0.246668503,0.999633258,
Rob Brantly NA,L,0,0,-0.2,0.133333333,0.085,-0.004,10,-0.049200934,0.065601246,0.065481111,-0.049110833,0.246267186,0.99816871,
Joe Mack MIA,L,0.004626016,0,-0.206666667,0.131707317,0.078642276,0,9.687203791,-0.050986064,0.067072148,0.067164272,-0.051056094,0.247009806,1.001373514,
Manuel Pena ARI,L,-0.002,0,-0.22,0.14,-0.09,0,9.662921348,-0.05,0.068181818,0.068761831,-0.050425343,0.248731071,1.008506854,
Tyler Callihan PIT,L,0.004895397,-0.006694561,-0.205439331,0.130962343,0.00334728,0,9.683333871,-0.051028084,0.067032819,0.065476707,-0.049843508,0.240903709,0.976785816,
Seth Beer NA,L,-0.001,0,-0.2,0.13,-0.113,0,9.684210526,-0.051010305,0.066313397,#N/A,#N/A,#N/A,#N/A,
Ji-Man Choi NA,L,-0.02,-0.02,-0.2,0.14,-0.082,0,9.680851064,-0.05,0.065,0.065881008,-0.050677698,0.24988869,1.013553967,
Thomas Sacco HOU,B,0.003898305,0,-0.205084746,0.130508475,0.016610169,0,9.696048632,-0.050980184,0.06699049,0.066363247,-0.050502848,0.244233586,0.990636833,
Tyresse Turner CLE,B,0.002857143,0,-0.214285714,0.142857143,0.017142857,0,9.72972973,-0.05,0.066666667,0.066705981,-0.050029486,0.246676382,1.000589711,
Dylan Neuse NA,R,0,0,-0.214285714,0.142857143,0.017142857,0,9.743589744,-0.05,0.066666667,0.066248357,-0.049686267,0.244959261,0.993725349,
Will Robertson BAL,L,0.004444444,-0.005555556,-0.211111111,0.133333333,-0.051111111,0,9.669421488,-0.051480057,0.066382178,0.065277505,-0.050623371,0.242402882,0.983358885,
Ross Adolph NA,L,0,0,-0.22,0.14,0.018,0,9.6875,-0.05,0.068181818,0.068317167,-0.050099256,0.246974301,1.001985115,
Connor Pavolony BAL,R,0,0,-0.214285714,0.142857143,0.088571429,0,10,-0.05,0.066666667,#N/A,#N/A,#N/A,#N/A,
Eddie Rosario NA,L,-0.001666667,0,-0.212121212,0.134848485,-0.117272727,0,9.685863874,-0.051236468,0.066973383,0.066724018,-0.051045697,0.245506479,0.996276657,
Josh VanMeter NA,L,0,-0.04,-0.22,0.14,0.018,0,9.622641509,-0.052380952,0.066666667,0.067203557,-0.052802795,0.248401484,1.008053357,
Richard Kachel NA,L,0,0,-0.22,0.14,-0.09,0,9.659090909,-0.05,0.068181818,0.067859466,-0.049763608,0.245240038,0.995272166,
Milkar Perez NA,B,0,0,-0.214285714,0.142857143,-0.088571429,0,9.655172414,-0.05,0.066666667,0.066412166,-0.049809124,0.245443425,0.996182483,
Jackson Appel CHA,B,0,0,-0.214285714,0.142857143,0.088571429,0,10,-0.05,0.066666667,0.066671234,-0.050003425,0.246293872,1.000068508,
Travis Blankenhorn NA,L,0.000724638,0,-0.208695652,0.131884058,-0.116666667,0,9.679767103,-0.051285087,0.066599384,0.066758459,-0.051407583,0.246862236,1.002388543,
Gabe Matthews NA,L,0,0,-0.22,0.14,-0.09,0,9.659090909,-0.05,0.068181818,0.068274285,-0.050067809,0.246600981,1.001356174,
Robert Calaz COL,R,0,0,-0.214285714,0.142857143,-0.052857143,0,9.666666667,-0.05,0.066666667,0.066914525,-0.050185894,0.247173556,1.003717873,
Brandon Winokur MIN,R,0.001428571,0,-0.214285714,0.142857143,0.017142857,0,9.736842105,-0.05,0.066666667,0.064715987,-0.04853699,0.238999051,0.9707398,
Tyler Wilson NYA,B,0,0,-0.214285714,0.142857143,-0.052857143,0,9.666666667,-0.05,0.066666667,0.066061229,-0.049545922,0.243924482,0.990918435,
Cade Marlowe OAK,L,0.007619048,-0.014285714,-0.214285714,0.135714286,-0.05047619,0,9.677419355,-0.051436781,0.066867816,0.068207105,-0.052467004,0.251089295,1.020028904,
Garrett Stubbs PHI,L,0.00332,-0.0104,-0.2044,0.1292,0.08328,-0.036039999,9.67955779,-0.051437616,0.066637381,0.069715811,-0.053813867,0.25752656,1.046196746,
Roberto Enriquez NA,L,0,0,-0.22,0.14,-0.054,0,9.710144928,-0.05,0.068181818,0.068018299,-0.049880086,0.245481851,0.997601722,
Eduardo Lopez NA,B,0,0,-0.214285714,0.142857143,-0.052857143,0,9.666666667,-0.05,0.066666667,0.066482183,-0.049861637,0.245358148,0.997232748,
Patrick Clohisy ATL,L,0.004,0,-0.22,0.14,-0.054,0,9.701492537,-0.05,0.068181818,0.067161474,-0.049251747,0.242356029,0.98503495,
Philip Verdung ATL,R,0,0,-0.214285714,0.142857143,-0.088571429,0,9.655172414,-0.05,0.066666667,0.067137011,-0.050352758,0.247726507,1.007055165,
Rubel Cespedes LAA,L,0,0,-0.22,0.14,0.018,0,9.6875,-0.05,0.068181818,0.067917857,-0.049806428,0.244990848,0.996128566,
Johanfran Garcia BOS,R,0,0,-0.214285714,0.142857143,0.088571429,0,10,-0.05,0.066666667,0.067024695,-0.050268521,0.247160266,1.005370428,
Ryan Nicholson LAA,L,0,0,-0.22,0.14,-0.09,0,9.659090909,-0.05,0.068181818,0.067106874,-0.049211707,0.241882431,0.984234146,
Adam Haseley NA,L,0,0,-0.22,0.14,-0.052,0,9.705882353,-0.052380952,0.066666667,0.066422149,-0.052188831,0.244850638,0.996332229,
Bennett Thompson CLE,R,0,0,-0.228571429,0.142857143,0.088571429,0,10,-0.053333333,0.066666667,0.071575924,-0.057260739,0.263832793,1.073638862,
Jace Peterson NA,L,0.001428571,-0.1,-0.214285714,0.128571429,0.051428571,0,9.6875,-0.051853562,0.065681178,0.066012658,-0.052115256,0.246952057,1.005046791,
Logan Driscoll TBA,L,0.002537313,0.001492537,-0.208955224,0.131343284,0.083880597,0.012428571,9.689440994,-0.05191537,0.066377509,0.066728249,-0.052189692,0.246971141,1.00528402,
Grant McCray SFN,L,0.00644714,0.012824957,-0.209878683,0.131542461,-0.021421144,0,9.683069628,-0.051858104,0.066203657,0.066344652,-0.051968547,0.246114042,1.002129728,
Brett Sullivan COL,L,7.75E-05,-0.012790698,-0.207751938,0.130232558,0.083372093,-0.036576923,9.682403519,-0.051859874,0.066179391,0.067972017,-0.053264621,0.252236225,1.027087371,
Cortland Lawson WAS,R,0.004545455,0,-0.209090909,0.131818182,0.05,0,9.615384615,-0.051781679,0.066415632,0.066726965,-0.052024414,0.246658857,1.004687656,
Beau Brewer NA,R,0,0,-0.228571429,0.142857143,0.017142857,0,9.6,-0.053333333,0.066666667,0.066948376,-0.053558701,0.246540406,1.004225635,
Dylan O'Rae MIL,L,0.010909091,0,-0.209090909,0.136363636,0.017272727,0,9.607843137,-0.050876293,0.066360382,0.068129351,-0.052232503,0.252042242,1.026657007,
Nick Pratto TEX,L,0.001195652,0.008695652,-0.210869565,0.131521739,-0.083369565,0,9.683195592,-0.051988941,0.066192105,0.065639212,-0.051554685,0.243442433,0.991647147,
Samuel Brown WAS,L,0.004642857,0,-0.208928571,0.130357143,-0.049642857,0,9.678321678,-0.051940182,0.066146044,0.066180179,-0.051966987,0.245595677,1.000516061,
Dameury Pena MIN,R,0.001428571,0,-0.228571429,0.142857143,0.017142857,0,9.591836735,-0.053333333,0.066666667,0.066917882,-0.053534305,0.246384948,1.003768223,
Kevin Bruggeman LAA,R,0,0,-0.228571429,0.142857143,-0.088571429,0,9.682539683,-0.053333333,0.066666667,0.065130878,-0.052104702,0.239788771,0.976963169,
Conner Capel COL,L,0.003461538,0,-0.207692308,0.130769231,-0.116153846,0,9.685658153,-0.051580451,0.065908354,0.06531162,-0.051113441,0.243204902,0.990945992,
Kendall George LAN,L,0.004,0,-0.22,0.14,0.018,0,9.666666667,-0.05,0.068181818,0.074581771,-0.054693299,0.268445649,1.093865975,
Christian Knapczyk CLE,L,0,0,-0.22,0.14,0.018,0,9.6875,-0.05,0.068181818,0.065235378,-0.047839277,0.234783692,0.956785548,
Kahlil Watson CLE,L,0.005149701,0,-0.211377246,0.131736527,0.016706587,0,9.679037111,-0.052097768,0.065970829,0.066015384,-0.052132954,0.245520708,1.000675381,
DaShawn Keirsey Jr. ATL,L,0.005652174,0.008695652,-0.213043478,0.133333333,-0.050144928,0,9.684082625,-0.052016754,0.065817117,0.064768304,-0.051187853,0.241410759,0.984064728,
Shogo Akiyama NA,L,0,-0.06,-0.22,0.14,0.018,0,9.682539683,-0.05,0.068181818,0.067951253,-0.049830919,0.244451553,0.996618381,
Ryan Cermak TBA,R,0.001428571,0,-0.228571429,0.142857143,-0.052857143,0,9.696969697,-0.053333333,0.066666667,0.066306971,-0.053045577,0.243943678,0.994604566,
Cristian Santana DET,R,0,0,-0.228571429,0.142857143,-0.088571429,0,9.682539683,-0.053333333,0.066666667,0.067492786,-0.053994229,0.248258715,1.012391791,
Eduardo Gonzalez PIT,L,0.004090909,0,-0.209090909,0.131818182,-0.049545455,0,9.677419355,-0.052065559,0.065647879,0.065692168,-0.052100685,0.2453314,1.000674645,
Luke Gold NA,R,0,0,-0.228571429,0.142857143,-0.088571429,0,9.682539683,-0.053333333,0.066666667,0.066072918,-0.052858334,0.242966638,0.991093771,
Jalen Battles TBA,R,0,0,-0.228571429,0.142857143,0.017142857,0,9.6,-0.053333333,0.066666667,0.066669616,-0.053335693,0.245001839,1.000044242,
Daniel Cabrera DET,L,0,0,-0.24,0.14,-0.054,0,9.625,-0.054545455,0.063636364,0.063703003,-0.054602574,0.24522553,1.001047194,
Avery Owusu-Asiedu ARI,R,0.001428571,0,-0.228571429,0.142857143,-0.052857143,0,9.696969697,-0.053333333,0.066666667,0.064540121,-0.051632097,0.237128795,0.968101816,
Raynel Delgado TBA,L,0.008461538,0,-0.215384615,0.130769231,0.050769231,0,9.705882353,-0.052195092,0.065243865,0.064317549,-0.051454039,0.241303689,0.98580225,
Yosy Galan NA,R,0.001428571,0,-0.228571429,0.142857143,-0.052857143,0,9.696969697,-0.053333333,0.066666667,0.066471014,-0.053176811,0.244026723,0.997065203,
Alexander Albertus CHA,R,0,0,-0.228571429,0.142857143,0.017142857,0,9.6,-0.053333333,0.066666667,0.066721281,-0.053377025,0.244936492,1.000819217,
Eric Hosmer NA,L,0,-0.016666667,-0.216666667,0.133333333,-0.081666667,0,9.646017699,-0.054166667,0.066666667,0.066937702,-0.054386882,0.245719935,1.004065523,
Austin Overn TBA,L,0.004,0,-0.24,0.14,0.018,0,9.75,-0.054545455,0.063636364,0.062437472,-0.053517833,0.240103656,0.981160277,
Tyler Wade TEX,L,0.005707763,-0.030136986,-0.212785388,0.131506849,0.027808219,0,9.682179891,-0.052664044,0.065434509,0.065335518,-0.052584372,0.244231958,0.998487167,
Alexander Ovalles NA,L,0,0,-0.24,0.14,0.018,0,9.761904762,-0.054545455,0.063636364,0.063598658,-0.054513136,0.244455071,0.999407486,
Lizandro Espinoza ATL,R,0,0,-0.228571429,0.142857143,0.017142857,0,9.6,-0.053333333,0.066666667,0.068236518,-0.054589214,0.250353642,1.023547765,
Scott Bandura SFN,L,0.002,0,-0.24,0.14,-0.054,0,9.743589744,-0.054545455,0.063636364,0.065369466,-0.056030971,0.251223542,1.027234463,
James Parker NA,R,0,0,-0.228571429,0.142857143,0.052857143,0,9.583333333,-0.053333333,0.066666667,0.066884944,-0.053507955,0.245303541,1.003274156,
Jackson Castillo NYA,L,0,0,-0.24,0.14,-0.054,0,9.625,-0.054545455,0.063636364,0.06489907,-0.055627775,0.249297448,1.019842534,
Josue De Paula LAN,L,0,0,-0.24,0.14,-0.054,0,9.625,-0.054545455,0.063636364,0.070475312,-0.06040741,0.270696478,1.107469185,
Titus Dumitru PIT,R,0,0,-0.228571429,0.142857143,-0.052857143,0,9.7,-0.053333333,0.066666667,0.074231812,-0.05938545,0.272077037,1.113477186,
Jeisson Rosario OAK,L,0,0,-0.24,0.14,-0.054,0,9.625,-0.054545455,0.063636364,0.063629747,-0.054539783,0.244313596,0.99989603,
Jose Mena NA,R,0,0,-0.228571429,0.142857143,0.088571429,0,10,-0.053333333,0.066666667,0.0665732,-0.05325856,0.243889588,0.998598005,
Cam Gallagher NA,R,0,-0.0125,-0.225,0.1375,0.085,0.033,9.545454545,-0.054545455,0.063636364,0.063730742,-0.05462635,0.244442993,1.001483086,
Omar Hernandez KCA,R,0.001428571,0,-0.228571429,0.142857143,0.088571429,0,10,-0.053333333,0.063333333,0.063262311,-0.053273525,0.243782315,0.998878598,
James Higgins NA,L,0,0,-0.24,0.14,-0.09,0,9.693877551,-0.054545455,0.063636364,0.06351079,-0.05443782,0.243484583,0.998026705,
Joshua Rivera TOR,R,0.003,0,-0.213333333,0.13,0.049666667,0,9.684210526,-0.053121962,0.064742391,0.065799349,-0.05398921,0.247938727,1.016325596,
Mitchell Daly LAA,R,0,0,-0.228571429,0.142857143,0.017142857,0,9.6,-0.053333333,0.063333333,#N/A,#N/A,#N/A,#N/A,
Austin Allen NA,L,0,0,-0.211111111,0.133333333,0.082222222,0,10,-0.052856372,0.063984029,0.063781926,-0.052689417,0.243136581,0.996841341,
Justin Lavey NA,R,0.001428571,0,-0.228571429,0.142857143,0.017142857,0,9.591836735,-0.053333333,0.063333333,0.063387169,-0.053378669,0.244106323,1.000850036,
Bryce Arnold NA,R,0,0,-0.228571429,0.142857143,-0.052857143,0,9.7,-0.053333333,0.063333333,0.063057214,-0.053100811,0.242765958,0.995640215,
Luis Ravelo NA,B,0,0,-0.228571429,0.142857143,0.017142857,0,9.6,-0.053333333,0.063333333,0.063393382,-0.0533839,0.244015139,1.00094813,
Danny De Andrade MIN,R,0,0,-0.228571429,0.142857143,0.017142857,0,9.6,-0.053333333,0.063333333,0.062289326,-0.052454169,0.239748664,0.983515669,
Cristopher Navarro NA,R,0,0,-0.228571429,0.142857143,0.017142857,0,9.6,-0.053333333,0.063333333,0.063337424,-0.053336778,0.243706738,1.000064582,
Je'Von Ward TOR,L,0,0,-0.24,0.14,0.018,0,9.761904762,-0.054545455,0.063636364,0.060756197,-0.05207674,0.23263869,0.95474024,
Kyle Hayes KCA,R,0,0,-0.228571429,0.142857143,0.088571429,0,10,-0.053333333,0.063333333,0.063481846,-0.053458397,0.244218338,1.002344942,
Corey Rosier BOS,L,0.002222222,0,-0.211111111,0.122222222,-0.047777778,0,9.68,-0.054802635,0.063455683,0.06326603,-0.054638844,0.242894873,0.997011255,
Logan Wagner LAN,B,0,0,-0.228571429,0.142857143,0.017142857,0,9.6,-0.053333333,0.063333333,0.065886141,-0.055483066,0.253415782,1.040307483,
Braedon Karpathios SDN,L,0,0,-0.24,0.14,-0.054,0,9.625,-0.054545455,0.063636364,0.061404141,-0.052632121,0.235040577,0.964922212,
David Mershon LAA,B,0.010909091,0,-0.218181818,0.136363636,0.050909091,0,9.565217391,-0.052824523,0.063829632,0.062965525,-0.0521094,0.24028643,0.986462288,
Tommy Hopfe COL,B,0,0,-0.228571429,0.142857143,0.017142857,0,9.6,-0.053333333,0.063333333,0.06065915,-0.051081389,0.233289344,0.957776052,
Luis Rodriguez LAN,R,0,0,-0.228571429,0.142857143,-0.052857143,0,9.7,-0.053333333,0.063333333,0.06321807,-0.053236269,0.243122722,0.99818005,
Caleb Roberts ARI,L,0.005277778,0,-0.219444444,0.133333333,-0.050555556,0,9.692622951,-0.053589366,0.064442908,0.064518757,-0.05365244,0.243832651,1.001176989,
Maxwell Burt DET,R,0.01,0,-0.223076923,0.130769231,0.050769231,0,9.761904762,-0.053925411,0.065082392,0.064767409,-0.053664425,0.242361326,0.995160245,
J.P. Martinez ATL,L,0.007179487,-0.01025641,-0.217948718,0.133333333,-0.05025641,0,9.676258993,-0.05357065,0.06428478,0.06409152,-0.0534096,0.242765967,0.99699368,
Herard Gonzalez NA,B,0,0,-0.228571429,0.142857143,0.017142857,0,9.6,-0.053333333,0.063333333,0.063063474,-0.053106083,0.24243259,0.995739064,
Casey Opitz CHN,B,0,0,-0.228571429,0.142857143,0.088571429,0,10,-0.053333333,0.063333333,0.063519883,-0.053490428,0.244163074,1.002945516,
Garret Forrester MIA,R,0,0,-0.228571429,0.142857143,0.088571429,0,10,-0.053333333,0.063333333,0.065477335,-0.055138808,0.251680056,1.033852653,
Darren Baker CHA,L,0.005205479,-0.01369863,-0.219178082,0.132876712,0.016575342,0,9.677966102,-0.053711885,0.064454262,0.064349595,-0.053624662,0.243040686,0.998376107,
Geovanny Planchart TOR,R,0,0,-0.228571429,0.142857143,0.088571429,0,10,-0.053333333,0.063333333,0.063856824,-0.053774167,0.24544412,1.008265635,
Juan Baez MIL,R,0,0,-0.228571429,0.142857143,0.017142857,0,9.6,-0.053333333,0.063333333,0.06332514,-0.053326433,0.24329252,0.999870625,
Nori Aoki NA,L,-0.02,0,-0.24,0.14,-0.028,0,9.736842105,-0.054545455,0.063636364,0.063842333,-0.054722,0.244058386,1.003236662,
Damian Bravo SFN,R,0,0,-0.228571429,0.142857143,-0.052857143,0,9.7,-0.053333333,0.063333333,0.06364362,-0.053594627,0.244437725,1.004899258,
Junior Tilien DET,R,0,0,-0.228571429,0.142857143,-0.052857143,0,9.7,-0.053333333,0.063333333,0.06220064,-0.052379486,0.238842601,0.98211537,
Zachary Evans SDN,R,0,0,-0.228571429,0.142857143,0.017142857,0,9.6,-0.053333333,0.063333333,0.062074187,-0.052272999,0.238342334,0.980118737,
Omar Narvaez NA,L,-0.0066,-0.05,-0.212,0.128,0.0838,-0.0206,9.675,-0.053812137,0.063965371,0.064096342,-0.053922319,0.243606773,1.00204753,
Jack Larsen NA,L,0,-0.02,-0.24,0.14,-0.054,0,9.666666667,-0.054545455,0.063636364,0.063425468,-0.054364687,0.242285377,0.99668592,
Mario Camilletti CHA,L,0,0,-0.24,0.14,-0.054,0,9.625,-0.054545455,0.063636364,0.063228558,-0.054195907,0.24153219,0.993591633,
Lonnie White PIT,R,0.001428571,0,-0.228571429,0.142857143,0.017142857,0,9.591836735,-0.053333333,0.063333333,0.066744015,-0.056205486,0.25609573,1.053852861,
Tanner O'Tremba NA,R,0,0,-0.228571429,0.142857143,-0.052857143,0,9.7,-0.053333333,0.063333333,0.063089204,-0.053127751,0.242058333,0.996145324,
Imanol Vargas PIT,L,-0.002,0,-0.24,0.14,-0.054,0,9.62962963,-0.054545455,0.063636364,0.063665667,-0.054570572,0.243037863,1.000460482,
Ezequiel Pagan NA,L,0,0,-0.233333333,0.15,-0.053333333,0,9.647058824,-0.053314772,0.064739367,0.064570497,-0.053175704,0.24222751,0.997391553,
Mason Martin NA,L,0,0,-0.24,0.14,-0.126,0,9.658119658,-0.054545455,0.063636364,0.063422639,-0.054362262,0.242034382,0.996641474,
Freili Encarnacion BOS,R,0,0,-0.228571429,0.142857143,-0.088571429,0,9.682539683,-0.053333333,0.063333333,0.064449302,-0.054273097,0.247049779,1.017620562,
Kevin Kiermaier NA,L,0.004328358,-0.008955224,-0.214925373,0.128358209,0.016716418,0,9.689320388,-0.054232327,0.064024275,0.064032847,-0.054239588,0.2427935,1.000133877,
Adrian Santana TBA,B,0.004285714,0,-0.228571429,0.142857143,0.052857143,0,9.523809524,-0.053333333,0.063333333,0.063150107,-0.053179038,0.242005835,0.997106956,
Michael Antico SLN,L,0.005581395,0,-0.218604651,0.130232558,-0.049534884,0,9.676870748,-0.0543625,0.063615692,0.062905922,-0.05375597,0.239950629,0.988842853,
Edward Micheletti TOR,L,0,0,-0.24,0.14,-0.054,0,9.625,-0.054545455,0.063636364,0.070001511,-0.060001295,0.266876761,1.100023746,
Lamar King SDN,R,0,0,-0.228571429,0.142857143,0.088571429,0,10,-0.053333333,0.063333333,0.063850619,-0.053768943,0.244576437,1.008167675,
Matthew Whatley NA,R,0,0,-0.228571429,0.142857143,0.088571429,0,10,-0.053333333,0.063333333,0.063534501,-0.053502737,0.243358539,1.003176328,
Sahid Valenzuela NA,B,-0.000833333,0,-0.216666667,0.125,0.015833333,0,9.684210526,-0.055019543,0.063484088,0.063213001,-0.054784601,0.241460503,0.995729839,
Branden Fryman NA,R,0,0,-0.228571429,0.142857143,0.052857143,0,9.583333333,-0.053333333,0.063333333,0.063626562,-0.053580263,0.243588601,1.004629932,
Wyatt Young NYN,L,0.001666667,0,-0.218518519,0.131481481,0.016481481,0,9.6875,-0.054320797,0.063527712,0.062059394,-0.053065279,0.236827687,0.976886978,
Michael Gigliotti NA,L,0,0,-0.24,0.14,-0.054,0,9.625,-0.054545455,0.063636364,0.063582022,-0.054498876,0.24217702,0.999146066,
Zack Collins NA,L,0,0,-0.216666667,0.116666667,0.078333333,-0.026,9.75,-0.056521739,0.065217391,0.065497162,-0.056764207,0.243421775,1.004289819,
Ambioris Tavarez ATL,R,0,0,-0.228571429,0.142857143,0.017142857,0,9.6,-0.053333333,0.063333333,0.064076843,-0.053959446,0.245166768,1.011739619,
Jacob Teter HOU,L,0,0,-0.24,0.14,-0.09,0,9.693877551,-0.054545455,0.063636364,0.063761836,-0.054653002,0.242782753,1.001971701,
Brett Roberts NA,R,0,0,-0.228571429,0.142857143,-0.122857143,0,9.668874172,-0.053333333,0.063333333,0.062952031,-0.053012237,0.240825314,0.993979437,
Darick Hall NA,L,-0.000789474,0.010526316,-0.221052632,0.131578947,-0.082894737,0,9.686520376,-0.054860872,0.063351245,0.063367728,-0.054875146,0.242259014,1.000260178,
Erick Torres KCA,R,0,0,-0.228571429,0.142857143,-0.052857143,0,9.7,-0.053333333,0.063333333,0.06191865,-0.052142021,0.236777244,0.977662897,
Connor Burns CIN,R,0,0,-0.228571429,0.142857143,0.088571429,0,10,-0.053333333,0.063333333,0.063256619,-0.053268732,0.241891647,0.998788723,
Carlos Rojas NA,R,0,0,-0.228571429,0.142857143,0.088571429,0,10,-0.053333333,0.063333333,0.063491851,-0.053466822,0.242759087,1.002502909,
Samuel Infante NA,R,0,0,-0.228571429,0.142857143,0.017142857,0,9.6,-0.053333333,0.063333333,0.063256039,-0.053268243,0.241809526,0.998779563,
Leandro Pineda WAS,L,0,0,-0.24,0.14,-0.054,0,9.625,-0.054545455,0.063636364,0.062977169,-0.05398043,0.239551564,0.98964122,
Nick Biddison PHI,R,0.001428571,0,-0.228571429,0.142857143,0.017142857,0,9.591836735,-0.053333333,0.063333333,0.062243122,-0.05241526,0.237872573,0.982786134,
John Freethy TOR,B,0,0,-0.228571429,0.142857143,-0.052857143,0,9.7,-0.053333333,0.063333333,0.061238881,-0.051569584,0.234034696,0.966929693,
Tyler Rodriguez MIL,R,0,0,-0.228571429,0.142857143,-0.052857143,0,9.7,-0.053333333,0.063333333,0.063499029,-0.053472867,0.242618093,1.002616249,
Alexander Binelas PHI,L,0.00625,0,-0.225,0.13125,-0.085,0,9.684210526,-0.054509779,0.063594742,0.065872998,-0.056462569,0.250632263,1.035824598,
Carson Roccaforte KCA,L,0.002,0,-0.24,0.14,0.018,0,9.756097561,-0.054545455,0.063636364,0.063959802,-0.054822687,0.243193807,1.005082603,
Davis Diaz OAK,R,0,0,-0.228571429,0.142857143,0.088571429,0,10,-0.053333333,0.063333333,0.066831692,-0.05627932,0.255264001,1.055237249,
Michael Turner CHA,L,0.005625,0,-0.225,0.13125,0.08375,0,10,-0.05526108,0.06293623,0.063513635,-0.055768069,0.244119295,1.009174432,
Drew Mount NA,L,0,0,-0.24,0.14,-0.09,0,9.693877551,-0.054545455,0.063636364,0.063867667,-0.054743714,0.242711002,1.003634763,
Mike Moustakas NA,L,-0.02,-0.04,-0.24,0.14,0.018,0,9.726027397,-0.054545455,0.063636364,0.063523943,-0.054449094,0.24138082,0.998233392,
Ariel Armas CHN,R,0,0,-0.228571429,0.142857143,0.088571429,0,10,-0.053333333,0.063333333,0.071234532,-0.059986974,0.271888336,1.124755766,
Austin Murr PHI,L,0,0,-0.24,0.14,-0.054,0,9.625,-0.054545455,0.063636364,0.0643068,-0.055120114,0.244274707,1.010535424,
Shane McGuire OAK,L,0.002960526,0,-0.223026316,0.131578947,0.083289474,0,9.634146341,-0.055027302,0.062981101,0.062960386,-0.055009203,0.241568518,0.999671084,
John Gil ATL,R,0.002857143,0,-0.242857143,0.142857143,-0.122857143,0,9.685534591,-0.056666667,0.063333333,0.066860106,-0.0598222,0.255056875,1.055685877,
Yongkyu Lee NA,L,-0.02,0,-0.24,0.14,-0.028,0,9.736842105,-0.054545455,0.063636364,0.0634872,-0.0544176,0.240912975,0.997656007,
Jeffry Parra NA,R,0,0,-0.242857143,0.142857143,0.088571429,0,10,-0.056666667,0.063333333,0.063247385,-0.056589765,0.241126327,0.998642917,
Brett Squires KCA,L,0,0,-0.24,0.14,-0.09,0,9.693877551,-0.054545455,0.063636364,0.064808519,-0.055550159,0.245863802,1.018419589,
Arnaldo Lantigua CIN,R,0,0,-0.242857143,0.142857143,-0.052857143,0,9.63963964,-0.056666667,0.063333333,0.061588576,-0.055105568,0.234746802,0.972451199,
Cole Fontenelle LAA,B,0.001428571,0,-0.242857143,0.142857143,0.017142857,0,9.661016949,-0.056666667,0.063333333,0.063434373,-0.05675707,0.241771097,1.001595358,
Kyle Dernedde CLE,R,0,0,-0.242857143,0.142857143,0.017142857,0,9.666666667,-0.056666667,0.063333333,0.063393261,-0.056720286,0.241599393,1.000946232,
Randy De Jesus LAA,R,-0.001428571,0,-0.242857143,0.142857143,-0.052857143,0,9.642857143,-0.056666667,0.063333333,0.063205469,-0.056552261,0.240852755,0.997981085,
Rayne Doncon MIN,R,0,0,-0.242857143,0.142857143,0.017142857,0,9.666666667,-0.056666667,0.063333333,0.063222789,-0.056567758,0.240900786,0.998254556,
Gage Workman DET,L,0.004634146,0,-0.223170732,0.130487805,0.016585366,0,9.685950413,-0.055444199,0.06271557,0.065030863,-0.057491053,0.250220601,1.036917356,
Carlos Dominguez NA,R,0,0,-0.242857143,0.142857143,-0.052857143,0,9.63963964,-0.056666667,0.063333333,0.063288944,-0.05662695,0.241116886,0.999299114,
Oscar Colas NA,L,0.002372881,-0.010169492,-0.225423729,0.13220339,-0.050084746,0,9.684954356,-0.055386304,0.062673975,0.062633809,-0.055350808,0.241102386,0.999359132,
Jace Bohrofen TOR,L,0,0,-0.24,0.14,-0.054,0,9.625,-0.054545455,0.063636364,0.064483427,-0.055271509,0.244465331,1.013310996,
Micah Pries NA,L,0,0,-0.24,0.14,-0.09,0,9.693877551,-0.054545455,0.063636364,0.063751491,-0.054644135,0.241609315,1.001809137,
Samuel Stafura PIT,R,0.001428571,0,-0.242857143,0.142857143,0.052857143,0,9.696969697,-0.056666667,0.063333333,0.062501547,-0.055922437,0.237978918,0.986866537,
Michael Kane NA,R,0,0,-0.242857143,0.142857143,-0.088571429,0,9.705882353,-0.056666667,0.063333333,0.063365613,-0.056695548,0.241210876,1.000509673,
Darrien Miller MIL,L,0.004090909,0,-0.227272727,0.131818182,0.083181818,0,9.473684211,-0.056057756,0.062784687,0.063929987,-0.057080345,0.245388107,1.018241713,
Ramon Ramirez KCA,R,0,0,-0.242857143,0.142857143,-0.122857143,0,9.689440994,-0.056666667,0.063333333,0.066586104,-0.05957704,0.253326132,1.051359538,
William Bartlett NA,R,0,0,-0.242857143,0.142857143,-0.088571429,0,9.705882353,-0.056666667,0.063333333,0.063647652,-0.056947899,0.242104614,1.004962928,
Walker Janek HOU,R,0.001428571,0,-0.242857143,0.142857143,0.088571429,0,10,-0.056666667,0.063333333,0.067240317,-0.060162389,0.255760932,1.061689215,
Caleb Lomavita WAS,R,0,0,-0.242857143,0.142857143,0.088571429,0,10,-0.056666667,0.063333333,0.071740481,-0.064188852,0.272857747,1.132744443,
Skyler Messinger COL,R,0,0,-0.242857143,0.142857143,0.017142857,0,9.666666667,-0.056666667,0.063333333,0.063361451,-0.056691824,0.240767844,1.000443961,
Zach Reks NA,L,0,-0.02,-0.24,0.14,-0.054,0,9.666666667,-0.054545455,0.063636364,0.063779183,-0.054667871,0.241173052,1.002244297,
Jose Astudillo SFN,R,0,0,-0.242857143,0.142857143,-0.052857143,0,9.63963964,-0.056666667,0.063333333,0.065996111,-0.059049152,0.2507293,1.042043863,
Daniel Montano NA,L,0,0,-0.24,0.14,-0.054,0,9.625,-0.054545455,0.063636364,0.063513934,-0.054440515,0.2400383,0.998076099,
Jay Beshears MIA,R,0,0,-0.242857143,0.142857143,-0.088571429,0,9.705882353,-0.056666667,0.063333333,0.068210534,-0.061030478,0.258967756,1.077008438,
Darius Hill NA,L,0.006,0,-0.226666667,0.133333333,-0.05,0,9.671361502,-0.055588771,0.062128627,0.061850009,-0.055339482,0.239262188,0.99551547,
Kodey Shojinaga PHI,R,0,0,-0.242857143,0.142857143,0.088571429,0,10,-0.056666667,0.063333333,0.064941564,-0.05810561,0.246411193,1.025393111,
Quincy Scott TEX,R,0.001428571,0,-0.242857143,0.142857143,-0.052857143,0,9.724770642,-0.056666667,0.063333333,0.064272934,-0.057507362,0.24378487,1.014835797,
Ernest Yake NA,L,0,0,-0.24,0.14,0.018,0,9.761904762,-0.054545455,0.063636364,0.063345931,-0.054296512,0.239114692,0.995436062,
Cooper Kinney TBA,L,-0.002,0,-0.24,0.14,0.018,0,9.76744186,-0.054545455,0.063636364,0.063979631,-0.054839683,0.241477589,1.005394197,
Roismar Quintana NA,R,0,0,-0.242857143,0.142857143,-0.088571429,0,9.705882353,-0.056666667,0.063333333,0.063119578,-0.056475412,0.239362397,0.99662492,
Jose Meza LAN,R,0,0,-0.242857143,0.142857143,-0.088571429,0,9.705882353,-0.056666667,0.063333333,0.066568804,-0.059561562,0.252420497,1.051086383,
Luis Toribio NA,L,0,0,-0.216666667,0.116666667,0.015,0,9.622641509,-0.058272329,0.062754815,0.062518694,-0.058053073,0.239121882,0.9962374,
Jairo Pomares NA,L,0.005263158,0,-0.226315789,0.131578947,-0.05,0,9.671532847,-0.055746348,0.062228482,0.062042987,-0.055580176,0.239309518,0.997019136,
Rosman Verdugo SDN,R,0,0,-0.242857143,0.142857143,0.017142857,0,9.666666667,-0.056666667,0.063333333,0.064284385,-0.057517608,0.243622257,1.015016611,
Caleb Ricketts PHI,L,0,0,-0.24,0.14,-0.09,0,9.693877551,-0.054545455,0.063636364,0.062140693,-0.053263451,0.234360163,0.97649661,
Jason Matthews CHA,R,0.005263158,0,-0.226315789,0.131578947,0.016315789,0,9.652777778,-0.056297044,0.061533978,0.060836812,-0.055659211,0.237254158,0.988670217,
Petey Halpin CLE,L,0.00444898,-0.002040816,-0.228571429,0.131836735,0.016653061,0,9.684478864,-0.056369352,0.061704308,0.061381133,-0.056074118,0.238715148,0.994762506,
Michael Curialle NA,R,0,0,-0.242857143,0.142857143,0.017142857,0,9.666666667,-0.056666667,0.063333333,0.062993807,-0.05636288,0.238670606,0.994639064,
Noah Myers TBA,L,0.002,0,-0.24,0.14,-0.054,0,9.743589744,-0.054545455,0.063636364,0.063906499,-0.054776999,0.240962557,1.004244978,
Nick Gordon NA,L,0.000493827,-0.009876543,-0.228395062,0.130864198,-0.050123457,0,9.680365297,-0.05650595,0.061698388,0.061488227,-0.056313475,0.239112734,0.996593732,
Robert Richardson SLN,R,0.001428571,0,-0.242857143,0.142857143,0.017142857,0,9.661016949,-0.056666667,0.06,0.059103601,-0.055820067,0.236328702,0.985060009,
James Jarvis ATL,L,0,0,-0.24,0.14,0.054,0,9.583333333,-0.054545455,0.063636364,0.06498333,-0.055699997,0.244967658,1.02116661,
Spencer Bramwell MIA,R,0,0,-0.242857143,0.142857143,0.088571429,0,10,-0.056666667,0.06,0.059379741,-0.056080866,0.237310144,0.989662345,
Tony Wolters NA,L,0,-0.04,-0.24,0.14,0.018,0,9.682539683,-0.054545455,0.063636364,0.063519257,-0.054445078,0.239303811,0.998159757,
Christopher Newell LAN,L,0.001428571,0,-0.214285714,0.128571429,-0.047142857,0,9.684210526,-0.055381332,0.062765509,0.06208522,-0.054781076,0.237139579,0.989161414,
Chase Davis SLN,L,0,0,-0.24,0.14,-0.054,0,9.625,-0.054545455,0.063636364,0.0630446,-0.054038229,0.23750567,0.990700857,
Drew Cavanaugh SFN,L,0,0,-0.24,0.14,0.09,0,10,-0.054545455,0.063636364,0.065955932,-0.056533656,0.248448553,1.036450363,
Jose Acosta NA,B,0,0,-0.242857143,0.142857143,0.017142857,0,9.666666667,-0.056666667,0.06,0.059748534,-0.056429171,0.238692404,0.995808892,
Patrick Morris NA,L,0,0,-0.24,0.14,-0.09,0,9.693877551,-0.054545455,0.063636364,0.06360412,-0.054517817,0.239521575,0.999493309,
Shane Muntz NA,R,0,0,-0.242857143,0.142857143,-0.088571429,0,9.705882353,-0.056666667,0.06,0.059753989,-0.056434323,0.238604649,0.995899815,
Felnin Celesten SEA,B,0,0,-0.242857143,0.142857143,0.052857143,0,9.705882353,-0.056666667,0.06,0.06157447,-0.058153666,0.245841202,1.026241164,
John Faile CIN,R,0,0,-0.242857143,0.142857143,-0.088571429,0,9.705882353,-0.056666667,0.06,0.060966404,-0.057579382,0.243392111,1.016106736,
Alexander McGarry NA,L,0,0,-0.24,0.14,-0.09,0,9.693877551,-0.054545455,0.059090909,0.058769758,-0.054249007,0.238226198,0.994565136,
Geonchang Seo NA,L,0,0,-0.24,0.14,0.018,0,9.761904762,-0.054545455,0.059090909,0.05910342,-0.054557003,0.239538706,1.000211727,
Lyle Miller-Green CHA,R,0,0,-0.242857143,0.142857143,-0.088571429,0,9.705882353,-0.056666667,0.06,0.0600454,-0.056709544,0.23964019,1.000756664,
Ethan Frey HOU,R,0,0,-0.242857143,0.142857143,0.017142857,0,9.666666667,-0.056666667,0.06,0.061259002,-0.057855724,0.244450985,1.020983369,
Jonathan Butler NA,L,0,0,-0.26,0.14,-0.054,0,9.666666667,-0.059090909,0.059090909,0.058829667,-0.058829667,0.238312738,0.995578988,
Troy Schreffler NA,R,0.001428571,0,-0.242857143,0.142857143,-0.052857143,0,9.724770642,-0.056666667,0.06,0.059636777,-0.056323623,0.237881165,0.993946288,
Elijah Dunham LAA,L,0.004444444,0,-0.233333333,0.133333333,-0.05031746,0,9.683877766,-0.057119663,0.061005354,0.060067941,-0.056241957,0.235569726,0.984633917,
Corey Dickerson NA,L,0,-0.025,-0.25,0.15,-0.055,0,9.72972973,-0.055555556,0.061111111,0.060695902,-0.055178092,0.237565856,0.993205664,
Francisco Hernandez NA,R,0,0,-0.242857143,0.142857143,0.017142857,0,9.666666667,-0.056666667,0.06,0.060218859,-0.056873367,0.240061478,1.003647651,
Tatem Levins TBA,L,0,0,-0.26,0.14,0.09,0,10,-0.059090909,0.059090909,0.058687528,-0.058687528,0.237479713,0.993173546,
Carter Graham CIN,R,0,0,-0.242857143,0.142857143,0.017142857,0,9.666666667,-0.056666667,0.06,0.060622747,-0.057254817,0.241580636,1.010379115,
Juan Corniel NA,B,0,0,-0.242857143,0.142857143,0.052857143,0,9.705882353,-0.056666667,0.06,0.05996051,-0.056629371,0.238914652,0.999341838,
Isaac De Leon NA,R,0,0,-0.242857143,0.142857143,-0.088571429,0,9.705882353,-0.056666667,0.06,0.059748633,-0.056429265,0.238058471,0.995810554,
Blake Sabol TBA,L,0.002083333,-0.052083333,-0.228125,0.130208333,0.083645833,-0.0022,9.681818182,-0.057115782,0.061027821,0.060356194,-0.056487207,0.236420181,0.988994738,
Kyle Lodise CHA,R,0.001428571,0,-0.242857143,0.142857143,0.017142857,0,9.661016949,-0.056666667,0.06,0.061581236,-0.058160056,0.245333486,1.026353933,
Yassel Pino NA,R,0,0,-0.242857143,0.142857143,-0.088571429,0,9.705882353,-0.056666667,0.06,0.059900613,-0.056572801,0.238637052,0.998343543,
Jose Devers CLE,R,0,0,-0.242857143,0.142857143,0.017142857,0,9.666666667,-0.056666667,0.06,0.062877498,-0.059384304,0.250462034,1.047958301,
Colby Halter OAK,L,0.002,0,-0.26,0.14,0.018,0,9.615384615,-0.059090909,0.059090909,0.058743179,-0.058743179,0.237517017,0.99411533,
Andruw Musett BOS,R,0,0,-0.242857143,0.142857143,0.088571429,0,10,-0.056666667,0.06,0.059753696,-0.056434046,0.23788046,0.995894935,
Joseph Olsavsky ATL,R,0,0,-0.242857143,0.142857143,-0.088571429,0,9.705882353,-0.056666667,0.06,0.059044662,-0.055764403,0.234972167,0.984077693,
Ethan O'Donnell MIA,L,0,0,-0.26,0.14,0.018,0,9.622641509,-0.059090909,0.059090909,0.058653171,-0.058653171,0.236996259,0.992592126,
Yhoswar Garcia NA,R,0.007142857,0,-0.242857143,0.142857143,-0.052857143,0,9.714285714,-0.056666667,0.06,0.059954989,-0.056624156,0.238580885,0.999249812,
Miguel Villarroel SLN,R,0.002857143,0,-0.242857143,0.142857143,0.052857143,0,9.6875,-0.056666667,0.06,0.060330878,-0.056979162,0.239993215,1.005514629,
Alex McCoy SDN,R,0,0,-0.242857143,0.142857143,-0.052857143,0,9.63963964,-0.056666667,0.06,0.067596747,-0.063841372,0.268872822,1.126612455,
Gregory Polanco NA,L,0,-0.04,-0.26,0.14,-0.054,0,9.63963964,-0.059090909,0.059090909,0.058761946,-0.058761946,0.237311476,0.994432937,
Ethan Salas SDN,L,0,0,-0.26,0.14,0.09,0,10,-0.059090909,0.059090909,0.059779383,-0.059779383,0.241405241,1.011651089,
Agustin Ruiz MIN,L,0,0,-0.26,0.14,-0.054,0,9.666666667,-0.059090909,0.059090909,0.059068245,-0.059068245,0.238531479,0.999616462,
Hunter Fitz-Gerald SEA,L,0,0,-0.26,0.14,-0.09,0,9.722222222,-0.059090909,0.059090909,0.058674921,-0.058674921,0.236914346,0.9929602,
Kwang-Min Kwon NA,L,0,0,-0.26,0.14,-0.028,0,9.736842105,-0.059090909,0.059090909,0.05885675,-0.05885675,0.237635576,0.996037304,
Drew Campbell NA,L,0,0,-0.26,0.14,-0.054,0,9.666666667,-0.059090909,0.059090909,0.059158576,-0.059158576,0.238846197,1.00114513,
Osiris Johnson NA,R,0.001428571,0,-0.242857143,0.142857143,0.017142857,0,9.661016949,-0.056666667,0.06,0.059929006,-0.056599617,0.238252757,0.998816765,
Jorge Burgos TOR,L,0,0,-0.26,0.14,-0.09,0,9.722222222,-0.059090909,0.059090909,0.05937354,-0.05937354,0.2396528,1.004782988,
Hayden Alvarez LAA,R,0.001428571,0,-0.242857143,0.142857143,0.017142857,0,9.661016949,-0.056666667,0.06,0.060148815,-0.056807214,0.239102566,1.002480246,
Tavian Josenberger BAL,L,0.004,0,-0.26,0.14,-0.054,0,9.659090909,-0.059090909,0.059090909,0.056954538,-0.056954538,0.229882097,0.963846028,
Cameron Decker LAN,R,0,0,-0.242857143,0.142857143,-0.088571429,0,9.705882353,-0.056666667,0.06,0.05854642,-0.055293841,0.23270348,0.975773668,
Mark Contreras NA,L,0.001333333,-0.053333333,-0.226666667,0.126666667,0.016,0,9.668246445,-0.05782268,0.061224014,#N/A,#N/A,#N/A,#N/A,
Carter Williams NA,L,0,0,-0.26,0.14,-0.054,0,9.666666667,-0.059090909,0.059090909,0.05880331,-0.05880331,0.237243672,0.995132934,
Luiyin Alastre MIL,B,0,0,-0.242857143,0.142857143,-0.052857143,0,9.63963964,-0.056666667,0.06,0.059105806,-0.05582215,0.234832291,0.985096759,
Stephen Scott NA,L,0.007142857,0,-0.228571429,0.128571429,0.081428571,0,9.411764706,-0.057550078,0.061146958,0.061090704,-0.057497133,0.238130724,0.999080025,
Harold Coll LAA,R,0.001428571,0,-0.242857143,0.142857143,-0.122857143,0,9.6875,-0.056666667,0.06,0.068531325,-0.064724029,0.272196143,1.142188749,
Jared Sprague-Lott OAK,R,0,0,-0.242857143,0.142857143,-0.088571429,0,9.705882353,-0.056666667,0.06,0.062133639,-0.05868177,0.24678135,1.035560642,
Jacob Fox CLE,L,0,0,-0.26,0.14,0.018,0,9.622641509,-0.059090909,0.059090909,0.060116894,-0.060116894,0.24235617,1.017362816,
Arol Vera LAA,B,0.006,0,-0.24,0.133333333,0.016666667,0,9.692307692,-0.058397136,0.060019279,0.06003203,-0.058409542,0.238266608,1.000212446,
Samuel Siani SEA,L,0.004347826,0,-0.234782609,0.130434783,-0.05,0,9.691011236,-0.057974866,0.060122083,0.058944403,-0.056839246,0.233548811,0.980411859,
Ryan Hadeen DET,B,0.001428571,0,-0.242857143,0.142857143,0.017142857,0,9.661016949,-0.056666667,0.06,0.059508187,-0.056202176,0.236189977,0.991803113,
Gavin Cross KCA,L,0.006363636,0,-0.236363636,0.131818182,-0.05,0,9.673590504,-0.058300066,0.060542376,0.056763566,-0.054661212,0.223192821,0.937584051,
Matthew Fraizer BOS,L,0.007058824,0,-0.235294118,0.129411765,-0.049411765,0,9.692307692,-0.058523516,0.059986604,0.059879,-0.058418537,0.237596035,0.998206203,
Eduarqui Fernandez NA,R,0.001428571,0,-0.242857143,0.142857143,-0.052857143,0,9.724770642,-0.056666667,0.06,0.059735884,-0.056417224,0.236969266,0.995598071,
Benjamin Norman NA,L,0,0,-0.26,0.14,-0.054,0,9.666666667,-0.059090909,0.059090909,0.059148074,-0.059148074,0.2381862,1.000967406,
Echedry Vargas MIA,R,0.001428571,0,-0.242857143,0.142857143,0.017142857,0,9.661016949,-0.056666667,0.06,0.059101369,-0.05581796,0.234257143,0.985022824,
Caberea Weaver NA,R,0,0,-0.242857143,0.142857143,-0.052857143,0,9.63963964,-0.056666667,0.06,0.05967088,-0.056355831,0.236510507,0.994514673,
C.J. Alexander HOU,L,-0.0003125,0.025,-0.23125,0.128125,-0.0821875,0,9.679849341,-0.0583789,0.059956708,0.059630807,-0.058061576,0.236513381,0.994564397,
Michael Romero BOS,L,0,0,-0.26,0.14,0.018,0,9.622641509,-0.059090909,0.059090909,0.058081666,-0.058081666,0.233741445,0.982920506,
Yassel Soler ARI,R,0,0,-0.242857143,0.142857143,0.017142857,0,9.666666667,-0.056666667,0.06,0.06139144,-0.057980805,0.243290185,1.023190671,
Oliver Dunn CHA,L,0.004461538,-0.010769231,-0.235384615,0.132307692,0.016769231,0,9.678456592,-0.058150802,0.060051155,0.061122019,-0.059187778,0.242014113,1.017832534,
Esmil Valencia MIA,R,0.002857143,0,-0.242857143,0.142857143,-0.052857143,0,9.722222222,-0.056666667,0.06,0.059901399,-0.056573543,0.237376264,0.998356643,
Casey Saucke CHA,R,0,0,-0.242857143,0.142857143,-0.122857143,0,9.689440994,-0.056666667,0.06,#N/A,#N/A,#N/A,#N/A,
Treylen White WAS,B,0,0,-0.242857143,0.142857143,-0.122857143,0,9.689440994,-0.056666667,0.06,0.061434273,-0.058021258,0.243304295,1.023904551,
Daniel Vazquez KCA,R,0.001428571,0,-0.242857143,0.142857143,0.052857143,0,9.696969697,-0.056666667,0.06,0.065323957,-0.061694848,0.258691578,1.08873261,
Kyle McCann COL,L,-0.003709677,-0.019354839,-0.235483871,0.130645161,0.083387097,-0.031666665,9.68814948,-0.058441653,0.059642509,0.059522733,-0.058324288,0.237105878,0.997991767,
Jose Colmenares PHI,R,0.001428571,0,-0.257142857,0.142857143,0.017142857,0,9.710144928,-0.06,0.06,0.062092247,-0.062092247,0.245821136,1.034870783,
Rafe Perich TEX,B,0,0,-0.257142857,0.142857143,-0.122857143,0,9.707602339,-0.06,0.06,0.059012029,-0.059012029,0.233622723,0.983533823,
Brandon Crawford NA,L,-0.006774194,-0.025806452,-0.232258065,0.129032258,0.05,0,9.672727273,-0.058010825,0.059622237,0.059990024,-0.058368672,0.238940899,1.006168619,
Ronald Hernandez NYN,B,0.001428571,0,-0.257142857,0.142857143,0.088571429,0,9.444444444,-0.06,0.06,0.060167077,-0.060167077,0.238101181,1.002784623,
Pedro Pineda OAK,R,0,0,-0.257142857,0.142857143,0.017142857,0,9.714285714,-0.06,0.06,0.058356248,-0.058356248,0.230834949,0.972604141,
Steele Walker NA,L,0,-0.02,-0.24,0.14,-0.052,0,9.662921348,-0.057142857,0.061904762,0.062229806,-0.057442898,0.238534938,1.00525072,
Aiden Taurek SEA,R,0,0,-0.257142857,0.142857143,-0.052857143,0,9.669421488,-0.06,0.06,0.060093244,-0.060093244,0.237495512,1.00155407,
Esteban Mejia TEX,R,0,0,-0.257142857,0.142857143,0.017142857,0,9.714285714,-0.06,0.06,0.060154753,-0.060154753,0.237724566,1.002579218,
Jack Reinheimer NA,R,0,0,-0.257142857,0.142857143,0.052857143,0,9.772727273,-0.06,0.06,0.060219657,-0.060219657,0.237925858,1.003660952,
Carson DeMartini PHI,L,0.002,0,-0.26,0.14,0.018,0,9.615384615,-0.059090909,0.059090909,0.059211004,-0.059211004,0.237536786,1.002032381,
Kadon Morton NA,R,0,0,-0.257142857,0.142857143,-0.028571429,0,9.708737864,-0.06,0.06,0.059905083,-0.059905083,0.236678992,0.998418048,
Josh Sale NA,L,0,0,-0.26,0.14,-0.054,0,9.666666667,-0.059090909,0.059090909,0.059138439,-0.059138439,0.237214649,1.000804345,
Anthony Dungan SDN,L,0.002638889,0,-0.2375,0.131944444,0.049861111,0,9.670886076,-0.058754146,0.059441329,0.058782884,-0.058103313,0.234367775,0.988922774,
Juan Alonso NA,R,0,0,-0.257142857,0.142857143,-0.052857143,0,9.669421488,-0.06,0.06,0.059775072,-0.059775072,0.236069692,0.996251201,
Christian Olivo CHN,R,0.001428571,0,-0.257142857,0.142857143,0.017142857,0,9.710144928,-0.06,0.06,0.060420648,-0.060420648,0.238537699,1.007010807,
Luis Valdez NA,B,0.007142857,0,-0.257142857,0.142857143,-0.052857143,0,9.655172414,-0.06,0.06,0.059799721,-0.059799721,0.23606737,0.996662008,
Jarrod Orr NA,L,0,0,-0.26,0.14,-0.054,0,9.666666667,-0.059090909,0.059090909,0.058867698,-0.058867698,0.235830791,0.996222583,
Tucker Flint LAA,L,0.004333333,0,-0.24,0.131666667,-0.050083333,0,9.680628779,-0.05907061,0.05907061,0.058630196,-0.058630196,0.23495409,0.992544282,
Bryant Betancourt COL,L,0,0,-0.26,0.14,0.09,0,10,-0.059090909,0.059090909,0.059168482,-0.059168482,0.23699271,1.001312774,
Ernny Ordonez NA,R,0,0,-0.257142857,0.142857143,-0.088571429,0,9.659863946,-0.06,0.06,0.060089054,-0.060089054,0.236997236,1.001484225,
Colin Summerhill LAA,R,0,0,-0.257142857,0.142857143,-0.088571429,0,9.659863946,-0.06,0.06,0.059771325,-0.059771325,0.235733124,0.996188746,
Ricardo Cova SEA,R,0.001428571,0,-0.257142857,0.142857143,-0.052857143,0,9.666666667,-0.06,0.06,0.062033513,-0.062033513,0.244601243,1.033891881,
Joshwan Wright NA,R,0,0,-0.257142857,0.142857143,0.017142857,0,9.714285714,-0.06,0.06,0.059776342,-0.059776342,0.235693135,0.996272366,
Alex Hall NA,B,0,0,-0.257142857,0.142857143,-0.052857143,0,9.669421488,-0.06,0.06,0.060144939,-0.060144939,0.237138465,1.002415658,
Ryan Wilson NA,R,0,0,-0.257142857,0.142857143,-0.052857143,0,9.669421488,-0.06,0.06,0.060050033,-0.060050033,0.236760264,1.000833875,
Roldy Brito COL,B,0.001428571,0,-0.257142857,0.142857143,0.017142857,0,9.710144928,-0.06,0.06,0.061315797,-0.061315797,0.241676214,1.021929951,
William Bush HOU,L,0,0,-0.26,0.14,-0.126,0,9.68503937,-0.059090909,0.059090909,0.060140181,-0.060140181,0.240680172,1.017756911,
Ghordy Santos NA,B,0,0,-0.257142857,0.142857143,0.017142857,0,9.714285714,-0.06,0.06,0.059904823,-0.059904823,0.236049961,0.998413708,
Jackson Feltner NA,R,0,0,-0.257142857,0.142857143,-0.088571429,0,9.659863946,-0.06,0.06,0.060148794,-0.060148794,0.236999279,1.002479893,
Duke Ellis NYA,L,0.018947368,0.005263158,-0.242105263,0.131578947,-0.05,0,9.700374532,-0.058700703,0.058700703,0.059325141,-0.059325141,0.238904638,1.010637667,
Livan Soto NA,L,0.00125,0.0125,-0.24375,0.133333333,0.016875,0,9.671717172,-0.059447833,0.058939732,0.058877197,-0.059384759,0.236092239,0.998938995,
Michael Jarvis PIT,R,0.004285714,0,-0.257142857,0.142857143,0.017142857,0,9.701492537,-0.06,0.06,0.05905336,-0.05905336,0.232593471,0.984222675,
Calvin Conley ATL,B,0.004179104,0,-0.240298507,0.131343284,0.016716418,0,9.688013136,-0.059344538,0.058607339,0.059506792,-0.060255305,0.239917383,1.015347106,
Samuel Gil DET,R,0,0,-0.257142857,0.142857143,0.017142857,0,9.714285714,-0.06,0.06,0.061029632,-0.061029632,0.240307227,1.017160531,
Kai Murphy SDN,L,0,0,-0.26,0.14,-0.054,0,9.666666667,-0.059090909,0.059090909,0.059183524,-0.059183524,0.236538153,1.001567329,
Capri Ortiz LAA,B,0.001428571,0,-0.257142857,0.142857143,0.052857143,0,9.76744186,-0.06,0.06,0.060727597,-0.060727597,0.239031917,1.012126609,
Jose Cerice KCA,R,0,0,-0.257142857,0.142857143,0.017142857,0,9.714285714,-0.06,0.06,0.064201547,-0.064201547,0.252665189,1.070025787,
Engelth Urena NYA,R,0,0,-0.257142857,0.142857143,0.088571429,0,9.473684211,-0.06,0.06,0.058738057,-0.058738057,0.231155792,0.978967618,
Frederick Bencosme BAL,L,0.005517241,0,-0.24137931,0.132758621,0.016724138,0,9.690522244,-0.059462601,0.058613135,0.057728518,-0.058565163,0.232404689,0.984907525,
Nathaniel Hickey BOS,L,0.005625,0,-0.25,0.1375,-0.085625,0,9.685534591,-0.059802559,0.058307495,0.057767909,-0.059249138,0.233778374,0.990745857,
Cody Schrier MIA,R,0.001428571,0,-0.257142857,0.142857143,-0.088571429,0,9.657534247,-0.06,0.06,0.059067929,-0.059067929,0.232222608,0.984465477,
Ricardo Cabrera CIN,R,0,0,-0.257142857,0.142857143,0.017142857,0,9.714285714,-0.06,0.06,0.06028876,-0.06028876,0.237018227,1.00481267,
Yiddi Cappe MIA,R,0.001428571,0,-0.257142857,0.142857143,0.017142857,0,9.710144928,-0.06,0.06,0.059956953,-0.059956953,0.235691782,0.999282552,
Zachary Daudet HOU,R,0.001428571,0,-0.257142857,0.142857143,-0.088571429,0,9.657534247,-0.06,0.056666667,0.0600302,-0.063561388,0.249727396,1.059356464,
Bryce Willits NA,L,0,0,-0.26,0.14,0.018,0,9.622641509,-0.059090909,0.059090909,0.059206787,-0.059206787,0.236158204,1.001961018,
Justin Toerner NA,L,0,0,-0.26,0.14,-0.054,0,9.666666667,-0.059090909,0.059090909,0.058858406,-0.058858406,0.234690922,0.996065335,
Erik Ostberg NA,L,0,0,-0.26,0.14,0.09,0,10,-0.059090909,0.059090909,0.058803632,-0.058803632,0.234413803,0.995138386,
Peyton Williams TOR,L,0,0,-0.26,0.14,-0.09,0,9.722222222,-0.059090909,0.059090909,0.060618844,-0.060618844,0.241625315,1.025857367,
Noelberth Romero NA,R,0,0,-0.244444444,0.133333333,-0.051111111,0,9.668874172,-0.059565699,0.056858167,0.056967107,-0.059679826,0.235955224,1.001915993,
Jorge Puerta NA,R,0,0,-0.257142857,0.142857143,0.088571429,0,9.473684211,-0.06,0.056666667,0.056536759,-0.059862451,0.23494216,0.997707511,
Gilberto Jimenez NA,B,0,0,-0.257142857,0.142857143,0.017142857,0,9.714285714,-0.06,0.056666667,0.056546533,-0.0598728,0.234924901,0.997879999,
Esmith Pineda CIN,R,0,0,-0.257142857,0.142857143,-0.052857143,0,9.669421488,-0.06,0.056666667,0.058587095,-0.062033395,0.243375619,1.033889918,
Joseph Lampe CLE,L,0.005454545,0,-0.245454545,0.131818182,-0.05,0,9.693593315,-0.060542376,0.058300066,0.05741873,-0.059627142,0.231796096,0.984882755,
Jake Anchia NA,R,0,0,-0.257142857,0.142857143,0.088571429,0,9.473684211,-0.06,0.056666667,0.056623562,-0.05995436,0.235144996,0.99923933,
Alec Makarewicz CHA,B,0,0,-0.257142857,0.142857143,-0.088571429,0,9.659863946,-0.06,0.056666667,0.064851913,-0.068666732,0.269300621,1.144445525,
Matthew Coutney LAA,L,-0.002,0,-0.26,0.14,-0.126,0,9.6875,-0.059090909,0.059090909,0.059992215,-0.059992215,0.23874788,1.015252869,
Aidan Longwell COL,L,0,0,-0.26,0.14,-0.09,0,9.722222222,-0.059090909,0.059090909,0.064366874,-0.064366874,0.256089947,1.089285565,
Caleb Bartolero LAA,R,0,0,-0.257142857,0.142857143,0.017142857,0,9.714285714,-0.06,0.056666667,0.059089239,-0.062565077,0.24512997,1.042751276,
Brady Whalen NA,L,0,0,-0.26,0.14,-0.09,0,9.722222222,-0.059090909,0.059090909,0.058832533,-0.058832533,0.234052109,0.995627484,
Mason Guerra ATL,R,0,0,-0.257142857,0.142857143,-0.088571429,0,9.659863946,-0.06,0.056666667,0.058231759,-0.061657157,0.241560408,1.027619276,
Gerardo Rodriguez BOS,R,0,0,-0.257142857,0.142857143,0.088571429,0,9.473684211,-0.06,0.056666667,0.059278422,-0.062765388,0.245882363,1.046089807,
Edward Howard CHN,R,0,0,-0.257142857,0.142857143,0.017142857,0,9.714285714,-0.06,0.056666667,0.056028741,-0.05932455,0.232361407,0.988742493,
Jesus Castillo PIT,R,0,0,-0.257142857,0.142857143,0.017142857,0,9.714285714,-0.06,0.056666667,0.062975201,-0.066679624,0.261122966,1.111327074,
Nathan Martorella MIA,L,0.003877551,0,-0.244897959,0.130612245,-0.083061224,0,9.683350358,-0.060574558,0.05754583,0.055602767,-0.058529228,0.22699844,0.966234511,
Jesus Bugarin NA,R,0,0,-0.257142857,0.142857143,-0.052857143,0,9.669421488,-0.06,0.056666667,0.056337601,-0.059651578,0.233518031,0.994192961,
Jose Ramos SFN,R,0.001428571,0,-0.257142857,0.142857143,0.017142857,0,9.710144928,-0.06,0.056666667,0.056665971,-0.059999263,0.234863117,0.999987725,
Luis Mieses NA,L,-0.001,0,-0.25,0.13,-0.05,0,9.661016949,-0.061244326,0.05634478,0.056121062,-0.061001154,0.233924493,0.996029469,
Yonatan Henriquez NYN,B,0.001428571,0,-0.257142857,0.142857143,-0.052857143,0,9.666666667,-0.06,0.056666667,0.055662797,-0.058937079,0.23067678,0.982284649,
Ian Petrutz SLN,L,0,0,-0.26,0.14,-0.054,0,9.666666667,-0.059090909,0.059090909,0.058985195,-0.058985195,0.234407891,0.998210993,
Miguel Rodriguez BAL,R,0,0,-0.257142857,0.142857143,0.088571429,0,9.473684211,-0.06,0.056666667,0.056516129,-0.059840607,0.234192201,0.997343456,
Nicholas Schnell SDN,L,0.00625,0,-0.24375,0.13125,-0.05,0,9.689922481,-0.05986617,0.05679611,0.057108209,-0.060195139,0.236097281,1.00549507,
Cesar Quintas SEA,R,0,0,-0.257142857,0.142857143,-0.052857143,0,9.669421488,-0.06,0.056666667,0.058001243,-0.061413081,0.240299151,1.023551352,
Zachary Cook NA,L,0,0,-0.26,0.14,0.018,0,9.622641509,-0.059090909,0.059090909,0.059138847,-0.059138847,0.234953454,1.000811261,
Luke Davis PHI,B,0,0,-0.257142857,0.142857143,-0.088571429,0,9.659863946,-0.06,0.056666667,0.055326367,-0.058580859,0.229148793,0.976347648,
Jacob Cozart CLE,L,0,0,-0.26,0.14,0.09,0,10,-0.059090909,0.059090909,0.057934987,-0.057934987,0.23009807,0.98043824,
Thomas Sosa BAL,L,0,0,-0.26,0.14,-0.054,0,9.666666667,-0.059090909,0.059090909,0.058976778,-0.058976778,0.23419878,0.998068544,
Ty Southisene CHN,R,0.001428571,0,-0.257142857,0.142857143,0.052857143,0,9.76744186,-0.06,0.056666667,0.057753964,-0.061151256,0.23912689,1.019187597,
Luis Sanchez ATL,R,0,0,-0.257142857,0.142857143,0.017142857,0,9.714285714,-0.06,0.056666667,0.056957294,-0.060307724,0.235803199,1.005128725,
Tyler Naquin NA,L,0,-0.02,-0.26,0.14,-0.054,0,9.7,-0.059090909,0.059090909,0.059143363,-0.059143363,0.23477522,1.000887678,
Kendall Toman TOR,B,0,0,-0.257142857,0.142857143,-0.122857143,0,9.707602339,-0.06,0.056666667,0.057355135,-0.060728967,0.237411798,1.012149444,
Jacob Steels ATL,R,0,0,-0.257142857,0.142857143,-0.052857143,0,9.669421488,-0.06,0.056666667,0.057103926,-0.060462981,0.236357853,1.007716344,
Matthew Halbach CHN,R,0,0,-0.257142857,0.142857143,-0.088571429,0,9.659863946,-0.06,0.056666667,0.059759234,-0.063274483,0.2473389,1.054574719,
Wooyeoul Shin NA,R,0.001428571,0,-0.257142857,0.142857143,-0.052857143,0,9.666666667,-0.06,0.056666667,0.056261214,-0.059570697,0.232848948,0.992844952,
Ethan Long SDN,R,0,0,-0.257142857,0.142857143,-0.088571429,0,9.659863946,-0.06,0.056666667,0.056385412,-0.059702201,0.233253516,0.995036691,
Jaime Ferrer MIN,R,0,0,-0.257142857,0.142857143,-0.088571429,0,9.659863946,-0.06,0.056666667,0.060357446,-0.063907884,0.249580524,1.065131398,
Randy Florentino NA,L,0,0,-0.26,0.14,0.09,0,10,-0.059090909,0.059090909,0.058796759,-0.058796759,0.233148598,0.995022077,
Colin Simpson NA,L,0,0,-0.26,0.14,-0.126,0,9.68503937,-0.059090909,0.059090909,0.058992006,-0.058992006,0.233857926,0.998326258,
Joseph Redfield LAA,L,0,0,-0.26,0.14,-0.054,0,9.666666667,-0.059090909,0.059090909,0.059032679,-0.059032679,0.234016167,0.999014574,
Dereck Salom OAK,R,0,0,-0.257142857,0.142857143,0.017142857,0,9.714285714,-0.06,0.056666667,0.05704857,-0.060404369,0.235768318,1.006739476,
Preston Tucker NA,L,0,0,-0.26,0.14,-0.028,0,9.736842105,-0.059090909,0.059090909,0.05866245,-0.05866245,0.232488947,0.992749158,
Omar Alfonzo PIT,L,0,0,-0.26,0.14,0.09,0,10,-0.059090909,0.059090909,0.058112969,-0.058112969,0.230248321,0.983450242,
Tsung-Che Cheng BOS,L,0.004567901,-0.007407407,-0.24691358,0.130864198,0.049876543,0,9.688041594,-0.061237798,0.056951152,0.057115997,-0.06141505,0.234771582,1.002894487,
William Frizzell NA,L,0,0,-0.26,0.14,-0.126,0,9.68503937,-0.059090909,0.059090909,0.059411135,-0.059411135,0.235242958,1.005419203,
Bligh Madris SLN,L,0.001805556,0.008333333,-0.254166667,0.134722222,-0.083611111,0,9.686192469,-0.06129453,0.056940274,0.057700272,-0.062112646,0.237062463,1.013347281,
Jacob Morales NYA,L,0,0,-0.26,0.14,-0.054,0,9.666666667,-0.059090909,0.054545455,0.056376448,-0.061074485,0.24169269,1.033568206,
Dominic Johnson NA,R,0.001428571,0,-0.257142857,0.142857143,-0.052857143,0,9.666666667,-0.06,0.056666667,0.056698802,-0.060034025,0.233858543,1.000567087,
Welbyn Francisca CLE,B,0.001428571,0,-0.257142857,0.142857143,0.052857143,0,9.76744186,-0.06,0.056666667,0.056569305,-0.059896911,0.233245559,0.998281848,
Luis Marquez TEX,R,0,0,-0.257142857,0.142857143,0.017142857,0,9.714285714,-0.06,0.056666667,0.055948608,-0.059239703,0.23066163,0.987328377,
Kenny Castillo ARI,R,0,0,-0.257142857,0.142857143,0.088571429,0,9.473684211,-0.06,0.056666667,0.056622431,-0.059953163,0.23343863,0.999219377,
Jesus Hernandez MIA,R,0.001428571,0,-0.257142857,0.142857143,0.017142857,0,9.710144928,-0.06,0.056666667,0.056064564,-0.059362479,0.231138696,0.989374654,
Branden Boissiere WAS,L,0,0,-0.28,0.14,-0.09,0,9.663865546,-0.063636364,0.054545455,0.054891418,-0.064039987,0.235078625,1.006342654,
Samuel Mongelli LAN,R,0.001428571,0,-0.257142857,0.142857143,0.017142857,0,9.710144928,-0.06,0.056666667,0.056816503,-0.06015865,0.234149499,1.002644173,
Jake DeLeo NA,R,0.001428571,0,-0.257142857,0.142857143,-0.052857143,0,9.666666667,-0.06,0.056666667,0.05619486,-0.05950044,0.231561828,0.991673996,
Ynmanol Marinez NA,R,0,0,-0.257142857,0.142857143,0.017142857,0,9.714285714,-0.06,0.056666667,0.056861209,-0.060205986,0.234294603,1.003433092,
Wilder Dalis COL,B,0,0,-0.271428571,0.142857143,0.017142857,0,9.62962963,-0.063333333,0.056666667,0.05542469,-0.061945242,0.228266913,0.97808277,
Cole Roederer NA,L,0.00625,0,-0.25625,0.13125,-0.050625,0,9.678571429,-0.062080581,0.056023939,0.055694871,-0.061715938,0.23197937,0.994126291,
Dervy Ventura SEA,B,0.001428571,0,-0.271428571,0.142857143,0.017142857,0,9.625,-0.063333333,0.056666667,0.055202553,-0.061696971,0.227284822,0.9741627,
Connor Scott KCA,L,0,0,-0.28,0.14,-0.054,0,9.7,-0.063636364,0.054545455,0.052588721,-0.061353508,0.224922047,0.96412655,
Michael Siani LAN,L,0.005916031,0.002290076,-0.240839695,0.126717557,0.016679389,0,9.681159019,-0.061834219,0.056248561,0.055323721,-0.06081754,0.22942375,0.983557976,
Drew Lugbauer OAK,L,0,0,-0.28,0.14,-0.09,0,9.663865546,-0.063636364,0.054545455,0.054416153,-0.063485512,0.232681114,0.997629479,
Eric Rataczak MIA,L,0,0,-0.28,0.14,-0.054,0,9.7,-0.063636364,0.054545455,0.054443814,-0.063517783,0.232773437,0.998136586,
Brett Johnson NA,L,0,0,-0.28,0.14,-0.054,0,9.7,-0.063636364,0.054545455,0.054563478,-0.06365739,0.233282056,1.000330422,
Willie Garry NA,L,0,0,-0.28,0.14,0.018,0,9.682539683,-0.063636364,0.054545455,0.054475602,-0.063554869,0.232870395,0.998719362,
Jordan Thompson LAN,R,0,0,-0.271428571,0.142857143,0.052857143,0,9.636363636,-0.063333333,0.056666667,0.056365362,-0.062996581,0.231874498,0.99468285,
Willy Montero NYA,R,0,0,-0.271428571,0.142857143,0.017142857,0,9.62962963,-0.063333333,0.056666667,0.055520457,-0.062052275,0.228291954,0.979772769,
Camryn Williams NA,B,0,0,-0.271428571,0.142857143,-0.122857143,0,9.67032967,-0.063333333,0.056666667,0.056886578,-0.063579116,0.233891172,1.003880783,
Harrison Spohn NA,R,0.004347826,0,-0.252173913,0.130434783,0.016521739,0,9.666666667,-0.06231824,0.055871525,0.056015445,-0.062478766,0.233568105,1.002575912,
Yordys Valdes NA,B,0.007272727,0,-0.251515152,0.13030303,0.05,0,9.678899083,-0.062134667,0.056145784,0.05628714,-0.062291102,0.233545513,1.002517666,
Jacob Vogel NA,R,0.001428571,0,-0.271428571,0.142857143,0.017142857,0,9.625,-0.063333333,0.056666667,0.05648106,-0.06312589,0.232134166,0.996724586,
Junior Franco ARI,L,0,0,-0.28,0.14,-0.054,0,9.7,-0.063636364,0.054545455,0.059605222,-0.069539426,0.254485787,1.092762404,
Ruben Santana ARI,R,0,0,-0.271428571,0.142857143,-0.088571429,0,9.681528662,-0.063333333,0.056666667,0.056132951,-0.062736827,0.230687606,0.990581482,
Daiverson Gutierrez NYN,R,0,0,-0.271428571,0.142857143,0.088571429,0,9.655172414,-0.063333333,0.056666667,0.058205285,-0.065052965,0.239177499,1.027152086,
Daniel Edwards NA,L,0,0,-0.28,0.14,-0.126,0,9.708029197,-0.063636364,0.054545455,0.05426685,-0.063311325,0.23162783,0.994892254,
Braden Shewmake HOU,L,0.00375,-0.0453125,-0.246875,0.1296875,0.04984375,0,9.680555556,-0.062045712,0.055762602,0.056337683,-0.062685591,0.235153389,1.010313031,
Benjamin Hartl TEX,R,0,0,-0.271428571,0.142857143,0.088571429,0,9.655172414,-0.063333333,0.056666667,0.056277407,-0.062898278,0.231135282,0.993130707,
Benjamin Metzinger NA,R,0,0,-0.271428571,0.142857143,-0.088571429,0,9.681528662,-0.063333333,0.056666667,0.056532518,-0.063183402,0.232088266,0.997632667,
Jordan Sprinkle CHA,R,0.007142857,0,-0.271428571,0.142857143,0.017142857,0,9.733333333,-0.063333333,0.056666667,0.062053607,-0.069354032,0.254689905,1.095063656,
Aaron Zavala TEX,L,0.003913043,0,-0.252173913,0.130434783,-0.05,0,9.686323714,-0.062331739,0.055883628,0.055286216,-0.061665395,0.230091677,0.989309724,
Trevor Werner KCA,R,0,0,-0.271428571,0.142857143,-0.052857143,0,9.694656489,-0.063333333,0.056666667,0.056808222,-0.063491542,0.233137934,1.002498028,
Brayden Taylor TBA,L,0,0,-0.242857143,0.128571429,0.015714286,0,9.718309859,-0.062765509,0.055381332,0.055115575,-0.062464318,0.231440039,0.995201324,
Asbel Gonzalez KCA,R,0.001428571,0,-0.271428571,0.142857143,0.017142857,0,9.625,-0.063333333,0.056666667,0.059282821,-0.06625727,0.24320568,1.046167426,
Aiva Arquette MIA,R,0.001428571,0,-0.271428571,0.142857143,0.052857143,0,9.62962963,-0.063333333,0.056666667,0.057182693,-0.063910069,0.234554663,1.009106355,
Braylin Morel TEX,R,0,0,-0.271428571,0.142857143,-0.122857143,0,9.67032967,-0.063333333,0.056666667,0.056279414,-0.062900521,0.230846569,0.993166128,
Joseph Stewart NA,R,0.001428571,0,-0.271428571,0.142857143,-0.052857143,0,9.692307692,-0.063333333,0.056666667,0.05654317,-0.063195308,0.231898509,0.997820654,
Shane Matheny NA,L,0,0,-0.28,0.14,-0.09,0,9.663865546,-0.063636364,0.054545455,0.054288655,-0.063336764,0.231266049,0.995291999,
Albertson Asigen NA,R,0.001428571,0,-0.271428571,0.142857143,-0.052857143,0,9.692307692,-0.063333333,0.056666667,0.056865017,-0.063555019,0.23313319,1.003500301,
Justin Dirden NA,L,0,0,-0.28,0.14,0.018,0,9.682539683,-0.063636364,0.054545455,0.054557087,-0.063649935,0.232365546,1.00021327,
Aaron Shackelford NA,L,0,0,-0.28,0.14,-0.09,0,9.663865546,-0.063636364,0.054545455,0.054643448,-0.063750689,0.232701307,1.001796538,
Chandler Redmond NA,L,0,0,-0.254545455,0.136363636,-0.083636364,0,9.694323144,-0.062594286,0.055887755,0.055863813,-0.06256747,0.232153501,0.999571592,
Nick Ward NA,L,0,0,-0.28,0.14,0.018,0,9.682539683,-0.063636364,0.054545455,0.054362694,-0.063423143,0.231386108,0.996649386,
Jeffrey Mercedes CLE,B,0,0,-0.271428571,0.142857143,0.017142857,0,9.62962963,-0.063333333,0.056666667,0.054335073,-0.060727435,0.222586503,0.958854229,
Aaron Bracho NA,L,0.005,0,-0.26,0.135,0.017,0,9.671361502,-0.062764349,0.055522309,0.055607498,-0.06286065,0.232469138,1.00153433,
Cody Miller ATL,R,0.001428571,0,-0.271428571,0.142857143,0.017142857,0,9.625,-0.063333333,0.056666667,0.052944288,-0.059173028,0.216848905,0.934310972,
Jacob Gonzalez CHA,L,0.004,0,-0.256,0.132,0.0168,0,9.69924812,-0.062800905,0.054950792,0.055998129,-0.063997862,0.236471747,1.019059539,
Jonathan GuzmÃ¡n NA,R,0,0,-0.271428571,0.142857143,0.017142857,0,9.62962963,-0.063333333,0.056666667,0.05657211,-0.063227652,0.231644819,0.998331347,
Jayce Easley NA,R,0.001428571,0,-0.271428571,0.142857143,0.017142857,0,9.625,-0.063333333,0.056666667,0.056914352,-0.063610159,0.232993967,1.004370924,
Tyrell Schofield-Sam NA,L,0,0,-0.28,0.14,-0.09,0,9.663865546,-0.063636364,0.054545455,0.054681779,-0.063795409,0.232548755,1.002499278,
Quincy Hamilton NA,L,0.00225,0,-0.255,0.1325,-0.05025,0,9.6875,-0.062665599,0.055293176,0.055251972,-0.062618902,0.231795141,0.999254815,
Reylin Perez HOU,B,0.001428571,0,-0.271428571,0.142857143,0.017142857,0,9.625,-0.063333333,0.056666667,0.055858819,-0.062430445,0.228563444,0.985743864,
Alfredo Alcantara CIN,R,0,0,-0.271428571,0.142857143,0.017142857,0,9.62962963,-0.063333333,0.056666667,0.058101111,-0.064936536,0.237685152,1.025313726,
Morgan McCullough NA,L,0,0,-0.28,0.14,0.054,0,9.772727273,-0.063636364,0.054545455,0.054255306,-0.063297857,0.230579895,0.994680605,
Pedro Ibarguen MIL,R,0.001428571,0,-0.271428571,0.142857143,-0.052857143,0,9.692307692,-0.063333333,0.056666667,0.057184112,-0.063911654,0.233888399,1.009131383,
Timothy Borden NA,R,0,0,-0.271428571,0.142857143,0.017142857,0,9.62962963,-0.063333333,0.056666667,0.056466162,-0.06310924,0.230927007,0.996461689,
Stiven Acevedo NA,R,0.001428571,0,-0.271428571,0.142857143,-0.052857143,0,9.692307692,-0.063333333,0.056666667,0.056491665,-0.063137743,0.231009372,0.996911736,
Yoeilin Cespedes BOS,R,0,0,-0.271428571,0.142857143,-0.122857143,0,9.67032967,-0.063333333,0.056666667,0.061672947,-0.068928588,0.252153472,1.088346125,
Jack Herman NA,R,0,0,-0.271428571,0.142857143,-0.052857143,0,9.694656489,-0.063333333,0.053333333,0.053289613,-0.063281415,0.23144012,0.999180244,
Jhonny Level SFN,B,0,0,-0.271428571,0.142857143,0.052857143,0,9.636363636,-0.063333333,0.053333333,0.055741874,-0.066193475,0.242056997,1.045160135,
Ethan Wilson NA,L,0.004285714,0,-0.257142857,0.133333333,-0.05,0,9.673913043,-0.063628364,0.055380243,0.055261074,-0.063491447,0.23109066,0.997848171,
Manuel Sequera NA,R,0,0,-0.271428571,0.142857143,-0.122857143,0,9.67032967,-0.063333333,0.053333333,0.053213457,-0.06319098,0.231044516,0.99775232,
Tanner Allen NA,L,0,0,-0.244444444,0.122222222,-0.047777778,0,9.683544304,-0.063484088,0.054827167,0.055036995,-0.063727047,0.23243817,1.003827089,
Michael Perez NA,L,0,0.02,-0.28,0.14,0.09,-0.014,9.666666667,-0.063636364,0.054545455,0.054506129,-0.063590484,0.23138306,0.999279033,
Leandro Arias BAL,B,0,0,-0.271428571,0.142857143,0.052857143,0,9.636363636,-0.063333333,0.053333333,0.05335753,-0.063362067,0.231610031,1.000453688,
Emanuel Andrews NA,R,0,0,-0.271428571,0.142857143,-0.052857143,0,9.694656489,-0.063333333,0.053333333,0.05362549,-0.063680269,0.232762109,1.005477935,
Randy Guzman NYN,R,0,0,-0.271428571,0.142857143,-0.088571429,0,9.681528662,-0.063333333,0.053333333,0.054847465,-0.065131365,0.238047597,1.028389971,
Greg Deichmann NA,L,0,-0.04,-0.28,0.14,-0.054,0,9.669421488,-0.063636364,0.054545455,0.054543811,-0.063634446,0.231437027,0.999969872,
Stephen Hrustich DET,R,0,0,-0.271428571,0.142857143,-0.052857143,0,9.694656489,-0.063333333,0.053333333,0.053976298,-0.064096854,0.234214965,1.01205559,
Riley Mahan NA,L,0,0,-0.28,0.14,-0.09,0,9.663865546,-0.063636364,0.054545455,0.054360799,-0.063420932,0.230632575,0.996614646,
Carter Frederick KCA,R,0,0,-0.271428571,0.142857143,-0.052857143,0,9.694656489,-0.063333333,0.053333333,0.053122996,-0.063083558,0.230483414,0.996056172,
Eddinson Paulino NA,L,0,0,-0.244444444,0.122222222,0.015555556,0,9.696969697,-0.062812864,0.054247473,0.054549567,-0.063162657,0.232664489,1.00556881,
Brandon Eike SEA,R,0,0,-0.271428571,0.142857143,-0.088571429,0,9.681528662,-0.063333333,0.053333333,0.053881066,-0.063983766,0.233741117,1.010269993,
Marek Houston MIN,R,0.001428571,0,-0.271428571,0.142857143,0.052857143,0,9.62962963,-0.063333333,0.053333333,0.055863186,-0.066337534,0.242328218,1.047434745,
Patrick Lee DET,R,0.004285714,0,-0.271428571,0.142857143,-0.122857143,0,9.664804469,-0.063333333,0.053333333,0.053234323,-0.063215759,0.230922508,0.998143556,
Terrell Tatum NA,L,0.005,0,-0.257142857,0.131428571,-0.050142857,0,9.684210526,-0.063330825,0.054534877,0.054522282,-0.063316198,0.231244579,0.999769038,
Dylan Shockley NA,R,0,0,-0.271428571,0.142857143,0.088571429,0,9.655172414,-0.063333333,0.053333333,0.053435187,-0.063454285,0.231712673,1.001909764,
Archer Brookman ATL,R,0,0,-0.271428571,0.142857143,0.088571429,0,9.655172414,-0.063333333,0.053333333,0.061934124,-0.073546772,0.268494878,1.161264821,
Javier Mogollon CHA,R,0.001428571,0,-0.271428571,0.142857143,0.017142857,0,9.625,-0.063333333,0.053333333,0.052495899,-0.062338881,0.227547085,0.984298114,
Joshua Kross SLN,B,0,0,-0.271428571,0.142857143,-0.088571429,0,9.681528662,-0.063333333,0.053333333,0.053545077,-0.063584778,0.2320908,1.003970187,
Bryan Broecker TBA,R,0,0,-0.271428571,0.142857143,0.088571429,0,9.655172414,-0.063333333,0.053333333,0.053385214,-0.063394942,0.231381862,1.000972767,
Ryan Leitch NA,R,0,0,-0.271428571,0.142857143,0.088571429,0,9.655172414,-0.063333333,0.053333333,0.053100579,-0.063056937,0.230086467,0.995635851,
Michael Salvatore NA,R,0,0,-0.271428571,0.142857143,0.017142857,0,9.62962963,-0.063333333,0.053333333,0.053497494,-0.063528274,0.231776222,1.003078017,
Zyhir Hope LAN,L,0,0,-0.28,0.14,-0.054,0,9.7,-0.063636364,0.054545455,0.060331426,-0.070386664,0.255561106,1.106076147,
Parker Chavers CHN,L,0,0,-0.28,0.14,-0.054,0,9.7,-0.063636364,0.054545455,0.051709153,-0.060327346,0.219000589,0.948001147,
Jean Sio SFN,L,0,0,-0.28,0.14,-0.126,0,9.708029197,-0.063636364,0.054545455,0.054441455,-0.063515031,0.230568546,0.998093347,
Zane Zielinski SFN,R,0.001428571,0,-0.271428571,0.142857143,0.052857143,0,9.62962963,-0.063333333,0.053333333,0.053663942,-0.063725931,0.232345416,1.006198914,
Juan Flores LAA,R,0,0,-0.271428571,0.142857143,0.088571429,0,9.655172414,-0.063333333,0.053333333,0.054566555,-0.064797784,0.236217595,1.023122913,
Jorge Camarillo OAK,R,0,0,-0.271428571,0.142857143,0.052857143,0,9.636363636,-0.063333333,0.053333333,0.055451113,-0.065848197,0.240026035,1.039708372,
Rafael Morel NA,R,0,0,-0.271428571,0.142857143,-0.052857143,0,9.694656489,-0.063333333,0.053333333,0.053055063,-0.063002888,0.229613692,0.994782435,
Jean Arnaez NA,R,0,0,-0.271428571,0.142857143,0.017142857,0,9.62962963,-0.063333333,0.053333333,0.053301807,-0.063295896,0.230617598,0.999408886,
David McCroskey LAA,R,0.001428571,0,-0.271428571,0.142857143,0.017142857,0,9.625,-0.063333333,0.053333333,0.053443539,-0.063464202,0.231142637,1.002066351,
David Calabrese LAA,L,0.007692308,0,-0.269230769,0.138461538,-0.051538462,0,9.700854701,-0.064430237,0.053385054,0.0530148,-0.06398338,0.229057273,0.993064477,
Camden Janik PIT,R,0,0,-0.271428571,0.142857143,-0.052857143,0,9.694656489,-0.063333333,0.053333333,0.054142347,-0.064294037,0.234136548,1.015169001,
Channy Ortiz NA,B,0,0,-0.271428571,0.142857143,0.052857143,0,9.636363636,-0.063333333,0.053333333,0.053277332,-0.063266831,0.230390828,0.998949968,
Jordan Dissin PHI,R,0,0,-0.271428571,0.142857143,0.088571429,0,9.655172414,-0.063333333,0.053333333,0.053912596,-0.064021207,0.233136933,1.010861168,
Jose Sibrian NA,R,0,0,-0.271428571,0.142857143,0.088571429,0,9.655172414,-0.063333333,0.053333333,0.053214094,-0.063191737,0.230076457,0.997764263,
Victor Acosta CIN,B,0,0,-0.271428571,0.142857143,0.017142857,0,9.62962963,-0.063333333,0.053333333,0.053265716,-0.063253038,0.230247716,0.998732177,
Anthony Bemboom NA,L,0,0,-0.28,0.14,0.09,0.002,9.583333333,-0.063636364,0.054545455,0.054616431,-0.063719169,0.230830974,1.001301231,
Ronaldo Flores NA,R,0,0,-0.271428571,0.142857143,0.088571429,0,9.655172414,-0.063333333,0.053333333,0.053306044,-0.063300928,0.23040205,0.999488331,
Austin St. Laurent SEA,R,0,0,-0.271428571,0.142857143,0.017142857,0,9.62962963,-0.063333333,0.053333333,0.054119747,-0.064267199,0.233905883,1.014745249,
Manuel Beltre TOR,R,0.001428571,0,-0.271428571,0.142857143,0.052857143,0,9.62962963,-0.063333333,0.053333333,0.054215773,-0.06438123,0.234303628,1.016545742,
Jax Biggers HOU,L,0.005882353,0,-0.252941176,0.129411765,0.016470588,0,9.662921348,-0.064239661,0.053782041,0.053170116,-0.06350875,0.227861582,0.988622126,
John Tincher CLE,R,0,0,-0.271428571,0.142857143,0.088571429,0,9.655172414,-0.063333333,0.053333333,0.053915694,-0.064024887,0.232889515,1.010919266,
Kade Kern NA,R,0,0,-0.271428571,0.142857143,-0.052857143,0,9.694656489,-0.063333333,0.053333333,0.053141794,-0.063105881,0.229540667,0.996408646,
Jesus Galiz LAN,R,0,0,-0.271428571,0.142857143,0.088571429,0,9.655172414,-0.063333333,0.053333333,0.055164942,-0.065508369,0.238194635,1.034342665,
Bret Boswell NA,L,0,0,-0.28,0.14,0.018,0,9.682539683,-0.063636364,0.054545455,0.054403235,-0.063470441,0.229593803,0.997392647,
Zachary Kokoska COL,L,0.006875,0,-0.2625,0.13125,-0.08375,0,9.680232558,-0.06447126,0.05372605,0.05345303,-0.064143636,0.229011285,0.994918282,
Evan Skoug NA,L,0,0,-0.28,0.14,-0.126,0,9.708029197,-0.063636364,0.054545455,0.054461722,-0.063538676,0.2297308,0.998464908,
Edgleen Perez PIT,R,0,0,-0.271428571,0.142857143,0.088571429,0,9.655172414,-0.063333333,0.053333333,0.053614764,-0.063667533,0.231297109,1.005276831,
Omar Martinez LAA,L,-0.002,0,-0.28,0.14,0.09,0,9.62962963,-0.063636364,0.054545455,0.053446286,-0.062354001,0.225440623,0.979848585,
Wilman Diaz NA,R,0,0,-0.271428571,0.142857143,0.017142857,0,9.62962963,-0.063333333,0.053333333,0.053482797,-0.063510822,0.230708743,1.002802451,
Jommer Hernandez NA,R,0,0,-0.271428571,0.142857143,0.088571429,0,9.655172414,-0.063333333,0.053333333,0.053494959,-0.063525263,0.230755185,1.003030475,
Kobe Kato NA,L,0.002,0,-0.28,0.14,0.018,0,9.677419355,-0.063636364,0.054545455,0.054641948,-0.063748939,0.230462978,1.001769039,
Seth Gray NA,L,0,0,-0.28,0.14,-0.09,0,9.663865546,-0.063636364,0.054545455,0.054339036,-0.063395542,0.229151517,0.996215653,
Cody Wilson NA,R,0.001428571,0,-0.271428571,0.142857143,-0.122857143,0,9.668508287,-0.063333333,0.053333333,0.053516788,-0.063551186,0.230756028,1.003439776,
Luis Guanipa ATL,R,0,0,-0.271428571,0.142857143,-0.052857143,0,9.694656489,-0.063333333,0.053333333,0.056109267,-0.066629755,0.241861803,1.052048766,
Dominick Tello PHI,R,-0.001428571,0,-0.271428571,0.142857143,-0.088571429,0,9.683544304,-0.063333333,0.053333333,0.055621309,-0.066050305,0.239756349,1.042899549,
Curtis Washington SEA,R,0.001428571,0,-0.271428571,0.142857143,-0.052857143,0,9.692307692,-0.063333333,0.053333333,0.053121193,-0.063081417,0.228953671,0.996022374,
Jefferson Valladares NA,R,0,0,-0.271428571,0.142857143,0.088571429,0,9.655172414,-0.063333333,0.053333333,0.053383637,-0.063393069,0.230034764,1.000943199,
Milan Tolentino CLE,L,0.005416667,0,-0.2625,0.133333333,0.050416667,0,9.67032967,-0.064312443,0.053083286,0.053771008,-0.065145644,0.232701205,1.012955512,
Thomas Gavello SFN,L,0,0,-0.28,0.14,0.018,0,9.682539683,-0.063636364,0.054545455,0.054081919,-0.063095572,0.22775293,0.991501839,
Kendry Chirinos TOR,R,0,0,-0.271428571,0.142857143,-0.088571429,0,9.681528662,-0.063333333,0.053333333,0.055262784,-0.065624556,0.23798918,1.036177203,
Jaron Elkins LAN,R,0.002857143,0,-0.271428571,0.142857143,-0.052857143,0,9.689922481,-0.063333333,0.053333333,0.053969492,-0.064088772,0.232405451,1.011927978,
Grant Witherspoon NA,L,0,0,-0.28,0.14,-0.054,0,9.7,-0.063636364,0.054545455,0.054549907,-0.063641558,0.229651743,1.000081622,
Devin Saltiban PHI,R,0.001428571,0,-0.271428571,0.142857143,0.017142857,0,9.625,-0.063333333,0.053333333,0.05157404,-0.061244173,0.222055254,0.967013256,
Colin Barber NA,L,0,0,-0.266666667,0.133333333,-0.05,0,9.649122807,-0.066526645,0.054052899,0.053892262,-0.066328937,0.228911679,0.997028141,
Charles Szykowny SFN,L,0,0,-0.28,0.14,-0.09,0,9.663865546,-0.063636364,0.054545455,0.05984864,-0.069823414,0.251784626,1.097225071,
Aneudis Mordan NA,R,0,0,-0.271428571,0.142857143,-0.088571429,0,9.681528662,-0.063333333,0.053333333,0.053401873,-0.063414724,0.229704818,1.001285114,
Joshua Hatcher NA,L,0.00625,0,-0.2625,0.13125,-0.05,0,9.688581315,-0.06447126,0.05372605,0.053516019,-0.064219223,0.228512171,0.996090698,
Trey Paige SLN,L,0,0,-0.28,0.14,-0.09,0,9.663865546,-0.063636364,0.054545455,0.053974721,-0.062970508,0.227002653,0.989536549,
Justin Bench NA,R,0,0,-0.271428571,0.142857143,0.017142857,0,9.62962963,-0.063333333,0.053333333,0.053163871,-0.063132097,0.228667113,0.996822582,
Joseph Naranjo NA,L,0,0,-0.271428571,0.128571429,-0.084285714,0,9.695121951,-0.065911789,0.052035623,0.0519442,-0.065795986,0.228989972,0.998243068,
Tyler Whitaker HOU,R,0,0,-0.285714286,0.142857143,-0.052857143,0,9.716312057,-0.066666667,0.053333333,0.060259981,-0.075324977,0.258979698,1.129874648,
John Pineda KCA,L,0,0,-0.28,0.14,0.018,0,9.682539683,-0.063636364,0.054545455,0.054002349,-0.063002741,0.226899061,0.990043071,
Andres Valor MIA,R,0.001428571,0,-0.285714286,0.142857143,-0.052857143,0,9.714285714,-0.066666667,0.053333333,0.051778741,-0.064723426,0.222389044,0.970851388,
Angel Ortiz ARI,L,0,0,-0.28,0.14,-0.054,0,9.7,-0.063636364,0.054545455,0.059521908,-0.069442226,0.249958284,1.091234978,
Grant Richardson MIA,L,0.006875,0,-0.2625,0.13125,-0.05,0,9.6875,-0.06447126,0.05219102,0.052346436,-0.064663244,0.22969195,1.002977818,
Samuel Zavala CHA,L,0,0,-0.28,0.14,-0.054,0,9.7,-0.063636364,0.054545455,0.059917505,-0.069903755,0.251538278,1.098487584,
Chase Call HOU,R,0.001428571,0,-0.285714286,0.142857143,-0.052857143,0,9.714285714,-0.066666667,0.053333333,0.052432387,-0.065540483,0.225116813,0.983107247,
Mac Guscette ATL,R,0,0,-0.285714286,0.142857143,0.088571429,0,9.743589744,-0.066666667,0.053333333,0.053282895,-0.066603619,0.22874147,0.999054281,
Starlyn Nunez BOS,B,0,0,-0.285714286,0.142857143,0.052857143,0,9.692307692,-0.066666667,0.053333333,0.052141029,-0.065176286,0.223793533,0.977644294,
Cameron Sisneros CHN,L,0,0,-0.28,0.14,-0.09,0,9.663865546,-0.063636364,0.054545455,0.054262271,-0.063305982,0.227612138,0.994808295,
Samuel Hernandez SLN,R,0,0,-0.285714286,0.142857143,-0.088571429,0,9.700598802,-0.066666667,0.053333333,0.054235406,-0.067794258,0.232651588,1.016913866,
Estiven Machado NA,B,0,0,-0.285714286,0.142857143,0.052857143,0,9.692307692,-0.066666667,0.053333333,0.05332077,-0.066650963,0.228725109,0.999764441,
Steven Duggar NA,L,0,-0.06,-0.28,0.14,0.018,0,9.680851064,-0.066666667,0.052380952,0.052748485,-0.067134436,0.230353019,1.007016538,
Joshua Adamczewski MIL,L,0,0,-0.28,0.14,-0.054,0,9.7,-0.063636364,0.054545455,0.056341531,-0.065731787,0.236212058,1.032928075,
Sanson Faltine CIN,R,0.001428571,0,-0.285714286,0.142857143,0.017142857,0,9.666666667,-0.066666667,0.053333333,0.053251939,-0.066564924,0.228279082,0.998473861,
Sean Barnett SDN,R,0,0,-0.285714286,0.142857143,-0.122857143,0,9.6875,-0.066666667,0.053333333,0.053268216,-0.066585271,0.228318895,0.998779058,
Nicholas Mitchell CLE,L,0,0,-0.28,0.14,0.018,0,9.682539683,-0.063636364,0.054545455,0.060515749,-0.070601707,0.253592657,1.109455393,
Eduardo Antonini DET,L,0,0,-0.28,0.14,0.09,0,9.615384615,-0.063636364,0.054545455,0.053202755,-0.06206988,0.222879108,0.975383836,
Jace Grady NA,B,0,0,-0.285714286,0.142857143,-0.052857143,0,9.716312057,-0.066666667,0.053333333,0.053015732,-0.066269665,0.227120389,0.994044971,
Johan Macias LAA,B,0,0,-0.285714286,0.142857143,0.017142857,0,9.67032967,-0.066666667,0.053333333,0.054549342,-0.068186677,0.233663809,1.022800153,
Jake Cunningham SDN,R,0.002857143,0,-0.285714286,0.142857143,-0.052857143,0,9.712230216,-0.066666667,0.053333333,0.055528473,-0.069410591,0.23783296,1.041158862,
Austin Charles KCA,R,0.001428571,0,-0.285714286,0.142857143,0.017142857,0,9.666666667,-0.066666667,0.053333333,0.056623722,-0.070779653,0.242493213,1.061694788,
Haskell Ross WAS,R,0,0,-0.285714286,0.142857143,-0.088571429,0,9.700598802,-0.066666667,0.053333333,0.053365296,-0.06670662,0.228510866,1.000599306,
Luis Caicuto PHI,R,0,0,-0.285714286,0.142857143,0.088571429,0,9.743589744,-0.066666667,0.053333333,0.055196968,-0.06899621,0.236289939,1.034943144,
Colin Tuft BAL,R,0.001428571,0,-0.285714286,0.142857143,0.088571429,0,9.736842105,-0.066666667,0.053333333,0.054992214,-0.068740268,0.23531959,1.031104018,
Kevin Bazzell WAS,R,0,0,-0.285714286,0.142857143,0.088571429,0,9.743589744,-0.066666667,0.053333333,0.052338987,-0.065423733,0.223948383,0.981355999,
Calvin Harris CHA,L,0,0,-0.28,0.14,0.09,0,9.615384615,-0.063636364,0.05,0.050400263,-0.064145789,0.230004622,1.00800525,
Joel Dragoo PHI,R,0,0,-0.285714286,0.142857143,-0.052857143,0,9.716312057,-0.066666667,0.053333333,0.053434112,-0.06679264,0.22860115,1.0018896,
Yasser Mercedes MIN,R,0.001428571,0,-0.285714286,0.142857143,0.017142857,0,9.666666667,-0.066666667,0.053333333,0.055361801,-0.069202251,0.236823252,1.038033768,
Jong Hyoun Sim NA,R,0,0,-0.285714286,0.142857143,0.017142857,0,9.67032967,-0.066666667,0.053333333,0.053269233,-0.066586542,0.227856815,0.998798125,
Jose Perez TBA,B,0,0,-0.285714286,0.142857143,0.017142857,0,9.67032967,-0.066666667,0.053333333,0.052879442,-0.066099303,0.226170663,0.991489545,
Jesus Ordonez NA,R,0,0,-0.285714286,0.142857143,0.088571429,0,9.743589744,-0.066666667,0.053333333,0.053394005,-0.066742506,0.228340463,1.001137591,
Ryan Burrowes CHA,R,0.002857143,0,-0.285714286,0.142857143,-0.122857143,0,9.684210526,-0.066666667,0.053333333,0.054142703,-0.067678378,0.231520965,1.015175677,
James Obertop COL,R,0,0,-0.285714286,0.142857143,-0.088571429,0,9.700598802,-0.066666667,0.053333333,0.049489321,-0.061861651,0.211489829,0.927924766,
Cade McGee SLN,R,0.001428571,0,-0.285714286,0.142857143,0.017142857,0,9.666666667,-0.066666667,0.053333333,0.056612922,-0.070766153,0.241798391,1.061492293,
Joey Wendle NA,L,0,-0.013636364,-0.263636364,0.127272727,0.016363636,0,9.671052632,-0.066610205,0.051680332,0.051673552,-0.066601467,0.227732123,0.999868824,
Andrew Thomas SDN,L,0.005294118,0,-0.264705882,0.129411765,-0.114705882,0,9.674418605,-0.066354244,0.051608856,0.051420367,-0.066111901,0.2269172,0.996347734,
Lizandro Rodriguez NA,B,0,0,-0.285714286,0.142857143,0.052857143,0,9.692307692,-0.066666667,0.053333333,0.053164866,-0.066456083,0.226987729,0.996841243,
Colby Jones ATL,R,0.002857143,0,-0.285714286,0.142857143,0.017142857,0,9.662921348,-0.066666667,0.053333333,0.055050017,-0.068812522,0.235033297,1.032187827,
Drew Bowser CHN,R,0,0,-0.285714286,0.142857143,-0.088571429,0,9.700598802,-0.066666667,0.053333333,0.053733168,-0.067166461,0.229407046,1.007496908,
Roger Lasso NA,R,0,0,-0.285714286,0.142857143,-0.088571429,0,9.700598802,-0.066666667,0.053333333,0.053026127,-0.066282659,0.226320814,0.994239887,
Thomas Loftin NA,R,0.002857143,0,-0.285714286,0.142857143,0.017142857,0,9.662921348,-0.066666667,0.053333333,0.053195781,-0.066494726,0.227032944,0.997420894,
Eduardo Beltre MIN,R,0.001428571,0,-0.285714286,0.142857143,0.017142857,0,9.666666667,-0.066666667,0.053333333,0.053688037,-0.067110046,0.229074438,1.006650691,
Carlos Gutierrez SFN,L,0,0,-0.3,0.14,-0.054,0,9.63963964,-0.068181818,0.05,0.051756988,-0.070577711,0.235501542,1.035139763,
Larry Martinez TBA,R,0,0,-0.285714286,0.142857143,-0.088571429,0,9.700598802,-0.066666667,0.05,0.049602128,-0.066136171,0.22568869,0.992042558,
Nicolas Perez LAN,R,0.002857143,0,-0.285714286,0.142857143,0.017142857,0,9.662921348,-0.066666667,0.05,0.055112072,-0.073482763,0.250756623,1.102241449,
Jeremy De La Rosa NA,L,0,0,-0.257142857,0.128571429,-0.047142857,0,9.68503937,-0.066457598,0.051689243,0.051836782,-0.066647291,0.228062117,1.002854353,
Jean Joseph TOR,R,0,0,-0.285714286,0.142857143,0.017142857,0,9.67032967,-0.066666667,0.05,0.049978523,-0.066638031,0.227139393,0.999570462,
Tony Blanco PIT,R,0,0,-0.285714286,0.142857143,-0.122857143,0,9.6875,-0.066666667,0.05,0.05189133,-0.06918844,0.235748539,1.037826599,
Anyelo EncarnaciÃ³n SLN,R,0,0,-0.285714286,0.142857143,0.017142857,0,9.67032967,-0.066666667,0.05,0.050934983,-0.067913311,0.231238712,1.018699666,
Jared Walsh NA,L,-0.005409836,-0.003278689,-0.270491803,0.131147541,-0.083770492,0,9.684931507,-0.066903868,0.051090226,0.051236634,-0.067095593,0.227630452,1.00286568,
Patrick Dorrian NA,L,0,0,-0.266666667,0.133333333,0.016666667,0,9.722222222,-0.066874202,0.050155652,0.050305443,-0.067073924,0.227455278,1.002986524,
Noah Martin MIL,R,0.0055,0,-0.275,0.135,-0.1175,0,9.692307692,-0.06723453,0.051342732,0.051512519,-0.06745687,0.227460717,1.003306928,
Diego Hernandez NA,L,0.004090909,0,-0.277272727,0.136363636,0.016818182,0,9.67032967,-0.067080744,0.050585479,0.050426759,-0.066870268,0.225997666,0.996862348,
Chase Harlan LAN,R,0,0,-0.285714286,0.142857143,0.017142857,0,9.67032967,-0.066666667,0.05,0.052277063,-0.069702751,0.237027342,1.045541268,
Jose De La Cruz NA,R,0,0,-0.285714286,0.142857143,-0.052857143,0,9.716312057,-0.066666667,0.05,0.049967601,-0.066623467,0.226551102,0.99935201,
JosÃ© Anderson MIL,R,0,0,-0.285714286,0.142857143,0.017142857,0,9.67032967,-0.066666667,0.05,0.047617942,-0.06349059,0.215896894,0.952358849,
Brock Jones TBA,L,0.002,0,-0.3,0.14,-0.054,0,9.724770642,-0.068181818,0.05,0.04857138,-0.0662337,0.220068181,0.971427605,
Demetrio Nadal MIL,R,0.001428571,0,-0.285714286,0.142857143,-0.052857143,0,9.714285714,-0.066666667,0.05,0.049862495,-0.066483327,0.225865135,0.997249898,
Ricardo Rosario NA,R,0,0,-0.285714286,0.142857143,-0.052857143,0,9.716312057,-0.066666667,0.05,0.050098572,-0.066798097,0.226921484,1.001971449,
Ben McCabe COL,R,0,0,-0.285714286,0.142857143,0.088571429,0,9.743589744,-0.066666667,0.05,0.050094611,-0.066792815,0.226875488,1.001892222,
John Spikerman PHI,B,0.002857143,0,-0.285714286,0.142857143,-0.052857143,0,9.712230216,-0.066666667,0.05,0.052001247,-0.069334996,0.235489727,1.04002494,
Luis Reyes NA,R,0,0,-0.285714286,0.142857143,-0.088571429,0,9.700598802,-0.066666667,0.05,0.049820347,-0.066427129,0.225560623,0.996406933,
Brenny Escanio NA,B,0,0,-0.285714286,0.142857143,0.052857143,0,9.692307692,-0.066666667,0.05,0.049730993,-0.066307991,0.225112315,0.994619869,
Elio Campos ATL,R,0.001428571,0,-0.285714286,0.142857143,0.017142857,0,9.666666667,-0.066666667,0.05,0.049929151,-0.066572202,0.226001307,0.998583023,
Arxy Hernandez CHA,R,0,0,-0.285714286,0.142857143,0.017142857,0,9.67032967,-0.066666667,0.05,0.049912526,-0.066550035,0.225858174,0.998250524,
David Beckles TOR,R,0,0,-0.285714286,0.142857143,-0.088571429,0,9.700598802,-0.066666667,0.05,0.049323621,-0.065764828,0.223167682,0.986472417,
Joendry Vargas LAN,R,0.001428571,0,-0.285714286,0.142857143,0.052857143,0,9.6875,-0.066666667,0.05,0.049981713,-0.066642284,0.22614126,0.999634256,
Jaxx Groshans NA,R,0,0,-0.285714286,0.142857143,-0.122857143,0,9.6875,-0.066666667,0.05,0.050105365,-0.066807154,0.226677674,1.002107303,
Carlos Pacheco OAK,R,0.001428571,0,-0.285714286,0.142857143,-0.052857143,0,9.714285714,-0.066666667,0.05,0.050045695,-0.066727594,0.226364687,1.000913905,
Miguel Briceno MIN,R,0,0,-0.285714286,0.142857143,-0.052857143,0,9.716312057,-0.066666667,0.05,0.051086983,-0.068115978,0.231016361,1.021739669,
Randall Bednar NA,R,0,0,-0.285714286,0.142857143,-0.052857143,0,9.716312057,-0.066666667,0.05,0.049614403,-0.066152537,0.224326562,0.992288061,
Sheng-Ping Chen NA,L,0,0,-0.3,0.14,0.018,0,9.726027397,-0.068181818,0.05,0.050000455,-0.068182438,0.226069056,1.000009095,
Carlos Rodriguez OAK,R,0,0,-0.285714286,0.142857143,0.088571429,0,9.743589744,-0.066666667,0.05,0.050105876,-0.066807835,0.226441483,1.002117528,
Pablo Guerrero TEX,R,0,0,-0.285714286,0.142857143,-0.088571429,0,9.700598802,-0.066666667,0.05,0.050058235,-0.066744313,0.226198146,1.001164698,
Trey Snyder NYN,R,0.001428571,0,-0.285714286,0.142857143,-0.122857143,0,9.685863874,-0.066666667,0.05,0.049983477,-0.066644636,0.225630415,0.999669547,
Patrick Winkel MIN,L,-0.002,0,-0.3,0.14,-0.126,0,9.66442953,-0.068181818,0.05,0.050327047,-0.068627792,0.22716522,1.006540948,
Diego Mosquera NYN,R,0,0,-0.285714286,0.142857143,0.017142857,0,9.67032967,-0.066666667,0.05,0.047409699,-0.063212932,0.213959024,0.948193983,
Jack Rogers WAS,L,0,0,-0.3,0.14,-0.054,0,9.63963964,-0.068181818,0.05,0.048669707,-0.066367782,0.219637625,0.97339413,
Sean Keys TOR,L,0,0,-0.3,0.14,-0.09,0,9.689922481,-0.068181818,0.05,0.057395995,-0.078267266,0.258803135,1.147919908,
Brycelin Ball NA,L,0,0,-0.3,0.14,-0.09,0,9.689922481,-0.068181818,0.05,0.049765068,-0.067861457,0.224378749,0.995301364,
Greyson Mathis CHN,R,0,0,-0.285714286,0.142857143,-0.122857143,0,9.6875,-0.066666667,0.05,0.055696316,-0.074261755,0.251113526,1.113926328,
Daniel Pena MIN,R,0,0,-0.285714286,0.142857143,0.088571429,0,9.743589744,-0.066666667,0.05,0.049510096,-0.066013461,0.223212307,0.99020192,
Angel Tejada NA,R,0.002857143,0,-0.285714286,0.142857143,-0.052857143,0,9.712230216,-0.066666667,0.05,0.049894983,-0.066526644,0.224941551,0.997899656,
Carlos Santiago NA,B,0,0,-0.285714286,0.142857143,0.017142857,0,9.67032967,-0.066666667,0.05,0.05000992,-0.066679893,0.225379705,1.000198394,
Esteban GonzÃ¡lez CLE,L,0,0,-0.3,0.14,-0.054,0,9.63963964,-0.068181818,0.05,0.048132314,-0.065634973,0.216915972,0.96264627,
Ryan Cesarini CLE,L,0.002,0,-0.3,0.14,-0.054,0,9.724770642,-0.068181818,0.05,0.050320536,-0.068618913,0.226677914,1.006410728,
Carlos Amaya NA,R,0,0,-0.285714286,0.142857143,0.088571429,0,9.743589744,-0.066666667,0.05,0.049801727,-0.066402303,0.224319929,0.99603455,
Cody Milligan NA,L,0.008125,0,-0.2875,0.1375,0.016875,0,9.661835749,-0.068772943,0.049337111,0.049505021,-0.069006998,0.225977463,1.003403311,
Jake Snider TEX,L,0,0,-0.3,0.14,-0.054,0,9.63963964,-0.068181818,0.05,0.053188214,-0.072529382,0.239567161,1.063764275,
Bernard Moon CIN,R,0,0,-0.285714286,0.142857143,0.017142857,0,9.67032967,-0.066666667,0.05,0.050296223,-0.067061631,0.226541232,1.005924469,
Franyerber Montilla DET,B,0.001428571,0,-0.285714286,0.142857143,0.052857143,0,9.6875,-0.066666667,0.05,0.049728185,-0.066304246,0.223975743,0.99456369,
Edward Park CHA,L,0,0,-0.3,0.14,-0.054,0,9.63963964,-0.068181818,0.05,0.049973215,-0.068145293,0.225039381,0.999464297,
Angel Diaz LAN,R,0,0,-0.3,0.142857143,0.088571429,0,9.6,-0.07,0.05,0.050307561,-0.070430585,0.226464516,1.006151217,
John Dix ARI,B,0.001428571,0,-0.3,0.142857143,0.017142857,0,9.7,-0.07,0.05,0.049340417,-0.069076583,0.222084176,0.986808334,
Kevin Villavicencio NYN,R,0.001428571,0,-0.3,0.142857143,0.017142857,0,9.7,-0.07,0.05,0.049894689,-0.069852565,0.224544064,0.997893786,
Kevin Fitzer COL,R,0,0,-0.3,0.142857143,-0.088571429,0,9.662921348,-0.07,0.05,0.051921523,-0.072690133,0.233628163,1.038430466,
Blayberg Diaz MIL,R,0,0,-0.3,0.142857143,0.088571429,0,9.6,-0.07,0.05,0.05022003,-0.070308042,0.225938909,1.004400593,
Derek Berg PIT,R,0,0,-0.3,0.142857143,0.088571429,0,9.6,-0.07,0.05,0.058306835,-0.081629569,0.262273473,1.1661367,
JosÃ© Suarez SLN,R,0,0,-0.3,0.142857143,-0.052857143,0,9.671052632,-0.07,0.05,0.05230816,-0.073231424,0.235289426,1.046163196,
Hunter Bishop NA,L,0.002666667,0,-0.28,0.133333333,-0.050444444,0,9.67920354,-0.068406404,0.049404625,0.049243573,-0.068183409,0.224142938,0.99674015,
Jesus Caba MIA,B,0.001428571,0,-0.3,0.142857143,0.052857143,0,9.72972973,-0.07,0.05,0.053309377,-0.074633128,0.239739731,1.066187537,
Luis Pineda CHA,R,0,0,-0.3,0.142857143,0.088571429,0,9.6,-0.07,0.05,0.049961532,-0.069946145,0.224681008,0.999230647,
Logan Tanner CIN,R,0,0,-0.3,0.142857143,0.088571429,0,9.6,-0.07,0.05,0.050103825,-0.070145356,0.225277822,1.002076509,
Christopher Miller BOS,L,0,0,-0.3,0.14,-0.09,0,9.689922481,-0.068181818,0.05,0.049982904,-0.068158506,0.224713142,0.99965809,
Enrique Jimenez MIN,B,0,0,-0.3,0.142857143,0.088571429,0,9.6,-0.07,0.05,0.049950054,-0.069930076,0.224522497,0.999001086,
Andrew Miller NA,R,0,0,-0.3,0.142857143,0.088571429,0,9.6,-0.07,0.05,0.049912216,-0.069877102,0.224331452,0.998244315,
Jesus Pinto DET,R,0.001428571,0,-0.3,0.142857143,0.017142857,0,9.7,-0.07,0.05,0.051626475,-0.072277065,0.232031061,1.032529497,
Reginald Preciado CHN,R,0,0,-0.3,0.142857143,0.017142857,0,9.702970297,-0.07,0.05,0.049905915,-0.069868281,0.224283171,0.998118301,
Yordany De Los Santos PIT,R,0.002857143,0,-0.3,0.142857143,0.052857143,0,9.726027397,-0.07,0.05,0.050963856,-0.071349399,0.229013223,1.019277125,
Cameron Clayton MIA,R,0,0,-0.3,0.142857143,-0.088571429,0,9.662921348,-0.07,0.05,0.053619788,-0.075067703,0.240921214,1.072395759,
Max Ferguson BOS,L,0.002,0,-0.3,0.14,0.018,0,9.722222222,-0.068181818,0.05,0.050349887,-0.068658937,0.22617572,1.006997738,
Tevin Tucker COL,R,0.002857143,0,-0.3,0.142857143,0.017142857,0,9.696969697,-0.07,0.05,0.051191568,-0.071668196,0.229947406,1.023831368,
Justin Janas NA,L,0,0,-0.3,0.14,-0.054,0,9.63963964,-0.068181818,0.05,0.049753684,-0.067845933,0.223407974,0.995073688,
Cole Roberts NA,R,0,0,-0.3,0.142857143,0.017142857,0,9.702970297,-0.07,0.05,0.050056808,-0.070079531,0.224763075,1.001136151,
Yirer Garcia TBA,R,0,0,-0.3,0.142857143,0.088571429,0,9.6,-0.07,0.05,0.050009552,-0.070013373,0.22444387,1.000191042,
Sergio Tapia DET,R,0,0,-0.3,0.142857143,0.088571429,0,9.6,-0.07,0.05,0.048876181,-0.068426653,0.219258548,0.97752362,
Donta' Williams NA,L,0,0,-0.2875,0.1375,0.01625,0,9.63963964,-0.070041634,0.048724615,0.04884531,-0.070215133,0.224841573,1.002477074,
Canyon Brown KCA,R,0,0,-0.3,0.142857143,-0.122857143,0,9.702970297,-0.07,0.05,0.058631744,-0.082084442,0.262970408,1.172634882,
John Head NA,L,0,0,-0.3,0.14,-0.054,0,9.63963964,-0.068181818,0.05,0.050005402,-0.068189184,0.22421822,1.000108031,
Dante Nori PHI,L,0.002,0,-0.3,0.14,0.018,0,9.722222222,-0.068181818,0.05,0.056732375,-0.077362329,0.254285851,1.134647499,
Blaze O'Saben NA,R,0.001428571,0,-0.3,0.142857143,-0.052857143,0,9.668874172,-0.07,0.05,0.050204342,-0.070286078,0.225006822,1.004086831,
Enddy Azocar BOS,R,0,0,-0.3,0.142857143,0.017142857,0,9.702970297,-0.07,0.05,0.051303315,-0.071824642,0.229909652,1.02606631,
Bryan Rincon PHI,B,0.002857143,0,-0.3,0.142857143,0.052857143,0,9.726027397,-0.07,0.05,0.057653139,-0.080714395,0.258329881,1.153062788,
Yeuni Munoz TOR,R,0,0,-0.3,0.142857143,-0.052857143,0,9.671052632,-0.07,0.05,0.049899617,-0.069859463,0.223562259,0.997992335,
Wyatt Hoffman SDN,R,0.001428571,0,-0.3,0.142857143,-0.052857143,0,9.668874172,-0.07,0.05,0.050084128,-0.07011778,0.224375893,1.001682566,
Baron Radcliff NA,L,0,0,-0.3,0.14,-0.126,0,9.662162162,-0.068181818,0.05,0.049773727,-0.067873264,0.222933538,0.995474545,
Emilien Pitre TBA,L,0,0,-0.3,0.14,0.018,0,9.726027397,-0.068181818,0.05,0.049728727,-0.067811901,0.222717068,0.994574549,
Jay Harry TOR,L,0,0,-0.3,0.14,0.018,0,9.726027397,-0.068181818,0.05,0.050288692,-0.06857549,0.225211874,1.005773847,
Alberth Palma TBA,R,0,0,-0.3,0.142857143,0.052857143,0,9.733333333,-0.07,0.05,0.049650603,-0.069510844,0.222330433,0.99301205,
Hans Montero NYA,R,0,0,-0.3,0.142857143,-0.088571429,0,9.662921348,-0.07,0.05,0.05036572,-0.070512008,0.225509489,1.007314398,
Slate Alford LAA,R,0,0,-0.3,0.142857143,-0.088571429,0,9.662921348,-0.07,0.05,0.050329953,-0.070461935,0.225317135,1.006599066,
Luis Torres NA,R,0,0,-0.3,0.142857143,-0.088571429,0,9.662921348,-0.07,0.05,0.049969242,-0.069956939,0.223637344,0.999384846,
Cristhian Vaquero WAS,B,0.001428571,0,-0.3,0.142857143,0.017142857,0,9.7,-0.07,0.05,0.051527722,-0.072138811,0.23048247,1.03055444,
Cristian Gonzalez NA,R,0,0,-0.3,0.142857143,0.017142857,0,9.702970297,-0.07,0.05,0.050099389,-0.070139145,0.224066512,1.001987783,
Anthony DePino CHA,R,0,0,-0.3,0.142857143,-0.088571429,0,9.662921348,-0.07,0.05,0.058486832,-0.081881564,0.261493454,1.16973663,
Gavin Turley OAK,R,0,0,-0.3,0.142857143,-0.052857143,0,9.671052632,-0.07,0.05,0.0473382,-0.066273481,0.211637733,0.946764009,
Gavin Dugas WAS,R,0,0,-0.3,0.142857143,0.017142857,0,9.702970297,-0.07,0.05,0.050000081,-0.070000114,0.223513363,1.000001624,
Jamison Hobson COL,R,0.002857143,0,-0.3,0.142857143,0.017142857,0,9.696969697,-0.07,0.05,0.049209821,-0.06889375,0.219879323,0.984196424,
Colin Houck NYN,R,0,0,-0.3,0.142857143,0.017142857,0,9.702970297,-0.07,0.05,0.049220851,-0.068909191,0.219913838,0.98441701,
Raylin Ramos BAL,R,0,0,-0.3,0.142857143,-0.052857143,0,9.671052632,-0.07,0.046666667,0.046515645,-0.069773468,0.222588328,0.996763832,
Konner Piotto NA,L,0,0,-0.3,0.14,0.09,0,9.722222222,-0.068181818,0.05,0.049759427,-0.067853764,0.222214654,0.99518854,
Angel Feliz WAS,R,0,0,-0.3,0.142857143,0.017142857,0,9.702970297,-0.07,0.046666667,0.04918863,-0.073782946,0.235322273,1.054042082,
Jose Caguana NA,R,0,0,-0.3,0.142857143,-0.088571429,0,9.662921348,-0.07,0.046666667,0.046388209,-0.069582313,0.221765791,0.994033048,
Preston Palmeiro NA,L,0,0,-0.3,0.14,-0.054,0,9.63963964,-0.068181818,0.05,0.049835637,-0.067957687,0.222357641,0.996712736,
Yolfran Castillo TEX,R,0.001428571,0,-0.3,0.142857143,0.052857143,0,9.72972973,-0.07,0.046666667,0.047316634,-0.070974951,0.226176889,1.013927866,
Alirio Ferrebus PHI,R,0,0,-0.3,0.142857143,0.088571429,0,9.6,-0.07,0.046666667,0.04876794,-0.07315191,0.23308602,1.045027282,
Yoander Rivero WAS,R,0,0,-0.3,0.142857143,0.017142857,0,9.702970297,-0.07,0.046666667,0.046771941,-0.070157911,0.223486022,1.002255876,
Luis Lameda MIL,B,0,0,-0.3,0.142857143,0.017142857,0,9.702970297,-0.07,0.046666667,0.047201103,-0.070801655,0.225532603,1.011452213,
Carlos Jorge CIN,L,0.002,0,-0.3,0.14,-0.054,0,9.724770642,-0.068181818,0.05,0.055172617,-0.075235387,0.246019115,1.103452349,
Emmanuel Cedeno TBA,B,0,0,-0.3,0.142857143,0.017142857,0,9.702970297,-0.07,0.046666667,0.046272499,-0.069408748,0.221055956,0.991553546,
Elijah Green WAS,R,0.001428571,0,-0.3,0.142857143,0.017142857,0,9.7,-0.07,0.046666667,0.045132923,-0.067699385,0.21559546,0.967134065,
Eddy Rodriguez NA,R,0,0,-0.3,0.142857143,-0.052857143,0,9.671052632,-0.07,0.046666667,0.04651921,-0.069778815,0.222088025,0.996840214,
Yohander Martinez NA,R,0,0,-0.3,0.142857143,0.017142857,0,9.702970297,-0.07,0.046666667,0.04686824,-0.07030236,0.223714162,1.004319431,
Thomas Carr NA,R,0,0,-0.3,0.142857143,-0.088571429,0,9.662921348,-0.07,0.046666667,0.046646272,-0.069969408,0.222632662,0.999562978,
Juan Jerez NA,R,0,0,-0.3,0.142857143,-0.088571429,0,9.662921348,-0.07,0.046666667,0.046421335,-0.069632002,0.22155212,0.994742887,
Stone Russell KCA,R,0,0,-0.3,0.142857143,0.017142857,0,9.702970297,-0.07,0.046666667,0.047205129,-0.070807694,0.225278724,1.011538483,
Maximus Martin BOS,R,0,0,-0.3,0.142857143,0.052857143,0,9.733333333,-0.07,0.046666667,#N/A,#N/A,#N/A,#N/A,
Antonis Macias TEX,L,0,0,-0.3,0.14,-0.09,0,9.689922481,-0.068181818,0.05,0.049797186,-0.067905253,0.221777743,0.995943718,
Joshua Caron SEA,R,0,0,-0.3,0.142857143,0.088571429,0,9.6,-0.07,0.046666667,0.047198481,-0.070797721,0.225217664,1.011396012,
Rafhlmil Torres CIN,B,0,0,-0.3,0.142857143,0.017142857,0,9.702970297,-0.07,0.046666667,0.045737307,-0.06860596,0.218171854,0.980085146,
Yordalin PeÃ±a SLN,R,0,0,-0.3,0.142857143,-0.052857143,0,9.671052632,-0.07,0.046666667,0.045154256,-0.067731384,0.215373221,0.967591194,
Luis Merejo CLE,R,0,0,-0.3,0.142857143,-0.088571429,0,9.662921348,-0.07,0.046666667,0.046441865,-0.069662797,0.22147694,0.995182814,
Erick Alvarez NA,R,0,0,-0.3,0.142857143,-0.052857143,0,9.671052632,-0.07,0.046666667,0.046538562,-0.069807843,0.221923122,0.9972549,
Colton Bender NA,R,0,0,-0.3,0.142857143,-0.122857143,0,9.702970297,-0.07,0.046666667,0.046618623,-0.069927934,0.222281922,0.998970487,
Kay-Lan Nicasia MIL,B,0.001428571,0,-0.3,0.142857143,-0.052857143,0,9.668874172,-0.07,0.046666667,0.050504019,-0.075756028,0.240751575,1.082228973,
Edwin Sanchez HOU,R,0,0,-0.3,0.142857143,-0.088571429,0,9.662921348,-0.07,0.046666667,0.046273225,-0.069409837,0.220548765,0.991569098,
Josue Gonzalez NYA,R,0,0,-0.3,0.142857143,-0.088571429,0,9.662921348,-0.07,0.046666667,0.048329821,-0.072494732,0.230319905,1.035639024,
Jair Casanova NA,R,0,0,-0.3,0.142857143,-0.052857143,0,9.671052632,-0.07,0.046666667,0.046595173,-0.06989276,0.221990388,0.998467996,
Harrison Owen NA,R,0,0,-0.3,0.142857143,0.088571429,0,9.6,-0.07,0.046666667,0.046484757,-0.069727136,0.221438443,0.996101946,
Charles Hightower BAL,R,0,0,-0.3,0.142857143,0.017142857,0,9.702970297,-0.07,0.046666667,0.047046985,-0.070570478,0.224045137,1.008149685,
Connor Hujsak TBA,R,0.001428571,0,-0.3,0.142857143,-0.052857143,0,9.668874172,-0.07,0.046666667,0.050237848,-0.075356772,0.239231915,1.076525317,
Antonio Anderson BOS,B,0,0,-0.3,0.142857143,0.017142857,0,9.702970297,-0.07,0.046666667,0.046690434,-0.070035651,0.222333176,1.000509297,
Kelvin Hidalgo COL,R,0.001428571,0,-0.3,0.142857143,0.052857143,0,9.72972973,-0.07,0.046666667,0.047630115,-0.071445172,0.226774122,1.020645321,
Teo Banks WAS,R,0,0,-0.3,0.142857143,0.017142857,0,9.702970297,-0.07,0.046666667,0.047068233,-0.070602349,0.224048486,1.008604987,
Hector Osorio TEX,L,0,0,-0.32,0.14,0.018,0,9.642857143,-0.072727273,0.045454545,0.046308821,-0.074094113,0.226251746,1.018794054,
William McGillis NA,R,0,0,-0.3,0.142857143,0.017142857,0,9.702970297,-0.07,0.046666667,0.046594001,-0.069891002,0.221728205,0.998442884,
Juan Montero BOS,R,0,0,-0.3,0.142857143,-0.122857143,0,9.702970297,-0.07,0.046666667,0.046744014,-0.070116021,0.22240802,1.001657449,
Dom Nunez CLE,L,-0.000543478,-0.006521739,-0.284782609,0.130434783,0.083369565,-0.000666667,9.679144385,-0.070950329,0.047119684,0.046211569,-0.069582937,0.217735231,0.980727481,
John Bay NYN,R,0,0,-0.3,0.142857143,-0.052857143,0,9.671052632,-0.07,0.046666667,0.05068419,-0.076026286,0.241103246,1.086089796,
Elian Rayo NA,R,0,0,-0.3,0.142857143,0.017142857,0,9.702970297,-0.07,0.046666667,0.046441399,-0.069662099,0.220854727,0.995172837,
Andrew Yerzy SLN,L,0,0,-0.32,0.14,0.09,0,9.782608696,-0.072727273,0.045454545,0.043677934,-0.069884695,0.21317505,0.960914553,
Victor Duarte SDN,R,0,0,-0.3,0.142857143,0.088571429,0,9.6,-0.07,0.046666667,0.049395572,-0.074093358,0.234807144,1.058476543,
David Smith NA,B,0.001428571,0,-0.3,0.142857143,-0.052857143,0,9.668874172,-0.07,0.046666667,0.046558664,-0.069837995,0.221244774,0.997685648,
Reidy Mercado NA,B,0.001428571,0,-0.3,0.142857143,-0.052857143,0,9.668874172,-0.07,0.046666667,0.046114036,-0.069171054,0.219121053,0.988157914,
Sergio Campana NA,R,0.001428571,0,-0.3,0.142857143,0.017142857,0,9.7,-0.07,0.046666667,0.046705747,-0.070058621,0.221891666,1.000837442,
Jackson Cluff NYN,L,0.002,0,-0.32,0.14,0.018,0,9.638554217,-0.072727273,0.045454545,0.044258935,-0.070814296,0.215815951,0.973696575,
Chandler Seagle NA,R,0,0,-0.3,0.142857143,-0.122857143,0,9.702970297,-0.07,0.046666667,0.046465818,-0.069698728,0.220646258,0.99569611,
Jeremy Celedonio NA,R,0,0,-0.3,0.142857143,-0.122857143,0,9.702970297,-0.07,0.046666667,0.046554576,-0.069831865,0.221060748,0.997598065,
Jose Colmenares NA,R,0,0,-0.3,0.142857143,0.088571429,0,9.6,-0.07,0.046666667,0.046946485,-0.070419727,0.222913646,1.005996101,
Justin Williams NA,R,0,0,-0.3,0.142857143,-0.088571429,0,9.662921348,-0.07,0.046666667,0.046477531,-0.069716296,0.220627178,0.995947085,
Felix Tena NA,R,0,0,-0.3,0.142857143,-0.052857143,0,9.671052632,-0.07,0.046666667,0.046482694,-0.06972404,0.220611844,0.996057719,
Jhonny Severino PIT,R,0,0,-0.3,0.142857143,0.017142857,0,9.702970297,-0.07,0.046666667,0.048619452,-0.072929179,0.230723959,1.04184541,
Richard Ramirez PIT,R,0,0,-0.3,0.142857143,0.088571429,0,9.6,-0.07,0.046666667,0.047055359,-0.070583039,0.223287428,1.008329132,
Nathan Rombach WAS,R,0,0,-0.3,0.142857143,0.088571429,0,9.6,-0.07,0.046666667,0.045612785,-0.068419177,0.216406924,0.977416812,
Joshua Springer TEX,R,0,0,-0.3,0.142857143,0.088571429,0,9.6,-0.07,0.046666667,0.048919353,-0.07337903,0.232064326,1.048271852,
Jose De Jesus NA,B,0,0,-0.3,0.142857143,0.017142857,0,9.702970297,-0.07,0.046666667,0.046671656,-0.070007484,0.221305659,1.000106918,
Edwin Amparo BAL,B,0.001428571,0,-0.3,0.142857143,0.017142857,0,9.7,-0.07,0.046666667,0.044687197,-0.067030796,0.211888177,0.957582802,
Alexander Ramirez CHN,R,0,0,-0.3,0.142857143,-0.052857143,0,9.671052632,-0.07,0.046666667,0.047689158,-0.071533737,0.226117121,1.02191053,
Samuel Ruta KCA,L,-0.002,0,-0.32,0.14,0.018,0,9.647058824,-0.072727273,0.045454545,0.045570882,-0.072913411,0.221831305,1.002559397,
Dillon Tatum NA,R,0,0,-0.3,0.142857143,0.088571429,0,9.6,-0.07,0.046666667,0.046690441,-0.070035661,0.221373721,1.000509448,
Jack Hurley ARI,L,0,0,-0.32,0.14,0.018,0,9.642857143,-0.072727273,0.045454545,0.047225354,-0.075560567,0.229844477,1.038957794,
Jhoneiker Betancourt NA,R,0,0,-0.3,0.142857143,-0.088571429,0,9.662921348,-0.07,0.046666667,0.046878695,-0.070318043,0.22222611,1.004543466,
Brett Callahan DET,L,0,0,-0.32,0.14,-0.054,0,9.669421488,-0.072727273,0.045454545,0.051575884,-0.082521415,0.250991152,1.134669451,
Anthony Vilar SDN,L,0,0,-0.32,0.14,0.09,0,9.782608696,-0.072727273,0.045454545,0.045442578,-0.072708125,0.221135763,0.999736715,
Aldrin Lucas NA,R,0,0,-0.3,0.142857143,-0.088571429,0,9.662921348,-0.07,0.046666667,0.046710458,-0.070065687,0.22138655,1.00093838,
Kleyver Salazar BOS,R,0,0,-0.3,0.142857143,0.088571429,0,9.6,-0.07,0.046666667,0.046819877,-0.070229815,0.221899126,1.003283068,
Devin Fitz-Gerald WAS,B,0,0,-0.3,0.142857143,0.052857143,0,9.733333333,-0.07,0.046666667,0.053428994,-0.080143491,0.253148099,1.144907009,
Ricardo Hurtado DET,R,-0.001428571,0,-0.3,0.142857143,0.088571429,0,9.607843137,-0.07,0.046666667,0.050578721,-0.075868082,0.23963909,1.083829736,
Wilber Sanchez CHA,R,0.001428571,0,-0.3,0.142857143,0.052857143,0,9.72972973,-0.07,0.046666667,0.046693882,-0.070040822,0.221221936,1.000583175,
Daneurys De La Cruz NA,R,0,0,-0.3,0.142857143,-0.088571429,0,9.662921348,-0.07,0.046666667,0.046466606,-0.069699908,0.220141186,0.995712975,
Jean Perez NA,R,0,0,-0.3,0.142857143,0.017142857,0,9.702970297,-0.07,0.046666667,0.046733933,-0.070100899,0.221365621,1.001441417,
Edinson Duran NYA,R,0,0,-0.3,0.142857143,-0.122857143,0,9.702970297,-0.07,0.046666667,0.046566065,-0.069849097,0.22054553,0.997844242,
Hector Nieves NA,L,0,0,-0.32,0.14,0.018,0,9.642857143,-0.072727273,0.045454545,0.045566157,-0.072905852,0.221545665,1.002455464,
Rafael Cruz NA,R,0,0,-0.314285714,0.142857143,-0.088571429,0,9.680851064,-0.073333333,0.046666667,0.046698589,-0.073383496,0.220989062,1.00068404,
Connor Hoover NA,L,0,0,-0.32,0.14,0.018,0,9.642857143,-0.072727273,0.045454545,0.045570202,-0.072912323,0.221227471,1.002544438,
Yophery Rodriguez BOS,L,0,0,-0.32,0.14,-0.054,0,9.669421488,-0.072727273,0.045454545,0.045967425,-0.073547881,0.223142707,1.011283359,
Albert Feliz NA,R,0,0,-0.314285714,0.142857143,-0.088571429,0,9.680851064,-0.073333333,0.046666667,0.04666462,-0.073330117,0.220619324,0.999956144,
Miguel Sosa PIT,R,0,0,-0.314285714,0.142857143,-0.052857143,0,9.691358025,-0.073333333,0.046666667,0.047021352,-0.073890696,0.222223245,1.007600398,
Jacob Pearson NA,L,0,0,-0.32,0.14,-0.054,0,9.669421488,-0.072727273,0.045454545,0.045318915,-0.072510263,0.219872962,0.99701612,
Owen Cobb NYA,R,0.001428571,0,-0.314285714,0.142857143,0.017142857,0,9.63963964,-0.073333333,0.046666667,0.047261152,-0.074267524,0.223259317,1.012738962,
Theodore Hardy TEX,B,0.001428571,0,-0.314285714,0.142857143,0.017142857,0,9.63963964,-0.073333333,0.046666667,0.044855563,-0.070487314,0.211893516,0.961190643,
Alexis Hernandez CHN,R,0,0,-0.314285714,0.142857143,0.017142857,0,9.642857143,-0.073333333,0.046666667,0.045770477,-0.071925036,0.216141925,0.980795942,
Nicholas Decker NA,L,0,0,-0.32,0.14,-0.054,0,9.669421488,-0.072727273,0.045454545,0.045454394,-0.072727031,0.220256267,0.999996672,
Hyungchan Um KCA,R,0,0,-0.314285714,0.142857143,0.088571429,0,9.666666667,-0.073333333,0.046666667,0.04715203,-0.074096047,0.222411411,1.010400646,
Eduardo Tait MIN,L,0,0,-0.32,0.14,0.09,0,9.782608696,-0.072727273,0.045454545,0.044912102,-0.071859363,0.217471403,0.988066239,
Enyervert Perez ARI,R,0,0,-0.314285714,0.142857143,-0.088571429,0,9.680851064,-0.073333333,0.046666667,0.045336062,-0.071242384,0.213770868,0.97148705,
Alvaro Aguero NA,R,0.001428571,0,-0.314285714,0.142857143,0.017142857,0,9.63963964,-0.073333333,0.046666667,0.046434758,-0.072968906,0.218750498,0.995030535,
Alexander Benua ARI,R,0,0,-0.314285714,0.142857143,-0.052857143,0,9.691358025,-0.073333333,0.046666667,0.046692825,-0.073374439,0.219951221,1.000560534,
Keoni Cavaco NA,R,0,0,-0.314285714,0.142857143,-0.088571429,0,9.680851064,-0.073333333,0.046666667,0.046986952,-0.073836638,0.221329686,1.006863248,
Cade Hunter CIN,L,0,0,-0.32,0.14,0.09,0,9.782608696,-0.072727273,0.045454545,0.046269699,-0.074031519,0.223750919,1.017933383,
Cameron Leary OAK,L,0.002,0,-0.32,0.14,0.018,0,9.638554217,-0.072727273,0.045454545,0.050383502,-0.080613604,0.243590127,1.108437054,
Michael Trautwein CIN,L,0,0,-0.32,0.14,0.09,0,9.782608696,-0.072727273,0.045454545,0.044593565,-0.071349704,0.21559642,0.981058432,
Stanley Tucker BOS,R,0.001428571,0,-0.314285714,0.142857143,-0.052857143,0,9.689440994,-0.073333333,0.046666667,0.047431467,-0.074535162,0.223310733,1.016388571,
Juan Centeno ARI,L,0,0,-0.32,0.14,0.09,0,9.782608696,-0.072727273,0.045454545,0.045312596,-0.072500153,0.219020879,0.996877109,
Jose Ortiz SFN,R,0,0,-0.314285714,0.142857143,-0.052857143,0,9.691358025,-0.073333333,0.046666667,0.046843299,-0.073610898,0.220515499,1.003784978,
Anthony Quirion NA,R,0,0,-0.314285714,0.142857143,0.088571429,0,9.666666667,-0.073333333,0.046666667,0.046734732,-0.073440293,0.21986121,1.001458543,
Angel Cepeda CHN,R,0,0,-0.314285714,0.142857143,0.017142857,0,9.642857143,-0.073333333,0.046666667,0.046442867,-0.072981648,0.218458289,0.99520429,
Devin Hurdle NA,R,0,0,-0.314285714,0.142857143,0.017142857,0,9.642857143,-0.073333333,0.046666667,0.046846343,-0.073615683,0.220275857,1.003850217,
Simon Juan NYN,R,0,0,-0.314285714,0.142857143,-0.052857143,0,9.691358025,-0.073333333,0.046666667,0.044861465,-0.070496588,0.210934123,0.96131711,
Jalen Vasquez NA,L,0,0,-0.32,0.14,0.018,0,9.642857143,-0.072727273,0.045454545,0.045515317,-0.072824508,0.219684321,1.001336978,
Benjamin Blackwell NA,R,0.001428571,0,-0.314285714,0.142857143,0.017142857,0,9.63963964,-0.073333333,0.046666667,0.046556085,-0.073159561,0.218812267,0.997630382,
Bryan Andrade OAK,R,0,0,-0.314285714,0.142857143,0.017142857,0,9.642857143,-0.073333333,0.046666667,0.047666929,-0.074905174,0.224002561,1.021434191,
Jorgelys Mota WAS,R,0.001428571,0,-0.314285714,0.142857143,0.017142857,0,9.63963964,-0.073333333,0.046666667,0.046969809,-0.073809699,0.220716499,1.0064959,
Ryan Campos SLN,L,0,0,-0.32,0.14,-0.126,0,9.683544304,-0.072727273,0.045454545,0.050168028,-0.080268845,0.242013076,1.103696618,
Braylin Tavera BAL,R,0,0,-0.314285714,0.142857143,0.017142857,0,9.642857143,-0.073333333,0.046666667,0.048436069,-0.076113822,0.227582751,1.037915761,
Michael Berglund NA,L,0,0,-0.32,0.14,0.09,0,9.782608696,-0.072727273,0.045454545,0.045429697,-0.072687515,0.21913414,0.999453328,
Nehomar Ochoa HOU,R,0,0,-0.314285714,0.142857143,-0.052857143,0,9.691358025,-0.073333333,0.043333333,0.044187846,-0.074779432,0.223557192,1.019719533,
Christopher Familia NA,L,0,0,-0.32,0.14,-0.054,0,9.669421488,-0.072727273,0.045454545,0.04512937,-0.072206993,0.217593155,0.99284615,
Caden Powell HOU,R,0.001428571,0,-0.314285714,0.142857143,-0.122857143,0,9.669811321,-0.073333333,0.043333333,0.044591847,-0.075463126,0.225488967,1.029042633,
Elis Barreat NA,R,0,0,-0.314285714,0.142857143,0.017142857,0,9.642857143,-0.073333333,0.043333333,0.043298147,-0.073273787,0.218897113,0.999188009,
Randal Diaz WAS,R,0.001428571,0,-0.314285714,0.142857143,0.017142857,0,9.63963964,-0.073333333,0.043333333,0.045786096,-0.077484162,0.231426525,1.056602208,
Anthony Stephan CIN,L,0,0,-0.32,0.14,-0.054,0,9.669421488,-0.072727273,0.045454545,0.045563964,-0.072902343,0.219548231,1.002407217,
Miguel Pabon NA,R,0,0,-0.314285714,0.142857143,0.088571429,0,9.666666667,-0.073333333,0.043333333,0.043394471,-0.073436797,0.219326005,1.001410872,
William Hawke CLE,L,0.004,0,-0.32,0.14,-0.054,0,9.663865546,-0.072727273,0.045454545,0.045028698,-0.072045916,0.216915575,0.990631351,
Caeden Trenkle NA,L,0,0,-0.266666667,0.116666667,-0.046666667,0,9.672131148,-0.071719789,0.044824868,0.044703561,-0.071525697,0.218360457,0.997293743,
Izaac Pacheco DET,L,0,0,-0.32,0.14,0.018,0,9.642857143,-0.072727273,0.045454545,0.04618451,-0.073895216,0.222452957,1.016059218,
Luis Guevara BAL,B,0,0,-0.314285714,0.142857143,0.017142857,0,9.642857143,-0.073333333,0.043333333,0.043472063,-0.073568106,0.219626881,1.003201452,
Max Holy HOU,R,0.002857143,0,-0.314285714,0.142857143,0.052857143,0,9.642857143,-0.073333333,0.043333333,0.045692747,-0.077326187,0.230818667,1.054447999,
Loidel Chapelli NA,L,0,0,-0.32,0.14,0.018,0,9.642857143,-0.072727273,0.045454545,0.045403543,-0.072645669,0.2186384,0.998877944,
Alberto Rios LAA,R,0,0,-0.314285714,0.142857143,0.088571429,0,9.666666667,-0.073333333,0.043333333,0.04309974,-0.072938021,0.217652359,0.994609376,
Filippo Di Turi MIL,B,0,0,-0.314285714,0.142857143,0.017142857,0,9.642857143,-0.073333333,0.043333333,0.042702024,-0.072264963,0.215616314,0.985431318,
Luis Pino SLN,R,0,0,-0.314285714,0.142857143,-0.052857143,0,9.691358025,-0.073333333,0.043333333,0.042351295,-0.071671422,0.213776958,0.977337579,
Ryan Stafford BAL,R,0.001428571,0,-0.314285714,0.142857143,0.088571429,0,9.661016949,-0.073333333,0.043333333,0.042712412,-0.072282544,0.215595829,0.985671051,
David Martin ARI,L,0,0,-0.32,0.14,0.09,0,9.782608696,-0.072727273,0.045454545,0.045239778,-0.072383646,0.217673637,0.995275126,
Hudson White BOS,R,0,0,-0.314285714,0.142857143,0.088571429,0,9.666666667,-0.073333333,0.043333333,0.043497225,-0.073610688,0.219474952,1.003782116,
Byron Chourio MIN,B,0.001428571,0,-0.314285714,0.142857143,0.017142857,0,9.63963964,-0.073333333,0.043333333,0.043146864,-0.07301777,0.217688209,0.995696861,
Jesus Fernandez OAK,R,0,0,-0.314285714,0.142857143,0.052857143,0,9.651162791,-0.073333333,0.043333333,0.04296148,-0.072704043,0.216731083,0.99141877,
Marco Vargas NYN,L,0.002,0,-0.32,0.14,0.054,0,9.6875,-0.072727273,0.045454545,0.048834937,-0.078135899,0.234863425,1.074368613,
Carlos Virahonda ARI,R,0,0,-0.314285714,0.142857143,0.088571429,0,9.666666667,-0.073333333,0.043333333,0.043975088,-0.074419379,0.221733894,1.014809719,
Paulino Santana TEX,R,0,0,-0.314285714,0.142857143,-0.052857143,0,9.691358025,-0.073333333,0.043333333,0.045089132,-0.076304685,0.22733559,1.040518439,
Anthony Scull LAA,L,0,0,-0.32,0.14,0.018,0,9.642857143,-0.072727273,0.045454545,0.044466383,-0.071146213,0.213629579,0.978260435,
Edgar Alvarez CHN,L,0,0,-0.32,0.14,-0.09,0,9.712230216,-0.072727273,0.045454545,0.050047687,-0.080076299,0.240343605,1.101049105,
Yhoangel Aponte TOR,R,0,0,-0.314285714,0.142857143,0.017142857,0,9.642857143,-0.073333333,0.043333333,0.043149811,-0.073022758,0.217351574,0.995764876,
Roderick Arias NYA,B,0,0,-0.314285714,0.142857143,0.017142857,0,9.642857143,-0.073333333,0.043333333,0.044204609,-0.074807799,0.222663715,1.020106357,
Benjamin Newton OAK,B,0,0,-0.314285714,0.142857143,0.017142857,0,9.642857143,-0.073333333,0.043333333,0.043404828,-0.073454324,0.218623106,1.001649872,
Luis Cova MIA,R,0.001428571,0,-0.314285714,0.142857143,0.017142857,0,9.63963964,-0.073333333,0.043333333,0.04314191,-0.073009387,0.217247063,0.995582546,
Fernando Gonzalez SFN,R,0,0,-0.314285714,0.142857143,0.088571429,0,9.666666667,-0.073333333,0.043333333,0.04446909,-0.075255382,0.223831742,1.026209761,
Juan Sulbaran TEX,R,0,0,-0.314285714,0.142857143,0.088571429,0,9.666666667,-0.073333333,0.043333333,0.042245228,-0.071491925,0.212577663,0.97488988,
Adrian De Leon ARI,R,0,0,-0.314285714,0.142857143,0.088571429,0,9.666666667,-0.073333333,0.043333333,0.047726117,-0.080767275,0.240151948,1.101371936,
Gavin Logan ARI,L,0,0,-0.32,0.14,0.09,0,9.782608696,-0.072727273,0.045454545,0.046648842,-0.074638147,0.223708347,1.026274524,
Austin Hendrick CIN,L,0.005428571,0,-0.302857143,0.131428571,-0.050285714,0,9.680306905,-0.074387504,0.044211441,0.044688177,-0.075189631,0.22031736,1.0107831,
Nicholas Schwartz OAK,R,0,0,-0.314285714,0.142857143,0.088571429,0,9.666666667,-0.073333333,0.043333333,0.043410718,-0.073464293,0.218287124,1.001785808,
Gunner Gouldsmith OAK,B,0,0,-0.314285714,0.142857143,0.017142857,0,9.642857143,-0.073333333,0.043333333,0.044863964,-0.075923632,0.225593612,1.035322249,
Luke Mann OAK,L,0,0,-0.32,0.14,-0.09,0,9.712230216,-0.072727273,0.045454545,0.044655437,-0.071448699,0.214050568,0.982419614,
Juan Santander NA,R,0,0,-0.314285714,0.142857143,-0.088571429,0,9.680851064,-0.073333333,0.043333333,0.04345548,-0.073540043,0.21840089,1.002818763,
Addison Kopack NA,R,0,0,-0.314285714,0.142857143,0.088571429,0,9.666666667,-0.073333333,0.043333333,0.043202683,-0.073112232,0.217065565,0.996984985,
Dariel Ramon TOR,R,0,0,-0.314285714,0.142857143,0.052857143,0,9.651162791,-0.073333333,0.043333333,0.044857964,-0.075913478,0.22531914,1.035183795,
Marshall Toole TBA,L,0.002,0,-0.32,0.14,-0.054,0,9.666666667,-0.072727273,0.045454545,0.044111553,-0.070578485,0.211225174,0.970454175,
Diego Omana CIN,R,0,0,-0.314285714,0.142857143,0.088571429,0,9.666666667,-0.073333333,0.043333333,0.042653014,-0.072182024,0.214189657,0.984300327,
Stephen Paolini NA,L,0.002,0,-0.32,0.14,-0.054,0,9.666666667,-0.072727273,0.045454545,0.045205896,-0.072329433,0.216399719,0.994529707,
Kasen Wells SDN,L,0,0,-0.32,0.14,0.018,0,9.642857143,-0.072727273,0.045454545,0.04490489,-0.071847824,0.214956836,0.987907587,
Jose Rodriguez NA,R,0,0,-0.314285714,0.142857143,-0.052857143,0,9.691358025,-0.073333333,0.043333333,0.043276649,-0.073237405,0.21724345,0.998691893,
Kyle Battle NA,R,0,0,-0.314285714,0.142857143,-0.052857143,0,9.691358025,-0.073333333,0.043333333,0.043369008,-0.073393706,0.217703081,1.00082327,
Jefrey De Los Santos NA,L,0,0,-0.32,0.14,-0.054,0,9.669421488,-0.072727273,0.045454545,0.045383174,-0.072613078,0.217163479,0.998429825,
Jhonny Perdomo NA,R,0.001428571,0,-0.314285714,0.142857143,0.017142857,0,9.63963964,-0.073333333,0.043333333,0.043202787,-0.073112409,0.21677098,0.996987389,
Garrett Spain MIN,L,0.004545455,0,-0.3,0.131818182,-0.05,0,9.690721649,-0.073996238,0.04372505,0.044536433,-0.075369348,0.221439272,1.018556482,
Jason Hinchman NA,R,0,0,-0.314285714,0.142857143,-0.088571429,0,9.680851064,-0.073333333,0.043333333,0.043345475,-0.073353881,0.217354884,1.000280192,
Clayton Campbell DET,R,0,0,-0.314285714,0.142857143,-0.088571429,0,9.680851064,-0.073333333,0.043333333,0.04561664,-0.077197391,0.228703588,1.0526917,
Slade Caldwell ARI,L,0,0,-0.32,0.14,0.018,0,9.642857143,-0.072727273,0.045454545,0.044887942,-0.071820708,0.214533032,0.987534729,
Angel Del Rosario NA,R,0.004285714,0,-0.314285714,0.142857143,0.052857143,0,9.638554217,-0.073333333,0.043333333,0.043438339,-0.073511036,0.217706274,1.002423216,
Jack Moss CIN,L,0,0,-0.32,0.14,-0.09,0,9.712230216,-0.072727273,0.045454545,0.045990305,-0.073584488,0.219642707,1.011786714,
Cody Morissette MIA,L,0.000909091,0,-0.309090909,0.136363636,0.017272727,0,9.659090909,-0.074216253,0.04365662,0.043797615,-0.074455946,0.217737954,1.003229652,
Victor Figueroa BAL,L,0,0,-0.32,0.14,-0.09,0,9.712230216,-0.072727273,0.045454545,0.048038588,-0.076861741,0.229352073,1.056848941,
Jackie Bradley Jr. NA,L,0,-0.05,-0.3,0.133333333,0.016666667,0,9.677419355,-0.075,0.041666667,0.041833589,-0.075300459,0.217698648,1.004006125,
Brett Phillips NA,L,0.002,-0.06,-0.34,0.14,0.018,0,9.677419355,-0.077272727,0.040909091,0.040990865,-0.077427189,0.217137173,1.001998916,
Brennan Orf TOR,L,0,0,-0.34,0.14,-0.09,0,9.666666667,-0.077272727,0.040909091,0.039320893,-0.074272798,0.20828041,0.96117738,
D'Angelo Ortiz BOS,R,0,0,-0.328571429,0.142857143,-0.088571429,0,9.696969697,-0.076666667,0.043333333,0.043712737,-0.07733792,0.218522664,1.008755477,
Mairoshendrick Martinus LAN,R,0,0,-0.328571429,0.142857143,0.017142857,0,9.672131148,-0.076666667,0.043333333,0.043572178,-0.077089238,0.217753635,1.005511798,
Enderso Lira NA,R,0,0,-0.328571429,0.142857143,0.088571429,0,9.714285714,-0.076666667,0.043333333,0.043232065,-0.0764875,0.216031961,0.997663048,
Eli Serrano NYN,L,0,0,-0.34,0.14,-0.054,0,9.694656489,-0.077272727,0.040909091,0.045924429,-0.086746144,0.243079329,1.122597151,
Jack Alexander NA,R,0,0,-0.328571429,0.142857143,0.088571429,0,9.714285714,-0.076666667,0.043333333,0.043274406,-0.076562411,0.216218574,0.998640146,
Waner Luciano HOU,R,0,0,-0.328571429,0.142857143,0.017142857,0,9.672131148,-0.076666667,0.043333333,0.043344333,-0.076686127,0.216505942,1.000253831,
Douglas Glod ATL,R,0,0,-0.328571429,0.142857143,-0.052857143,0,9.709302326,-0.076666667,0.043333333,0.043472865,-0.07691353,0.217142947,1.003219958,
Carlos Renzullo COL,B,0,0,-0.328571429,0.142857143,-0.052857143,0,9.709302326,-0.076666667,0.043333333,0.043795837,-0.077484942,0.218730896,1.01067316,
Braden Barry TOR,R,0.001428571,0,-0.328571429,0.142857143,0.017142857,0,9.669421488,-0.076666667,0.043333333,0.043033433,-0.076136073,0.214895391,0.993079217,
Brennon McNair KCA,R,0,0,-0.328571429,0.142857143,-0.052857143,0,9.709302326,-0.076666667,0.043333333,0.043340953,-0.076680148,0.216423049,1.000175839,
Cameron Barstad CLE,L,0,0,-0.34,0.14,-0.126,0,9.702380952,-0.077272727,0.040909091,0.040332259,-0.076183155,0.213300377,0.985899658,
Santiago Gomez NYA,R,0.001428571,0,-0.328571429,0.142857143,0.017142857,0,9.669421488,-0.076666667,0.043333333,0.042078412,-0.074446421,0.210062228,0.971040268,
Renny Hidalgo NA,R,0,0,-0.328571429,0.142857143,-0.052857143,0,9.709302326,-0.076666667,0.043333333,0.043439517,-0.07685453,0.216783906,1.002450387,
Daniel Vellojin TBA,L,0,0,-0.34,0.14,-0.126,0,9.702380952,-0.077272727,0.040909091,0.040512928,-0.07652442,0.21412118,0.990316028,
Tayden Hall MIL,L,0,0,-0.34,0.14,-0.09,0,9.666666667,-0.077272727,0.040909091,0.040537006,-0.0765699,0.214090882,0.99090459,
Javier Francisco NA,R,0,0,-0.328571429,0.142857143,0.017142857,0,9.672131148,-0.076666667,0.043333333,0.043501522,-0.076964232,0.216754032,1.003881287,
Charles Pagliarini SEA,L,0,0,-0.34,0.14,-0.09,0,9.666666667,-0.077272727,0.040909091,0.043799578,-0.082732536,0.231158989,1.070656352,
Bradley Zimmer NA,L,0,-0.06,-0.34,0.14,0.018,0,9.68,-0.077272727,0.040909091,0.040780551,-0.07702993,0.215212653,0.996857919,
Dylan Dreiling TEX,L,0,0,-0.34,0.14,0.018,0,9.680851064,-0.077272727,0.040909091,0.045615814,-0.086163204,0.240608415,1.115053225,
Ian Farrow NA,R,0,0,-0.328571429,0.142857143,-0.052857143,0,9.709302326,-0.076666667,0.043333333,0.043293042,-0.076595382,0.215451488,0.999070206,
Kale Fountain SDN,R,0,0,-0.328571429,0.142857143,-0.088571429,0,9.696969697,-0.076666667,0.043333333,0.043395807,-0.076777198,0.215935869,1.001441711,
Andy Perez COL,L,0,0,-0.34,0.14,0.054,0,9.733333333,-0.077272727,0.040909091,0.045096651,-0.085182563,0.237693624,1.102362579,
Logan Braunschweig ATL,L,0,0,-0.34,0.14,-0.054,0,9.694656489,-0.077272727,0.040909091,0.041103823,-0.077640555,0.216573029,1.004760117,
Julio Henriquez MIA,R,0,0,-0.328571429,0.142857143,-0.088571429,0,9.696969697,-0.076666667,0.043333333,0.045025641,-0.07966075,0.223961697,1.039053265,
Lucas Shliger SFN,L,0,0,-0.34,0.14,0.09,0,9.649122807,-0.077272727,0.040909091,0.04045384,-0.076412809,0.213142384,0.988871649,
Jose Escorche NA,R,0,0,-0.328571429,0.142857143,0.017142857,0,9.672131148,-0.076666667,0.043333333,0.043177399,-0.076390782,0.214701608,0.996401509,
Joel Mendez NA,R,0,0,-0.328571429,0.142857143,-0.052857143,0,9.709302326,-0.076666667,0.043333333,0.043456157,-0.07688397,0.216087745,1.002834386,
Maxton Martin TEX,L,0,0,-0.34,0.14,-0.054,0,9.694656489,-0.077272727,0.040909091,0.04020314,-0.075939264,0.211730103,0.982743414,
Marco Soto NA,R,0,0,-0.328571429,0.142857143,0.017142857,0,9.672131148,-0.076666667,0.043333333,0.043716297,-0.077344217,0.217267305,1.008837619,
Moises Gallardo NA,R,0,0,-0.328571429,0.142857143,-0.052857143,0,9.709302326,-0.076666667,0.043333333,0.04345165,-0.076875996,0.215786575,1.00273038,
Dionmy Salon NA,R,0,0,-0.328571429,0.142857143,0.088571429,0,9.714285714,-0.076666667,0.043333333,0.043473957,-0.076915462,0.215892337,1.003245151,
George Feliz SEA,R,0,0,-0.328571429,0.142857143,0.017142857,0,9.672131148,-0.076666667,0.043333333,0.043358471,-0.076711141,0.215313831,1.000580099,
Leosdany Molina NA,R,0,0,-0.328571429,0.142857143,0.052857143,0,9.6875,-0.076666667,0.043333333,0.043352096,-0.076699862,0.215274171,1.000432989,
Jose Hernandez NA,R,0,0,-0.328571429,0.142857143,0.088571429,0,9.714285714,-0.076666667,0.043333333,0.043220995,-0.076467913,0.214570295,0.997407567,
Jeral Toledo NA,B,0,0,-0.328571429,0.142857143,0.017142857,0,9.672131148,-0.076666667,0.043333333,0.042947663,-0.075984327,0.213213342,0.991099913,
Kaden Hollow SDN,L,0,0,-0.34,0.14,-0.054,0,9.694656489,-0.077272727,0.040909091,0.040623381,-0.076733054,0.213528228,0.993015988,
Austin Callahan CIN,L,0,0,-0.3,0.128571429,0.015714286,0,9.646017699,-0.077533864,0.040612977,0.040515707,-0.077348168,0.214469106,0.997604966,
Luis Chevalier NA,B,0,0,-0.328571429,0.142857143,0.017142857,0,9.672131148,-0.076666667,0.04,0.039994779,-0.07665666,0.214951941,0.999869481,
Kevin Graham NA,L,0.006666667,0,-0.306666667,0.126666667,-0.049333333,0,9.68115942,-0.076680704,0.041674295,0.041706457,-0.07673988,0.215104875,1.000771731,
Jorge Lara ARI,B,0,0,-0.328571429,0.142857143,0.017142857,0,9.672131148,-0.076666667,0.04,0.039884464,-0.076445223,0.214292246,0.997111603,
Carlos Sanchez CIN,L,0,0,-0.34,0.14,0.018,0,9.680851064,-0.077272727,0.040909091,0.042246091,-0.079798173,0.221912053,1.032682236,
Matthew Clayton NA,R,0,0,-0.328571429,0.142857143,0.088571429,0,9.714285714,-0.076666667,0.04,0.040087679,-0.076834719,0.215338987,1.002191983,
Kevyn Castillo LAA,L,0,0,-0.34,0.14,0.018,0,9.680851064,-0.077272727,0.040909091,0.04031491,-0.076150386,0.211703806,0.98547558,
Diego Gonzalez NA,R,0,0,-0.328571429,0.142857143,0.052857143,0,9.6875,-0.076666667,0.04,0.039841827,-0.076363502,0.213885869,0.99604568,
Dakota Kotowski NA,R,0,0,-0.328571429,0.142857143,-0.088571429,0,9.696969697,-0.076666667,0.04,0.040172257,-0.076996826,0.215616554,1.00430642,
Jose Pastrano NA,B,0,0,-0.328571429,0.142857143,0.017142857,0,9.672131148,-0.076666667,0.04,0.039864633,-0.076407214,0.21388771,0.996615831,
Chase Valentine NA,R,0,0,-0.328571429,0.142857143,0.017142857,0,9.672131148,-0.076666667,0.04,0.040199979,-0.077049959,0.215659821,1.004999469,
Carlos Jimenez SEA,L,0,0,-0.34,0.14,0.018,0,9.680851064,-0.077272727,0.040909091,0.042951167,-0.081129982,0.225261881,1.049917414,
Beycker Barroso TEX,R,0,0,-0.328571429,0.142857143,0.088571429,0,9.714285714,-0.076666667,0.04,0.040077416,-0.076815048,0.214939191,1.001935406,
Jose Contreras NA,R,0,0,-0.328571429,0.142857143,-0.052857143,0,9.709302326,-0.076666667,0.04,0.039823821,-0.07632899,0.21357316,0.995595521,
Jonathan Farmelo SEA,L,0,0,-0.34,0.14,0.018,0,9.680851064,-0.077272727,0.040909091,0.040291427,-0.076106028,0.211260396,0.984901543,
Kade Kretzschmar NA,L,0,0,-0.34,0.14,-0.054,0,9.694656489,-0.077272727,0.040909091,0.040702561,-0.076882614,0.213388239,0.994951481,
Nolan Sailors KCA,L,0.002,0,-0.34,0.14,0.018,0,9.677419355,-0.077272727,0.040909091,0.039299978,-0.074233292,0.205977385,0.960666127,
Diosfran Cabeza ARI,B,0,0,-0.328571429,0.142857143,-0.088571429,0,9.696969697,-0.076666667,0.04,0.039898773,-0.076472649,0.213836479,0.997469337,
Hunter Haas TBA,R,0,0,-0.328571429,0.142857143,0.017142857,0,9.672131148,-0.076666667,0.04,0.039943624,-0.076558612,0.214062872,0.998590591,
Angel Abreu CLE,R,0,0,-0.328571429,0.142857143,-0.052857143,0,9.709302326,-0.076666667,0.04,0.04000649,-0.076679106,0.214332769,1.000162246,
Jared McKenzie WAS,L,0,0,-0.34,0.14,-0.054,0,9.694656489,-0.077272727,0.040909091,0.041039997,-0.077519994,0.214970696,1.003199925,
Alberto Hernandez HOU,R,0,0,-0.328571429,0.142857143,0.017142857,0,9.672131148,-0.076666667,0.04,0.040181422,-0.077014391,0.215247857,1.004535538,
Kane Kepley CHN,L,0,0,-0.34,0.14,-0.054,0,9.694656489,-0.077272727,0.040909091,0.045058111,-0.085109766,0.235931981,1.1014205,
Weston Eberly NA,R,0,0,-0.328571429,0.142857143,0.088571429,0,9.714285714,-0.076666667,0.04,0.039858751,-0.07639594,0.213431656,0.996468784,
Juneiker Caceres CLE,L,0,0,-0.34,0.14,-0.054,0,9.694656489,-0.077272727,0.040909091,0.042155458,-0.079626976,0.220669302,1.030466749,
Ethan Lege NA,R,0,0,-0.328571429,0.142857143,-0.088571429,0,9.696969697,-0.076666667,0.04,0.039912348,-0.076498667,0.213621862,0.997808698,
Jorge Ruiz LAA,L,0,0,-0.34,0.14,-0.054,0,9.694656489,-0.077272727,0.040909091,0.040214725,-0.075961147,0.210412913,0.983026606,
Luis Freitez OAK,R,0,0,-0.328571429,0.142857143,-0.052857143,0,9.709302326,-0.076666667,0.04,0.040066982,-0.076795049,0.214373378,1.001674546,
Roynier Hernandez COL,L,0,0,-0.34,0.14,0.018,0,9.680851064,-0.077272727,0.040909091,0.04217688,-0.079667439,0.22062782,1.030990392,
Caleb Pendleton LAA,R,0,0,-0.328571429,0.142857143,-0.088571429,0,9.696969697,-0.076666667,0.04,0.039901727,-0.07647831,0.213462269,0.997543175,
Chandler Pollard TEX,R,0.002857143,0,-0.328571429,0.142857143,0.017142857,0,9.666666667,-0.076666667,0.04,0.042000978,-0.080501875,0.224666384,1.050024462,
Eriel Dihigo COL,R,0,0,-0.328571429,0.142857143,0.017142857,0,9.672131148,-0.076666667,0.04,0.039797597,-0.076278728,0.212815662,0.994939934,
Jeffry Rosa NA,R,0,0,-0.328571429,0.142857143,-0.052857143,0,9.709302326,-0.076666667,0.04,0.040074209,-0.076808901,0.214278801,1.001855233,
Jose Alpuria ARI,R,0.001428571,0,-0.328571429,0.142857143,0.017142857,0,9.669421488,-0.076666667,0.04,0.039673361,-0.076040609,0.212033286,0.991834025,
Weston Kath CHA,L,0,0,-0.34,0.14,-0.09,0,9.666666667,-0.077272727,0.040909091,0.040640189,-0.076764802,0.212369824,0.993426846,
Edward Florentino PIT,L,0.002,0,-0.34,0.14,0.018,0,9.677419355,-0.077272727,0.040909091,0.041978338,-0.079292416,0.219295771,1.026137153,
Jack Penney DET,L,0,0,-0.34,0.14,0.018,0,9.680851064,-0.077272727,0.040909091,0.040797625,-0.07706218,0.213095785,0.997275269,
John McHenry NA,B,0,0,-0.328571429,0.142857143,-0.052857143,0,9.709302326,-0.076666667,0.04,0.03984155,-0.07636297,0.212826586,0.996038741,
Nicholas Clarno NA,R,0,0,-0.328571429,0.142857143,0.088571429,0,9.714285714,-0.076666667,0.04,0.039813093,-0.076308428,0.212594948,0.995327319,
Marlon Quintero LAA,R,0,0,-0.328571429,0.142857143,0.088571429,0,9.714285714,-0.076666667,0.04,0.04005732,-0.076776531,0.213880053,1.001433007,
Won-Bin Cho SLN,L,0,0,-0.34,0.14,-0.054,0,9.694656489,-0.077272727,0.040909091,0.040698559,-0.076875056,0.212465923,0.994853665,
Carter Dorighi SEA,L,0,0,-0.34,0.14,0.018,0,9.680851064,-0.077272727,0.040909091,0.041177752,-0.077780198,0.214905132,1.006567271,
Samuel Munoz LAN,L,0,0,-0.34,0.14,-0.054,0,9.694656489,-0.077272727,0.040909091,0.040526315,-0.076549706,0.211434971,0.990643254,
Luis Morejon COL,R,0,0,-0.328571429,0.142857143,-0.052857143,0,9.709302326,-0.076666667,0.04,0.039813263,-0.076308754,0.212344039,0.995331579,
Carlos Arroyo NA,R,0,0,-0.328571429,0.142857143,0.017142857,0,9.672131148,-0.076666667,0.04,0.039915245,-0.07650422,0.212800146,0.997881127,
Brock Tibbitts TOR,R,0,0,-0.328571429,0.142857143,0.088571429,0,9.714285714,-0.076666667,0.04,0.040107621,-0.076872941,0.213747552,1.002690534,
Juan Gonzalez CHA,R,0,0,-0.328571429,0.142857143,0.088571429,0,9.714285714,-0.076666667,0.04,0.03938097,-0.075480193,0.209731233,0.984524255,
Malvin Valdez CIN,R,0,0,-0.328571429,0.142857143,-0.052857143,0,9.709302326,-0.076666667,0.04,0.040196111,-0.077042547,0.214048312,1.004902781,
Bryan Acuna MIN,R,0,0,-0.328571429,0.142857143,0.017142857,0,9.672131148,-0.076666667,0.04,0.040919725,-0.078429474,0.217811606,1.022993133,
Keduar Trujillo HOU,R,0,0,-0.328571429,0.142857143,-0.088571429,0,9.696969697,-0.076666667,0.04,0.040029143,-0.076722525,0.212988067,1.000728585,
Griffin Burkholder PHI,R,0,0,-0.328571429,0.142857143,-0.052857143,0,9.709302326,-0.076666667,0.04,0.038814329,-0.074394131,0.20651261,0.970358235,
Wesley Zapata NA,B,0,0,-0.328571429,0.142857143,0.017142857,0,9.672131148,-0.076666667,0.04,0.039824543,-0.076330374,0.211865574,0.995613579,
Isaac Pena NA,B,0,0,-0.328571429,0.142857143,0.017142857,0,9.672131148,-0.076666667,0.04,0.040068791,-0.076798517,0.213092845,1.001719786,
Tyler Tolve ATL,L,0,0,-0.283333333,0.116666667,0.076666667,0,9.642857143,-0.076202276,0.040342381,0.040226909,-0.075984162,0.212089195,0.997137702,
Yoiber Ocopio SDN,R,0,0,-0.342857143,0.142857143,0.088571429,0,9.62962963,-0.08,0.04,0.0401573,-0.080314599,0.213529413,1.00393249,
Elvis Rijo NA,R,0,0,-0.342857143,0.142857143,0.017142857,0,9.696969697,-0.08,0.04,0.040244445,-0.08048889,0.213970658,1.00611112,
Carlos Luis NA,L,0,0,-0.34,0.14,-0.126,0,9.702380952,-0.077272727,0.040909091,0.040663609,-0.07680904,0.211367002,0.993999342,
Cristian Garcia NA,B,0,0,-0.342857143,0.142857143,0.017142857,0,9.696969697,-0.08,0.04,0.039949993,-0.079899986,0.212373163,0.99874982,
Pablo Nunez CIN,L,0,0,-0.34,0.14,0.018,0,9.680851064,-0.077272727,0.040909091,0.040510477,-0.07651979,0.210502701,0.990256104,
Robert Martin NA,L,0,0,-0.34,0.14,-0.054,0,9.694656489,-0.077272727,0.040909091,0.040768505,-0.077007176,0.211804615,0.99656346,
Kellon Lindsey LAN,R,0.001428571,0,-0.342857143,0.142857143,0.052857143,0,9.714285714,-0.08,0.04,0.040167674,-0.080335348,0.213414869,1.004191851,
Andrew Salas MIA,B,0.001428571,0,-0.342857143,0.142857143,0.017142857,0,9.694656489,-0.08,0.04,0.038361817,-0.076723633,0.203809618,0.959045414,
Alex Lodise ATL,R,0,0,-0.342857143,0.142857143,0.052857143,0,9.716981132,-0.08,0.04,0.040748199,-0.081496397,0.216477861,1.018704964,
Matthew Hogan CHA,L,0,0,-0.34,0.14,0.018,0,9.680851064,-0.077272727,0.040909091,0.040936557,-0.077324609,0.212628664,1.000671404,
Kyle Henley CIN,R,0.002857143,0,-0.342857143,0.142857143,0.017142857,0,9.692307692,-0.08,0.04,0.039990716,-0.079981432,0.212383694,0.999767899,
Luke Dickerson WAS,R,0.001428571,0,-0.342857143,0.142857143,0.052857143,0,9.714285714,-0.08,0.04,0.040792277,-0.081584555,0.216608013,1.019806936,
Nelson Beltran NA,R,0,0,-0.342857143,0.142857143,-0.052857143,0,9.672131148,-0.08,0.04,0.039884724,-0.079769448,0.211747002,0.997118097,
Marcos De La Rosa NA,B,0,0,-0.342857143,0.142857143,0.017142857,0,9.696969697,-0.08,0.04,0.039858164,-0.079716328,0.211584073,0.996454094,
Juan Castillo COL,R,0,0,-0.342857143,0.142857143,0.088571429,0,9.62962963,-0.08,0.04,0.038614926,-0.077229853,0.204976717,0.965373157,
Abel Bastidas NA,B,0,0,-0.342857143,0.142857143,0.017142857,0,9.696969697,-0.08,0.04,0.039954602,-0.079909205,0.212080028,0.998865058,
Yohairo Cuevas NYN,L,0,0,-0.34,0.14,-0.054,0,9.694656489,-0.077272727,0.040909091,0.03900443,-0.073675034,0.202407074,0.953441616,
Jay Thomason MIN,L,0.002,0,-0.34,0.14,0.018,0,9.677419355,-0.077272727,0.040909091,0.039797638,-0.075173316,0.206488275,0.972831146,
Luis Arana MIA,B,0.001428571,0,-0.342857143,0.142857143,0.052857143,0,9.714285714,-0.08,0.04,0.040030583,-0.080061166,0.212405275,1.000764572,
Derek Bernard COL,L,0,0,-0.34,0.14,-0.054,0,9.694656489,-0.077272727,0.040909091,0.041337439,-0.078081828,0.214358227,1.010470719,
Kevin Guerrero NA,R,0,0,-0.342857143,0.142857143,-0.052857143,0,9.672131148,-0.08,0.04,0.04008912,-0.080178241,0.212602628,1.002228011,
Hedbert Perez TOR,L,0,0,-0.34,0.14,-0.126,0,9.702380952,-0.077272727,0.040909091,0.040581197,-0.076653372,0.210412876,0.991984819,
Dylan Grego SDN,B,0,0,-0.342857143,0.142857143,0.017142857,0,9.696969697,-0.08,0.04,0.03934899,-0.078697981,0.208611624,0.983724761,
Abdias De La Cruz ARI,R,0,0,-0.342857143,0.142857143,-0.052857143,0,9.672131148,-0.08,0.04,0.040297004,-0.080594008,0.213463304,1.007425098,
Owen Ayers CHN,B,0,0,-0.342857143,0.142857143,0.088571429,0,9.62962963,-0.08,0.04,0.051454749,-0.102909498,0.272558379,1.286368729,
Bryson Horne NA,L,0.00625,0,-0.31875,0.13125,-0.08375,0,9.680365297,-0.07828653,0.03837575,0.038199063,-0.077926089,0.21090149,0.995395866,
Luis Almeyda BAL,R,0.001428571,0,-0.342857143,0.142857143,0.017142857,0,9.694656489,-0.08,0.04,0.03979387,-0.07958774,0.210717495,0.994846749,
Daniel Guilarte MIL,R,0,0,-0.342857143,0.142857143,-0.052857143,0,9.672131148,-0.08,0.04,0.0405414,-0.0810828,0.214672794,1.013534999,
Josue Brito BOS,R,0,0,-0.342857143,0.142857143,-0.088571429,0,9.66507177,-0.08,0.04,0.039754605,-0.079509211,0.210415163,0.993865134,
Jose Mejia ARI,R,0.001428571,0,-0.342857143,0.142857143,0.017142857,0,9.694656489,-0.08,0.04,0.048367715,-0.09673543,0.255922044,1.209192873,
Anderdson Rojas ARI,L,0,0,-0.34,0.14,0.054,0,9.733333333,-0.077272727,0.040909091,0.045038837,-0.085073358,0.23293776,1.100949338,
Kelvin Diaz NA,R,0.001428571,0,-0.342857143,0.142857143,0.017142857,0,9.694656489,-0.08,0.04,0.039948503,-0.079897007,0.211265663,0.998712586,
Josueth Quinonez DET,R,0,0,-0.342857143,0.142857143,0.017142857,0,9.696969697,-0.08,0.04,0.039705565,-0.07941113,0.20994119,0.992639127,
Cole Foster SFN,B,0,0,-0.342857143,0.142857143,0.017142857,0,9.696969697,-0.08,0.04,0.039866696,-0.079733392,0.210792165,0.9966674,
Guillermo Williamson NA,L,0,0,-0.34,0.14,-0.09,0,9.666666667,-0.077272727,0.040909091,0.040786807,-0.077041747,0.210823925,0.997010844,
Joseph Rodriguez NA,R,0,0,-0.342857143,0.142857143,0.017142857,0,9.696969697,-0.08,0.04,0.040187885,-0.08037577,0.212428136,1.004697122,
Angel Zarate NA,L,0,0,-0.34,0.14,-0.054,0,9.694656489,-0.077272727,0.040909091,0.040643459,-0.076770977,0.210029317,0.993506764,
Frederik Jimenez BOS,B,0,0,-0.342857143,0.142857143,-0.088571429,0,9.66507177,-0.08,0.04,0.039338266,-0.078676533,0.207881102,0.983456661,
Alejandro Nunez HOU,L,0,0,-0.34,0.14,0.018,0,9.680851064,-0.077272727,0.036363636,0.036106511,-0.076726335,0.209841653,0.992929047,
Ricardo Gonzalez TBA,B,0,0,-0.342857143,0.142857143,0.052857143,0,9.716981132,-0.08,0.04,0.040141726,-0.080283452,0.212072752,1.003543147,
Caleb Farmer WAS,R,0,0,-0.342857143,0.142857143,0.088571429,0,9.62962963,-0.08,0.04,0.040369923,-0.080739846,0.213272286,1.009248081,
Odalys Peguero NA,B,0.001428571,0,-0.342857143,0.142857143,-0.052857143,0,9.67032967,-0.08,0.04,0.040060735,-0.080121469,0.211594791,1.001518365,
Dominic Pitelli CIN,L,0.001111111,0,-0.311111111,0.122222222,0.015555556,0,9.6875,-0.079943645,0.039971822,0.039763013,-0.079526026,0.210144458,0.994776083,
Carlos Sanchez MIA,B,0,0,-0.342857143,0.142857143,0.088571429,0,9.62962963,-0.08,0.04,0.04164142,-0.08328284,0.219853164,1.041035499,
Nelson Taylor BOS,L,0,0,-0.36,0.14,0.018,0,9.711538462,-0.081818182,0.036363636,0.037793396,-0.085035142,0.219266042,1.039318399,
Roni Cabrera KCA,R,0,0,-0.342857143,0.142857143,-0.052857143,0,9.672131148,-0.08,0.036666667,0.037788377,-0.082447367,0.217395156,1.030592087,
Jefferson Pena NA,R,0,0,-0.342857143,0.142857143,-0.052857143,0,9.672131148,-0.08,0.036666667,0.036500804,-0.079638117,0.209943995,0.995476463,
Elis Cuevas BAL,L,0.002,0,-0.36,0.14,-0.054,0,9.714285714,-0.081818182,0.036363636,0.034414151,-0.077431839,0.199558454,0.946389144,
Ethan Hearn CHN,L,0,0,-0.36,0.14,0.09,0,9.701492537,-0.081818182,0.036363636,0.036242926,-0.081546583,0.210161037,0.996680453,
Juan Sanchez TOR,R,0,0,-0.342857143,0.142857143,0.017142857,0,9.696969697,-0.08,0.036666667,0.03914721,-0.085412094,0.225106777,1.067651176,
Jean Ramirez KCA,L,0,0,-0.36,0.14,-0.054,0,9.716312057,-0.081818182,0.036363636,0.036244064,-0.081549144,0.210147704,0.996711759,
Elijah Nunez WAS,L,0.002,0,-0.36,0.14,0.018,0,9.708737864,-0.081818182,0.036363636,0.036942291,-0.083120156,0.214101636,1.015913015,
Blake Robertson TBA,L,0,0,-0.36,0.14,-0.09,0,9.6875,-0.081818182,0.036363636,0.036048947,-0.081110132,0.208915276,0.991346054,
Christian Pregent NA,R,0,0,-0.342857143,0.142857143,0.088571429,0,9.62962963,-0.08,0.036666667,0.036787897,-0.080264503,0.21142573,1.003306284,
Fraymi De Leon BOS,R,0.001428571,0,-0.342857143,0.142857143,0.017142857,0,9.694656489,-0.08,0.036666667,0.036581087,-0.079813281,0.210222196,0.997666012,
Christian Molfetta NA,R,0,0,-0.342857143,0.142857143,0.088571429,0,9.62962963,-0.08,0.036666667,0.036601754,-0.079858372,0.210339963,0.998229644,
Joshua Moylan NYA,L,0,0,-0.36,0.14,0.018,0,9.711538462,-0.081818182,0.036363636,0.035411771,-0.079676484,0.205147646,0.973823689,
Drew Brutcher HOU,L,0,0,-0.36,0.14,-0.054,0,9.716312057,-0.081818182,0.036363636,0.037204691,-0.083710555,0.215492455,1.023129009,
Carson Rucker DET,R,0,0,-0.342857143,0.142857143,0.017142857,0,9.696969697,-0.08,0.036666667,0.036251629,-0.079094463,0.208222105,0.988680783,
John Lindsly WAS,L,0,0,-0.36,0.14,0.09,0,9.701492537,-0.081818182,0.036363636,0.036540547,-0.082216232,0.211602473,1.004865052,
Ronny Polanco NA,R,0,0,-0.342857143,0.142857143,-0.088571429,0,9.66507177,-0.08,0.036666667,0.03648534,-0.079604378,0.209475935,0.995054722,
Joseph Delossantos NA,R,0,0,-0.342857143,0.142857143,-0.122857143,0,9.699570815,-0.08,0.036666667,#N/A,#N/A,#N/A,#N/A,
Iverson Espinoza NA,R,0,0,-0.342857143,0.142857143,0.017142857,0,9.696969697,-0.08,0.036666667,0.036853127,-0.080406822,0.211513161,1.005085277,
Erick De La Cruz ARI,R,0,0,-0.342857143,0.142857143,0.017142857,0,9.696969697,-0.08,0.036666667,0.036492574,-0.07962016,0.209302492,0.995252005,
Maikol Hernandez BAL,R,0,0,-0.342857143,0.142857143,0.052857143,0,9.716981132,-0.08,0.036666667,0.035800886,-0.078111025,0.205328498,0.976387809,
Luis Rodriguez NA,R,0,0,-0.342857143,0.142857143,0.088571429,0,9.62962963,-0.08,0.036666667,0.036725564,-0.080128504,0.210610761,1.001606298,
Dylan Fien OAK,B,0,0,-0.342857143,0.142857143,0.088571429,0,9.62962963,-0.08,0.036666667,0.03858957,-0.084195427,0.221291892,1.052442832,
Giovanny Cueto LAN,R,0,0,-0.342857143,0.142857143,0.088571429,0,9.62962963,-0.08,0.036666667,0.036790386,-0.080269932,0.210956405,1.00337415,
Noah Williams NA,B,0,0,-0.342857143,0.142857143,-0.052857143,0,9.672131148,-0.08,0.036666667,0.036642909,-0.079948165,0.210106775,0.999352059,
Trevor Cohen SFN,L,0,0,-0.36,0.14,-0.054,0,9.716312057,-0.081818182,0.036363636,0.038507617,-0.086642139,0.222594341,1.058959477,
Caleb McNeely NA,R,0.001428571,0,-0.342857143,0.142857143,0.017142857,0,9.694656489,-0.08,0.036666667,0.036524348,-0.079689487,0.209368189,0.996118587,
Nazzan Zanetello BOS,R,0,0,-0.342857143,0.142857143,0.017142857,0,9.696969697,-0.08,0.036666667,0.036631589,-0.079923467,0.209979927,0.999043334,
Johan Benitez NA,B,0,0,-0.342857143,0.142857143,-0.088571429,0,9.66507177,-0.08,0.036666667,0.036796896,-0.080284138,0.210740844,1.003551723,
Xavier Casserilla NA,R,0,0,-0.342857143,0.142857143,-0.088571429,0,9.66507177,-0.08,0.036666667,0.036575942,-0.079802056,0.20947142,0.997525703,
Kevin Watson NA,L,0,0,-0.36,0.14,-0.126,0,9.664804469,-0.081818182,0.036363636,0.036093263,-0.081209841,0.20833338,0.992564723,
Yeremy Cabrera WAS,L,0,0,-0.36,0.14,-0.054,0,9.716312057,-0.081818182,0.036363636,0.036584266,-0.082314599,0.211131276,1.006067322,
Jacob Wetzel TOR,L,0,0,-0.36,0.14,-0.054,0,9.716312057,-0.081818182,0.036363636,0.036255165,-0.081574122,0.20889202,0.997017044,
Xavier Guillen NA,B,0,0,-0.342857143,0.142857143,-0.052857143,0,9.672131148,-0.08,0.036666667,0.036735829,-0.0801509,0.209904187,1.001886253,
Trent Youngblood ARI,L,0,0,-0.36,0.14,-0.054,0,9.716312057,-0.081818182,0.036363636,0.038147301,-0.085831427,0.219754107,1.049050774,
Ryan McCrystal CIN,L,0,0,-0.36,0.14,0.09,0,9.701492537,-0.081818182,0.036363636,0.037424134,-0.084204301,0.215523342,1.029163684,
Diorland Zambrano CIN,R,0,0,-0.342857143,0.142857143,-0.088571429,0,9.66507177,-0.08,0.036666667,0.036701441,-0.080075872,0.209595591,1.000948395,
Adrian Gil CHA,R,0,0,-0.342857143,0.142857143,-0.088571429,0,9.66507177,-0.08,0.036666667,0.036644041,-0.079950635,0.209045927,0.999382943,
Derik Alcantara CHN,L,0,0,-0.36,0.14,0.018,0,9.711538462,-0.081818182,0.036363636,0.035138212,-0.079060977,0.202045773,0.966300829,
Frank Hernandez NA,R,0,0,-0.342857143,0.142857143,0.088571429,0,9.62962963,-0.08,0.036666667,0.036701956,-0.080076995,0.20924419,1.000962434,
Myles-Jaxon Naylor OAK,R,0,0,-0.342857143,0.142857143,0.017142857,0,9.696969697,-0.08,0.036666667,0.036870929,-0.080445662,0.210184404,1.005570778,
Donovan Antonia NA,R,0,0,-0.342857143,0.142857143,-0.052857143,0,9.672131148,-0.08,0.036666667,0.036505617,-0.079648619,0.208100934,0.995607739,
Enderson Delgado DET,B,0,0,-0.342857143,0.142857143,0.088571429,0,9.62962963,-0.08,0.036666667,0.036573333,-0.079796362,0.208474979,0.99745453,
Isaiah Greene BAL,L,0,0,-0.36,0.14,-0.054,0,9.716312057,-0.081818182,0.036363636,0.036381737,-0.081858908,0.208980971,1.000497762,
Joshua Liranzo BAL,R,0,0,-0.342857143,0.142857143,0.017142857,0,9.696969697,-0.08,0.036666667,0.037209247,-0.081183811,0.211964841,1.014797634,
Raynerd Ortega LAN,R,0,0,-0.342857143,0.142857143,0.017142857,0,9.696969697,-0.08,0.036666667,0.036506454,-0.079650446,0.207947401,0.995630571,
Juan Ortuno MIL,R,0.001428571,0,-0.342857143,0.142857143,0.017142857,0,9.694656489,-0.08,0.036666667,0.03994396,-0.087150458,0.227475769,1.08938073,
Jackson Strong DET,L,0,0,-0.36,0.14,0.018,0,9.711538462,-0.081818182,0.036363636,0.035114187,-0.079006922,0.201564829,0.965640155,
Isaiah Drake ATL,L,0.002,0,-0.36,0.14,0.018,0,9.708737864,-0.081818182,0.036363636,0.036114759,-0.081258208,0.20722098,0.993155874,
Daniel McElveny NA,R,0,0,-0.342857143,0.142857143,-0.052857143,0,9.672131148,-0.08,0.036666667,0.036595018,-0.079843676,0.208240292,0.998045953,
Dayro Perez NA,R,0,0,-0.342857143,0.142857143,0.017142857,0,9.696969697,-0.08,0.036666667,0.036653608,-0.079971508,0.208523707,0.999643846,
Juan Martinez MIL,B,0,0,-0.357142857,0.142857143,0.017142857,0,9.65034965,-0.083333333,0.036666667,0.036442112,-0.082822981,0.207175393,0.993875775,
Adari Grant NA,R,0,0,-0.357142857,0.142857143,0.017142857,0,9.65034965,-0.083333333,0.036666667,0.036731971,-0.083481752,0.208811237,1.001781026,
Peyton Stovall CIN,L,0,0,-0.36,0.14,0.018,0,9.711538462,-0.081818182,0.036363636,0.035722236,-0.080375031,0.204753605,0.982361488,
Alberto Barriga ARI,R,0,0,-0.357142857,0.142857143,0.088571429,0,9.67032967,-0.083333333,0.036666667,0.039875132,-0.090625299,0.226592248,1.08750359,
Yosander Asencio NA,B,0,0,-0.357142857,0.142857143,-0.052857143,0,9.689119171,-0.083333333,0.036666667,0.036835573,-0.083717212,0.20925452,1.004606544,
Robert Honeycutt BAL,R,0.001428571,0,-0.357142857,0.142857143,0.017142857,0,9.716312057,-0.083333333,0.036666667,0.036624847,-0.083238288,0.207946557,0.998859456,
Alexander Darby SFN,L,0,0,-0.36,0.14,0.018,0,9.711538462,-0.081818182,0.036363636,0.03672298,-0.082626704,0.210212985,1.00988194,
Raudelis Martinez BOS,L,0,0,-0.36,0.14,-0.09,0,9.6875,-0.081818182,0.036363636,0.035218898,-0.079242522,0.201518927,0.968519707,
Edwardo Espinal LAA,R,0,0,-0.357142857,0.142857143,0.017142857,0,9.65034965,-0.083333333,0.036666667,0.036441728,-0.082822109,0.206755789,0.993865314,
Victor Diaz NA,R,0,0,-0.357142857,0.142857143,-0.088571429,0,9.680365297,-0.083333333,0.036666667,0.036558774,-0.083088124,0.207417868,0.997057482,
Nomar Fana NA,B,0,0,-0.357142857,0.142857143,-0.052857143,0,9.689119171,-0.083333333,0.036666667,0.036637079,-0.083266089,0.207861134,0.999193064,
Satchell Norman NA,R,0,0,-0.357142857,0.142857143,-0.088571429,0,9.680365297,-0.083333333,0.036666667,0.036561426,-0.08309415,0.207398013,0.997129801,
Anthony Sherwin HOU,L,0,0,-0.36,0.14,0.018,0,9.711538462,-0.081818182,0.036363636,0.036458404,-0.082031409,0.208525027,1.002606112,
Dario Reynoso SFN,R,0,0,-0.357142857,0.142857143,0.017142857,0,9.65034965,-0.083333333,0.036666667,0.037479778,-0.085181313,0.212587004,1.022175762,
Victor Torres NA,R,0,0,-0.357142857,0.142857143,0.088571429,0,9.67032967,-0.083333333,0.036666667,0.036844749,-0.083738066,0.208907717,1.00485679,
Ricardo Pena MIN,R,0,0,-0.357142857,0.142857143,0.088571429,0,9.67032967,-0.083333333,0.036666667,0.036139305,-0.082134785,0.204882264,0.985617418,
Angel Brachi MIA,R,0,0,-0.357142857,0.142857143,0.017142857,0,9.65034965,-0.083333333,0.036666667,0.036748194,-0.083518622,0.208267047,1.002223464,
Chase Jaworsky MIA,L,0.002,0,-0.36,0.14,0.054,0,9.647058824,-0.081818182,0.036363636,0.034158407,-0.076856416,0.195101463,0.939356192,
Estarling Mercado NYN,L,0,0,-0.36,0.14,-0.09,0,9.6875,-0.081818182,0.036363636,0.036124511,-0.081280149,0.206287482,0.993424039,
Tayshaun Walton PHI,R,0,0,-0.357142857,0.142857143,-0.052857143,0,9.689119171,-0.083333333,0.036666667,0.036585241,-0.083148275,0.207013263,0.997779302,
Jacob Lojewski NA,R,0,0,-0.357142857,0.142857143,0.088571429,0,9.67032967,-0.083333333,0.036666667,#N/A,#N/A,#N/A,#N/A,
Boston Baro NYN,L,0,0,-0.36,0.14,0.054,0,9.651162791,-0.081818182,0.036363636,0.036319562,-0.081719014,0.207189571,0.998787949,
Jesus Superlano OAK,R,0,0,-0.357142857,0.142857143,0.017142857,0,9.65034965,-0.083333333,0.036666667,0.036560029,-0.083090976,0.206762919,0.997091707,
Marcus Smith NA,L,0,0,-0.36,0.14,0.018,0,9.711538462,-0.081818182,0.036363636,0.036156435,-0.081351979,0.206170502,0.99430197,
Manuel Mejias NA,B,0,0,-0.357142857,0.142857143,0.088571429,0,9.67032967,-0.083333333,0.036666667,0.036513106,-0.082984331,0.206414893,0.995811972,
Kenni Gomez HOU,L,0,0,-0.36,0.14,0.018,0,9.711538462,-0.081818182,0.036363636,0.035703,-0.08033175,0.203507369,0.981832506,
Sebastian Blanco COL,R,0,0,-0.357142857,0.142857143,0.052857143,0,9.658119658,-0.083333333,0.036666667,0.036471028,-0.082888701,0.206141215,0.99466441,
Jason Schiavone HOU,R,0,0,-0.357142857,0.142857143,-0.088571429,0,9.680365297,-0.083333333,0.036666667,0.041984296,-0.095418855,0.237278066,1.145026256,
Tai Peete SLN,L,0,0,-0.36,0.14,0.018,0,9.711538462,-0.081818182,0.036363636,0.036896989,-0.083018225,0.21026035,1.014667191,
Jose Serrano NA,R,0,0,-0.357142857,0.142857143,0.017142857,0,9.65034965,-0.083333333,0.036666667,0.036976005,-0.084036374,0.20889661,1.008436488,
Riquelmin Cabral NA,B,0,0,-0.357142857,0.142857143,-0.088571429,0,9.680365297,-0.083333333,0.036666667,0.036734454,-0.083487395,0.207510926,1.001848741,
Cade Bunnell NA,L,0,0,-0.36,0.14,-0.09,0,9.6875,-0.081818182,0.036363636,0.036452301,-0.082017678,0.207627023,1.002438288,
Colin Burgess ATL,R,0,0,-0.357142857,0.142857143,0.088571429,0,9.67032967,-0.083333333,0.036666667,0.039926986,-0.090743151,0.225364608,1.088917811,
Grant Magill CHA,R,0,0,-0.357142857,0.142857143,0.088571429,0,9.67032967,-0.083333333,0.036666667,0.039394527,-0.089533015,0.222352737,1.074396186,
Bennett Lee DET,R,0,0,-0.357142857,0.142857143,0.088571429,0,9.67032967,-0.083333333,0.036666667,0.041443834,-0.094190532,0.233878858,1.130286381,
Yohander Linarez BOS,B,0,0,-0.357142857,0.142857143,0.017142857,0,9.65034965,-0.083333333,0.036666667,0.036622187,-0.083232242,0.206639023,0.998786906,
Cesar Gonzalez OAK,R,0,0,-0.357142857,0.142857143,-0.088571429,0,9.680365297,-0.083333333,0.036666667,0.035526001,-0.080740911,0.200417997,0.968890937,
Jeremiah Boyd ARI,R,0,0,-0.357142857,0.142857143,0.088571429,0,9.67032967,-0.083333333,0.033333333,0.033130152,-0.082825381,0.205548411,0.993904574,
Aldalay Kolokie COL,R,0,0,-0.357142857,0.142857143,-0.052857143,0,9.689119171,-0.083333333,0.033333333,0.033395586,-0.083488965,0.207191226,1.001867585,
Juan Torres NYA,R,0,0,-0.357142857,0.142857143,0.017142857,0,9.65034965,-0.083333333,0.033333333,0.033142974,-0.082857434,0.205622986,0.994289211,
Yandel Ricardo KCA,B,0.001428571,0,-0.357142857,0.142857143,0.052857143,0,9.655172414,-0.083333333,0.033333333,0.033098645,-0.082746612,0.205334063,0.992959345,
Karell Paz NA,L,0,0,-0.36,0.14,-0.054,0,9.716312057,-0.081818182,0.036363636,0.036401601,-0.081903603,0.206886771,1.001044031,
Edrick Felix NA,R,0,0,-0.357142857,0.142857143,0.017142857,0,9.65034965,-0.083333333,0.033333333,0.033225492,-0.083063731,0.206000378,0.996764769,
William Turner BOS,L,0,0,-0.36,0.14,0.018,0,9.711538462,-0.081818182,0.036363636,0.044243502,-0.09954788,0.25134999,1.216696308,
Isaias Dipre NA,R,0,0,-0.357142857,0.142857143,-0.052857143,0,9.689119171,-0.083333333,0.033333333,0.033198179,-0.082995448,0.205708534,0.995945378,
Carter Cunningham TOR,L,0,0,-0.36,0.14,-0.126,0,9.664804469,-0.081818182,0.036363636,0.038239467,-0.086038802,0.217142911,1.051585352,
Edryn Rodriguez NA,R,0,0,-0.357142857,0.142857143,0.017142857,0,9.65034965,-0.083333333,0.033333333,0.033290047,-0.083225118,0.206197887,0.998701418,
Micah McDowell MIA,L,0,0,-0.36,0.14,-0.054,0,9.716312057,-0.081818182,0.036363636,0.036291088,-0.081654949,0.206014166,0.998004932,
Cristian Arguelles COL,L,0,0,-0.36,0.14,0.018,0,9.711538462,-0.081818182,0.036363636,0.036221172,-0.081497637,0.205606314,0.996082232,
Osvaldo Tovalin NA,L,0,0,-0.36,0.14,-0.09,0,9.6875,-0.081818182,0.036363636,0.036279118,-0.081628016,0.205893338,0.997675752,
Owen Carey ATL,L,0,0,-0.36,0.14,-0.054,0,9.716312057,-0.081818182,0.036363636,0.03817816,-0.085900861,0.216635194,1.049899408,
Heriberto Rincon NYN,R,0.001428571,0,-0.357142857,0.142857143,0.017142857,0,9.716312057,-0.083333333,0.033333333,0.03324159,-0.083103975,0.205753143,0.997247701,
Eddy Isturiz NA,B,0.001428571,0,-0.357142857,0.142857143,-0.052857143,0,9.6875,-0.083333333,0.033333333,#N/A,#N/A,#N/A,#N/A,
Felix Amparo BAL,R,0.001428571,0,-0.357142857,0.142857143,0.017142857,0,9.716312057,-0.083333333,0.033333333,0.035935883,-0.089839708,0.222422275,1.0780765,
Jose Marcano TEX,R,0,0,-0.357142857,0.142857143,0.088571429,0,9.67032967,-0.083333333,0.033333333,0.033026515,-0.082566287,0.20440011,0.990795447,
Willmer De La Cruz NA,B,0,0,-0.357142857,0.142857143,0.017142857,0,9.65034965,-0.083333333,0.033333333,0.033188687,-0.082971716,0.205396816,0.995660598,
Ramon Peralta NA,R,0,0,-0.357142857,0.142857143,0.017142857,0,9.65034965,-0.083333333,0.033333333,0.033421044,-0.08355261,0.206816774,1.002631325,
Gabriel Davalillo LAA,R,0,0,-0.357142857,0.142857143,-0.122857143,0,9.672131148,-0.083333333,0.033333333,0.036421996,-0.09105499,0.225227795,1.092659876,
Maxwell Romero WAS,L,0,0,-0.36,0.14,-0.126,0,9.664804469,-0.081818182,0.036363636,0.036227137,-0.081511059,0.205303444,0.996246277,
Jose Escobar CHN,L,0,0,-0.36,0.14,-0.054,0,9.716312057,-0.081818182,0.036363636,0.037314444,-0.083957498,0.211346303,1.026147198,
Austin Green NYA,B,0,0,-0.357142857,0.142857143,0.017142857,0,9.65034965,-0.083333333,0.033333333,0.034398473,-0.085996184,0.212376175,1.031954203,
Luis Durango NYA,L,0.002,0,-0.36,0.14,-0.054,0,9.714285714,-0.081818182,0.036363636,0.036592192,-0.082332433,0.207073387,1.00628529,
Carlos Garces CLE,B,0,0,-0.357142857,0.142857143,0.017142857,0,9.65034965,-0.083333333,0.033333333,0.033198406,-0.082996016,0.204887285,0.995952192,
Theodore Gillen TBA,L,0.002,0,-0.36,0.14,0.018,0,9.708737864,-0.081818182,0.036363636,0.039595912,-0.089090801,0.223983084,1.088887569,
Carlos Caro PIT,R,0,0,-0.357142857,0.142857143,0.017142857,0,9.65034965,-0.083333333,0.033333333,0.033474344,-0.083685859,0.206555112,1.004230313,
Robert Boser OAK,R,0,0,-0.357142857,0.142857143,0.052857143,0,9.658119658,-0.083333333,0.033333333,0.037297894,-0.093244734,0.230094809,1.118936811,
Kevin Rivas CLE,B,0,0,-0.357142857,0.142857143,-0.088571429,0,9.680365297,-0.083333333,0.033333333,0.033582477,-0.083956192,0.207144776,1.007474301,
Hak-Ju Lee NA,L,0,0,-0.38,0.14,0.054,0,9.6875,-0.086363636,0.031818182,0.031933147,-0.086675686,0.206300723,1.003613204,
Joseph Vetrano LAN,L,0,0,-0.38,0.14,-0.09,0,9.705882353,-0.086363636,0.031818182,0.035819159,-0.097223431,0.231369865,1.125744991,
Abrahan Ramirez MIA,L,0,0,-0.38,0.14,-0.126,0,9.682539683,-0.086363636,0.031818182,0.031510759,-0.085529202,0.203526369,0.990338126,
Thomas Francisco NA,L,0,0,-0.38,0.14,-0.09,0,9.705882353,-0.086363636,0.031818182,0.031908219,-0.086608024,0.206089536,1.002829749,
Elijah Snell CHN,L,0.002,0,-0.38,0.14,-0.054,0,9.668874172,-0.086363636,0.031818182,0.030965302,-0.084048676,0.199911811,0.973195197,
Gery Holguin MIL,R,0,0,-0.357142857,0.142857143,0.017142857,0,9.65034965,-0.083333333,0.033333333,0.03345416,-0.083635401,0.206141525,1.00362481,
Enrique Romero NA,L,0,0,-0.38,0.14,-0.09,0,9.705882353,-0.086363636,0.031818182,0.031798658,-0.086310642,0.205263969,0.999386382,
Cole Turney NA,L,0,0,-0.38,0.14,-0.126,0,9.682539683,-0.086363636,0.031818182,0.031630739,-0.085854862,0.204058752,0.994108931,
Andres Nolaya BAL,R,0.001428571,0,-0.357142857,0.142857143,0.088571429,0,9.666666667,-0.083333333,0.033333333,0.033788812,-0.084472029,0.208033321,1.013664351,
Cris Rodriguez DET,R,0,0,-0.357142857,0.142857143,0.017142857,0,9.65034965,-0.083333333,0.033333333,0.033268933,-0.083172332,0.20479856,0.998067984,
Peter Burns LAA,L,0,0,-0.38,0.14,0.09,0,9.74025974,-0.086363636,0.031818182,0.031418107,-0.085277719,0.202560614,0.987426216,
Franklin Primera BOS,R,0,0,-0.357142857,0.142857143,0.088571429,0,9.67032967,-0.083333333,0.033333333,0.033384702,-0.083461756,0.205425088,1.001541073,
Yunior Amparo NYN,R,0,0,-0.357142857,0.142857143,-0.088571429,0,9.680365297,-0.083333333,0.033333333,0.033560346,-0.083900865,0.206503856,1.006810377,
Alvaro Gonzalez NA,B,0,0,-0.357142857,0.142857143,0.017142857,0,9.65034965,-0.083333333,0.033333333,0.033268894,-0.083172234,0.204576749,0.998066814,
Shalin Polanco PIT,L,0,0,-0.38,0.14,-0.054,0,9.671052632,-0.086363636,0.031818182,0.031428119,-0.085304893,0.202412798,0.987740871,
Cal Stark TEX,R,0,0,-0.357142857,0.142857143,0.088571429,0,9.67032967,-0.083333333,0.033333333,0.032373859,-0.080934648,0.199026394,0.971215781,
Adriander Mejia BAL,R,0,0,-0.357142857,0.142857143,-0.122857143,0,9.672131148,-0.083333333,0.033333333,0.033211077,-0.083027692,0.204111626,0.99633231,
Luis Rodriguez LAA,R,0,0,-0.357142857,0.142857143,0.052857143,0,9.658119658,-0.083333333,0.033333333,0.033316533,-0.083291332,0.20471377,0.999495989,
John Taylor TEX,L,0,0,-0.38,0.14,0.018,0,9.652173913,-0.086363636,0.031818182,0.037760507,-0.102492804,0.243066,1.186758782,
Luis Escudero NYA,B,0.001428571,0,-0.357142857,0.142857143,0.017142857,0,9.716312057,-0.083333333,0.033333333,0.033858227,-0.084645568,0.208008697,1.015746821,
Yerlin Confidan CIN,L,0,0,-0.38,0.14,-0.054,0,9.671052632,-0.086363636,0.031818182,0.032038686,-0.086962147,0.206189082,1.006930126,
Moises Polanco MIL,R,0,0,-0.357142857,0.142857143,0.017142857,0,9.65034965,-0.083333333,0.033333333,0.033423704,-0.08355926,0.205313124,1.002711122,
Jorge Quintana SDN,B,0.001428571,0,-0.357142857,0.142857143,0.052857143,0,9.655172414,-0.083333333,0.033333333,0.033126501,-0.082816252,0.203451705,0.993795024,
Adrian Rodriguez ARI,R,0,0,-0.357142857,0.142857143,0.052857143,0,9.658119658,-0.083333333,0.033333333,0.035017224,-0.08754306,0.214999802,1.050516718,
Logun Clark CLE,R,0,0,-0.357142857,0.142857143,0.088571429,0,9.67032967,-0.083333333,0.033333333,0.033930434,-0.084826084,0.208273145,1.017913009,
Jonathan Linares LAA,B,0,0,-0.357142857,0.142857143,0.088571429,0,9.67032967,-0.083333333,0.033333333,0.034818419,-0.087046046,0.213692473,1.044552557,
Harold Gonzalez LAN,R,0,0,-0.357142857,0.142857143,0.017142857,0,9.65034965,-0.083333333,0.033333333,0.033313158,-0.083282895,0.204425195,0.999394742,
Kyle Hess MIN,L,0,0,-0.38,0.14,-0.054,0,9.671052632,-0.086363636,0.031818182,0.031604466,-0.08578355,0.203143302,0.993283209,
Derlin Figueroa KCA,L,0,0,-0.38,0.14,0.018,0,9.652173913,-0.086363636,0.031818182,0.032140848,-0.087239446,0.206575845,1.010140952,
Brian Sanchez PIT,L,0,0,-0.38,0.14,-0.054,0,9.671052632,-0.086363636,0.031818182,0.03087148,-0.083794018,0.198415414,0.970246523,
Ronny Hernandez BOS,L,0,0,-0.38,0.14,0.09,0,9.74025974,-0.086363636,0.031818182,0.031684636,-0.086001155,0.203616787,0.995802846,
Michael Peabody NA,L,0,0,-0.38,0.14,-0.054,0,9.671052632,-0.086363636,0.031818182,0.031801152,-0.086317413,0.204296599,0.999464786,
Yan Contreras NA,R,0,0,-0.371428571,0.142857143,-0.088571429,0,9.694323144,-0.086666667,0.033333333,0.033496886,-0.087091903,0.205403908,1.004906571,
Yasmil Bucce BAL,L,0,0,-0.38,0.14,0.09,0,9.74025974,-0.086363636,0.031818182,0.031712451,-0.086076653,0.203711816,0.996677036,
Nikolas McClaughry NA,R,0,0,-0.371428571,0.142857143,0.052857143,0,9.68503937,-0.086666667,0.033333333,0.033520603,-0.087153569,0.205489009,1.005618104,
Colton Vincent SDN,R,0,0,-0.371428571,0.142857143,0.088571429,0,9.702970297,-0.086666667,0.033333333,0.033304252,-0.086591055,0.204124757,0.999127556,
Angel Arevalo NA,R,0,0,-0.371428571,0.142857143,0.052857143,0,9.68503937,-0.086666667,0.033333333,0.033348431,-0.086705921,0.204240466,1.000452936,
Peyton Holt NA,R,0,0,-0.371428571,0.142857143,0.017142857,0,9.673202614,-0.086666667,0.033333333,0.033628427,-0.08743391,0.205930061,1.008852804,
Tyler Duvall NA,L,0,0,-0.38,0.14,0.09,0,9.74025974,-0.086363636,0.031818182,0.0317692,-0.086230684,0.203734878,0.998460556,
Victor Santana ARI,R,0,0,-0.371428571,0.142857143,0.017142857,0,9.673202614,-0.086666667,0.033333333,0.033091674,-0.086038354,0.202547852,0.992750234,
Jose Hernandez LAN,R,0,0,-0.371428571,0.142857143,-0.052857143,0,9.704433498,-0.086666667,0.033333333,0.036875525,-0.095876365,0.225670468,1.106265744,
Daniel Flames TEX,B,0,0,-0.371428571,0.142857143,0.017142857,0,9.673202614,-0.086666667,0.033333333,0.037662181,-0.09792167,0.230471079,1.129865424,
Narciso Polanco TBA,L,0,0,-0.38,0.14,0.018,0,9.652173913,-0.086363636,0.031818182,0.032372097,-0.087867119,0.207500514,1.017408747,
Luke Scherrer PIT,R,0,0,-0.371428571,0.142857143,-0.088571429,0,9.694323144,-0.086666667,0.033333333,0.032117362,-0.083505141,0.196501408,0.963520861,
Nicholas Gile NA,R,0,0,-0.371428571,0.142857143,-0.088571429,0,9.694323144,-0.086666667,0.033333333,0.033307575,-0.086599695,0.203765418,0.999227248,
Yeison Morrobel TEX,L,0,0,-0.38,0.14,-0.054,0,9.671052632,-0.086363636,0.031818182,0.032183826,-0.0873561,0.206241131,1.011491682,
Brayden Jobert NA,L,0,0,-0.38,0.14,-0.09,0,9.705882353,-0.086363636,0.031818182,0.031466949,-0.085410291,0.201585909,0.988961268,
Darwin De Leon HOU,R,0,0,-0.371428571,0.142857143,0.017142857,0,9.673202614,-0.086666667,0.033333333,0.033480033,-0.087048086,0.204606526,1.004400992,
John Mabry NA,R,0,0,-0.371428571,0.142857143,0.017142857,0,9.673202614,-0.086666667,0.033333333,0.033255713,-0.086464853,0.203226657,0.997671376,
Jonathan Mejia SLN,B,0,0,-0.371428571,0.142857143,0.017142857,0,9.673202614,-0.086666667,0.033333333,0.034034468,-0.088489617,0.207944815,1.021034047,
Wady Mendez TEX,L,0,0,-0.38,0.14,-0.126,0,9.682539683,-0.086363636,0.031818182,0.031253445,-0.08483078,0.199914628,0.982251141,
Francisco Garcia NA,R,0,0,-0.371428571,0.142857143,-0.122857143,0,9.68503937,-0.086666667,0.033333333,0.033523911,-0.087162168,0.204458309,1.005717324,
Jaden Rudd NA,L,0,0,-0.38,0.14,0.018,0,9.652173913,-0.086363636,0.031818182,0.031808097,-0.086336263,0.203226566,0.999683045,
Matthew Ellis SEA,L,0,0,-0.38,0.14,0.09,0,9.74025974,-0.086363636,0.031818182,0.032359089,-0.087831812,0.206720491,1.016999931,
Fran Alduey NA,B,0.001428571,0,-0.371428571,0.142857143,0.017142857,0,9.671052632,-0.086666667,0.033333333,0.033210897,-0.086348332,0.202446653,0.996326906,
Edgar Montero OAK,B,0,0,-0.371428571,0.142857143,0.052857143,0,9.68503937,-0.086666667,0.033333333,0.035019338,-0.09105028,0.21344742,1.050580152,
Armando Cruz WAS,R,0,0,-0.371428571,0.142857143,0.017142857,0,9.673202614,-0.086666667,0.033333333,0.033397376,-0.086833177,0.203534295,1.001921273,
Yannic Walther MIL,R,0,0,-0.371428571,0.142857143,0.088571429,0,9.702970297,-0.086666667,0.033333333,0.032341114,-0.084086897,0.197046647,0.970233426,
Stiven Flores CHA,R,0,0,-0.371428571,0.142857143,0.088571429,0,9.702970297,-0.086666667,0.033333333,0.038745001,-0.100737002,0.236061667,1.162350027,
Diego Benitez NA,R,0,0,-0.371428571,0.142857143,-0.088571429,0,9.694323144,-0.086666667,0.033333333,0.033094318,-0.086045228,0.201625811,0.992829552,
Kai Roberts SDN,L,0.002,0,-0.38,0.14,0.018,0,9.649122807,-0.086363636,0.031818182,0.034178049,-0.09276899,0.218132219,1.074167257,
Moises Valdez SDN,R,0,0,-0.371428571,0.142857143,0.017142857,0,9.673202614,-0.086666667,0.033333333,0.033212141,-0.086351567,0.202315743,0.996364233,
Christopher Pittaro OAK,L,0,0,-0.38,0.14,-0.09,0,9.705882353,-0.086363636,0.031818182,0.031655685,-0.085922572,0.201995104,0.994892943,
Stiven Martinez BAL,R,0,0,-0.371428571,0.142857143,0.017142857,0,9.673202614,-0.086666667,0.033333333,0.033871624,-0.088066221,0.206296478,1.016148706,
Diwarys Encarnacion MIA,R,0,0,-0.371428571,0.142857143,0.052857143,0,9.68503937,-0.086666667,0.033333333,0.033385831,-0.086803161,0.203121399,1.00157493,
Nickolas Monistere HOU,R,0,0,-0.371428571,0.142857143,0.017142857,0,9.673202614,-0.086666667,0.033333333,0.034220016,-0.08897204,0.208118606,1.026600466,
Browm Martinez WAS,R,0.001428571,0,-0.371428571,0.142857143,0.017142857,0,9.671052632,-0.086666667,0.03,0.02995592,-0.086539324,0.202348244,0.998530659,
Reyli Mariano LAN,B,0,0,-0.371428571,0.142857143,0.017142857,0,9.673202614,-0.086666667,0.03,0.029960167,-0.086551595,0.202354965,0.998672245,
Leiker Figueroa NA,R,0,0,-0.371428571,0.142857143,0.017142857,0,9.673202614,-0.086666667,0.03,0.029877112,-0.086311657,0.201788022,0.99590373,
Javier Herrera LAN,B,0,0,-0.371428571,0.142857143,-0.052857143,0,9.704433498,-0.086666667,0.03,0.029972103,-0.086586077,0.202408608,0.999070115,
Starlin Gill NA,R,0,0,-0.371428571,0.142857143,0.017142857,0,9.673202614,-0.086666667,0.03,0.029925664,-0.086451919,0.202090005,0.997522138,
Walter Ahuna SFN,L,0,0,-0.38,0.14,0.054,0,9.6875,-0.086363636,0.031818182,0.035741551,-0.097012781,0.22751325,1.123305882,
Efrenyer Narvaez NA,R,0,0,-0.371428571,0.142857143,0.088571429,0,9.702970297,-0.086666667,0.03,0.029862582,-0.086269681,0.201610253,0.995419393,
Gleider Figuereo TEX,L,0,0,-0.38,0.14,-0.126,0,9.682539683,-0.086363636,0.031818182,0.031206364,-0.084702989,0.198636622,0.980771447,
Arnold Prado NA,R,0,0,-0.371428571,0.142857143,-0.052857143,0,9.704433498,-0.086666667,0.03,0.030010331,-0.086696511,0.202589739,1.000344356,
Anthony Donofrio SEA,L,0,0,-0.38,0.14,-0.054,0,9.671052632,-0.086363636,0.031818182,0.031343142,-0.085074243,0.199487548,0.985070184,
Carter Young BAL,L,0,0,-0.38,0.14,0.054,0,9.6875,-0.086363636,0.031818182,0.031912546,-0.086619768,0.203009292,1.002965738,
Mario Gomez NA,L,0,0,-0.38,0.14,0.09,0,9.74025974,-0.086363636,0.031818182,0.031675958,-0.085977602,0.201499279,0.995530123,
John Cristino NYA,R,0,0,-0.371428571,0.142857143,0.088571429,0,9.702970297,-0.086666667,0.03,0.030086576,-0.086916776,0.20295602,1.002885874,
Bailey-Jay Cooke OAK,R,0,0,-0.371428571,0.142857143,0.052857143,0,9.68503937,-0.086666667,0.03,0.029864739,-0.086275914,0.201453595,0.995491313,
Christian Martin SLN,L,0,0,-0.38,0.14,0.018,0,9.652173913,-0.086363636,0.031818182,0.032262669,-0.087570101,0.205143285,1.013969587,
Fernando Caldera HOU,R,0,0,-0.371428571,0.142857143,0.088571429,0,9.702970297,-0.086666667,0.03,0.03018006,-0.08718684,0.203513198,1.006001997,
Dauri Fernandez CLE,B,0,0,-0.371428571,0.142857143,0.017142857,0,9.673202614,-0.086666667,0.03,0.033536813,-0.096884128,0.226142087,1.117893783,
Geury Estevez NA,B,0,0,-0.371428571,0.142857143,-0.088571429,0,9.694323144,-0.086666667,0.03,0.029816042,-0.086135232,0.201045594,0.993868058,
Gabriel Moncada NA,L,0,0,-0.38,0.14,-0.09,0,9.705882353,-0.086363636,0.031818182,0.031723508,-0.086106663,0.201661171,0.997024523,
Carlos Aguiar NA,L,0,0,-0.38,0.14,-0.054,0,9.671052632,-0.086363636,0.031818182,0.031815723,-0.086356963,0.202234371,0.999922724,
Kenly Hunter SLN,R,0,0,-0.371428571,0.142857143,0.017142857,0,9.673202614,-0.086666667,0.03,0.030362087,-0.087712697,0.204687024,1.012069579,
Kevin Garcia MIL,R,0,0,-0.371428571,0.142857143,0.088571429,0,9.702970297,-0.086666667,0.03,0.02933194,-0.084736716,0.197692387,0.977731334,
Yanki Baptiste NA,B,0,0,-0.371428571,0.142857143,-0.088571429,0,9.694323144,-0.086666667,0.03,0.03015517,-0.087114934,0.203235791,1.005172318,
Wade Stauss NA,L,0,0,-0.38,0.14,0.09,0,9.74025974,-0.086363636,0.031818182,0.031836031,-0.086412083,0.202288412,1.00056096,
Christopher Paciolla CHN,R,0,0,-0.371428571,0.142857143,0.017142857,0,9.673202614,-0.086666667,0.03,0.030030383,-0.086754441,0.20234172,1.001012778,
Juan Sierra HOU,R,0,0,-0.371428571,0.142857143,-0.052857143,0,9.704433498,-0.086666667,0.03,0.034011629,-0.098255817,0.228948147,1.133720967,
Anthony Marquez SFN,R,0,0,-0.371428571,0.142857143,0.052857143,0,9.68503937,-0.086666667,0.03,0.03020906,-0.087270619,0.2032959,1.006968681,
Diomedes Hernandez NYA,R,0,0,-0.371428571,0.142857143,0.088571429,0,9.702970297,-0.086666667,0.03,0.029981005,-0.086611791,0.201707202,0.999366819,
Torriano McCants CHA,L,0,0,-0.38,0.14,-0.054,0,9.671052632,-0.086363636,0.031818182,0.030583964,-0.083013618,0.193922258,0.961210312,
Blake Mitchell KCA,L,0,0,-0.38,0.14,0.09,0,9.74025974,-0.086363636,0.031818182,0.033243772,-0.090233095,0.210665973,1.044804262,
Maikel Hernandez NA,B,0,0,-0.371428571,0.142857143,-0.088571429,0,9.694323144,-0.086666667,0.03,0.029979535,-0.086607545,0.201440488,0.999317822,
Zachary MacDonald DET,R,0.001428571,0,-0.371428571,0.142857143,0.017142857,0,9.671052632,-0.086666667,0.03,0.032139214,-0.092846619,0.215928383,1.071307145,
Hector Campusano BAL,B,0,0,-0.371428571,0.142857143,0.017142857,0,9.673202614,-0.086666667,0.03,0.030121113,-0.087016548,0.202339579,1.004037092,
Edward Lantigua NYN,R,0,0,-0.371428571,0.142857143,0.017142857,0,9.673202614,-0.086666667,0.03,0.029520953,-0.085282753,0.198243039,0.984031763,
Yulian Barreto SFN,R,0,0,-0.371428571,0.142857143,0.017142857,0,9.673202614,-0.086666667,0.03,0.029897436,-0.086370372,0.200756303,0.996581216,
Gabriel Silva KCA,R,0,0,-0.371428571,0.142857143,0.088571429,0,9.702970297,-0.086666667,0.03,0.030112687,-0.086992207,0.202193645,1.003756236,
Brock Vradenburg PHI,L,0,0,-0.38,0.14,-0.09,0,9.705882353,-0.086363636,0.031818182,0.031281966,-0.084908192,0.197967562,0.983147491,
Jeremiah Jenkins SFN,L,0,0,-0.38,0.14,-0.09,0,9.705882353,-0.086363636,0.031818182,0.031681176,-0.085991763,0.200483006,0.995694095,
Ryan Picollo LAA,R,0,0,-0.371428571,0.142857143,-0.052857143,0,9.704433498,-0.086666667,0.03,0.029074081,-0.083991789,0.195001799,0.969136031,
Hector Salas HOU,L,0,0,-0.38,0.14,0.018,0,9.652173913,-0.086363636,0.031818182,0.032194672,-0.087385537,0.203564517,1.011832536,
Isaac Garcia CIN,R,0,0,-0.371428571,0.142857143,-0.052857143,0,9.704433498,-0.086666667,0.03,0.02976164,-0.085978072,0.199402989,0.992054672,
Javier Mora NA,R,0,0,-0.371428571,0.142857143,0.017142857,0,9.673202614,-0.086666667,0.03,0.030000672,-0.086668607,0.2010005,1.000022389,
JosÃ© Castro MIA,R,0,0,-0.371428571,0.142857143,-0.052857143,0,9.704433498,-0.086666667,0.03,0.029732059,-0.085892615,0.199112627,0.991068639,
Leandro Emiliani NA,L,0,0,-0.38,0.14,-0.09,0,9.705882353,-0.086363636,0.031818182,0.031545969,-0.085624773,0.199157453,0.991444737,
Junior Gonzalez NA,R,0,0,-0.371428571,0.142857143,0.088571429,0,9.702970297,-0.086666667,0.03,0.029994109,-0.086649649,0.20082256,0.999803646,
Ely Brown CHA,L,0,0,-0.38,0.14,-0.054,0,9.671052632,-0.086363636,0.031818182,0.034161547,-0.0927242,0.215646622,1.07364863,
Yorman Licourt TOR,B,0,0,-0.371428571,0.142857143,-0.052857143,0,9.704433498,-0.086666667,0.03,0.029824438,-0.086159488,0.199624906,0.994147938,
Darius Perry NA,R,0,0,-0.371428571,0.142857143,0.088571429,0,9.702970297,-0.086666667,0.03,0.030196579,-0.087234562,0.202095639,1.00655264,
Diego Guzman KCA,R,0,0,-0.371428571,0.142857143,0.017142857,0,9.673202614,-0.086666667,0.03,0.029554891,-0.085380796,0.197749805,0.985163032,
Ryan Reckley SFN,B,0,0,-0.371428571,0.142857143,0.017142857,0,9.673202614,-0.086666667,0.03,0.029784717,-0.086044738,0.199211109,0.992823903,
Kelvin Diaz NA,R,0,0,-0.371428571,0.142857143,0.017142857,0,9.673202614,-0.086666667,0.03,0.029913465,-0.086416675,0.19989573,0.997115486,
Ching-Hsien Ko LAN,L,0,0,-0.38,0.14,-0.054,0,9.671052632,-0.086363636,0.031818182,0.032284689,-0.087629871,0.203375741,1.014661669,
Samuel Shaw TOR,L,0,0,-0.38,0.14,0.018,0,9.652173913,-0.086363636,0.031818182,0.031858286,-0.086472491,0.200669609,1.001260417,
Jacob Hinderleider COL,R,0,0,-0.371428571,0.142857143,-0.088571429,0,9.694323144,-0.086666667,0.03,0.028898058,-0.083483279,0.193039991,0.963268601,
Roque Salinas NA,L,0,0,-0.38,0.14,-0.054,0,9.671052632,-0.086363636,0.031818182,0.031638934,-0.085877108,0.19925315,0.99436651,
Queni Pineda NYA,R,0,0,-0.371428571,0.142857143,0.088571429,0,9.702970297,-0.086666667,0.03,0.029946537,-0.086512219,0.200005936,0.998217914,
Nicandro Aybar TBA,B,0,0,-0.371428571,0.142857143,-0.052857143,0,9.704433498,-0.086666667,0.03,0.034487514,-0.099630595,0.230269681,1.149583794,
Angel Ramirez KCA,R,0,0,-0.385714286,0.142857143,-0.052857143,0,9.672897196,-0.09,0.03,0.029990297,-0.089970891,0.200170237,0.999676565,
Yoiber Ruiz NA,R,0,0,-0.385714286,0.142857143,0.088571429,0,9.642857143,-0.09,0.03,0.029990555,-0.089971665,0.200147966,0.999685162,
Raimel Medina KCA,R,0,0,-0.385714286,0.142857143,-0.052857143,0,9.672897196,-0.09,0.03,0.02991805,-0.089754149,0.199592284,0.997268319,
Julio Zayas NYN,R,0,0,-0.385714286,0.142857143,0.088571429,0,9.642857143,-0.09,0.03,0.032537194,-0.097611581,0.217037181,1.084573121,
Alfredo Benzan ARI,B,0,0,-0.385714286,0.142857143,0.017142857,0,9.693251534,-0.09,0.03,0.029830114,-0.089490341,0.19896487,0.994337125,
Werner Blakely NA,L,0,0,-0.38,0.14,0.018,0,9.652173913,-0.086363636,0.031818182,0.031633104,-0.085861282,0.198905251,0.994183262,
Kehden Hettiger PHI,L,0,0,-0.38,0.14,0.09,0,9.74025974,-0.086363636,0.031818182,0.035539561,-0.096464522,0.223452957,1.116957622,
Kyle Sinzza ARI,R,0,0,-0.385714286,0.142857143,0.017142857,0,9.693251534,-0.09,0.03,0.030316751,-0.090950254,0.202154118,1.010558373,
Brady Day PHI,L,0,0,-0.4,0.14,0.018,0,9.68,-0.090909091,0.027272727,0.030456254,-0.101520847,0.223239774,1.116729316,
Connor Dykstra SEA,R,0,0,-0.385714286,0.142857143,0.088571429,0,9.642857143,-0.09,0.03,0.029551042,-0.088653126,0.196835551,0.985034735,
Brandon Pimentel WAS,L,0,0,-0.4,0.14,-0.09,0,9.668508287,-0.090909091,0.027272727,0.02723634,-0.090787801,0.199546412,0.998665813,
Natanael Yuten BOS,L,0,0,-0.4,0.14,-0.054,0,9.691358025,-0.090909091,0.027272727,0.027699875,-0.092332915,0.20287342,1.015662069,
Nicholas Peoples WAS,B,0,0,-0.385714286,0.142857143,-0.052857143,0,9.672897196,-0.09,0.03,0.030545633,-0.091636898,0.203134567,1.018187759,
Bryce Madron NA,L,0,0,-0.4,0.14,-0.054,0,9.691358025,-0.090909091,0.027272727,0.027025922,-0.090086406,0.197690654,0.990950465,
Luke Brown NA,L,0,0,-0.4,0.14,-0.054,0,9.691358025,-0.090909091,0.027272727,0.027107816,-0.090359385,0.198277768,0.993953239,
Kleiver Chauran TBA,B,0,0,-0.385714286,0.142857143,0.017142857,0,9.693251534,-0.09,0.03,0.029804945,-0.089414836,0.19816116,0.99349818,
Jaeden Calderon PHI,R,0,0,-0.385714286,0.142857143,-0.088571429,0,9.666666667,-0.09,0.03,0.033705017,-0.10111505,0.224054098,1.123500554,
Jhon Diaz TBA,L,0,0,-0.4,0.14,-0.054,0,9.691358025,-0.090909091,0.027272727,0.030254367,-0.100847889,0.221209743,1.109326776,
Enmanuel Terrero NA,L,0,0,-0.4,0.14,-0.054,0,9.691358025,-0.090909091,0.027272727,0.027108105,-0.09036035,0.198159614,0.993963845,
Andreimi Antunez TBA,R,0,0,-0.385714286,0.142857143,0.052857143,0,9.708029197,-0.09,0.03,0.030139939,-0.090419818,0.200278892,1.004664643,
Heriberto Caraballo SLN,R,0,0,-0.385714286,0.142857143,0.088571429,0,9.642857143,-0.09,0.03,0.030441357,-0.09132407,0.20226252,1.014711885,
Yaikel Mijares CLE,B,0.001428571,0,-0.385714286,0.142857143,0.017142857,0,9.691358025,-0.09,0.03,0.02964985,-0.088949549,0.196928372,0.988328325,
Angel Acosta KCA,L,0,0,-0.4,0.14,0.018,0,9.68,-0.090909091,0.027272727,0.026605667,-0.088685555,0.19435803,0.975541106,
Brendan Durfee SDN,L,0,0,-0.4,0.14,0.09,0,9.659090909,-0.090909091,0.027272727,0.0271878,-0.090626,0.198557759,0.996885996,
Juan Garcia NA,R,0,0,-0.385714286,0.142857143,0.088571429,0,9.642857143,-0.09,0.03,#N/A,#N/A,#N/A,#N/A,
Leandro Romero SEA,R,0,0,-0.385714286,0.142857143,0.052857143,0,9.708029197,-0.09,0.03,0.030617574,-0.091852722,0.203110863,1.020585803,
Rodney Green Jr. OAK,L,0,0,-0.4,0.14,0.018,0,9.68,-0.090909091,0.027272727,0.02777959,-0.092598633,0.202685165,1.018584958,
Dario Laverde LAA,L,-0.002,0,-0.4,0.14,-0.126,0,9.7,-0.090909091,0.027272727,0.027190959,-0.090636531,0.198372459,0.997001839,
Luis Castillo MIL,L,0,0,-0.4,0.14,-0.054,0,9.691358025,-0.090909091,0.027272727,0.026983037,-0.089943456,0.196840714,0.989378017,
Anthony Hall NA,L,0,0,-0.4,0.14,-0.054,0,9.691358025,-0.090909091,0.027272727,0.027216263,-0.090720876,0.198479223,0.997929635,
Victor Ortega MIA,L,0,0,-0.4,0.14,0.09,0,9.659090909,-0.090909091,0.027272727,0.027455735,-0.091519116,0.200177292,1.006710279,
Eriandys Ramon CHN,B,0,0,-0.385714286,0.142857143,0.052857143,0,9.708029197,-0.09,0.03,0.02997667,-0.089930009,0.198665382,0.999222322,
Taishi Nakawake NA,R,0,0,-0.385714286,0.142857143,0.052857143,0,9.708029197,-0.09,0.03,0.030210123,-0.090630369,0.200210541,1.007004099,
Peyton Powell NA,L,0,0,-0.4,0.14,-0.09,0,9.668508287,-0.090909091,0.027272727,0.027176336,-0.090587786,0.19806648,0.996465646,
Elias Medina LAN,R,0,0,-0.385714286,0.142857143,-0.052857143,0,9.672897196,-0.09,0.03,0.029507134,-0.088521403,0.195458208,0.983571142,
Samuel Escudero PIT,R,0,0,-0.385714286,0.142857143,-0.122857143,0,9.696969697,-0.09,0.03,0.028538615,-0.085615846,0.189013153,0.951287183,
Dillon Head MIA,L,0,0,-0.4,0.14,0.018,0,9.68,-0.090909091,0.027272727,0.026827195,-0.089423983,0.195376291,0.983663817,
Rosnel Alarcon TEX,R,0,0,-0.385714286,0.142857143,0.017142857,0,9.693251534,-0.09,0.03,0.029815704,-0.089447112,0.197370023,0.993856805,
Richard Matic NYA,R,0,0,-0.385714286,0.142857143,0.017142857,0,9.693251534,-0.09,0.026666667,0.026372767,-0.089008089,0.196300417,0.988978764,
Anderson Areinamo HOU,R,0,0,-0.385714286,0.142857143,0.052857143,0,9.708029197,-0.09,0.026666667,0.026502679,-0.089446542,0.197247514,0.993850465,
Cesar Hernandez HOU,L,0.002,0,-0.4,0.14,-0.054,0,9.689440994,-0.090909091,0.027272727,0.028925757,-0.096419192,0.210495244,1.060611107,
Yimy Tovar SDN,R,0,0,-0.385714286,0.142857143,0.052857143,0,9.708029197,-0.09,0.026666667,0.026738931,-0.090243894,0.198919601,1.002709928,
Diego Contreras SEA,B,0,0,-0.385714286,0.142857143,0.017142857,0,9.693251534,-0.09,0.026666667,0.026697143,-0.090102857,0.198492589,1.001142854,
Yoneiker Lugo MIL,R,0,0,-0.385714286,0.142857143,0.088571429,0,9.642857143,-0.09,0.026666667,0.026538238,-0.089566552,0.19726038,0.995183916,
Rafael Flores TOR,R,0,0,-0.385714286,0.142857143,-0.052857143,0,9.672897196,-0.09,0.026666667,0.026516062,-0.08949171,0.197053785,0.994352334,
Casey Cook TEX,L,0,0,-0.4,0.14,0.018,0,9.68,-0.090909091,0.027272727,0.027346952,-0.091156505,0.198644154,1.002721557,
Albert Jimenez SFN,R,0,0,-0.385714286,0.142857143,-0.122857143,0,9.696969697,-0.09,0.026666667,0.026591097,-0.089744953,0.197538613,0.997166143,
Anderson Fermin BOS,B,0,0,-0.385714286,0.142857143,-0.052857143,0,9.672897196,-0.09,0.026666667,0.02923698,-0.098674808,0.217183252,1.096386753,
Edgar Lugo DET,B,0,0,-0.385714286,0.142857143,0.017142857,0,9.693251534,-0.09,0.026666667,0.026615305,-0.089826654,0.197649578,0.998073928,
Eric Bitonti MIL,L,0,0,-0.4,0.14,-0.09,0,9.668508287,-0.090909091,0.027272727,0.028274493,-0.094248309,0.205227201,1.0367314,
Dawson Dimon NA,R,0,0,-0.385714286,0.142857143,0.088571429,0,9.642857143,-0.09,0.026666667,0.026589206,-0.089738571,0.197325146,0.99709523,
Juan Macero LAN,R,0,0,-0.385714286,0.142857143,0.017142857,0,9.693251534,-0.09,0.026666667,0.026777461,-0.090373932,0.198694118,1.004154797,
Fredderick Ovalle PIT,R,0.001428571,0,-0.385714286,0.142857143,0.017142857,0,9.691358025,-0.09,0.026666667,0.023219819,-0.078366888,0.172259998,0.8707432,
Brandon Compton MIA,L,0,0,-0.4,0.14,-0.054,0,9.691358025,-0.090909091,0.027272727,0.028036372,-0.093454573,0.203306592,1.028000303,
Junior Suriel LAA,R,0,0,-0.385714286,0.142857143,0.017142857,0,9.693251534,-0.09,0.026666667,0.026626007,-0.089862775,0.197422526,0.998475279,
Robert Puason OAK,R,0,0,-0.385714286,0.142857143,0.052857143,0,9.708029197,-0.09,0.026666667,0.026511466,-0.089476197,0.196495694,0.994179968,
Andrew Patrick NA,R,0,0,-0.385714286,0.142857143,-0.052857143,0,9.672897196,-0.09,0.026666667,0.026566564,-0.089662154,0.196901078,0.996246151,
Luis Quesada HOU,R,0,0,-0.385714286,0.142857143,-0.052857143,0,9.672897196,-0.09,0.026666667,0.026538808,-0.089568476,0.19667844,0.995205287,
Alessander De La Cruz COL,R,0,0,-0.385714286,0.142857143,-0.052857143,0,9.672897196,-0.09,0.026666667,0.026654197,-0.089957916,0.197521596,0.999532402,
Armando Sierra NA,R,0,0,-0.385714286,0.142857143,-0.052857143,0,9.672897196,-0.09,0.026666667,0.026690208,-0.090079451,0.197768434,1.00088279,
Jeremy Ciriaco COL,R,0,0,-0.385714286,0.142857143,0.017142857,0,9.693251534,-0.09,0.026666667,0.029212307,-0.098591538,0.216439098,1.095461529,
Jhon Imbert NA,R,0.001428571,0,-0.385714286,0.142857143,-0.088571429,0,9.665271967,-0.09,0.026666667,0.026562889,-0.089649751,0.196788177,0.996108348,
Alexander Martinez NA,R,0,0,-0.385714286,0.142857143,0.088571429,0,9.642857143,-0.09,0.026666667,0.026735535,-0.090232431,0.197997024,1.00258257,
Greylin De La Paz LAA,R,0,0,-0.385714286,0.142857143,0.017142857,0,9.693251534,-0.09,0.026666667,0.026606498,-0.08979693,0.196915687,0.997743663,
Mason White BOS,L,0,0,-0.4,0.14,0.054,0,9.716981132,-0.090909091,0.027272727,0.028289355,-0.094297849,0.204621429,1.03727634,
Jjam Alvarez NA,R,0,0,-0.385714286,0.142857143,-0.088571429,0,9.666666667,-0.09,0.026666667,0.026644272,-0.089924416,0.197084346,0.999160183,
Nathaniel Ochoa Leyva WAS,R,0,0,-0.385714286,0.142857143,-0.052857143,0,9.672897196,-0.09,0.026666667,0.026763741,-0.090327624,0.197887752,1.00364027,
Ramiro Dominguez MIN,R,0,0,-0.385714286,0.142857143,0.017142857,0,9.693251534,-0.09,0.026666667,0.031660152,-0.106853012,0.234016406,1.187255683,
Corey Collins NYN,L,0,0,-0.4,0.14,-0.09,0,9.668508287,-0.090909091,0.027272727,0.027922178,-0.093073926,0.201772079,1.023813187,
Danyer Cueva TEX,L,0,0,-0.4,0.14,0.054,0,9.716981132,-0.090909091,0.027272727,0.02694061,-0.089802035,0.194457775,0.987822382,
Karniel Pratt HOU,R,0.001428571,0,-0.385714286,0.142857143,-0.052857143,0,9.671361502,-0.09,0.026666667,0.026705644,-0.090131549,0.197116697,1.00146166,
Everett Cooper WAS,L,0,0,-0.4,0.14,0.018,0,9.68,-0.090909091,0.027272727,0.027127404,-0.090424681,0.195775222,0.994671493,
Joyner Perez MIN,R,0,0,-0.385714286,0.142857143,-0.052857143,0,9.672897196,-0.09,0.026666667,0.026588369,-0.089735745,0.196200227,0.997063833,
Marcus Brown WAS,L,0,0,-0.4,0.14,0.018,0,9.68,-0.090909091,0.027272727,0.027150833,-0.090502778,0.195882584,0.99553056,
Jesus Moreno NA,R,0,0,-0.385714286,0.142857143,0.088571429,0,9.642857143,-0.09,0.026666667,0.026625315,-0.089860439,0.196452892,0.998449324,
Josuar Gonzalez SFN,B,0.001428571,0,-0.385714286,0.142857143,0.052857143,0,9.705882353,-0.09,0.026666667,0.02662166,-0.089848103,0.1963211,0.998312256,
German Ramirez HOU,R,0,0,-0.385714286,0.142857143,0.052857143,0,9.708029197,-0.09,0.026666667,0.026152907,-0.088266063,0.192824079,0.980734029,
Eduardo Rojas LAN,B,0,0,-0.385714286,0.142857143,0.088571429,0,9.642857143,-0.09,0.026666667,0.026582183,-0.089714866,0.195974151,0.996831849,
Diego Munoz CIN,R,0,0,-0.385714286,0.142857143,-0.052857143,0,9.672897196,-0.09,0.026666667,0.026623286,-0.08985359,0.195906783,0.998373218,
Jared Dupere NA,L,0,0,-0.4,0.14,0.018,0,9.68,-0.090909091,0.027272727,0.027146341,-0.090487804,0.195294761,0.995365849,
Santiago Almao TEX,B,0,0,-0.385714286,0.142857143,0.017142857,0,9.693251534,-0.09,0.026666667,0.026661867,-0.089983802,0.196164689,0.999820025,
Michel Triana NA,L,0,0,-0.4,0.14,-0.09,0,9.668508287,-0.090909091,0.027272727,#N/A,#N/A,#N/A,#N/A,
Zachary Fascia NA,L,0,0,-0.4,0.14,0.09,0,9.659090909,-0.090909091,0.027272727,0.027188385,-0.090627951,0.195530438,0.996907458,
Oliver Tejada SFN,R,0,0,-0.4,0.142857143,-0.052857143,0,9.6875,-0.093333333,0.026666667,0.026960375,-0.094361312,0.198255813,1.011014059,
Robert Cumbest NA,R,0,0,-0.4,0.142857143,-0.052857143,0,9.6875,-0.093333333,0.026666667,0.026586044,-0.093051154,0.195483194,0.996976652,
Yovanny Duran MIN,B,0.001428571,0,-0.4,0.142857143,0.017142857,0,9.709302326,-0.093333333,0.026666667,0.026562626,-0.092969193,0.195282121,0.996098492,
Ivan Torres TBA,R,0,0,-0.4,0.142857143,0.088571429,0,9.672131148,-0.093333333,0.026666667,0.026604395,-0.093115384,0.195552283,0.997664828,
Bryce Rainer DET,L,0,0,-0.4,0.14,0.054,0,9.716981132,-0.090909091,0.027272727,0.02461575,-0.0820525,0.17681764,0.9025775,
Ashly Andujar COL,B,0,0,-0.4,0.142857143,0.052857143,0,9.662162162,-0.093333333,0.026666667,0.026728764,-0.093550673,0.196283011,1.002328642,
Malcolm Moore TEX,L,0,0,-0.4,0.14,-0.126,0,9.698492462,-0.090909091,0.027272727,0.027827118,-0.09275706,0.199789339,1.020327661,
Vincent Perozo NYN,L,0,0,-0.4,0.14,0.09,0,9.659090909,-0.090909091,0.027272727,0.027122696,-0.090408987,0.194729838,0.994498859,
Christopher Alvarado BOS,R,0,0,-0.4,0.142857143,0.017142857,0,9.710982659,-0.093333333,0.026666667,0.026735484,-0.093574195,0.196311309,1.002580661,
Javier Sanchez TEX,R,0,0,-0.4,0.142857143,-0.088571429,0,9.68,-0.093333333,0.026666667,0.026737897,-0.09358264,0.196325015,1.002671142,
Luis Ogando NA,R,0,0,-0.4,0.142857143,0.017142857,0,9.710982659,-0.093333333,0.026666667,0.026646783,-0.093263741,0.195654006,0.999254372,
Gabriel Araujo NA,R,0,0,-0.4,0.142857143,-0.052857143,0,9.6875,-0.093333333,0.026666667,0.02667105,-0.093348675,0.195829185,1.000164379,
Aldo Gaxiola TOR,R,0,0,-0.4,0.142857143,0.017142857,0,9.710982659,-0.093333333,0.026666667,0.029693275,-0.103926463,0.218011738,1.113497819,
William Sullivan NA,L,0,0,-0.4,0.14,-0.09,0,9.668508287,-0.090909091,0.027272727,0.027281303,-0.090937677,0.19583556,1.000314444,
Kaeden Kent NYA,L,0,0,-0.4,0.14,0.018,0,9.68,-0.090909091,0.027272727,0.029934516,-0.099781721,0.214802306,1.097598931,
Sandy Luciano KCA,B,0,0,-0.4,0.142857143,-0.052857143,0,9.6875,-0.093333333,0.026666667,0.026576982,-0.093019437,0.194985018,0.996636823,
Cole McConnell CHA,L,0,0,-0.4,0.14,-0.054,0,9.691358025,-0.090909091,0.027272727,0.027178512,-0.090595041,0.194902366,0.99654545,
Guillermo Rosario PHI,R,0,0,-0.4,0.142857143,-0.088571429,0,9.68,-0.093333333,0.026666667,0.025577592,-0.089521572,0.187567516,0.9591597,
Jirvin Morillo CIN,B,0,0,-0.4,0.142857143,0.088571429,0,9.672131148,-0.093333333,0.026666667,0.026758236,-0.093653824,0.196179342,1.003433834,
Myles Smith CIN,L,0,0,-0.4,0.14,-0.054,0,9.691358025,-0.090909091,0.027272727,0.027030004,-0.090100012,0.193729352,0.991100134,
Javier Osorio DET,R,0.001428571,0,-0.4,0.142857143,0.017142857,0,9.709302326,-0.093333333,0.026666667,0.029389273,-0.102862456,0.215386269,1.102097747,
George Wolkow CHA,L,0,0,-0.4,0.14,-0.054,0,9.691358025,-0.090909091,0.027272727,0.027900018,-0.09300006,0.199898421,1.02300066,
Bairon Ledesma COL,R,0,0,-0.4,0.142857143,0.017142857,0,9.710982659,-0.093333333,0.026666667,0.026904349,-0.094165222,0.197117405,1.008913096,
John Wimmer LAA,R,0,0,-0.4,0.142857143,0.052857143,0,9.662162162,-0.093333333,0.026666667,0.026751485,-0.093630199,0.195960315,1.003180701,
Estanlin Cassiani NA,L,0,0,-0.4,0.14,-0.054,0,9.691358025,-0.090909091,0.027272727,0.027268472,-0.090894908,0.19527553,0.999843988,
Chase Luttrell NA,L,0,0,-0.4,0.14,-0.054,0,9.691358025,-0.090909091,0.027272727,0.027089848,-0.090299494,0.19399537,0.993294437,
Daniel Campos CHN,R,0,0,-0.4,0.142857143,0.088571429,0,9.672131148,-0.093333333,0.026666667,0.026575769,-0.09301519,0.194569507,0.996591323,
Gabriel Terrero NA,B,0,0,-0.4,0.142857143,0.017142857,0,9.710982659,-0.093333333,0.026666667,0.026641767,-0.093246184,0.195050702,0.999066254,
Steven Rivas NA,L,0,0,-0.4,0.14,-0.126,0,9.698492462,-0.090909091,0.027272727,0.027130146,-0.090433819,0.194210334,0.994772009,
Carlos Cauro HOU,R,0,0,-0.4,0.142857143,-0.122857143,0,9.672727273,-0.093333333,0.026666667,0.026310467,-0.092086636,0.192597555,0.98664253,
Garrett Frechette NA,L,0,0,-0.4,0.14,-0.09,0,9.668508287,-0.090909091,0.027272727,0.027168848,-0.090562826,0.194426615,0.99619109,
Juan Perez SFN,R,0,0,-0.4,0.142857143,0.088571429,0,9.672131148,-0.093333333,0.026666667,0.026775549,-0.093714423,0.19581227,1.004083101,
Sami Manzueta HOU,R,0,0,-0.4,0.142857143,0.017142857,0,9.710982659,-0.093333333,0.026666667,0.02685067,-0.093977344,0.196348543,1.006900114,
Maikol Orozco DET,R,0,0,-0.4,0.142857143,-0.052857143,0,9.6875,-0.093333333,0.026666667,0.026868611,-0.094040138,0.196360847,1.007572912,
Warel Solano TBA,R,0,0,-0.4,0.142857143,0.017142857,0,9.710982659,-0.093333333,0.026666667,0.026641675,-0.093245864,0.194681378,0.999062823,
Eric Hartman ATL,L,0.002,0,-0.4,0.14,-0.054,0,9.689440994,-0.090909091,0.027272727,0.030273958,-0.100913192,0.216224578,1.110045115,
Angel Cruz NA,R,0,0,-0.4,0.142857143,-0.088571429,0,9.68,-0.093333333,0.026666667,0.026736378,-0.093577323,0.195222013,1.002614171,
Yerlin Luis CLE,B,0,0,-0.4,0.142857143,-0.052857143,0,9.6875,-0.093333333,0.026666667,0.02625477,-0.091891695,0.191654242,0.984553876,
Christopher Espinola NA,L,0,0,-0.4,0.14,-0.054,0,9.691358025,-0.090909091,0.027272727,0.02724551,-0.090818366,0.194461739,0.999002029,
Adolfo Miranda NYN,R,0,0,-0.4,0.142857143,-0.052857143,0,9.6875,-0.093333333,0.026666667,0.026512538,-0.092793883,0.193503084,0.994220174,
Marconi German WAS,B,0,0,-0.4,0.142857143,0.017142857,0,9.710982659,-0.093333333,0.026666667,0.0266498,-0.093274301,0.194344001,0.999367507,
Edgar Basabe NA,R,0.001428571,0,-0.4,0.142857143,-0.052857143,0,9.686098655,-0.093333333,0.023333333,0.023400118,-0.093600472,0.194921312,1.002862203,
Elaineiker Coronado TOR,L,0,0,-0.4,0.14,0.018,0,9.68,-0.090909091,0.022727273,0.022625933,-0.090503732,0.193470461,0.99554105,
Yeremi Villahermosa LAA,B,0,0,-0.4,0.142857143,0.088571429,0,9.672131148,-0.093333333,0.023333333,0.023057888,-0.092231551,0.192006326,0.988195193,
Michael Guzman TEX,R,0,0,-0.4,0.142857143,0.017142857,0,9.710982659,-0.093333333,0.023333333,0.023401044,-0.093604177,0.19479163,1.002901899,
Jacob Jenkins-Cowart MIA,L,0.002,0,-0.42,0.14,-0.054,0,9.707602339,-0.095454545,0.022727273,0.022452113,-0.094298873,0.191862643,0.987892958,
Lexer Saduy NA,L,0,0,-0.42,0.14,-0.054,0,9.709302326,-0.095454545,0.022727273,0.022716102,-0.095407629,0.194111546,0.999508494,
Dashyll Tejeda WAS,R,0.004285714,0,-0.4,0.142857143,0.017142857,0,9.705882353,-0.093333333,0.023333333,0.023324623,-0.093298492,0.194120508,0.999626701,
Louis Andujar BOS,R,0,0,-0.4,0.142857143,0.017142857,0,9.710982659,-0.093333333,0.023333333,0.023300336,-0.093201343,0.193899403,0.99858582,
Kellum Clark NA,L,0,0,-0.42,0.14,-0.09,0,9.685863874,-0.095454545,0.022727273,0.022576229,-0.09482016,0.192853731,0.993354062,
Carlos Concepcion SFN,R,0,0,-0.4,0.142857143,-0.052857143,0,9.6875,-0.093333333,0.023333333,0.023085985,-0.092343941,0.192061216,0.989399368,
Franyer Noria NA,R,0,0,-0.4,0.142857143,0.017142857,0,9.710982659,-0.093333333,0.023333333,0.023434583,-0.09373833,0.194928188,1.004339252,
Roiner Quintana HOU,R,0,0,-0.4,0.142857143,0.017142857,0,9.710982659,-0.093333333,0.023333333,0.023222588,-0.092890352,0.193142928,0.995253772,
Eliomar Garces TBA,R,0,0,-0.4,0.142857143,0.052857143,0,9.662162162,-0.093333333,0.023333333,0.023503877,-0.094015509,0.195388738,1.00730902,
Braylon Payne MIL,L,0,0,-0.42,0.14,0.018,0,9.703703704,-0.095454545,0.022727273,0.025308951,-0.106297592,0.215902457,1.113593824,
Robert Hipwell SFN,L,0,0,-0.42,0.14,-0.09,0,9.685863874,-0.095454545,0.022727273,0.022464194,-0.094349616,0.191580399,0.988424545,
Manni Ramirez TEX,R,0,0,-0.4,0.142857143,-0.052857143,0,9.6875,-0.093333333,0.023333333,0.02315127,-0.092605082,0.192236243,0.992197303,
Mason Dinesen NA,R,0,0,-0.4,0.142857143,0.017142857,0,9.710982659,-0.093333333,0.023333333,0.023274956,-0.093099822,0.193254284,0.997498098,
Jesus Perez MIA,R,0,0,-0.4,0.142857143,-0.052857143,0,9.6875,-0.093333333,0.023333333,0.023162214,-0.092648856,0.192294356,0.992666319,
Roiber Niazoa NA,R,0,0,-0.4,0.142857143,-0.088571429,0,9.68,-0.093333333,0.023333333,0.023237264,-0.092949057,0.192916432,0.995882755,
Carlos Rodriguez SDN,L,0,0,-0.42,0.14,0.09,0,9.693877551,-0.095454545,0.022727273,0.023976888,-0.10070293,0.204360771,1.054983073,
Adriel Radney ARI,R,0,0,-0.4,0.142857143,-0.052857143,0,9.6875,-0.093333333,0.023333333,0.023217024,-0.092868096,0.192708596,0.995015314,
Roosbert Tapia NA,R,0,0,-0.4,0.142857143,-0.088571429,0,9.68,-0.093333333,0.023333333,0.023321403,-0.093285612,0.193495015,0.999488698,
Jorge Corona CHA,R,0,0,-0.4,0.142857143,0.088571429,0,9.672131148,-0.093333333,0.023333333,0.030375636,-0.121502542,0.251937257,1.301812952,
Eduardo Ponce SEA,R,0,0,-0.4,0.142857143,-0.122857143,0,9.672727273,-0.093333333,0.023333333,0.023216509,-0.092866038,0.192543136,0.994993261,
Harold Rivas BOS,R,0,0,-0.4,0.142857143,0.017142857,0,9.710982659,-0.093333333,0.023333333,0.02325864,-0.093034559,0.192858647,0.996798845,
Nicholas Montgomery ATL,R,0,0,-0.4,0.142857143,0.088571429,0,9.672131148,-0.093333333,0.023333333,0.024205012,-0.096820049,0.200684102,1.037357666,
Jhon GIl LAN,R,0,0,-0.4,0.142857143,0.088571429,0,9.672131148,-0.093333333,0.023333333,0.023239584,-0.092958335,0.192588091,0.995982163,
Francisco Perez TEX,R,0,0,-0.4,0.142857143,0.088571429,0,9.672131148,-0.093333333,0.023333333,0.023227442,-0.09290977,0.192392906,0.99546182,
Brando Mayea NYA,R,0.001428571,0,-0.4,0.142857143,0.017142857,0,9.709302326,-0.093333333,0.023333333,0.026529859,-0.106119438,0.219736593,1.136993977,
Mario Baez ATL,R,0.001428571,0,-0.4,0.142857143,0.017142857,0,9.709302326,-0.093333333,0.023333333,0.023472252,-0.093889009,0.194391493,1.005953669,
Daury Arias NA,L,0,0,-0.42,0.14,-0.054,0,9.709302326,-0.095454545,0.022727273,0.022823072,-0.095856901,0.194018384,1.004215151,
Devin Taylor OAK,L,0,0,-0.42,0.14,-0.054,0,9.709302326,-0.095454545,0.022727273,0.025835196,-0.108507824,0.219588007,1.136748633,
Fidel Montero CHA,R,0,0,-0.4,0.142857143,-0.028571429,0,9.661835749,-0.093333333,0.023333333,0.023216419,-0.092865675,0.192177222,0.994989371,
Jose Verdugo SDN,R,0,0,-0.4,0.142857143,0.052857143,0,9.662162162,-0.093333333,0.023333333,0.027035424,-0.108141696,0.223777997,1.158661025,
Cristopher Barete NA,L,0,0,-0.42,0.14,0.018,0,9.703703704,-0.095454545,0.022727273,0.022661668,-0.095179005,0.192521656,0.997113389,
Deinys Gonzalez TBA,R,0,0,-0.4,0.142857143,0.088571429,0,9.672131148,-0.093333333,0.023333333,0.02332738,-0.09330952,0.192999744,0.999744852,
Jeremy Almonte MIA,R,0,0,-0.4,0.142857143,0.088571429,0,9.672131148,-0.093333333,0.023333333,0.022763579,-0.091054317,0.18832244,0.975581964,
Nathan Flewelling TBA,L,0,0,-0.42,0.14,-0.126,0,9.666666667,-0.095454545,0.022727273,0.024959693,-0.104830712,0.211822634,1.098226507,
Jordan Viars NA,L,0,0,-0.42,0.14,-0.054,0,9.709302326,-0.095454545,0.022727273,0.022599666,-0.094918597,0.191748313,0.994385306,
Darlyn Montero NA,L,0,0,-0.42,0.14,-0.09,0,9.685863874,-0.095454545,0.022727273,0.022679343,-0.09525324,0.192353486,0.997891087,
Marcos Torres TEX,L,0,0,-0.42,0.14,-0.054,0,9.709302326,-0.095454545,0.022727273,0.023035902,-0.096750788,0.195352281,1.013579687,
Sebastian Dos Santos SLN,B,0,0,-0.4,0.142857143,0.052857143,0,9.662162162,-0.093333333,0.023333333,0.023239564,-0.092958256,0.191931575,0.995981314,
Ramcell Medina KCA,R,0,0,-0.4,0.142857143,0.052857143,0,9.662162162,-0.093333333,0.023333333,0.023265008,-0.093060033,0.192132741,0.997071781,
Kevin Robledo MIA,R,0,0,-0.4,0.142857143,0.088571429,0,9.672131148,-0.093333333,0.023333333,0.023362466,-0.093449863,0.192867502,1.001248537,
Kennew Blanco TOR,R,0,0,-0.4,0.142857143,0.052857143,0,9.662162162,-0.093333333,0.023333333,0.023336707,-0.093346828,0.192567838,1.000144583,
Carlos Matias TBA,R,0,0,-0.4,0.142857143,-0.052857143,0,9.6875,-0.093333333,0.023333333,0.023135791,-0.092543165,0.190894074,0.991533907,
Alfonzo Martinez TBA,R,0,0,-0.4,0.142857143,-0.052857143,0,9.6875,-0.093333333,0.023333333,0.023357419,-0.093429677,0.19268069,1.001032252,
Luis Leon CHN,R,0.001428571,0,-0.4,0.142857143,0.017142857,0,9.709302326,-0.093333333,0.023333333,0.02333466,-0.093338639,0.192492941,1.000056842,
Oscar Colina NA,R,0,0,-0.4,0.142857143,-0.052857143,0,9.6875,-0.093333333,0.023333333,0.023411736,-0.093646943,0.193108693,1.003360107,
Anderson Araujo PHI,R,0,0,-0.4,0.142857143,0.088571429,0,9.672131148,-0.093333333,0.023333333,0.02328444,-0.09313776,0.192054718,0.997904571,
Ariel Almonte CIN,L,0,0,-0.42,0.14,-0.054,0,9.709302326,-0.095454545,0.022727273,0.022298857,-0.093655201,0.188814416,0.981149728,
Israfell Bautista TBA,B,0.002857143,0,-0.4,0.142857143,0.017142857,0,9.707602339,-0.093333333,0.023333333,0.02334814,-0.093392558,0.192554108,1.000634551,
Roinny Aguiar NA,R,0,0,-0.4,0.142857143,0.017142857,0,9.710982659,-0.093333333,0.023333333,0.02348459,-0.093938362,0.193669365,1.006482445,
Santiago Camacho SFN,B,0,0,-0.4,0.142857143,0.088571429,0,9.672131148,-0.093333333,0.023333333,0.023363314,-0.093453254,0.192655219,1.001284869,
Isaac Ponce SDN,R,0,0,-0.4,0.142857143,0.088571429,0,9.672131148,-0.093333333,0.023333333,0.02322334,-0.09289336,0.191492032,0.995286005,
Estivenzon Montero NYA,R,0,0,-0.4,0.142857143,-0.052857143,0,9.6875,-0.093333333,0.023333333,0.023251707,-0.093006828,0.191707999,0.996501728,
Ramiro Altagracia NA,R,0,0,-0.4,0.142857143,-0.052857143,0,9.6875,-0.093333333,0.023333333,0.023205908,-0.092823634,0.191324427,0.994538932,
Jostin Ogando BOS,R,0,0,-0.4,0.142857143,-0.088571429,0,9.68,-0.093333333,0.023333333,0.023353773,-0.093415091,0.192506483,1.000875974,
Alberto Mendez NA,L,0,0,-0.42,0.14,0.018,0,9.703703704,-0.095454545,0.022727273,0.022683545,-0.095270889,0.191922026,0.998075978,
Samuel Gonzalez OAK,R,0,0,-0.4,0.142857143,0.017142857,0,9.710982659,-0.093333333,0.023333333,0.0237882,-0.095152802,0.196016131,1.019494305,
Erick Bautista NA,R,0,0,-0.4,0.142857143,-0.052857143,0,9.6875,-0.093333333,0.023333333,0.02320448,-0.092817922,0.191201272,0.994477731,
Chad Castillo NA,L,0,0,-0.42,0.14,-0.09,0,9.685863874,-0.095454545,0.022727273,0.022766921,-0.095621066,0.192554327,1.001744505,
Alan Espinal COL,R,0,0,-0.4,0.142857143,0.088571429,0,9.672131148,-0.093333333,0.023333333,0.025476873,-0.101907492,0.209854458,1.091865982,
Abraham Nunez CHA,L,0,0,-0.42,0.14,0.018,0,9.703703704,-0.095454545,0.022727273,0.022964722,-0.096451831,0.194155514,1.010447749,
Liberts Aponte CIN,R,0,0,-0.4,0.142857143,0.052857143,0,9.662162162,-0.093333333,0.023333333,0.023366701,-0.093466806,0.192413771,1.001430064,
Brailer Guerrero TBA,L,0,0,-0.42,0.14,-0.054,0,9.709302326,-0.095454545,0.022727273,0.021877633,-0.091886058,0.184901176,0.962615841,
Darwin Almanzar MIN,B,0,0,-0.4,0.142857143,0.017142857,0,9.710982659,-0.093333333,0.023333333,0.023299007,-0.093196028,0.191777456,0.998528876,
Ediel Rivera NYA,R,0.001428571,0,-0.4,0.142857143,0.088571429,0,9.669421488,-0.093333333,0.023333333,0.022685208,-0.090740831,0.186719353,0.972223192,
Roderick Flores MIL,R,0,0,-0.414285714,0.142857143,0.017142857,0,9.673913043,-0.096666667,0.023333333,0.0234737,-0.097248184,0.193049382,1.006015696,
Kleimir Lemos TEX,B,0,0,-0.414285714,0.142857143,-0.088571429,0,9.692307692,-0.096666667,0.023333333,0.023332985,-0.096665224,0.191884137,0.99998508,
Wilson Rodriguez NYA,L,0,0,-0.42,0.14,-0.054,0,9.709302326,-0.095454545,0.022727273,0.024516631,-0.10296985,0.206993522,1.078731757,
Carlos Colmenarez TBA,L,0,0,-0.42,0.14,0.018,0,9.703703704,-0.095454545,0.022727273,0.023701461,-0.099546136,0.200076642,1.042864287,
Gabriel Gomes NA,R,0,0,-0.414285714,0.142857143,0.088571429,0,9.696969697,-0.096666667,0.023333333,0.023261818,-0.096370387,0.191243045,0.996935037,
Felix Cotes TBA,B,0,0,-0.414285714,0.142857143,0.017142857,0,9.673913043,-0.096666667,0.023333333,0.023378515,-0.096853848,0.192198445,1.001936354,
Yoffry Solano MIA,B,0,0,-0.414285714,0.142857143,0.017142857,0,9.673913043,-0.096666667,0.023333333,0.023400106,-0.096943298,0.192368932,1.002861704,
Justin Capellan NYA,R,0,0,-0.414285714,0.142857143,0.088571429,0,9.696969697,-0.096666667,0.023333333,0.023270965,-0.096408284,0.191306283,0.997327079,
Drew Davies CIN,L,0,0,-0.42,0.14,-0.09,0,9.685863874,-0.095454545,0.022727273,0.023263499,-0.097706697,0.196337607,1.023593972,
Leni Done NYA,R,0,0,-0.414285714,0.142857143,0.017142857,0,9.673913043,-0.096666667,0.023333333,0.023174039,-0.096006734,0.190495569,0.993173113,
Andry Javier NA,B,0,0,-0.414285714,0.142857143,-0.088571429,0,9.692307692,-0.096666667,0.023333333,0.023399751,-0.096941826,0.192345955,1.002846481,
Francisco Espinoza LAN,R,0,0,-0.414285714,0.142857143,0.088571429,0,9.696969697,-0.096666667,0.023333333,0.022788224,-0.094408356,0.18723228,0.976638169,
Edward Guribe SLN,R,0,0,-0.414285714,0.142857143,0.017142857,0,9.673913043,-0.096666667,0.023333333,0.023303039,-0.096541162,0.191396182,0.998701672,
Yensi Reyes NA,R,0,0,-0.414285714,0.142857143,-0.052857143,0,9.700854701,-0.096666667,0.023333333,0.02319948,-0.09611213,0.190523739,0.994263418,
Edgar Walker PIT,R,0,0,-0.414285714,0.142857143,-0.052857143,0,9.700854701,-0.096666667,0.023333333,0.023225087,-0.096218216,0.190729056,0.995360853,
Dustin Crenshaw SEA,L,0,0,-0.42,0.14,-0.054,0,9.709302326,-0.095454545,0.022727273,0.021694356,-0.091116294,0.182872051,0.954551652,
Nolan Beltran PHI,L,0,0,-0.42,0.14,0.054,0,9.658119658,-0.095454545,0.022727273,0.023898826,-0.100375071,0.201451429,1.051548362,
Jorge Julio NA,R,0,0,-0.414285714,0.142857143,-0.052857143,0,9.700854701,-0.096666667,0.023333333,0.02330963,-0.096568467,0.191336432,0.998984144,
Victor Cardoza PHI,R,0,0,-0.414285714,0.142857143,0.017142857,0,9.673913043,-0.096666667,0.023333333,0.023413226,-0.096997651,0.192180777,1.003423976,
Ariel Lebron HOU,R,0,0,-0.414285714,0.142857143,0.017142857,0,9.673913043,-0.096666667,0.023333333,0.023281822,-0.096453262,0.191047304,0.997792364,
Jeremy Rodriguez NYN,L,0,0,-0.42,0.14,0.054,0,9.658119658,-0.095454545,0.022727273,0.022548721,-0.094704627,0.189911189,0.992143714,
Anielson Buten CIN,R,0,0,-0.414285714,0.142857143,-0.052857143,0,9.700854701,-0.096666667,0.023333333,0.023244501,-0.096298647,0.190661359,0.996192899,
Jose Monserrate MIA,R,0.001428571,0,-0.414285714,0.142857143,0.017142857,0,9.672131148,-0.096666667,0.023333333,0.026849775,-0.111234784,0.220203447,1.150704662,
Robin Ortiz CHN,R,0,0,-0.414285714,0.142857143,0.017142857,0,9.673913043,-0.096666667,0.023333333,0.023061982,-0.095542497,0.189099027,0.988370654,
Nicholas Roselli NYN,L,0,0,-0.42,0.14,0.018,0,9.703703704,-0.095454545,0.022727273,0.02275453,-0.095569026,0.191543446,1.001199316,
Robert Perez MIA,R,0.001428571,0,-0.414285714,0.142857143,-0.052857143,0,9.699570815,-0.096666667,0.023333333,0.023250188,-0.096322209,0.190594415,0.996436641,
Max Durrington OAK,L,0,0,-0.42,0.14,0.018,0,9.703703704,-0.095454545,0.022727273,0.022816433,-0.095829018,0.192021365,1.003923046,
Yerald Nin ARI,L,0,0,-0.42,0.14,0.018,0,9.703703704,-0.095454545,0.022727273,0.023165715,-0.097296002,0.194959875,1.019291447,
Fernando Hernandez NA,R,0,0,-0.414285714,0.142857143,0.017142857,0,9.673913043,-0.096666667,0.023333333,0.02346417,-0.097208705,0.192305299,1.005607291,
Emiliano Galan NA,R,0,0,-0.414285714,0.142857143,-0.052857143,0,9.700854701,-0.096666667,0.023333333,0.023324191,-0.096628792,0.191091099,0.999608189,
Ruben Vizcaya NA,R,0,0,-0.414285714,0.142857143,-0.052857143,0,9.700854701,-0.096666667,0.023333333,0.023405266,-0.096964675,0.191726245,1.003082841,
Anthony Servideo NA,L,0.00625,0,-0.4,0.1375,0.016875,0,9.671717172,-0.095684094,0.02242596,0.022395367,-0.095553566,0.190868269,0.998635838,
Yovanny Rodriguez NYN,R,0,0,-0.414285714,0.142857143,0.088571429,0,9.696969697,-0.096666667,0.023333333,0.023170614,-0.095992542,0.189760374,0.993026296,
Aniel Mendoza NA,R,0,0,-0.414285714,0.142857143,-0.122857143,0,9.684210526,-0.096666667,0.023333333,0.02330147,-0.096534661,0.190831049,0.998634422,
Darian Castillo SDN,B,0,0,-0.414285714,0.142857143,0.017142857,0,9.673913043,-0.096666667,0.023333333,0.023573385,-0.097661167,0.193044808,1.010287933,
Luis Frias SFN,R,0,0,-0.414285714,0.142857143,0.017142857,0,9.673913043,-0.096666667,0.023333333,0.023482699,-0.097285469,0.192209585,1.006401404,
Yeiker Reyes COL,L,0.002,0,-0.42,0.14,0.018,0,9.701492537,-0.095454545,0.022727273,0.022651154,-0.095134846,0.19031146,0.996650764,
Newremberg Rondon DET,R,0,0,-0.414285714,0.142857143,-0.088571429,0,9.692307692,-0.096666667,0.023333333,0.022334342,-0.092527989,0.182762241,0.957186093,
Axell De Paula NA,R,0,0,-0.414285714,0.142857143,-0.122857143,0,9.684210526,-0.096666667,0.023333333,0.023435495,-0.097089909,0.19175391,1.004378372,
Edgardo De Leon MIA,R,0,0,-0.414285714,0.142857143,-0.088571429,0,9.692307692,-0.096666667,0.023333333,0.023017269,-0.095357259,0.188319077,0.986454399,
Josi Novas KCA,R,0,0,-0.414285714,0.142857143,0.052857143,0,9.683544304,-0.096666667,0.023333333,0.023397615,-0.096932977,0.191396838,1.002754939,
Haritzon Castillo MIN,B,0,0,-0.414285714,0.142857143,0.052857143,0,9.683544304,-0.096666667,0.023333333,0.023263721,-0.096378273,0.190206842,0.997016616,
Pablo Martinez HOU,R,0,0,-0.414285714,0.142857143,0.052857143,0,9.683544304,-0.096666667,0.023333333,0.023405639,-0.096966218,0.191363165,1.003098804,
Luis Mendez COL,L,0,0,-0.42,0.14,-0.09,0,9.685863874,-0.095454545,0.022727273,0.022625112,-0.095025471,0.189881616,0.995504936,
Handelfry Encarnacion MIL,L,0,0,-0.42,0.14,0.018,0,9.703703704,-0.095454545,0.022727273,0.022420504,-0.094166116,0.188140761,0.986502168,
Darwin NuÃ±ez TOR,R,0,0,-0.414285714,0.142857143,-0.088571429,0,9.692307692,-0.096666667,0.023333333,0.023301907,-0.096536473,0.190454145,0.998653172,
Victor Leal MIN,R,0,0,-0.414285714,0.142857143,0.088571429,0,9.696969697,-0.096666667,0.023333333,0.023390136,-0.096901994,0.191156224,1.002434418,
Steven Cruz CLE,B,0,0,-0.414285714,0.142857143,-0.052857143,0,9.700854701,-0.096666667,0.023333333,0.023205884,-0.096138661,0.189548974,0.994537877,
Miguel Rivera NA,R,0,0,-0.414285714,0.142857143,-0.088571429,0,9.692307692,-0.096666667,0.023333333,0.023190693,-0.096075727,0.189389112,0.993886835,
Alan Angulo KCA,R,0,0,-0.414285714,0.142857143,0.017142857,0,9.673913043,-0.096666667,0.023333333,0.02331804,-0.09660331,0.190429109,0.99934459,
Michael Martinez ATL,R,0,0,-0.414285714,0.142857143,-0.052857143,0,9.700854701,-0.096666667,0.023333333,0.023503985,-0.097373654,0.191932537,1.007313658,
Dorian Soto BOS,B,0,0,-0.414285714,0.142857143,0.052857143,0,9.683544304,-0.096666667,0.023333333,0.02334317,-0.096707419,0.190615325,1.000421576,
Carlos Done MIL,R,0,0,-0.414285714,0.142857143,-0.052857143,0,9.700854701,-0.096666667,0.023333333,0.023141406,-0.095871538,0.188934039,0.991774526,
Luis Marinez NA,R,0,0,-0.414285714,0.142857143,0.088571429,0,9.696969697,-0.096666667,0.023333333,0.023248039,-0.096313305,0.189768762,0.996344536,
Derek Datil TBA,L,0,0,-0.42,0.14,0.018,0,9.703703704,-0.095454545,0.022727273,0.02174736,-0.091338914,0.182219393,0.956883858,
Ismael Mena NA,L,0,0,-0.42,0.14,-0.054,0,9.709302326,-0.095454545,0.022727273,0.02273765,-0.095498128,0.190462922,1.000456581,
Wyatt Sanford PIT,L,0,0,-0.42,0.14,0.054,0,9.658119658,-0.095454545,0.022727273,0.023650251,-0.099331053,0.198088635,1.040611033,
Christian Astudillo BAL,R,0,0,-0.414285714,0.142857143,0.088571429,0,9.696969697,-0.096666667,0.023333333,0.023479534,-0.097272356,0.191489354,1.006265753,
Athanael Duarte LAA,R,0,0,-0.414285714,0.142857143,-0.088571429,0,9.692307692,-0.096666667,0.023333333,0.025842925,-0.107063548,0.210757547,1.107553941,
Jose Castro NYA,R,0.001428571,0,-0.414285714,0.142857143,-0.052857143,0,9.699570815,-0.096666667,0.02,0.019957254,-0.096460063,0.189834402,0.997862721,
Santiago Mendoza TBA,R,0,0,-0.414285714,0.142857143,-0.088571429,0,9.692307692,-0.096666667,0.02,0.019900619,-0.096186325,0.189284738,0.995030952,
David Carrera NYA,R,0,0,-0.414285714,0.142857143,-0.052857143,0,9.700854701,-0.096666667,0.02,0.019855487,-0.095968187,0.188793912,0.992774347,
Abraham Bastidas SDN,R,0,0,-0.414285714,0.142857143,0.017142857,0,9.673913043,-0.096666667,0.02,0.020034944,-0.096835562,0.19048824,1.001747197,
Enmanuel Ramirez WAS,R,0,0,-0.414285714,0.142857143,-0.052857143,0,9.700854701,-0.096666667,0.02,0.019954863,-0.096448506,0.18969592,0.997743169,
Jose Ferrer NA,R,0,0,-0.414285714,0.142857143,-0.122857143,0,9.684210526,-0.096666667,0.02,0.019954594,-0.096447203,0.189648458,0.997729682,
Reminton Batista NA,B,0,0,-0.414285714,0.142857143,-0.052857143,0,9.700854701,-0.096666667,0.02,0.019876508,-0.096069791,0.188904349,0.993825424,
Leandro Alsinois CHA,R,0,0,-0.414285714,0.142857143,-0.052857143,0,9.700854701,-0.096666667,0.02,0.020114094,-0.09721812,0.191092943,1.005704693,
Angel Guzman TOR,B,0,0,-0.414285714,0.142857143,0.017142857,0,9.673913043,-0.096666667,0.02,0.020088354,-0.097093711,0.19084539,1.004417703,
Manolfi Jimenez PHI,L,0,0,-0.42,0.14,-0.054,0,9.709302326,-0.095454545,0.022727273,0.022203925,-0.093256483,0.185617971,0.976972683,
Moises De La Rosa NA,R,0,0,-0.414285714,0.142857143,-0.052857143,0,9.700854701,-0.096666667,0.02,0.02004265,-0.096872808,0.190366091,1.002132496,
Anthony Millan HOU,R,0,0,-0.414285714,0.142857143,0.017142857,0,9.673913043,-0.096666667,0.02,0.019903259,-0.096199086,0.189019262,0.995162958,
Franklin Rojas TOR,R,0,0,-0.414285714,0.142857143,0.088571429,0,9.696969697,-0.096666667,0.02,0.019912974,-0.096246043,0.189052783,0.995648718,
Walker Martin SFN,L,0,0,-0.42,0.14,0.018,0,9.703703704,-0.095454545,0.022727273,0.023723135,-0.099637168,0.198174057,1.043817951,
Alonso Gallegos NA,R,0,0,-0.414285714,0.142857143,0.052857143,0,9.683544304,-0.096666667,0.02,0.020005504,-0.096693271,0.189887246,1.000275218,
Jose Riera CLE,R,0,0,-0.414285714,0.142857143,0.017142857,0,9.673913043,-0.096666667,0.02,0.020094104,-0.097121502,0.190727205,1.00470519,
Dauwin Gonzalez NA,R,0,0,-0.414285714,0.142857143,-0.052857143,0,9.700854701,-0.096666667,0.02,0.020039343,-0.096856824,0.190199415,1.001967144,
Santiago Martinez HOU,R,0,0,-0.414285714,0.142857143,0.052857143,0,9.683544304,-0.096666667,0.02,0.020010777,-0.096718758,0.189852251,1.000538872,
Eliesbert Alejos ARI,R,0,0,-0.414285714,0.142857143,0.017142857,0,9.673913043,-0.096666667,0.02,0.022164525,-0.107128536,0.210190621,1.108226237,
Jefer Lista MIL,R,0,0,-0.414285714,0.142857143,-0.088571429,0,9.692307692,-0.096666667,0.02,0.020061343,-0.096963158,0.19016147,1.003067148,
Ty Hanchey SFN,L,0,0,-0.42,0.14,0.09,0,9.693877551,-0.095454545,0.022727273,0.02254576,-0.094692191,0.188043089,0.992013426,
Kalae Harrison NA,L,0,0,-0.42,0.14,0.018,0,9.703703704,-0.095454545,0.022727273,0.022704891,-0.095360543,0.189346351,0.999015216,
Yeferson Portolatin SLN,B,0,0,-0.414285714,0.142857143,0.017142857,0,9.673913043,-0.096666667,0.02,0.019997249,-0.096653371,0.189465937,0.999862459,
Alejandro Blasco CLE,B,0,0,-0.414285714,0.142857143,-0.052857143,0,9.700854701,-0.096666667,0.02,0.019938883,-0.096371266,0.188883029,0.996944131,
Rainer Reyes NA,R,0,0,-0.414285714,0.142857143,-0.052857143,0,9.700854701,-0.096666667,0.02,0.019868715,-0.09603212,0.188139838,0.993435725,
Franco Willias SFN,R,0,0,-0.414285714,0.142857143,-0.088571429,0,9.692307692,-0.096666667,0.02,0.020032693,-0.096824682,0.189650504,1.001634638,
Garrett Howe CLE,L,0.002,0,-0.42,0.14,0.018,0,9.701492537,-0.095454545,0.022727273,0.021909755,-0.092020971,0.182491695,0.964029218,
Starlin Mieses BAL,R,0,0,-0.414285714,0.142857143,-0.052857143,0,9.700854701,-0.096666667,0.02,0.019979505,-0.096567606,0.189088031,0.998975238,
Jakey Josepha ARI,L,0,0,-0.42,0.14,0.018,0,9.703703704,-0.095454545,0.022727273,0.022269314,-0.09353112,0.18543952,0.979849831,
Marco Argudin TEX,L,0,0,-0.42,0.14,0.018,0,9.703703704,-0.095454545,0.022727273,0.02250361,-0.094515162,0.187383599,0.990158836,
Derwin Laya NA,R,0,0,-0.414285714,0.142857143,-0.088571429,0,9.692307692,-0.096666667,0.02,0.019912975,-0.096246045,0.188371764,0.995648743,
Erny Orellana LAN,R,0,0,-0.414285714,0.142857143,-0.052857143,0,9.700854701,-0.096666667,0.02,0.019850403,-0.095943616,0.187753055,0.992520167,
Aaron Pinero TBA,R,0,0,-0.414285714,0.142857143,0.017142857,0,9.673913043,-0.096666667,0.02,0.020087912,-0.097091577,0.189988463,1.004395624,
Luis De Leon SDN,B,0,0,-0.414285714,0.142857143,0.017142857,0,9.673913043,-0.096666667,0.02,0.020173349,-0.09750452,0.190791466,1.008667453,
Cristian Perez DET,R,0,0,-0.414285714,0.142857143,0.017142857,0,9.673913043,-0.096666667,0.02,0.020060746,-0.096960271,0.189696417,1.003037283,
Peson Revierre CIN,B,0,0,-0.414285714,0.142857143,-0.052857143,0,9.700854701,-0.096666667,0.02,#N/A,#N/A,#N/A,#N/A,
Breyson Guedez OAK,L,0,0,-0.42,0.14,-0.054,0,9.709302326,-0.095454545,0.022727273,0.023922757,-0.100475578,0.198989011,1.052601291,
Randy Soto TOR,B,0,0,-0.414285714,0.142857143,0.088571429,0,9.696969697,-0.096666667,0.02,0.0199807,-0.096573382,0.188827602,0.999034982,
William Tears SDN,L,0,0,-0.42,0.14,-0.126,0,9.666666667,-0.095454545,0.022727273,0.023870068,-0.100254286,0.198456223,1.050282993,
Nikau Pouaka-Grego PHI,L,0,0,-0.42,0.14,0.018,0,9.703703704,-0.095454545,0.022727273,0.023289941,-0.097817754,0.193577702,1.024757423,
Perry Morlando MIA,L,0,0,-0.42,0.14,-0.054,0,9.709302326,-0.095454545,0.022727273,0.022775882,-0.095658704,0.189257922,1.002138806,
Evan Estevez SFN,R,0,0,-0.414285714,0.142857143,-0.088571429,0,9.692307692,-0.096666667,0.02,0.020133639,-0.097312588,0.190091751,1.006681941,
Jose Ramirez DET,R,0,0,-0.414285714,0.142857143,-0.052857143,0,9.700854701,-0.096666667,0.02,0.020151238,-0.097397651,0.190246831,1.007561903,
Manuel Campos ATL,B,0,0,-0.414285714,0.142857143,0.052857143,0,9.683544304,-0.096666667,0.02,0.020104411,-0.097171319,0.189758498,1.005220545,
Matthew Moses MIL,R,0,0,-0.414285714,0.142857143,-0.088571429,0,9.692307692,-0.096666667,0.02,0.019827716,-0.09583396,0.187134974,0.991385795,
Danny Cancro COL,R,0,0,-0.414285714,0.142857143,-0.122857143,0,9.684210526,-0.096666667,0.02,0.019980925,-0.096574473,0.18856399,0.999046274,
Robert Blandford OAK,L,0,0,-0.42,0.14,0.018,0,9.703703704,-0.095454545,0.018181818,0.018258866,-0.095859048,0.189539814,1.00423765,
Ronald Ramirez DET,R,0,0,-0.414285714,0.142857143,0.017142857,0,9.673913043,-0.096666667,0.02,0.020118948,-0.097241583,0.189860502,1.005947409,
Charles Mack NA,L,0,0,-0.42,0.14,-0.126,0,9.666666667,-0.095454545,0.018181818,0.018125987,-0.095161431,0.188108591,0.996929275,
Yoelvis Betancourt ATL,R,0,0,-0.414285714,0.142857143,0.088571429,0,9.696969697,-0.096666667,0.02,0.01975089,-0.095462634,0.186333844,0.987544487,
Adbiel Feliz PIT,B,0,0,-0.414285714,0.142857143,0.017142857,0,9.673913043,-0.096666667,0.02,0.019986334,-0.096600612,0.188524089,0.999316677,
Eduarlin Tejeda SDN,B,0,0,-0.414285714,0.142857143,0.017142857,0,9.673913043,-0.096666667,0.02,0.019975745,-0.096549432,0.188408227,0.998787232,
Thomas Takayoshi OAK,B,0,0,-0.414285714,0.142857143,-0.122857143,0,9.684210526,-0.096666667,0.02,0.019983407,-0.096586466,0.188460512,0.99917034,
Alfredo Guanchez ARI,B,0,0,-0.414285714,0.142857143,0.017142857,0,9.673913043,-0.096666667,0.02,0.019901511,-0.096190635,0.187664281,0.995075538,
Guillermo Batista DET,B,0,0,-0.414285714,0.142857143,0.017142857,0,9.673913043,-0.096666667,0.02,0.020033662,-0.096829365,0.188891386,1.001683085,
Luis De La Cruz CLE,B,0,0,-0.414285714,0.142857143,-0.088571429,0,9.692307692,-0.096666667,0.02,0.022950656,-0.110928172,0.216376493,1.147532817,
Joswa Lugo LAA,R,0,0,-0.414285714,0.142857143,0.052857143,0,9.683544304,-0.096666667,0.02,0.020032942,-0.096825887,0.188695291,1.001647111,
Yojackson Laya LAN,R,0,0,-0.414285714,0.142857143,0.052857143,0,9.683544304,-0.096666667,0.02,0.020051211,-0.096914188,0.188844314,1.00256057,
Carlos Torres TEX,R,0,0,-0.414285714,0.142857143,0.088571429,0,9.696969697,-0.096666667,0.02,0.020016154,-0.096744745,0.188483117,1.000807711,
Cameron Fisher NA,L,0,0,-0.44,0.14,-0.054,0,9.672131148,-0.1,0.018181818,0.018203417,-0.100118792,0.188531695,1.001187921,
Luis Vicioso NA,R,0,0,-0.414285714,0.142857143,-0.052857143,0,9.700854701,-0.096666667,0.02,0.019889241,-0.096131333,0.187169694,0.994462064,
Angel Garcia BAL,R,0,0,-0.414285714,0.142857143,-0.052857143,0,9.700854701,-0.096666667,0.02,0.019889712,-0.096133606,0.187163181,0.994485582,
Juan Mateo ATL,L,0,0,-0.44,0.14,0.018,0,9.657534247,-0.1,0.018181818,0.018536392,-0.101950154,0.191805962,1.019501544,
Jose Monzon TBA,L,0,0,-0.44,0.14,0.018,0,9.657534247,-0.1,0.018181818,0.017593051,-0.096761781,0.181968271,0.967617815,
Raymond Mola PIT,R,0.001428571,0,-0.414285714,0.142857143,-0.088571429,0,9.691119691,-0.096666667,0.02,0.019993574,-0.096635606,0.187997573,0.999678679,
Johan Machado MIA,B,0,0,-0.414285714,0.142857143,0.052857143,0,9.683544304,-0.096666667,0.02,0.019981466,-0.096577087,0.187863747,0.99907331,
Liordanys Menendez LAA,R,0,0,-0.414285714,0.142857143,0.017142857,0,9.673913043,-0.096666667,0.02,0.020075599,-0.097032063,0.188743758,1.003779964,
Kendrick Herrera PIT,R,0,0,-0.414285714,0.142857143,0.052857143,0,9.683544304,-0.096666667,0.02,0.020006752,-0.096699304,0.188047468,1.000337624,
Emilio Taveras NA,R,0,0,-0.414285714,0.142857143,-0.088571429,0,9.692307692,-0.096666667,0.02,0.019964189,-0.096493581,0.187541597,0.99820946,
Toby Simmons NA,B,0.001428571,0,-0.428571429,0.142857143,-0.052857143,0,9.672131148,-0.1,0.02,0.019876388,-0.099381942,0.186703885,0.993819418,
Neurelin Montero TEX,R,0,0,-0.428571429,0.142857143,0.088571429,0,9.65034965,-0.1,0.02,0.01994069,-0.099703452,0.187300911,0.997034521,
Irvin Nunez MIN,R,0,0,-0.428571429,0.142857143,0.088571429,0,9.65034965,-0.1,0.02,0.023603359,-0.118016793,0.221646158,1.180167926,
Wyatt Crenshaw NA,L,0,0,-0.44,0.14,-0.054,0,9.672131148,-0.1,0.018181818,0.017999313,-0.098996223,0.185918866,0.989962227,
Cristofer Lebron SLN,R,0,0,-0.428571429,0.142857143,-0.052857143,0,9.673469388,-0.1,0.02,0.020042134,-0.100210672,0.188178607,1.002106724,
Ryan McCarthy NA,L,0,0,-0.44,0.14,-0.054,0,9.672131148,-0.1,0.018181818,0.018119883,-0.099659354,0.18711243,0.996593538,
Jhon Simon TEX,R,0,0,-0.428571429,0.142857143,0.017142857,0,9.690721649,-0.1,0.02,#N/A,#N/A,#N/A,#N/A,
Hayden Gilliland TOR,L,0,0,-0.44,0.14,0.09,0,9.722222222,-0.1,0.018181818,0.018113403,-0.099623718,0.18704353,0.996237177,
Anthuan Valencia CIN,R,0,0,-0.428571429,0.142857143,-0.052857143,0,9.673469388,-0.1,0.02,0.021700208,-0.108501041,0.20370311,1.085010413,
Yohendry Sanchez SFN,R,0,0,-0.428571429,0.142857143,0.088571429,0,9.65034965,-0.1,0.02,0.020092309,-0.100461546,0.188552257,1.004615459,
Barrett Riebock NA,L,0,0,-0.44,0.14,-0.126,0,9.681818182,-0.1,0.018181818,0.018177737,-0.099977551,0.187563884,0.999775508,
Yorfran Medina NA,R,0,0,-0.428571429,0.142857143,-0.088571429,0,9.667896679,-0.1,0.02,0.019954471,-0.099772356,0.187173938,0.997723562,
Raudy De Los Santos NA,R,0,0,-0.428571429,0.142857143,0.017142857,0,9.690721649,-0.1,0.02,#N/A,#N/A,#N/A,#N/A,
Leny Carela NA,R,0,0,-0.428571429,0.142857143,0.017142857,0,9.690721649,-0.1,0.02,0.020024692,-0.10012346,0.187802575,1.001234599,
Curley Martha TEX,R,0,0,-0.428571429,0.142857143,0.017142857,0,9.690721649,-0.1,0.02,0.020018334,-0.100091668,0.187723925,1.000916679,
Andy Encarnacion ARI,R,0,0,-0.428571429,0.142857143,-0.052857143,0,9.673469388,-0.1,0.02,0.02010347,-0.10051735,0.188498177,1.005173505,
Miguel Hernandez SLN,R,0,0,-0.428571429,0.142857143,0.052857143,0,9.702380952,-0.1,0.02,0.020054845,-0.100274226,0.188008157,1.002742258,
Fabian Alcantara SDN,R,0,0,-0.428571429,0.142857143,-0.052857143,0,9.673469388,-0.1,0.02,0.019811657,-0.099058285,0.185727351,0.990582854,
German Ortiz OAK,L,0,0,-0.44,0.14,-0.09,0,9.701492537,-0.1,0.018181818,0.018182736,-0.100005046,0.18749646,1.000050457,
Carlos Gutierrez NA,L,0,0,-0.44,0.14,-0.054,0,9.672131148,-0.1,0.018181818,0.018124587,-0.099685227,0.186806128,0.99685227,
Alexander Requena MIA,R,0,0,-0.428571429,0.142857143,0.088571429,0,9.65034965,-0.1,0.02,0.019975283,-0.099876417,0.187162412,0.998764165,
Nixson Cueche NA,R,0,0,-0.428571429,0.142857143,-0.088571429,0,9.667896679,-0.1,0.02,0.02015457,-0.100772848,0.188826148,1.007728485,
Justin Miknis NA,L,0,0,-0.44,0.14,-0.09,0,9.701492537,-0.1,0.018181818,0.018096169,-0.099528932,0.186461482,0.995289318,
Ire Garcia HOU,R,0,0,-0.428571429,0.142857143,-0.088571429,0,9.667896679,-0.1,0.02,0.019858962,-0.099294808,0.185997048,0.992948078,
Jayson Bass MIN,B,0.001428571,0,-0.428571429,0.142857143,-0.088571429,0,9.666666667,-0.1,0.02,0.022871634,-0.11435817,0.214139105,1.143581705,
Rodny Rosario CLE,B,0,0,-0.428571429,0.142857143,0.017142857,0,9.690721649,-0.1,0.02,0.020007903,-0.100039514,0.18729898,1.00039514,
Robert Lopez NA,L,0,0,-0.44,0.14,-0.09,0,9.701492537,-0.1,0.018181818,0.018142801,-0.099785403,0.186793285,0.997854029,
Yordani Martinez MIA,R,0.001428571,0,-0.428571429,0.142857143,0.017142857,0,9.689119171,-0.1,0.02,0.019992075,-0.099960373,0.187109824,0.999603727,
Alain Camou NA,L,0,0,-0.44,0.14,0.018,0,9.657534247,-0.1,0.018181818,0.018072335,-0.09939784,0.186043932,0.993978405,
Jose Camacho LAA,R,0,0,-0.428571429,0.142857143,-0.088571429,0,9.667896679,-0.1,0.02,0.02000232,-0.100011599,0.187139703,1.000115986,
Jhonson Pena NA,R,0.001428571,0,-0.428571429,0.142857143,0.017142857,0,9.689119171,-0.1,0.02,0.020047553,-0.100237764,0.187561897,1.002377641,
Jemone Nuel BAL,B,0.001428571,0,-0.428571429,0.142857143,0.052857143,0,9.700598802,-0.1,0.02,0.020047258,-0.100236292,0.187525062,1.002362919,
Miguel Blanco SFN,R,0,0,-0.428571429,0.142857143,0.017142857,0,9.690721649,-0.1,0.02,0.020078933,-0.100394665,0.187758103,1.003946653,
Luis De Leon HOU,R,0,0,-0.428571429,0.142857143,0.088571429,0,9.65034965,-0.1,0.02,0.020007947,-0.100039737,0.187072307,1.000397368,
Wilberson De Pena NYA,R,0,0,-0.428571429,0.142857143,-0.052857143,0,9.673469388,-0.1,0.02,0.019833407,-0.099167033,0.185430452,0.991670332,
Christian Gonzalez CHA,L,0,0,-0.44,0.14,-0.054,0,9.672131148,-0.1,0.018181818,0.018081552,-0.099448535,0.185888208,0.994485355,
Richard Meran NYA,R,0,0,-0.428571429,0.142857143,-0.052857143,0,9.673469388,-0.1,0.02,0.02003526,-0.100176299,0.187163386,1.001762987,
Luis King KCA,R,0,0,-0.428571429,0.142857143,0.052857143,0,9.702380952,-0.1,0.02,0.019990334,-0.099951671,0.186736708,0.999516708,
Junior Sanchez NA,L,0,0,-0.44,0.14,0.018,0,9.657534247,-0.1,0.018181818,0.018154537,-0.099849952,0.186537684,0.998499524,
Mahki Backstrom NA,L,0,0,-0.44,0.14,-0.09,0,9.701492537,-0.1,0.018181818,0.018191235,-0.100051794,0.186894751,1.000517945,
Johan De Los Santos PIT,L,0,0,-0.44,0.14,0.018,0,9.657534247,-0.1,0.018181818,0.018250018,-0.100375097,0.187422389,1.003750972,
Antony Peguero NA,R,0,0,-0.428571429,0.142857143,-0.052857143,0,9.673469388,-0.1,0.02,0.020063531,-0.100317656,0.187310117,1.003176556,
Yairo Padilla SLN,B,0.001428571,0,-0.428571429,0.142857143,0.052857143,0,9.700598802,-0.1,0.02,0.01999514,-0.099975702,0.18663364,0.999757016,
Deivis Mosquera NA,R,0,0,-0.428571429,0.142857143,-0.052857143,0,9.673469388,-0.1,0.02,0.019962323,-0.099811617,0.186313354,0.998116165,
Erick Arosemena NA,R,0,0,-0.428571429,0.142857143,-0.122857143,0,9.694915254,-0.1,0.02,0.019963335,-0.099816676,0.186309823,0.998166765,
Adrian Meza NA,B,0,0,-0.428571429,0.142857143,0.052857143,0,9.702380952,-0.1,0.02,0.020070615,-0.100353076,0.18726185,1.003530758,
Enmanuel Figuereo BOS,R,0,0,-0.428571429,0.142857143,-0.052857143,0,9.673469388,-0.1,0.02,0.019799706,-0.09899853,0.184725317,0.9899853,
Cristhian Rodriguez NA,L,0,0,-0.44,0.14,0.018,0,9.657534247,-0.1,0.018181818,0.018248029,-0.100364158,0.187244391,1.003641578,
James Jackson NYA,L,0,0,-0.44,0.14,0.054,0,9.68503937,-0.1,0.018181818,0.018678033,-0.102729179,0.191633066,1.027291795,
Yorvit Diaz OAK,R,0,0,-0.428571429,0.142857143,0.017142857,0,9.690721649,-0.1,0.02,0.020138413,-0.100692067,0.187806815,1.006920666,
Yeider Mindiola NYN,R,0,0,-0.428571429,0.142857143,0.088571429,0,9.65034965,-0.1,0.02,0.020149924,-0.100749621,0.187913156,1.007496212,
Daje Morales NA,R,0,0,-0.428571429,0.142857143,0.017142857,0,9.690721649,-0.1,0.02,0.020085593,-0.100427966,0.187295143,1.004279656,
Carlos Villarroel NYA,R,0,0,-0.428571429,0.142857143,0.088571429,0,9.65034965,-0.1,0.02,0.01990318,-0.099515902,0.185592182,0.995159023,
Angel Galarraga NA,L,0,0,-0.44,0.14,0.09,0,9.722222222,-0.1,0.018181818,0.018075955,-0.099417755,0.185392241,0.994177549,
Brayan Cortesia WAS,R,0,0,-0.428571429,0.142857143,0.052857143,0,9.702380952,-0.1,0.02,0.020022684,-0.100113419,0.186625429,1.001134191,
Ronny Ugarte COL,L,0,0,-0.44,0.14,-0.09,0,9.701492537,-0.1,0.018181818,0.018286351,-0.100574932,0.187483742,1.005749319,
Josnaider Orellana ATL,R,0,0,-0.428571429,0.142857143,-0.122857143,0,9.694915254,-0.1,0.02,0.019906468,-0.09953234,0.185531268,0.995323401,
Pedro Roque KCA,R,0,0,-0.428571429,0.142857143,0.017142857,0,9.690721649,-0.1,0.02,0.02008311,-0.100415551,0.187153499,1.004155506,
Antoni Urena LAN,B,0,0,-0.428571429,0.142857143,0.052857143,0,9.702380952,-0.1,0.02,0.020021044,-0.10010522,0.186513042,1.001052196,
Yorvin Morla SDN,B,0,0,-0.428571429,0.142857143,0.017142857,0,9.690721649,-0.1,0.02,0.019943819,-0.099719096,0.185775678,0.997190956,
Yojanser Calzado CIN,B,0.002857143,0,-0.428571429,0.142857143,0.017142857,0,9.6875,-0.1,0.02,0.019848334,-0.099241668,0.184799894,0.992416676,
Enzo Paulino NA,L,0,0,-0.44,0.14,-0.09,0,9.701492537,-0.1,0.018181818,0.018269259,-0.100480924,0.18710151,1.004809244,
Kevin Novoa NA,R,0,0,-0.428571429,0.142857143,-0.088571429,0,9.667896679,-0.1,0.02,0.019946447,-0.099732233,0.185698425,0.997322325,
Rayner Arias SFN,R,0,0,-0.428571429,0.142857143,-0.052857143,0,9.673469388,-0.1,0.02,0.019958849,-0.099794243,0.185784947,0.997942434,
Jhon Diaz NA,R,0,0,-0.428571429,0.142857143,0.017142857,0,9.690721649,-0.1,0.016666667,0.016737083,-0.100422497,0.186898317,1.004224967,
Henry Ramos KCA,L,0,0,-0.44,0.14,-0.054,0,9.672131148,-0.1,0.018181818,0.018759432,-0.103176875,0.191958512,1.031768748,
Branny De Oleo NYN,R,0.001428571,0,-0.428571429,0.142857143,0.017142857,0,9.689119171,-0.1,0.016666667,0.018793844,-0.112763065,0.209770875,1.127630652,
Alex Acosta NYN,R,0,0,-0.428571429,0.142857143,-0.052857143,0,9.673469388,-0.1,0.016666667,0.016689147,-0.100134884,0.186246879,1.001348841,
Pedro Catuy ARI,R,0,0,-0.428571429,0.142857143,0.017142857,0,9.690721649,-0.1,0.016666667,0.01874437,-0.112466222,0.209024097,1.124662221,
Anderson Tovar NA,R,0,0,-0.428571429,0.142857143,-0.052857143,0,9.673469388,-0.1,0.016666667,0.016694297,-0.100165783,0.186095003,1.001657829,
Givian Sirvania BOS,R,0,0,-0.428571429,0.142857143,0.017142857,0,9.690721649,-0.1,0.016666667,0.016677737,-0.10006642,0.185798325,1.000664198,
Jorge Hernandez KCA,L,0,0,-0.44,0.14,0.018,0,9.657534247,-0.1,0.018181818,0.018147106,-0.099809084,0.185267617,0.998090835,
Ilan Fernandez BOS,R,0,0,-0.428571429,0.142857143,0.017142857,0,9.690721649,-0.1,0.016666667,0.018862711,-0.113176269,0.210049496,1.131762688,
Nayerich Waterfort CIN,R,0,0,-0.428571429,0.142857143,0.017142857,0,9.690721649,-0.1,0.016666667,0.016650426,-0.099902555,0.185337222,0.99902555,
Geraldi Diaz WAS,L,0,0,-0.44,0.14,0.09,0,9.722222222,-0.1,0.018181818,0.018103528,-0.099569407,0.184715189,0.995694066,
Juan Ortega BAL,R,0,0,-0.428571429,0.142857143,0.088571429,0,9.65034965,-0.1,0.016666667,0.018281149,-0.109686891,0.203454924,1.096868913,
John Cruz MIA,L,0,0,-0.44,0.14,-0.054,0,9.672131148,-0.1,0.018181818,0.018251766,-0.100384711,0.186132328,1.003847114,
Jarrod Belbin NA,L,0,0,-0.44,0.14,-0.09,0,9.701492537,-0.1,0.018181818,0.018076825,-0.099422537,0.184249845,0.994225367,
Saul Gomez BAL,R,0,0,-0.428571429,0.142857143,-0.088571429,0,9.667896679,-0.1,0.016666667,#N/A,#N/A,#N/A,#N/A,
Jose Mendoza CHA,R,0,0,-0.428571429,0.142857143,0.088571429,0,9.65034965,-0.1,0.016666667,0.016568887,-0.099413321,0.184214872,0.99413321,
Raynier Ramirez NA,R,0,0,-0.428571429,0.142857143,0.017142857,0,9.690721649,-0.1,0.016666667,0.016694519,-0.100167111,0.185585617,1.001671112,
Felix Morrobel LAA,B,0,0,-0.428571429,0.142857143,0.017142857,0,9.690721649,-0.1,0.016666667,0.01636058,-0.098163481,0.181870427,0.981634815,
Railin Tejada NA,R,0,0,-0.428571429,0.142857143,-0.052857143,0,9.673469388,-0.1,0.016666667,0.016665003,-0.099990015,0.185191507,0.999900151,
Nestor Urbina NA,B,0,0,-0.428571429,0.142857143,-0.122857143,0,9.694915254,-0.1,0.016666667,0.016548243,-0.099289456,0.183789747,0.992894557,
Enyel Rosario NA,B,0,0,-0.428571429,0.142857143,0.017142857,0,9.690721649,-0.1,0.016666667,0.016761963,-0.100571779,0.186160375,1.005717793,
Jared Thomas NA,L,0,0,-0.44,0.14,0.09,0,9.722222222,-0.1,0.018181818,0.01809278,-0.099510291,0.184142798,0.995102908,
Andry Batista TEX,R,0,0,-0.428571429,0.142857143,-0.052857143,0,9.673469388,-0.1,0.016666667,0.016580269,-0.099481613,0.184081771,0.994816127,
Ismael Javier NA,B,0,0,-0.428571429,0.142857143,0.017142857,0,9.690721649,-0.1,0.016666667,0.016648789,-0.099892732,0.184832521,0.99892732,
Brailyn Antunez MIL,R,0.001428571,0,-0.428571429,0.142857143,0.017142857,0,9.689119171,-0.1,0.016666667,0.016588194,-0.099529165,0.184150852,0.995291652,
Robert Robertis NA,L,0,0,-0.44,0.14,-0.054,0,9.672131148,-0.1,0.018181818,0.018202898,-0.100115941,0.18521449,1.001159405,
Spence Coffman NA,R,0.001428571,0,-0.428571429,0.142857143,-0.052857143,0,9.672131148,-0.1,0.016666667,0.016664044,-0.099984263,0.184962888,0.999842631,
Rainer Espinoza SFN,R,0,0,-0.428571429,0.142857143,-0.052857143,0,9.673469388,-0.1,0.016666667,0.016664749,-0.099988494,0.184867727,0.999884942,
Fadriel Cruz NA,L,0,0,-0.44,0.14,-0.054,0,9.672131148,-0.1,0.018181818,0.018225093,-0.10023801,0.185299985,1.002380098,
Yosweld Vasquez HOU,R,0,0,-0.428571429,0.142857143,0.088571429,0,9.65034965,-0.1,0.016666667,0.018449088,-0.110694526,0.204628794,1.106945261,
Jose Rivas LAN,R,0,0,-0.428571429,0.142857143,0.088571429,0,9.65034965,-0.1,0.016666667,#N/A,#N/A,#N/A,#N/A,
Angel Requena WAS,R,0.001428571,0,-0.428571429,0.142857143,-0.088571429,0,9.666666667,-0.1,0.016666667,0.016710475,-0.100262849,0.185226589,1.002628485,
Manuel German KCA,R,0,0,-0.428571429,0.142857143,-0.088571429,0,9.667896679,-0.1,0.016666667,0.016769934,-0.100619602,0.18573976,1.006196017,
Jose Urbina ARI,R,0,0,-0.428571429,0.142857143,0.088571429,0,9.65034965,-0.1,0.016666667,0.016603831,-0.099622985,0.183878128,0.996229848,
Yilber Herrera MIN,B,0,0,-0.428571429,0.142857143,0.017142857,0,9.690721649,-0.1,0.016666667,0.016345394,-0.098072361,0.181013138,0.980723613,
Maykel Minoso TOR,R,0,0,-0.428571429,0.142857143,0.088571429,0,9.65034965,-0.1,0.016666667,0.016612587,-0.099675524,0.183914299,0.996755237,
Jonathan Martinez CLE,B,0.001428571,0,-0.428571429,0.142857143,0.017142857,0,9.689119171,-0.1,0.016666667,0.018693653,-0.112161917,0.206938736,1.121619165,
Jordan McCants NA,L,0,0,-0.44,0.14,0.018,0,9.657534247,-0.1,0.018181818,0.018089695,-0.099493321,0.183557218,0.994933211,
Railin Tea NA,B,0,0,-0.428571429,0.142857143,-0.052857143,0,9.673469388,-0.1,0.016666667,0.016674745,-0.100048471,0.184580425,1.000484712,
Reinaldo De La Cruz NA,R,0,0,-0.428571429,0.142857143,-0.052857143,0,9.673469388,-0.1,0.016666667,0.016678145,-0.100068869,0.184610052,1.000688692,
Frank Mieses CHA,R,0,0,-0.428571429,0.142857143,0.017142857,0,9.690721649,-0.1,0.016666667,0.01655322,-0.099319318,0.183222291,0.993193178,
Jesus Machado NA,R,0,0,-0.428571429,0.142857143,-0.052857143,0,9.673469388,-0.1,0.016666667,0.016676266,-0.100057596,0.184556236,1.000575961,
Josmir Reyes NYN,L,0,0,-0.44,0.14,0.09,0,9.722222222,-0.1,0.018181818,0.018105648,-0.099581067,0.183673294,0.995810665,
Byungyong Choi NA,L,0,0,-0.44,0.14,0.018,0,9.657534247,-0.1,0.018181818,0.017980919,-0.098895055,0.182405006,0.988950548,
Sandy Presbot MIA,B,0.001428571,0,-0.428571429,0.142857143,0.017142857,0,9.689119171,-0.1,0.016666667,0.016588043,-0.099528255,0.183472376,0.995282551,
Maykel Coret TBA,R,0,0,-0.428571429,0.142857143,0.017142857,0,9.690721649,-0.1,0.016666667,0.016532945,-0.099197669,0.182824279,0.991976685,
Frandy Lafond MIL,R,0,0,-0.428571429,0.142857143,-0.052857143,0,9.673469388,-0.1,0.016666667,0.0167066,-0.1002396,0.18472755,1.002396004,
Johan Rodriguez CLE,R,0,0,-0.428571429,0.142857143,0.052857143,0,9.702380952,-0.1,0.016666667,0.017005305,-0.102031829,0.188004869,1.020318293,
Jose Ochoa NA,R,0,0,-0.428571429,0.142857143,-0.052857143,0,9.673469388,-0.1,0.016666667,0.01669085,-0.1001451,0.18444324,1.001451003,
Dariel Garcia COL,B,0,0,-0.428571429,0.142857143,0.017142857,0,9.690721649,-0.1,0.016666667,0.016494619,-0.098967713,0.18225894,0.989677129,
Carlos Gonzalez SEA,R,0,0,-0.428571429,0.142857143,-0.088571429,0,9.667896679,-0.1,0.016666667,0.016589135,-0.099534812,0.183259514,0.995348117,
Adrian Garcia NA,B,0,0,-0.428571429,0.142857143,0.017142857,0,9.690721649,-0.1,0.016666667,0.016712756,-0.100276534,0.184567985,1.002765336,
Dencer Diaz MIN,R,0,0,-0.428571429,0.142857143,-0.088571429,0,9.667896679,-0.1,0.016666667,#N/A,#N/A,#N/A,#N/A,
Saul Ramirez NA,R,0,0,-0.428571429,0.142857143,-0.088571429,0,9.667896679,-0.1,0.016666667,0.016588259,-0.099529552,0.183121436,0.995295515,
Juan Frances NA,B,0,0,-0.428571429,0.142857143,-0.052857143,0,9.673469388,-0.1,0.016666667,0.016645594,-0.099873565,0.183745388,0.998735653,
Juan Pablo Cabrera SLN,R,0,0,-0.428571429,0.142857143,0.088571429,0,9.65034965,-0.1,0.016666667,0.0166004,-0.099602398,0.183245504,0.996023981,
Jesus Gamez TEX,R,0,0,-0.428571429,0.142857143,-0.028571429,0,9.691629956,-0.1,0.016666667,0.016753424,-0.100520547,0.18492765,1.005205468,
Nicholas Lucky NA,L,0,0,-0.44,0.14,0.054,0,9.68503937,-0.1,0.018181818,0.018210483,-0.100157658,0.184196944,1.001576579,
Ivan Cespedes CHN,R,0,0,-0.428571429,0.142857143,0.088571429,0,9.65034965,-0.1,0.016666667,0.016619444,-0.099716664,0.183369971,0.997166642,
Anibal Salas DET,B,0,0,-0.428571429,0.142857143,0.017142857,0,9.690721649,-0.1,0.016666667,0.019234122,-0.115404734,0.212098899,1.154047343,
Brian Friedrick NA,L,0,0,-0.44,0.14,-0.09,0,9.701492537,-0.1,0.018181818,0.018113012,-0.099621567,0.183070569,0.996215671,
Joshua Francis SEA,B,0,0,-0.442857143,0.142857143,-0.052857143,0,9.68627451,-0.103333333,0.016666667,0.016737697,-0.103773719,0.184502977,1.004261795,
Frankeli Mesta PIT,B,0,0,-0.442857143,0.142857143,0.017142857,0,9.705882353,-0.103333333,0.016666667,0.016703567,-0.103562116,0.18411273,1.002214027,
Euri Rosa LAN,R,0,0,-0.442857143,0.142857143,0.088571429,0,9.673202614,-0.103333333,0.016666667,0.016547451,-0.102594196,0.182371111,0.992847053,
Juan Garcia NA,R,0,0,-0.442857143,0.142857143,-0.088571429,0,9.679715302,-0.103333333,0.016666667,0.016712408,-0.103616932,0.184167064,1.002744505,
Yeniel Laboy NA,L,0,0,-0.44,0.14,0.018,0,9.657534247,-0.1,0.018181818,0.018229123,-0.100260178,0.184075682,1.002601782,
Yelserth Ayala NA,B,0,0,-0.442857143,0.142857143,-0.088571429,0,9.679715302,-0.103333333,0.016666667,0.016629191,-0.103100983,0.183180182,0.99775145,
Daniel Rodriguez TEX,R,0,0,-0.442857143,0.142857143,0.052857143,0,9.664804469,-0.103333333,0.016666667,0.016752745,-0.10386702,0.18448391,1.005164709,
Ichiro Cano CIN,L,0,0,-0.44,0.14,-0.09,0,9.701492537,-0.1,0.018181818,0.018523171,-0.101877442,0.186946124,1.018774415,
Sandy Sanchez NA,B,0,0,-0.442857143,0.142857143,0.017142857,0,9.705882353,-0.103333333,0.016666667,0.01671847,-0.103654516,0.18403224,1.003108219,
Yaxson Lucena SLN,L,0,0,-0.44,0.14,-0.054,0,9.672131148,-0.1,0.018181818,0.018110068,-0.099605376,0.182668291,0.996053759,
Sebastian Baquera TEX,R,0,0,-0.442857143,0.142857143,0.088571429,0,9.673202614,-0.103333333,0.016666667,0.016531577,-0.102495775,0.181883712,0.991894596,
Argenis Valdez BAL,R,0,0,-0.442857143,0.142857143,-0.052857143,0,9.68627451,-0.103333333,0.016666667,0.016565608,-0.102706773,0.182253168,0.993936509,
Enderson Asencio NA,R,0,0,-0.442857143,0.142857143,-0.088571429,0,9.679715302,-0.103333333,0.016666667,0.016778117,-0.104024323,0.18454284,1.006686996,
Yoxander Benitez SFN,R,0.001428571,0,-0.442857143,0.142857143,-0.052857143,0,9.68503937,-0.103333333,0.016666667,0.016683857,-0.103439915,0.183490063,1.001031435,
Eric Martinez MIL,R,0,0,-0.442857143,0.142857143,0.088571429,0,9.673202614,-0.103333333,0.016666667,0.016201431,-0.100448872,0.178125012,0.972085855,
Yendry Rojas NA,L,0,0,-0.44,0.14,0.018,0,9.657534247,-0.1,0.018181818,0.018095825,-0.099527038,0.182363392,0.995270381,
Johan Barrios NA,R,0,0,-0.442857143,0.142857143,-0.088571429,0,9.679715302,-0.103333333,0.016666667,0.016644135,-0.103193637,0.182921374,0.998648101,
Byron Castillo LAA,R,0,0,-0.442857143,0.142857143,0.017142857,0,9.705882353,-0.103333333,0.016666667,0.016495611,-0.102272787,0.181250472,0.989736646,
Alejandro Cruz CHA,R,0,0,-0.442857143,0.142857143,0.017142857,0,9.705882353,-0.103333333,0.016666667,0.016655045,-0.103261276,0.182952333,0.999302671,
Nathanael Cijntje PHI,R,0,0,-0.442857143,0.142857143,0.017142857,0,9.705882353,-0.103333333,0.016666667,0.016618805,-0.10303659,0.182505388,0.99712829,
Adan Sanchez NA,R,0,0,-0.442857143,0.142857143,0.088571429,0,9.673202614,-0.103333333,0.016666667,0.0165937,-0.102880941,0.182201815,0.995622012,
Randy Perea NA,R,0.001428571,0,-0.442857143,0.142857143,-0.052857143,0,9.68503937,-0.103333333,0.016666667,0.016664199,-0.103318036,0.182916918,0.999851966,
Brayan Amoroso SLN,R,0,0,-0.442857143,0.142857143,-0.088571429,0,9.679715302,-0.103333333,0.016666667,0.016541678,-0.102558402,0.181556161,0.992500661,
Jose Gerardo MIA,R,0.001428571,0,-0.442857143,0.142857143,-0.028571429,0,9.703389831,-0.103333333,0.016666667,0.016695445,-0.103511756,0.183242855,1.001726672,
Angelo DiSpigna NA,L,0,0,-0.46,0.14,-0.054,0,9.689119171,-0.104545455,0.013636364,0.01359506,-0.104228797,0.182357978,0.996971101,
Marco Marcelino NA,R,0,0,-0.442857143,0.142857143,-0.052857143,0,9.68627451,-0.103333333,0.016666667,0.016530307,-0.102487904,0.181411524,0.991818422,
Rafael Alvarez NA,R,0,0,-0.442857143,0.142857143,-0.088571429,0,9.679715302,-0.103333333,0.016666667,0.016555868,-0.102646381,0.181673168,0.993352077,
Naibel Mariano CIN,R,0,0,-0.442857143,0.142857143,0.052857143,0,9.664804469,-0.103333333,0.016666667,0.016636193,-0.103144398,0.182479742,0.998171595,
Jonathan Moya DET,R,0,0,-0.442857143,0.142857143,-0.052857143,0,9.68627451,-0.103333333,0.016666667,0.01664969,-0.103228078,0.182619793,0.998981396,
Gustavo Marquez NA,R,0,0,-0.442857143,0.142857143,-0.052857143,0,9.68627451,-0.103333333,0.016666667,0.016731617,-0.103736024,0.18349631,1.003897004,
Dixon Williams ATL,L,0,0,-0.46,0.14,0.018,0,9.679487179,-0.104545455,0.013636364,0.015442361,-0.118391437,0.206973764,1.132439836,
Edwin Brito BOS,R,0,0,-0.442857143,0.142857143,-0.052857143,0,9.68627451,-0.103333333,0.016666667,0.01670449,-0.103567835,0.183159717,1.002269375,
Darison Garcia KCA,B,0,0,-0.442857143,0.142857143,0.017142857,0,9.705882353,-0.103333333,0.016666667,0.01671091,-0.103607639,0.183133855,1.002654572,
Santiago Leon MIN,R,0,0,-0.442857143,0.142857143,0.052857143,0,9.664804469,-0.103333333,0.016666667,0.016727544,-0.103710775,0.183235863,1.003652663,
Lisandro Sanchez BAL,R,0,0,-0.442857143,0.142857143,0.017142857,0,9.705882353,-0.103333333,0.016666667,0.016644423,-0.10319542,0.182317345,0.99866535,
Jose Dickson DET,R,0,0,-0.442857143,0.142857143,0.052857143,0,9.664804469,-0.103333333,0.016666667,0.016730851,-0.103731277,0.183256024,1.003851068,
Bracewell Taveras SLN,B,0,0,-0.442857143,0.142857143,0.017142857,0,9.705882353,-0.103333333,0.016666667,0.016683888,-0.103440107,0.182717606,1.001033293,
Geomaikel Martinez BOS,R,0,0,-0.442857143,0.142857143,0.017142857,0,9.705882353,-0.103333333,0.016666667,0.016546244,-0.102586713,0.181182365,0.992774642,
Nicolas Deschamps TOR,L,0,0,-0.46,0.14,0.09,0,9.663865546,-0.104545455,0.013636364,0.013598644,-0.10425627,0.18197524,0.997233889,
Jacob Friend CIN,L,0,0,-0.46,0.14,0.09,0,9.663865546,-0.104545455,0.013636364,0.014301835,-0.109647398,0.191374755,1.0488012,
Albert Carpio NA,R,0,0,-0.442857143,0.142857143,0.017142857,0,9.705882353,-0.103333333,0.016666667,0.01683545,-0.104379792,0.184311817,1.010127022,
Wuinder Torres CLE,R,0,0,-0.442857143,0.142857143,0.088571429,0,9.673202614,-0.103333333,0.016666667,0.01650815,-0.102350533,0.180720666,0.990489027,
Alexi Quiroz HOU,R,0,0,-0.442857143,0.142857143,0.088571429,0,9.673202614,-0.103333333,0.016666667,0.016594955,-0.102888721,0.181658002,0.995697297,
Jehancarlos Mendez NA,R,0,0,-0.442857143,0.142857143,0.017142857,0,9.705882353,-0.103333333,0.016666667,0.01669614,-0.103516068,0.182735579,1.001768399,
Jose Barrios MIN,B,0,0,-0.442857143,0.142857143,0.017142857,0,9.705882353,-0.103333333,0.016666667,0.016800404,-0.104162507,0.183862617,1.00802426,
Geuri Lubo CHN,R,0,0,-0.442857143,0.142857143,-0.052857143,0,9.68627451,-0.103333333,0.016666667,0.016340511,-0.101311168,0.17882565,0.980430659,
Angelo Mora NA,R,0,0,-0.442857143,0.142857143,0.088571429,0,9.673202614,-0.103333333,0.016666667,0.016666471,-0.103332121,0.18237186,0.999988266,
Tyson Lewis CIN,L,0,0,-0.46,0.14,0.018,0,9.679487179,-0.104545455,0.013636364,0.013200524,-0.101204018,0.176506319,0.968038429,
Ricardo Chirinos BAL,R,0,0,-0.442857143,0.142857143,0.088571429,0,9.673202614,-0.103333333,0.016666667,0.016571897,-0.10274576,0.181293236,0.994313805,
Eduardo Herrera CHA,R,0,0,-0.442857143,0.142857143,-0.088571429,0,9.679715302,-0.103333333,0.016666667,0.016692177,-0.103491496,0.182593051,1.001530607,
Isael Arias NYA,R,0.001428571,0,-0.442857143,0.142857143,0.017142857,0,9.704433498,-0.103333333,0.016666667,0.016621039,-0.103050441,0.181809898,0.997262329,
Rafael Ramirez Jr. WAS,L,0,0,-0.46,0.14,0.018,0,9.679487179,-0.104545455,0.013636364,0.013729234,-0.10525746,0.1835486,1.00681049,
Raimundo De Los Santos TOR,B,0,0,-0.442857143,0.142857143,0.052857143,0,9.664804469,-0.103333333,0.016666667,0.018188387,-0.112767997,0.198903103,1.091303195,
Luis Fragoza MIN,R,0,0,-0.442857143,0.142857143,-0.052857143,0,9.68627451,-0.103333333,0.016666667,0.016754299,-0.103876654,0.183211276,1.005257944,
Ricardo Romero CLE,L,0,0,-0.46,0.14,0.018,0,9.679487179,-0.104545455,0.013636364,0.013785821,-0.105691297,0.184240426,1.010960234,
Anderson Suriel NA,L,0,0,-0.46,0.14,-0.054,0,9.689119171,-0.104545455,0.013636364,0.013554806,-0.103920182,0.181133149,0.994019136,
Alen Pineda ATL,R,0,0,-0.442857143,0.142857143,0.088571429,0,9.673202614,-0.103333333,0.016666667,0.016699796,-0.103538738,0.182585221,1.00198779,
Johan Estrada NA,R,0,0,-0.442857143,0.142857143,-0.088571429,0,9.679715302,-0.103333333,0.016666667,#N/A,#N/A,#N/A,#N/A,
Rafy Peguero LAN,R,0,0,-0.442857143,0.142857143,-0.052857143,0,9.68627451,-0.103333333,0.016666667,0.016611475,-0.102991147,0.181592662,0.996688522,
Jesus Correa NA,B,0,0,-0.442857143,0.142857143,-0.052857143,0,9.68627451,-0.103333333,0.016666667,0.016737622,-0.103773258,0.182970666,1.00425734,
Sandy Ruiz NA,R,0,0,-0.442857143,0.142857143,-0.088571429,0,9.679715302,-0.103333333,0.016666667,0.01675406,-0.103875174,0.183132266,1.005243615,
Jayden Felicia NA,B,0,0,-0.442857143,0.142857143,-0.088571429,0,9.679715302,-0.103333333,0.016666667,0.016714503,-0.103629919,0.182572517,1.002870184,
Ezequiel Pena CHN,L,0,0,-0.46,0.14,0.018,0,9.679487179,-0.104545455,0.013636364,0.013559933,-0.103959489,0.181010736,0.994395109,
Enmanuel Santos KCA,R,0,0,-0.442857143,0.142857143,-0.052857143,0,9.68627451,-0.103333333,0.013333333,0.013329912,-0.103306815,0.181906305,0.999743368,
Kevin Verde NYA,R,0.001428571,0,-0.442857143,0.142857143,0.017142857,0,9.704433498,-0.103333333,0.013333333,0.013163375,-0.102016157,0.17961195,0.987253134,
Gustavo Antunez BOS,R,0,0,-0.442857143,0.142857143,-0.052857143,0,9.68627451,-0.103333333,0.013333333,0.013246828,-0.102662914,0.180632416,0.993512067,
Leonardo Pineda TBA,R,0,0,-0.442857143,0.142857143,0.017142857,0,9.705882353,-0.103333333,0.013333333,0.013250042,-0.102687827,0.180666312,0.99375316,
Deivis Nadal NA,L,0,0,-0.46,0.14,-0.054,0,9.689119171,-0.104545455,0.013636364,0.01370211,-0.105049511,0.182674523,1.004821412,
Edgar Alfonso LAA,B,0,0,-0.442857143,0.142857143,0.052857143,0,9.664804469,-0.103333333,0.013333333,0.013333561,-0.103335097,0.181735101,1.000017064,
Francisco Vilorio NYA,R,0,0,-0.442857143,0.142857143,0.017142857,0,9.705882353,-0.103333333,0.013333333,0.013336849,-0.103360579,0.181767913,1.000263664,
Carlos Silva MIN,R,0,0,-0.442857143,0.142857143,-0.122857143,0,9.673202614,-0.103333333,0.013333333,0.013358796,-0.10353067,0.182013932,1.001909714,
Andrews Sosa HOU,R,0,0,-0.442857143,0.142857143,0.088571429,0,9.673202614,-0.103333333,0.013333333,0.013322376,-0.103248414,0.181481735,0.999178196,
Danny Gonzalez NA,R,0,0,-0.442857143,0.142857143,-0.052857143,0,9.68627451,-0.103333333,0.013333333,0.013270571,-0.102846924,0.180766076,0.995292813,
Manuel De Cesare NA,R,0,0,-0.442857143,0.142857143,-0.088571429,0,9.679715302,-0.103333333,0.013333333,0.013270861,-0.102849171,0.180728223,0.995314563,
Keiver Garcia NA,B,0,0,-0.442857143,0.142857143,0.052857143,0,9.664804469,-0.103333333,0.013333333,0.013365765,-0.103584675,0.182003621,1.002432343,
Kenny Fenelon MIL,R,0,0,-0.442857143,0.142857143,0.017142857,0,9.705882353,-0.103333333,0.013333333,0.013240105,-0.102610816,0.180280583,0.993007893,
Luis Puello NYA,R,0,0,-0.442857143,0.142857143,-0.052857143,0,9.68627451,-0.103333333,0.013333333,0.013528232,-0.104843798,0.184152044,1.014617403,
Jefferson Encarnacion NA,L,0,0,-0.46,0.14,-0.054,0,9.689119171,-0.104545455,0.013636364,0.01367904,-0.104872639,0.181997802,1.003129593,
Gregory Duran MIN,L,0,0,-0.46,0.14,-0.09,0,9.669811321,-0.104545455,0.013636364,0.013699658,-0.105030709,0.182269105,1.004641564,
Anthony Longo KCA,R,0,0,-0.442857143,0.142857143,0.088571429,0,9.673202614,-0.103333333,0.013333333,0.013279953,-0.102919637,0.180673763,0.995996488,
Elias Perez SEA,B,0,0,-0.442857143,0.142857143,-0.052857143,0,9.68627451,-0.103333333,0.013333333,0.013326301,-0.103278836,0.18124936,0.999472607,
Juanfel Peguero TBA,B,0,0,-0.442857143,0.142857143,0.052857143,0,9.664804469,-0.103333333,0.013333333,0.013352773,-0.103483992,0.18153529,1.001457983,
Leonel Vivas CHN,R,0,0,-0.442857143,0.142857143,-0.088571429,0,9.679715302,-0.103333333,0.013333333,0.013434838,-0.104119994,0.18264998,1.007612843,
Efren Teran BOS,B,0,0,-0.442857143,0.142857143,0.052857143,0,9.664804469,-0.103333333,0.013333333,0.013460574,-0.104319452,0.182993817,1.009543081,
Jhorvic Abreus CLE,B,0,0,-0.442857143,0.142857143,0.017142857,0,9.705882353,-0.103333333,0.013333333,0.013057127,-0.101192733,0.177483566,0.97928451,
Leonard Rijo MIL,R,0,0,-0.442857143,0.142857143,0.052857143,0,9.664804469,-0.103333333,0.013333333,0.013336711,-0.103359509,0.181256903,1.000253312,
Junior Garcia ATL,L,0,0,-0.46,0.14,0.018,0,9.679487179,-0.104545455,0.013636364,0.013352047,-0.102365691,0.177388705,0.979150089,
Luis Suarez NA,R,0.001428571,0,-0.442857143,0.142857143,0.017142857,0,9.704433498,-0.103333333,0.013333333,0.013389637,-0.103769686,0.181892862,1.004222771,
Ezequiel Surun NA,R,0,0,-0.442857143,0.142857143,0.052857143,0,9.664804469,-0.103333333,0.013333333,0.013381392,-0.103705789,0.181773835,1.003604414,
Sebastian Rojas OAK,R,0,0,-0.442857143,0.142857143,-0.052857143,0,9.68627451,-0.103333333,0.013333333,0.013347859,-0.10344591,0.181286288,1.001089453,
Eddy Marmolejos WAS,R,0,0,-0.442857143,0.142857143,0.017142857,0,9.705882353,-0.103333333,0.013333333,0.013363452,-0.103566751,0.181455963,1.002258878,
Miguel Tamares NA,B,0.001428571,0,-0.442857143,0.142857143,0.017142857,0,9.704433498,-0.103333333,0.013333333,0.013322903,-0.103252497,0.180888382,0.99921771,
Armstrong Muhoozi PIT,R,0.001428571,0,-0.442857143,0.142857143,0.017142857,0,9.704433498,-0.103333333,0.013333333,0.01327589,-0.102888144,0.18024111,0.995691715,
Richard Paz NA,L,0,0,-0.46,0.14,0.09,0,9.663865546,-0.104545455,0.013636364,0.013681528,-0.104891711,0.181611515,1.003312018,
Diego Tornes ATL,B,0.001428571,0,-0.442857143,0.142857143,0.017142857,0,9.704433498,-0.103333333,0.013333333,0.013250235,-0.102689323,0.179821261,0.993767642,
Moises Bolivar LAN,R,0,0,-0.442857143,0.142857143,0.017142857,0,9.705882353,-0.103333333,0.013333333,0.013299705,-0.103072712,0.180484641,0.997477857,
Jamesson Val NA,B,0.001428571,0,-0.442857143,0.142857143,-0.088571429,0,9.678571429,-0.103333333,0.013333333,0.013272579,-0.102862485,0.180065758,0.995443408,
Adrian Ibarra NA,R,0,0,-0.442857143,0.142857143,-0.088571429,0,9.679715302,-0.103333333,0.013333333,0.013373504,-0.103644656,0.181423953,1.003012804,
John Zorrilla NA,R,0,0,-0.442857143,0.142857143,0.017142857,0,9.705882353,-0.103333333,0.013333333,0.013424248,-0.104037919,0.182081125,1.006818571,
Gabriel Cesa ATL,R,0,0,-0.442857143,0.142857143,-0.052857143,0,9.68627451,-0.103333333,0.013333333,0.01330844,-0.103140411,0.180481412,0.998133006,
Jairo Diaz CHN,L,0,0,-0.46,0.14,0.09,0,9.663865546,-0.104545455,0.013636364,0.013519111,-0.10364652,0.179228537,0.991401498,
Juan Martinez NA,R,0,0,-0.442857143,0.142857143,-0.052857143,0,9.68627451,-0.103333333,0.013333333,0.013335996,-0.10335397,0.1807971,1.000199711,
Manuel Almeida SEA,B,0,0,-0.442857143,0.142857143,0.088571429,0,9.673202614,-0.103333333,0.013333333,0.013296926,-0.103051176,0.180251465,0.99726944,
Anthony Huezo HOU,L,0,0,-0.46,0.14,-0.054,0,9.689119171,-0.104545455,0.013636364,0.013753985,-0.105447222,0.182289913,1.008625598,
Eduardo Oviedo NA,R,0,0,-0.442857143,0.142857143,0.017142857,0,9.705882353,-0.103333333,0.013333333,0.013440292,-0.104162266,0.182152586,1.008021925,
Thomas Specht NA,L,0,0,-0.46,0.14,-0.054,0,9.689119171,-0.104545455,0.013636364,0.013534406,-0.103763782,0.17932114,0.992523136,
Iverson Allen PIT,R,0,0,-0.442857143,0.142857143,-0.052857143,0,9.68627451,-0.103333333,0.013333333,0.013385766,-0.103739688,0.181358392,1.003932465,
Jose Aular NYN,R,0,0,-0.442857143,0.142857143,-0.088571429,0,9.679715302,-0.103333333,0.013333333,0.013282213,-0.102937147,0.179934465,0.996165939,
Luis Corobo MIL,R,0,0,-0.442857143,0.142857143,0.088571429,0,9.673202614,-0.103333333,0.013333333,0.01332007,-0.103230542,0.180430338,0.999005249,
Claudiel Lantigua NA,B,0,0,-0.442857143,0.142857143,0.017142857,0,9.705882353,-0.103333333,0.013333333,0.01336655,-0.103590762,0.180970722,1.002491245,
Geyber Blanco NA,R,0,0,-0.442857143,0.142857143,0.017142857,0,9.705882353,-0.103333333,0.013333333,0.013313056,-0.103176183,0.180241469,0.998479187,
Lisandro Bonifacio NA,B,0,0,-0.442857143,0.142857143,0.052857143,0,9.664804469,-0.103333333,0.013333333,0.013359872,-0.103539009,0.180869289,1.001990411,
Angel Arredondo TEX,R,0,0,-0.442857143,0.142857143,0.017142857,0,9.705882353,-0.103333333,0.013333333,0.014677957,-0.113754166,0.198674219,1.100846765,
Francisco Caldera NA,R,0,0,-0.442857143,0.142857143,-0.122857143,0,9.673202614,-0.103333333,0.013333333,0.013257048,-0.102742121,0.179417571,0.994278587,
Junior Quezada NA,R,0,0,-0.442857143,0.142857143,-0.052857143,0,9.68627451,-0.103333333,0.013333333,0.013364546,-0.103575235,0.180868421,1.002340983,
Charles Nova NA,R,0,0,-0.442857143,0.142857143,0.017142857,0,9.705882353,-0.103333333,0.013333333,0.013479282,-0.104464438,0.182337284,1.01094617,
Jesus Lopez TEX,L,0,0,-0.46,0.14,0.09,0,9.663865546,-0.104545455,0.013636364,0.013564214,-0.103992304,0.179395767,0.994708994,
Luis Colon NA,B,0,0,-0.442857143,0.142857143,0.017142857,0,9.705882353,-0.103333333,0.013333333,0.01341898,-0.103997093,0.181460167,1.006423484,
Jhonayker Ugarte KCA,R,0,0,-0.442857143,0.142857143,0.052857143,0,9.664804469,-0.103333333,0.013333333,0.013485289,-0.104510986,0.182347735,1.011396643,
Angel Rodriguez NA,R,0,0,-0.442857143,0.142857143,-0.052857143,0,9.68627451,-0.103333333,0.013333333,0.013319911,-0.10322931,0.180094521,0.998993327,
Joan Sierra NA,R,0,0,-0.442857143,0.142857143,-0.088571429,0,9.679715302,-0.103333333,0.013333333,0.013307034,-0.103129517,0.179906448,0.998027582,
Steven Herrera MIA,R,0,0,-0.442857143,0.142857143,0.017142857,0,9.705882353,-0.103333333,0.013333333,0.013415786,-0.103972339,0.181369684,1.006183928,
Jhoan Peguero BOS,R,0.001428571,0,-0.442857143,0.142857143,-0.052857143,0,9.68503937,-0.103333333,0.013333333,0.013409713,-0.103925273,0.181279536,1.00572845,
Juan Obispo WAS,R,0.001428571,0,-0.442857143,0.142857143,-0.052857143,0,9.68503937,-0.103333333,0.013333333,0.013363193,-0.103564745,0.180581502,1.002239463,
Jude Warwick DET,L,0,0,-0.46,0.14,0.054,0,9.708029197,-0.104545455,0.013636364,0.013496045,-0.103469675,0.178288327,0.989709934,
Daniel Bruzual NA,R,0,0,-0.442857143,0.142857143,0.088571429,0,9.673202614,-0.103333333,0.013333333,0.013306404,-0.103124633,0.179746236,0.997980323,
Omar Urbina BAL,R,0,0,-0.442857143,0.142857143,-0.088571429,0,9.679715302,-0.103333333,0.013333333,0.013253579,-0.102715238,0.179031666,0.994018433,
Yemil Rosario NA,R,0,0,-0.442857143,0.142857143,-0.088571429,0,9.679715302,-0.103333333,0.013333333,0.013350229,-0.103464275,0.18030619,1.001267173,
Wilfri De La Cruz BAL,B,0,0,-0.442857143,0.142857143,0.052857143,0,9.664804469,-0.103333333,0.013333333,0.013306279,-0.103123664,0.179709617,0.99797094,
JosÃ© PeÃ±a BAL,R,0,0,-0.442857143,0.142857143,0.052857143,0,9.664804469,-0.103333333,0.013333333,0.013413089,-0.103951443,0.181115941,1.00598171,
Nestor Miranda DET,R,0,0,-0.442857143,0.142857143,-0.122857143,0,9.673202614,-0.103333333,0.013333333,0.013245605,-0.102653437,0.178830566,0.993420359,
Yimmy Diaz NA,B,0,0,-0.442857143,0.142857143,-0.052857143,0,9.68627451,-0.103333333,0.013333333,0.013310185,-0.103153935,0.179642577,0.998263883,
Jancel Santana NA,B,0,0,-0.442857143,0.142857143,0.017142857,0,9.705882353,-0.103333333,0.013333333,0.013362437,-0.103558889,0.180344799,1.002182799,
Albert Alberto NA,R,0,0,-0.442857143,0.142857143,-0.052857143,0,9.68627451,-0.103333333,0.013333333,0.013258186,-0.102750942,0.178880109,0.994363953,
Breyias Dean MIA,R,0,0,-0.442857143,0.142857143,0.017142857,0,9.705882353,-0.103333333,0.013333333,0.013300488,-0.103078781,0.179444863,0.997536595,
Eyke Ugueto NA,R,0,0,-0.442857143,0.142857143,-0.052857143,0,9.68627451,-0.103333333,0.013333333,0.013381753,-0.103708589,0.180538254,1.003631509,
Kashon Conliffe NA,R,0,0,-0.442857143,0.142857143,0.017142857,0,9.705882353,-0.103333333,0.013333333,0.013422556,-0.104024806,0.181083698,1.006691672,
Keiberg Camacaro SFN,R,0,0,-0.442857143,0.142857143,0.017142857,0,9.705882353,-0.103333333,0.013333333,0.013406207,-0.103898106,0.180814879,1.00546554,
Raily Liriano ARI,R,0.001428571,0,-0.442857143,0.142857143,0.017142857,0,9.704433498,-0.103333333,0.013333333,0.013310313,-0.103154922,0.179518515,0.998273443,
Jose Medina NA,B,0,0,-0.442857143,0.142857143,-0.088571429,0,9.679715302,-0.103333333,0.013333333,0.013390699,-0.103777915,0.180587632,1.004302401,
Joan Delgado CHN,R,0,0,-0.442857143,0.142857143,-0.052857143,0,9.68627451,-0.103333333,0.013333333,0.013444946,-0.10419833,0.181289968,1.008370932,
Ricson Gonzalez KCA,R,0,0,-0.442857143,0.142857143,0.088571429,0,9.673202614,-0.103333333,0.013333333,0.013307044,-0.103129588,0.17942652,0.998028268,
Yordani Soto CHA,B,0,0,-0.442857143,0.142857143,0.052857143,0,9.664804469,-0.103333333,0.013333333,0.013373282,-0.103642933,0.180315634,1.002996123,
Kevin Alvarez HOU,L,0,0,-0.46,0.14,0.018,0,9.679487179,-0.104545455,0.013636364,0.015566627,-0.119344138,0.205205499,1.14155262,
Cristian Benavides NA,R,0,0,-0.442857143,0.142857143,-0.052857143,0,9.68627451,-0.103333333,0.013333333,0.01330056,-0.103079337,0.179303182,0.997541973,
Yidel Diaz NA,R,0,0,-0.442857143,0.142857143,0.088571429,0,9.673202614,-0.103333333,0.013333333,0.01330575,-0.103119563,0.179335232,0.997931255,
Tony Ruiz NA,R,0,0,-0.442857143,0.142857143,-0.088571429,0,9.679715302,-0.103333333,0.013333333,0.013421773,-0.104018744,0.180897991,1.006633006,
Samuel Rojas NA,R,0,0,-0.442857143,0.142857143,0.088571429,0,9.673202614,-0.103333333,0.013333333,0.01341333,-0.10395331,0.180780172,1.005999777,
Enmanuel Bonilla TOR,R,0,0,-0.442857143,0.142857143,0.017142857,0,9.705882353,-0.103333333,0.013333333,0.015641326,-0.121220278,0.210788378,1.173099469,
Wandi Feliz COL,R,0,0,-0.442857143,0.142857143,0.017142857,0,9.705882353,-0.103333333,0.013333333,0.013385007,-0.103733801,0.180369321,1.00387549,
Hector Ramos BOS,B,0,0,-0.442857143,0.142857143,0.052857143,0,9.664804469,-0.103333333,0.013333333,0.013277481,-0.102900477,0.178885508,0.995811064,
Andres Lacruz NA,B,0,0,-0.457142857,0.142857143,-0.052857143,0,9.698113208,-0.106666667,0.013333333,0.013286171,-0.10628937,0.178952769,0.996462843,
Jesus Torres CIN,R,0,0,-0.457142857,0.142857143,-0.052857143,0,9.698113208,-0.106666667,0.013333333,0.0132883,-0.106306403,0.178974471,0.996622532,
Robert Arias CLE,L,0,0,-0.46,0.14,0.018,0,9.679487179,-0.104545455,0.013636364,0.016332068,-0.125212522,0.215081468,1.197684989,
Francisco Loreto PIT,R,0,0,-0.457142857,0.142857143,0.017142857,0,9.674418605,-0.106666667,0.013333333,0.013293803,-0.106350421,0.179045586,0.997035194,
Grenyerbert Velasquez NA,B,0,0,-0.457142857,0.142857143,0.017142857,0,9.674418605,-0.106666667,0.013333333,0.013315537,-0.106524294,0.179326325,0.998665254,
Romeli Espinosa PHI,R,0,0,-0.457142857,0.142857143,0.052857143,0,9.682539683,-0.106666667,0.013333333,0.013331149,-0.106649196,0.179535589,0.99983621,
Yoerny Junco SLN,B,0,0,-0.457142857,0.142857143,0.017142857,0,9.674418605,-0.106666667,0.013333333,0.01334096,-0.106727683,0.17965671,1.000572028,
Marcelo Alcala CHA,R,0,0,-0.457142857,0.142857143,0.017142857,0,9.674418605,-0.106666667,0.013333333,0.014535691,-0.116285527,0.195731436,1.090176818,
Mayki De La Rosa ARI,R,0,0,-0.457142857,0.142857143,-0.052857143,0,9.698113208,-0.106666667,0.013333333,0.013292524,-0.106340192,0.178983503,0.996939298,
Yancel Guerrero SLN,R,0.001428571,0,-0.457142857,0.142857143,0.052857143,0,9.680851064,-0.106666667,0.013333333,0.013263275,-0.106106197,0.17855783,0.9947456,
Elorky Rodriguez TEX,L,0,0,-0.46,0.14,0.018,0,9.679487179,-0.104545455,0.013636364,0.013669788,-0.10480171,0.179936972,1.002451138,
Juan Brima ARI,B,0,0,-0.457142857,0.142857143,0.017142857,0,9.674418605,-0.106666667,0.013333333,0.013320282,-0.106562255,0.1793193,0.999021143,
Yeiferth Castillo CLE,L,0,0,-0.46,0.14,-0.054,0,9.689119171,-0.104545455,0.013636364,0.015903863,-0.121929616,0.209337352,1.166283279,
Miguel Caraballo MIN,B,0,0,-0.457142857,0.142857143,0.088571429,0,9.693251534,-0.106666667,0.013333333,0.0133691,-0.106952801,0.179891269,1.002682509,
Angel Mata PHI,R,0,0,-0.457142857,0.142857143,0.088571429,0,9.693251534,-0.106666667,0.013333333,0.013139193,-0.105113541,0.176792764,0.985439447,
Jayvhon Blackmon NA,L,0,0,-0.46,0.14,-0.054,0,9.689119171,-0.104545455,0.013636364,0.013667604,-0.104784961,0.179698737,1.002290934,
Winder Diaz NA,B,0,0,-0.457142857,0.142857143,0.017142857,0,9.674418605,-0.106666667,0.013333333,0.013327995,-0.106623961,0.179180234,0.999599636,
Luis Ariza NA,R,0,0,-0.457142857,0.142857143,-0.088571429,0,9.690721649,-0.106666667,0.013333333,0.013280836,-0.106246685,0.178485466,0.996062671,
Adrian Bello MIA,B,0,0,-0.457142857,0.142857143,0.088571429,0,9.693251534,-0.106666667,0.013333333,0.01335445,-0.106835598,0.179450752,1.001583729,
Jesus Mujica NA,R,0,0,-0.457142857,0.142857143,0.017142857,0,9.674418605,-0.106666667,0.013333333,0.013324833,-0.106598664,0.179042783,0.999362475,
Sebastian De Andrade SEA,R,0,0,-0.457142857,0.142857143,-0.122857143,0,9.683544304,-0.106666667,0.013333333,0.013416718,-0.107333746,0.180276418,1.006253868,
Luis Galan CLE,R,0,0,-0.457142857,0.142857143,0.017142857,0,9.674418605,-0.106666667,0.013333333,0.013349601,-0.106796805,0.17931751,1.001220051,
Daniel Perez NA,L,0,0,-0.46,0.14,-0.09,0,9.669811321,-0.104545455,0.013636364,0.013541711,-0.103819782,0.177722765,0.993058782,
Cristian Feliz NA,L,0,0,-0.46,0.14,-0.09,0,9.669811321,-0.104545455,0.013636364,0.013670917,-0.104810363,0.179386399,1.002533904,
Angelo Hernandez CHA,R,0,0,-0.457142857,0.142857143,-0.122857143,0,9.683544304,-0.106666667,0.013333333,0.013263905,-0.106111237,0.177992316,0.994792851,
Andrew Tess BAL,R,0,0,-0.457142857,0.142857143,0.088571429,0,9.693251534,-0.106666667,0.013333333,0.013298002,-0.106384015,0.178387043,0.997350138,
Leandro Morgado NA,R,0,0,-0.457142857,0.142857143,-0.052857143,0,9.698113208,-0.106666667,0.013333333,0.01336818,-0.106945443,0.179324448,1.002613529,
Antonio Pimentel PIT,L,0,0,-0.46,0.14,-0.054,0,9.689119171,-0.104545455,0.013636364,0.01508843,-0.115677963,0.197894817,1.106484859,
Carlos Monteverde ATL,L,0,0,-0.46,0.14,-0.09,0,9.669811321,-0.104545455,0.013636364,0.013637404,-0.10455343,0.178856644,1.00007629,
Miguel Flores NA,R,0,0,-0.457142857,0.142857143,0.088571429,0,9.693251534,-0.106666667,0.013333333,0.013337724,-0.106701793,0.178845877,1.000329314,
Yelinson Betances LAA,R,0,0,-0.457142857,0.142857143,0.017142857,0,9.674418605,-0.106666667,0.013333333,0.013321613,-0.106572903,0.178545914,0.999120966,
Engel Paulino MIL,R,0,0,-0.457142857,0.142857143,0.017142857,0,9.674418605,-0.106666667,0.013333333,0.013297026,-0.106376207,0.17818746,0.99727694,
Saivel Zayas TEX,R,0,0,-0.457142857,0.142857143,-0.052857143,0,9.698113208,-0.106666667,0.013333333,0.013277291,-0.106218327,0.177894122,0.995796815,
Jason Hernandez NA,R,0,0,-0.457142857,0.142857143,-0.052857143,0,9.698113208,-0.106666667,0.013333333,0.013315897,-0.106527179,0.178409389,0.998692303,
Andrew Jemison NA,R,0,0,-0.457142857,0.142857143,0.017142857,0,9.674418605,-0.106666667,0.013333333,0.013450303,-0.107602425,0.180184968,1.008772733,
Raul Pereira TEX,R,0,0,-0.457142857,0.142857143,0.052857143,0,9.682539683,-0.106666667,0.013333333,0.013416645,-0.107333159,0.179721995,1.006248362,
Rafael Ramirez NA,R,0,0,-0.457142857,0.142857143,0.017142857,0,9.674418605,-0.106666667,0.013333333,0.013284716,-0.106277728,0.177953752,0.996353697,
Jhosman Theran LAN,R,0.001428571,0,-0.457142857,0.142857143,0.017142857,0,9.672897196,-0.106666667,0.013333333,0.013262062,-0.106096497,0.177590616,0.994654658,
Braylon Bishop PIT,L,0,0,-0.46,0.14,0.018,0,9.679487179,-0.104545455,0.013636364,0.013526061,-0.103699798,0.177099778,0.991911114,
Jose Torrez NA,R,0,0,-0.457142857,0.142857143,0.088571429,0,9.693251534,-0.106666667,0.013333333,0.013324833,-0.106598661,0.178361213,0.999362449,
Sandor Feliciano CIN,B,0,0,-0.457142857,0.142857143,0.017142857,0,9.674418605,-0.106666667,0.013333333,0.01333218,-0.106657436,0.178364564,0.999913466,
Brayan Sanchez NA,R,0,0,-0.457142857,0.142857143,0.088571429,0,9.693251534,-0.106666667,0.013333333,0.013222278,-0.105778222,0.176885318,0.991670832,
Yonaiker Hernandez SDN,R,0,0,-0.457142857,0.142857143,0.017142857,0,9.674418605,-0.106666667,0.013333333,0.013384733,-0.107077864,0.179039542,1.003854972,
Edgardo Ordonez MIL,L,0,0,-0.46,0.14,0.09,0,9.663865546,-0.104545455,0.013636364,0.013658489,-0.104715085,0.17863237,1.001622548,
Justin Rodriguez NA,R,0,0,-0.457142857,0.142857143,0.017142857,0,9.674418605,-0.106666667,0.013333333,0.013433227,-0.107465816,0.179666053,1.007492026,
Milo Rushford KCA,L,0,0,-0.46,0.14,-0.054,0,9.689119171,-0.104545455,0.013636364,0.013674408,-0.104837126,0.178760336,1.0027899,
Carlos Mota COL,R,0,0,-0.457142857,0.142857143,-0.052857143,0,9.698113208,-0.106666667,0.013333333,0.013285477,-0.106283818,0.177569371,0.996410793,
Gilberto Rojas NA,R,0,0,-0.457142857,0.142857143,0.088571429,0,9.693251534,-0.106666667,0.013333333,0.013316303,-0.106530422,0.177866521,0.998722703,
Robert Gonzalez NA,L,0,0,-0.46,0.14,-0.054,0,9.689119171,-0.104545455,0.013636364,0.01366019,-0.104728127,0.178355096,1.001747298,
Lennyn Nunez NA,B,0,0,-0.457142857,0.142857143,0.088571429,0,9.693251534,-0.106666667,0.013333333,0.013342661,-0.106741289,0.178139537,1.000699587,
Jhoan De La Cruz SDN,B,0,0,-0.457142857,0.142857143,0.052857143,0,9.682539683,-0.106666667,0.013333333,0.013253186,-0.106025486,0.176934006,0.993988933,
Yensi Rivas NA,B,0.001428571,0,-0.457142857,0.142857143,0.017142857,0,9.672897196,-0.106666667,0.013333333,0.013359315,-0.106874524,0.178344858,1.001948662,
Ramon Landaeta OAK,R,0,0,-0.457142857,0.142857143,0.088571429,0,9.693251534,-0.106666667,0.013333333,0.01334929,-0.106794321,0.178210019,1.001196756,
Yassel Garcia ATL,B,0,0,-0.457142857,0.142857143,0.017142857,0,9.674418605,-0.106666667,0.013333333,0.013283774,-0.106270192,0.177326427,0.996283047,
Ronnyel Espinoza CHN,B,0,0,-0.457142857,0.142857143,0.017142857,0,9.674418605,-0.106666667,0.013333333,0.013328434,-0.106627475,0.177861625,0.999632574,
Jose Robledo HOU,B,0,0,-0.457142857,0.142857143,0.052857143,0,9.682539683,-0.106666667,0.013333333,0.013416886,-0.107335085,0.179039953,1.006266421,
Adrian Reyes NA,B,0,0,-0.457142857,0.142857143,-0.052857143,0,9.698113208,-0.106666667,0.013333333,0.013313498,-0.106507984,0.177657314,0.998512348,
Romano Donato MIL,R,0,0,-0.457142857,0.142857143,0.017142857,0,9.674418605,-0.106666667,0.013333333,0.013367599,-0.106940789,0.178343148,1.002569893,
Luis Garcia CLE,B,0,0,-0.457142857,0.142857143,0.052857143,0,9.682539683,-0.106666667,0.013333333,0.013335674,-0.106685394,0.17791023,1.000175569,
Paris Johnson NA,R,0,0,-0.457142857,0.142857143,-0.052857143,0,9.698113208,-0.106666667,0.013333333,0.013321533,-0.106572267,0.177713585,0.999115005,
Juan Rujano SLN,R,0,0,-0.457142857,0.142857143,-0.122857143,0,9.683544304,-0.106666667,0.013333333,0.013284634,-0.106277072,0.177204397,0.996347549,
Leider Padilla LAN,R,0,0,-0.457142857,0.142857143,-0.052857143,0,9.698113208,-0.106666667,0.01,0.009962847,-0.106270367,0.177174288,0.996284691,
Hansel Jimenez CIN,R,0,0,-0.457142857,0.142857143,0.052857143,0,9.682539683,-0.106666667,0.01,0.010083702,-0.107559484,0.179309391,1.008370164,
Erubiel Fuentes NA,R,0,0,-0.457142857,0.142857143,0.017142857,0,9.674418605,-0.106666667,0.01,0.010051293,-0.107213791,0.178619516,1.005129291,
Marcos Belen CLE,R,0,0,-0.457142857,0.142857143,0.017142857,0,9.674418605,-0.106666667,0.01,0.010041867,-0.107113246,0.178375689,1.004186684,
Brayan Rijo NA,R,0,0,-0.457142857,0.142857143,-0.052857143,0,9.698113208,-0.106666667,0.01,0.009963891,-0.106281504,0.176979629,0.996389104,
Elvin Garcia BAL,B,0,0,-0.457142857,0.142857143,0.017142857,0,9.674418605,-0.106666667,0.01,0.010104849,-0.107785054,0.179482325,1.010484883,
Omar Reyes KCA,L,0,0,-0.46,0.14,-0.09,0,9.669811321,-0.104545455,0.013636364,0.013647605,-0.104631641,0.177763426,1.000824392,
Angel Salio CIN,L,0,0,-0.46,0.14,0.018,0,9.679487179,-0.104545455,0.013636364,0.013588459,-0.104178183,0.176983061,0.996486968,
Alexey Lumpuy CHN,L,0.002,0,-0.46,0.14,-0.126,0,9.694323144,-0.104545455,0.013636364,0.013665211,-0.104766617,0.177925602,1.002115472,
Oswaldo Osorio LAN,L,0,0,-0.46,0.14,-0.126,0,9.695652174,-0.104545455,0.009090909,0.009088492,-0.10451766,0.177389826,0.999734137,
Wagnel Luna DET,R,0,0,-0.457142857,0.142857143,0.017142857,0,9.674418605,-0.106666667,0.01,0.010089726,-0.107623742,0.179024023,1.008972581,
Rabel Colon NA,L,0,0,-0.46,0.14,-0.054,0,9.689119171,-0.104545455,0.009090909,0.009095562,-0.104598967,0.177497808,1.000511863,
Romtres Cabrera SLN,R,0,0,-0.457142857,0.142857143,-0.052857143,0,9.698113208,-0.106666667,0.01,0.010017306,-0.106851267,0.177669949,1.001730626,
Omar Mejia KCA,R,0,0,-0.457142857,0.142857143,0.017142857,0,9.674418605,-0.106666667,0.01,0.009993373,-0.106595976,0.177158515,0.999337276,
Angel Nieblas NA,R,0,0,-0.457142857,0.142857143,0.017142857,0,9.674418605,-0.106666667,0.01,0.01006318,-0.107340588,0.178287349,1.006318009,
Ramy Peralta ARI,R,0,0,-0.457142857,0.142857143,-0.088571429,0,9.690721649,-0.106666667,0.01,#N/A,#N/A,#N/A,#N/A,
Jhosmmel Zue KCA,R,0,0,-0.457142857,0.142857143,0.088571429,0,9.693251534,-0.106666667,0.01,0.009953819,-0.106174068,0.176318961,0.995381885,
Luis Parababire ATL,R,0,0,-0.457142857,0.142857143,0.088571429,0,9.693251534,-0.106666667,0.01,#N/A,#N/A,#N/A,#N/A,
Haniel German NA,R,0,0,-0.457142857,0.142857143,-0.052857143,0,9.698113208,-0.106666667,0.01,0.009951466,-0.106148975,0.176177775,0.995146636,
Victor Marquez PIT,R,0,0,-0.457142857,0.142857143,0.088571429,0,9.693251534,-0.106666667,0.01,0.010006777,-0.106738952,0.177148968,1.000677674,
Brenner Cox WAS,L,0,0,-0.48,0.14,-0.054,0,9.704433498,-0.109090909,0.009090909,0.009034901,-0.108418813,0.175898592,0.99383912,
Edwilmin Matos HOU,R,0,0,-0.457142857,0.142857143,-0.052857143,0,9.698113208,-0.106666667,0.01,0.009935256,-0.105976062,0.175808326,0.993525583,
Juan Villavicencio PHI,L,0,0,-0.48,0.14,0.054,0,9.662162162,-0.109090909,0.009090909,0.009316117,-0.111793402,0.181332532,1.024772855,
Jose Marchan NA,R,0,0,-0.457142857,0.142857143,-0.052857143,0,9.698113208,-0.106666667,0.01,0.009984555,-0.106501922,0.176660729,0.99845552,
Wilton Lara HOU,R,0,0,-0.457142857,0.142857143,0.017142857,0,9.674418605,-0.106666667,0.01,0.010013974,-0.106815717,0.177166218,1.001397351,
Giomar Ubiera NYN,R,0,0,-0.457142857,0.142857143,0.052857143,0,9.682539683,-0.106666667,0.01,0.010058622,-0.107291971,0.177954127,1.005862224,
Fernando Pena SFN,R,0,0,-0.457142857,0.142857143,-0.088571429,0,9.690721649,-0.106666667,0.01,0.010008118,-0.106753255,0.177043601,1.000811764,
Jesus Castro SDN,B,0,0,-0.457142857,0.142857143,0.088571429,0,9.693251534,-0.106666667,0.01,0.009905983,-0.105663816,0.175192258,0.990598275,
Lazaro Morales SFN,R,0,0,-0.457142857,0.142857143,0.017142857,0,9.674418605,-0.106666667,0.01,0.010006645,-0.10673755,0.176957515,1.000664527,
Diego Campos NA,R,0,0,-0.457142857,0.142857143,0.088571429,0,9.693251534,-0.106666667,0.01,0.010007703,-0.106748834,0.17695921,1.000770318,
Karim Ayubi NA,L,0,0,-0.48,0.14,-0.054,0,9.704433498,-0.109090909,0.009090909,0.009063681,-0.108764176,0.176292409,0.997004948,
Jonatan Yan NA,R,0,0,-0.457142857,0.142857143,0.017142857,0,9.674418605,-0.106666667,0.01,0.009964603,-0.1062891,0.176111407,0.996460317,
Carter Mathison PHI,L,0,0,-0.48,0.14,-0.054,0,9.704433498,-0.109090909,0.009090909,0.009323529,-0.111882349,0.181236818,1.025588196,
Rafael Martinez NA,R,0,0,-0.457142857,0.142857143,0.017142857,0,9.674418605,-0.106666667,0.01,0.010030742,-0.106994582,0.177234185,1.003074209,
Jord Diaz TEX,R,0,0,-0.457142857,0.142857143,-0.088571429,0,9.690721649,-0.106666667,0.01,0.009977215,-0.106423622,0.17625448,0.99772146,
Brahian Silva NA,R,0,0,-0.457142857,0.142857143,-0.122857143,0,9.683544304,-0.106666667,0.01,0.010013234,-0.106807829,0.176882776,1.001323393,
Roiner Cespede NA,R,0,0,-0.457142857,0.142857143,0.017142857,0,9.674418605,-0.106666667,0.01,0.010065361,-0.107363853,0.177770383,1.006536118,
Yorfran John NA,B,0,0,-0.457142857,0.142857143,-0.122857143,0,9.683544304,-0.106666667,0.01,0.010029913,-0.106985743,0.17713128,1.002991342,
Jurdrick Profar CHA,R,0,0,-0.457142857,0.142857143,0.017142857,0,9.674418605,-0.106666667,0.01,0.010015805,-0.106835257,0.176869107,1.001580537,
Moises MarchÃ¡n KCA,R,0,0,-0.457142857,0.142857143,0.088571429,0,9.693251534,-0.106666667,0.01,0.00987995,-0.105386138,0.174375197,0.987995042,
Rony Bello WAS,R,0,0,-0.457142857,0.142857143,0.017142857,0,9.674418605,-0.106666667,0.01,#N/A,#N/A,#N/A,#N/A,
Jesus Morales KCA,R,0,0,-0.457142857,0.142857143,0.088571429,0,9.693251534,-0.106666667,0.01,0.009986269,-0.106520202,0.176225691,0.998626896,
Isais Chavez MIL,R,0,0,-0.457142857,0.142857143,0.088571429,0,9.693251534,-0.106666667,0.01,0.010034376,-0.107033349,0.177024462,1.003437642,
Nathan Archer CHA,L,0,0,-0.48,0.14,-0.054,0,9.704433498,-0.109090909,0.009090909,0.008933506,-0.107202069,0.173362451,0.982685631,
Randy Martinez CLE,B,0,0,-0.457142857,0.142857143,-0.088571429,0,9.690721649,-0.106666667,0.01,0.009896921,-0.105567156,0.174555953,0.989692092,
Arnaldo Montano NA,R,0,0,-0.457142857,0.142857143,0.088571429,0,9.693251534,-0.106666667,0.01,0.009940013,-0.106026808,0.175264302,0.994001327,
Vicente Guaylupo NA,R,0,0,-0.457142857,0.142857143,-0.052857143,0,9.698113208,-0.106666667,0.01,#N/A,#N/A,#N/A,#N/A,
July Vittini NA,R,0,0,-0.457142857,0.142857143,-0.088571429,0,9.690721649,-0.106666667,0.01,0.009985909,-0.106516362,0.176058565,0.998590895,
Railin Familia NA,R,0,0,-0.457142857,0.142857143,-0.088571429,0,9.690721649,-0.106666667,0.01,0.009936754,-0.105992041,0.17518497,0.993675383,
Yandro Hernandez MIN,B,0,0,-0.457142857,0.142857143,-0.052857143,0,9.698113208,-0.106666667,0.01,0.009994459,-0.10660756,0.176114357,0.999445878,
Fraimy Santa TEX,R,0,0,-0.457142857,0.142857143,0.017142857,0,9.674418605,-0.106666667,0.01,0.009938537,-0.106011061,0.175117022,0.9938537,
Nelson Marin NA,R,0,0,-0.457142857,0.142857143,-0.088571429,0,9.690721649,-0.106666667,0.01,0.010029999,-0.106986652,0.176658365,1.002999858,
Henniel Alcala CHN,R,0,0,-0.457142857,0.142857143,0.088571429,0,9.693251534,-0.106666667,0.01,0.010076864,-0.107486554,0.177464668,1.007686448,
Carlos Altuve NA,R,0,0,-0.457142857,0.142857143,-0.088571429,0,9.690721649,-0.106666667,0.01,0.009980965,-0.106463625,0.175756806,0.998096484,
Juan Brown CIN,R,0,0,-0.457142857,0.142857143,-0.052857143,0,9.698113208,-0.106666667,0.01,0.009902906,-0.105631002,0.174270357,0.990290643,
Daniel Rojas SLN,R,0.001428571,0,-0.457142857,0.142857143,-0.052857143,0,9.696969697,-0.106666667,0.01,0.010043071,-0.107126086,0.17667368,1.004307056,
Gabriel Guanchez SEA,R,0,0,-0.457142857,0.142857143,0.088571429,0,9.693251534,-0.106666667,0.01,0.010055035,-0.107253711,0.176831874,1.005503537,
Jose Pirela CLE,L,0,0,-0.48,0.14,-0.054,0,9.704433498,-0.109090909,0.009090909,0.009440922,-0.11329106,0.182602813,1.038501379,
Jose Rivera NA,B,0.001428571,0,-0.457142857,0.142857143,0.017142857,0,9.672897196,-0.106666667,0.01,0.010004882,-0.10671874,0.175894828,1.000488189,
Ludwing Espinoza CHN,R,0.001428571,0,-0.457142857,0.142857143,0.052857143,0,9.680851064,-0.106666667,0.01,0.011506735,-0.122738512,0.202284958,1.15067355,
Cherif Neymour NA,B,0.001428571,0,-0.457142857,0.142857143,0.017142857,0,9.672897196,-0.106666667,0.01,0.010005291,-0.106723105,0.175889016,1.000529113,
Elian Pena NYN,L,0,0,-0.48,0.14,0.054,0,9.662162162,-0.109090909,0.009090909,0.010848906,-0.130186875,0.209772282,1.193379691,
Carlos Bello NYA,R,0,0,-0.457142857,0.142857143,0.017142857,0,9.674418605,-0.106666667,0.01,0.010026116,-0.106945237,0.176216007,1.0026116,
Bryant Mendez SEA,R,0,0,-0.457142857,0.142857143,0.017142857,0,9.674418605,-0.106666667,0.01,0.010024618,-0.106929263,0.176159612,1.002461841,
Ramon Moreno NA,R,0,0,-0.457142857,0.142857143,-0.052857143,0,9.698113208,-0.106666667,0.01,0.009955702,-0.106194153,0.174921682,0.995570188,
Joseph Sequera NA,R,0,0,-0.457142857,0.142857143,0.088571429,0,9.693251534,-0.106666667,0.01,0.009949242,-0.106125251,0.174806197,0.994924228,
Daniel Gaitor NA,B,0.001428571,0,-0.457142857,0.142857143,-0.052857143,0,9.696969697,-0.106666667,0.01,0.009943882,-0.10606807,0.174704055,0.994388155,
Jonierbis Garces WAS,R,0.001428571,0,-0.457142857,0.142857143,0.017142857,0,9.672897196,-0.106666667,0.01,0.009934554,-0.105968571,0.174539178,0.993455356,
Reece Walling NA,L,0,0,-0.48,0.14,-0.054,0,9.704433498,-0.109090909,0.009090909,0.00910188,-0.10922256,0.175867981,1.001206796,
Renair Manrique NA,B,0,0,-0.457142857,0.142857143,0.017142857,0,9.674418605,-0.106666667,0.01,0.010037886,-0.10707078,0.176311446,1.003788563,
Andres Arias TOR,R,0,0,-0.457142857,0.142857143,-0.052857143,0,9.698113208,-0.106666667,0.01,0.010111918,-0.107860454,0.177608753,1.011191753,
Jeison Lopez OAK,R,0,0,-0.457142857,0.142857143,0.017142857,0,9.674418605,-0.106666667,0.01,0.009945745,-0.10608795,0.17467613,0.994574529,
Eli Lovich CHN,L,0,0,-0.48,0.14,-0.054,0,9.704433498,-0.109090909,0.009090909,0.009263923,-0.11116707,0.178952118,1.019031479,
Alex Rodriguez TEX,L,0,0,-0.48,0.14,-0.054,0,9.704433498,-0.109090909,0.009090909,0.009031036,-0.108372429,0.174399776,0.993413931,
Estuar Suero PIT,B,0,0,-0.457142857,0.142857143,-0.052857143,0,9.698113208,-0.106666667,0.01,0.011247462,-0.119972929,0.197448073,1.124746213,
Nauris De La Cruz WAS,L,0,0,-0.48,0.14,0.018,0,9.698795181,-0.109090909,0.009090909,0.009033483,-0.108401798,0.174391393,0.993683151,
Miguel Welch BOS,L,0,0,-0.48,0.14,0.018,0,9.698795181,-0.109090909,0.009090909,0.009073835,-0.108886014,0.175169377,0.998121796,
Reynaldo De La Paz OAK,R,0,0,-0.471428571,0.142857143,-0.052857143,0,9.673913043,-0.11,0.01,0.01003206,-0.110352662,0.176004471,1.003206023,
Jhoanjel Saez NA,R,0,0,-0.471428571,0.142857143,0.017142857,0,9.688888889,-0.11,0.01,0.010016609,-0.110182695,0.175680298,1.001660868,
Jensy De Leon NA,R,0,0,-0.471428571,0.142857143,-0.088571429,0,9.668874172,-0.11,0.01,0.009998595,-0.10998454,0.17536135,0.999859453,
Dayquer Alfonzo SDN,R,0,0,-0.471428571,0.142857143,-0.088571429,0,9.668874172,-0.11,0.01,0.010015954,-0.110175496,0.175657801,1.001595417,
Solomon Maguire NA,L,0,0,-0.48,0.14,-0.054,0,9.704433498,-0.109090909,0.009090909,0.009118725,-0.109424695,0.175907584,1.003059708,
Aneudi Escanio NA,B,0,0,-0.471428571,0.142857143,0.052857143,0,9.698492462,-0.11,0.01,0.009934618,-0.109280797,0.174161799,0.993461787,
Juan Alvarez ARI,B,0,0,-0.471428571,0.142857143,-0.088571429,0,9.668874172,-0.11,0.01,0.010007791,-0.110085697,0.175322481,1.000779063,
Carlos Oviedo NA,R,0,0,-0.471428571,0.142857143,-0.088571429,0,9.668874172,-0.11,0.01,0.009956516,-0.109521674,0.174419239,0.995651578,
Alfredo Rodriguez TBA,R,0,0,-0.471428571,0.142857143,0.088571429,0,9.710982659,-0.11,0.01,0.009997467,-0.109972141,0.175076649,0.999746741,
Jorge Rodriguez BOS,R,0,0,-0.471428571,0.142857143,0.088571429,0,9.710982659,-0.11,0.01,0.009975047,-0.109725518,0.174652102,0.997504709,
Martin Gonzalez SEA,R,0,0,-0.471428571,0.142857143,0.017142857,0,9.688888889,-0.11,0.01,0.009965511,-0.109620616,0.174457224,0.996551054,
Cruzmel Arias COL,R,0,0,-0.471428571,0.142857143,-0.088571429,0,9.668874172,-0.11,0.01,0.010001805,-0.11001985,0.175081589,1.000180457,
Eybert Sanchez ARI,L,0,0,-0.48,0.14,0.054,0,9.662162162,-0.109090909,0.009090909,0.009229678,-0.110756133,0.177689572,1.015264556,
Justin Barry BOS,R,0,0,-0.471428571,0.142857143,0.017142857,0,9.688888889,-0.11,0.01,0.010036197,-0.110398169,0.175609364,1.003619719,
Gustavo Beltran NA,R,0,0,-0.471428571,0.142857143,-0.088571429,0,9.668874172,-0.11,0.01,0.009940006,-0.10934007,0.173873574,0.99400064,
Jackson Nicklaus LAN,L,0,0,-0.48,0.14,-0.09,0,9.684684685,-0.109090909,0.009090909,0.009083001,-0.108996007,0.174693895,0.999130063,
Luis Maldonado NA,R,0,0,-0.471428571,0.142857143,0.017142857,0,9.688888889,-0.11,0.01,0.010037744,-0.110415189,0.175483863,1.003774442,
Jorge Ramirez SFN,R,0,0,-0.471428571,0.142857143,0.088571429,0,9.710982659,-0.11,0.01,0.01000736,-0.11008096,0.174941663,1.000736004,
Rafael Castillo NA,B,0,0,-0.471428571,0.142857143,0.017142857,0,9.688888889,-0.11,0.01,0.010034042,-0.110374467,0.175326831,1.003404248,
Esnaider Vargas WAS,R,0,0,-0.471428571,0.142857143,-0.052857143,0,9.673913043,-0.11,0.01,#N/A,#N/A,#N/A,#N/A,
Colby Shelton CHA,L,0,0,-0.48,0.14,-0.126,0,9.668049793,-0.109090909,0.009090909,0.011436032,-0.137232383,0.219686974,1.257963513,
Easton Shelton LAN,R,0,0,-0.471428571,0.142857143,-0.088571429,0,9.668874172,-0.11,0.01,0.011447463,-0.125922093,0.199902467,1.144746298,
Samuel Brito HOU,R,0,0,-0.471428571,0.142857143,-0.088571429,0,9.668874172,-0.11,0.01,0.01001271,-0.11013981,0.174827924,1.001270999,
Victor Rodriguez LAA,R,0,0,-0.471428571,0.142857143,0.017142857,0,9.688888889,-0.11,0.01,0.010004026,-0.110044291,0.174650294,1.000402646,
Johan Fernandez ARI,R,0,0,-0.471428571,0.142857143,0.088571429,0,9.710982659,-0.11,0.01,0.009928558,-0.109214137,0.173315886,0.992855794,
Yael Romero CIN,L,0,0,-0.48,0.14,-0.09,0,9.684684685,-0.109090909,0.009090909,0.009113926,-0.109367109,0.174948823,1.002531835,
Elias Reyno ATL,R,0,0,-0.471428571,0.142857143,-0.052857143,0,9.673913043,-0.11,0.01,0.010051389,-0.110565283,0.175361564,1.005138933,
Alejandro Pereira OAK,R,0,0,-0.471428571,0.142857143,0.088571429,0,9.710982659,-0.11,0.01,0.009946481,-0.109411295,0.173413918,0.994648133,
Cesar Paredes LAA,R,0.001428571,0,-0.471428571,0.142857143,0.052857143,0,9.696969697,-0.11,0.01,0.010031292,-0.110344215,0.174770189,1.003129224,
Giullianno Allende NA,L,0,0,-0.48,0.14,-0.054,0,9.704433498,-0.109090909,0.009090909,0.009075387,-0.108904646,0.173905563,0.998292584,
Johan Ferreira NA,R,0,0,-0.471428571,0.142857143,-0.088571429,0,9.668874172,-0.11,0.01,0.010016312,-0.110179436,0.17444009,1.001631239,
Jose Bericoto NA,R,0,0,-0.471428571,0.142857143,0.017142857,0,9.688888889,-0.11,0.01,0.010043192,-0.110475107,0.174893142,1.004319155,
Christofer Reyes NYA,R,0.001428571,0,-0.471428571,0.142857143,0.017142857,0,9.6875,-0.11,0.01,0.010054492,-0.110599408,0.175086906,1.005449161,
Faruk De La Cruz NA,R,0,0,-0.471428571,0.142857143,-0.088571429,0,9.668874172,-0.11,0.01,0.009995681,-0.109952487,0.173983818,0.999568066,
Juan Elejandro ATL,B,0,0,-0.471428571,0.142857143,0.017142857,0,9.688888889,-0.11,0.01,0.010082517,-0.110907683,0.175488218,1.00825166,
Marwin Rivero KCA,R,0,0,-0.471428571,0.142857143,-0.122857143,0,9.693251534,-0.11,0.01,0.010096064,-0.111056709,0.175668493,1.009606447,
Fidel Pinango NA,R,0.001428571,0,-0.471428571,0.142857143,0.017142857,0,9.6875,-0.11,0.01,0.009946534,-0.109411878,0.173047815,0.994653433,
Yojancel Cabrera LAA,L,0,0,-0.48,0.14,-0.054,0,9.704433498,-0.109090909,0.009090909,0.00911907,-0.109428838,0.17446577,1.003097679,
Jack Lines TBA,L,0,0,-0.48,0.14,0.018,0,9.698795181,-0.109090909,0.009090909,0.008992521,-0.10791025,0.171986277,0.98917729,
Sandro Pereira HOU,L,0,0,-0.48,0.14,0.018,0,9.698795181,-0.109090909,0.009090909,0.009114726,-0.109376712,0.174260345,1.002619861,
Elisandro Ramirez ATL,R,0,0,-0.471428571,0.142857143,-0.052857143,0,9.673913043,-0.11,0.01,#N/A,#N/A,#N/A,#N/A,
Kadil Rubio TBA,R,0,0,-0.471428571,0.142857143,-0.052857143,0,9.673913043,-0.11,0.01,0.010006451,-0.110070963,0.173862089,1.000645117,
Camilo Diaz HOU,R,0,0,-0.471428571,0.142857143,0.017142857,0,9.688888889,-0.11,0.006666667,0.007831583,-0.129221126,0.204038983,1.174737508,
Shendrion Martinus CIN,R,0,0,-0.471428571,0.142857143,0.017142857,0,9.688888889,-0.11,0.006666667,0.00669309,-0.110435986,0.174285053,1.003963507,
Diover De Aza NYN,B,0,0,-0.471428571,0.142857143,0.017142857,0,9.688888889,-0.11,0.006666667,0.006661453,-0.109913976,0.17344925,0.999217962,
Javier Castillo NA,R,0,0,-0.471428571,0.142857143,0.088571429,0,9.710982659,-0.11,0.006666667,0.006724916,-0.110961107,0.175098644,1.008737335,
Esteban Romero HOU,L,0,0,-0.48,0.14,-0.054,0,9.704433498,-0.109090909,0.009090909,0.009069782,-0.108837382,0.173170614,0.997676,
Javier Roman NA,R,0,0,-0.471428571,0.142857143,-0.088571429,0,9.668874172,-0.11,0.006666667,0.006673755,-0.110116965,0.173747552,1.001063314,
Esmeiquel Arrieche NA,R,0,0,-0.471428571,0.142857143,0.088571429,0,9.710982659,-0.11,0.006666667,0.006666391,-0.109995445,0.173535814,0.999958592,
Meylin De Leon NA,R,0,0,-0.471428571,0.142857143,0.017142857,0,9.688888889,-0.11,0.006666667,0.006710055,-0.110715914,0.174662406,1.006508307,
Feldi Tavarez WAS,R,0,0,-0.471428571,0.142857143,0.088571429,0,9.710982659,-0.11,0.006666667,0.006636007,-0.10949412,0.172733942,0.99540109,
Jesus Lizardo PIT,B,0,0,-0.471428571,0.142857143,0.088571429,0,9.710982659,-0.11,0.006666667,0.006634656,-0.109471831,0.172666933,0.995198461,
Brayan Hernandez NA,L,0,0,-0.48,0.14,-0.09,0,9.684684685,-0.109090909,0.009090909,0.00911565,-0.109387798,0.17396215,1.002721483,
Juan Espinal ATL,R,0,0,-0.471428571,0.142857143,-0.052857143,0,9.673913043,-0.11,0.006666667,0.006662461,-0.109930606,0.173304601,0.999369146,
Alexander Garcia NA,R,0,0,-0.471428571,0.142857143,-0.052857143,0,9.673913043,-0.11,0.006666667,0.006698284,-0.110521692,0.174198263,1.004742658,
Brainerh Palacios TBA,R,0,0,-0.471428571,0.142857143,0.088571429,0,9.710982659,-0.11,0.006666667,0.006630294,-0.109399857,0.172430087,0.994544153,
Steven Santos NA,R,0,0,-0.471428571,0.142857143,-0.088571429,0,9.668874172,-0.11,0.006666667,0.006708152,-0.110684508,0.174398535,1.006222796,
Jesus Ortega KCA,R,0,0,-0.471428571,0.142857143,0.017142857,0,9.688888889,-0.11,0.006666667,0.006656978,-0.109840142,0.173029178,0.998546742,
Angel Ventura NA,R,0,0,-0.471428571,0.142857143,-0.052857143,0,9.673913043,-0.11,0.006666667,0.006651613,-0.109751618,0.172873765,0.997741985,
Martin Tamara DET,R,0,0,-0.471428571,0.142857143,0.088571429,0,9.710982659,-0.11,0.006666667,0.006663477,-0.10994737,0.173084147,0.999521543,
Frandy Guillen BAL,R,0,0,-0.471428571,0.142857143,0.017142857,0,9.688888889,-0.11,0.006666667,0.006691657,-0.110412343,0.173734826,1.003748576,
Israel Alvarez CLE,B,0,0,-0.471428571,0.142857143,0.017142857,0,9.688888889,-0.11,0.006666667,0.006744533,-0.111284787,0.175046924,1.011679886,
Alexander Rincon BAL,L,0,0,-0.48,0.14,0.018,0,9.698795181,-0.109090909,0.009090909,0.00902986,-0.108358322,0.171858105,0.99328462,
Qyshawn Legito CIN,R,0,0,-0.471428571,0.142857143,0.088571429,0,9.710982659,-0.11,0.006666667,0.006651121,-0.109743488,0.172590591,0.997668075,
Jalvin Arias PHI,R,0,0,-0.471428571,0.142857143,-0.052857143,0,9.673913043,-0.11,0.006666667,0.006659744,-0.109885772,0.172813358,0.998961565,
Cristopher Acosta MIL,R,0,0,-0.471428571,0.142857143,0.052857143,0,9.698492462,-0.11,0.006666667,0.00670828,-0.110686621,0.174055717,1.006242005,
Jeiker Gudino DET,R,0,0,-0.471428571,0.142857143,0.088571429,0,9.710982659,-0.11,0.006666667,0.006727358,-0.111001399,0.174537591,1.009103629,
Anthony Tandron SFN,R,0,0,-0.471428571,0.142857143,-0.088571429,0,9.668874172,-0.11,0.006666667,0.006663134,-0.109941714,0.172786396,0.999470123,
Elian Adames PHI,R,0,0,-0.471428571,0.142857143,-0.052857143,0,9.673913043,-0.11,0.006666667,0.006715585,-0.110807152,0.174146534,1.007337741,
Isaias Castillo NYA,R,0.001428571,0,-0.471428571,0.142857143,-0.052857143,0,9.672727273,-0.11,0.006666667,#N/A,#N/A,#N/A,#N/A,
Sebastian De Los Santos CLE,B,0,0,-0.471428571,0.142857143,-0.052857143,0,9.673913043,-0.11,0.006666667,0.006701226,-0.110570233,0.173713877,1.005183933,
Yeral Martinez NA,L,0,0,-0.48,0.14,-0.09,0,9.684684685,-0.109090909,0.009090909,0.009114803,-0.10937764,0.173270224,1.002628368,
Kevin Hacen NA,R,0,0,-0.471428571,0.142857143,-0.088571429,0,9.668874172,-0.11,0.006666667,0.006636869,-0.109508339,0.172043573,0.99553035,
Yhoan Escalona PHI,R,0,0,-0.471428571,0.142857143,0.017142857,0,9.688888889,-0.11,0.006666667,0.006667121,-0.11000749,0.172825767,1.000068091,
Angel Guzman SFN,L,0,0,-0.48,0.14,-0.09,0,9.684684685,-0.109090909,0.009090909,0.009046027,-0.10855233,0.171947885,0.99506302,
Dennys Riera SFN,R,0,0,-0.471428571,0.142857143,0.017142857,0,9.688888889,-0.11,0.006666667,0.00667414,-0.110123314,0.172956674,1.001121039,
Pablo Arosemena CLE,R,0,0,-0.471428571,0.142857143,-0.088571429,0,9.668874172,-0.11,0.006666667,0.00663293,-0.10944334,0.171880765,0.994939452,
Heins Brito CLE,B,0,0,-0.471428571,0.142857143,0.052857143,0,9.698492462,-0.11,0.006666667,0.006655503,-0.109815806,0.17243777,0.998325508,
Tayler Aguilar NA,L,0,0,-0.48,0.14,-0.09,0,9.684684685,-0.109090909,0.009090909,0.009041212,-0.108494546,0.171673361,0.994533337,
Erick Lugo NA,R,0,0,-0.471428571,0.142857143,-0.052857143,0,9.673913043,-0.11,0.006666667,0.006674798,-0.110134165,0.172803508,1.001219679,
Khris Almonte NA,R,0,0,-0.471428571,0.142857143,-0.052857143,0,9.673913043,-0.11,0.006666667,0.00665535,-0.109813275,0.172144288,0.998302499,
Angel Perez NA,R,0,0,-0.471428571,0.142857143,-0.088571429,0,9.668874172,-0.11,0.006666667,0.006657329,-0.10984593,0.172128573,0.998599368,
Paulo Asprilla SLN,R,0,0,-0.471428571,0.142857143,0.088571429,0,9.710982659,-0.11,0.006666667,0.006681066,-0.110237589,0.172739296,1.002159903,
Daniel Mielcarek LAN,B,0,0,-0.471428571,0.142857143,-0.122857143,0,9.693251534,-0.11,0.006666667,0.006649036,-0.109709099,0.171870275,0.997355448,
Rodrigo Gonzalez ARI,R,0,0,-0.471428571,0.142857143,0.052857143,0,9.698492462,-0.11,0.006666667,0.006708155,-0.110684554,0.173394397,1.006223216,
Darling Fernandez OAK,L,0,0,-0.48,0.14,-0.054,0,9.704433498,-0.109090909,0.009090909,0.009045417,-0.108545003,0.171393012,0.994995861,
Jose Guerra NA,B,0,0,-0.471428571,0.142857143,-0.088571429,0,9.668874172,-0.11,0.006666667,0.006654202,-0.109794326,0.171888008,0.998130236,
Samuel Capellan NA,R,0,0,-0.471428571,0.142857143,-0.052857143,0,9.673913043,-0.11,0.006666667,0.006683445,-0.110276844,0.172640404,1.002516762,
Vladimir Asencio BOS,R,0,0,-0.471428571,0.142857143,-0.052857143,0,9.673913043,-0.11,0.006666667,0.006701058,-0.110567449,0.17308128,1.00515863,
Carlos Tavares WAS,L,0,0,-0.48,0.14,-0.09,0,9.684684685,-0.109090909,0.009090909,0.009024108,-0.108289299,0.170914806,0.992651911,
Oswaldo Patino NA,L,0,0,-0.48,0.14,0.018,0,9.698795181,-0.109090909,0.009090909,0.00912441,-0.109492921,0.172788406,1.003685108,
Jarold Montealto NA,B,0,0,-0.471428571,0.142857143,0.017142857,0,9.688888889,-0.11,0.006666667,0.006659449,-0.1098809,0.171929646,0.998917277,
Facundo Velasquez SLN,B,0,0,-0.471428571,0.142857143,0.017142857,0,9.688888889,-0.11,0.006666667,0.006656361,-0.109829964,0.171797028,0.998454217,
Eduardo Perez HOU,R,0,0,-0.471428571,0.142857143,-0.122857143,0,9.693251534,-0.11,0.006666667,0.006671828,-0.11008517,0.17212717,1.000774271,
Diego Gonzalez CHN,R,0,0,-0.471428571,0.142857143,0.088571429,0,9.710982659,-0.11,0.006666667,0.006691033,-0.110402038,0.172611579,1.00365489,
Willy Fanas NA,L,0,0,-0.48,0.14,-0.054,0,9.704433498,-0.109090909,0.009090909,0.009118878,-0.109426536,0.172489049,1.003076582,
Deiner Orasma NA,B,0,0,-0.471428571,0.142857143,0.052857143,0,9.698492462,-0.11,0.006666667,0.006662639,-0.109933538,0.171773152,0.9993958,
Kevin Ereu MIL,R,0,0,-0.471428571,0.142857143,-0.088571429,0,9.668874172,-0.11,0.006666667,0.006697578,-0.110510042,0.172655867,1.004636749,
David Guzman TOR,L,0,0,-0.48,0.14,-0.054,0,9.704433498,-0.109090909,0.004545455,0.004561876,-0.10948503,0.172395585,1.003612778,
Alejandro Castellano NA,R,0,0,-0.471428571,0.142857143,0.088571429,0,9.710982659,-0.11,0.006666667,0.006629742,-0.109390747,0.170769895,0.994461336,
Cristopfer Gonzalez NA,R,0,0,-0.471428571,0.142857143,-0.052857143,0,9.673913043,-0.11,0.006666667,0.006645913,-0.109657557,0.171139558,0.996886879,
Daniel Dominguez TOR,R,0,0,-0.471428571,0.142857143,0.017142857,0,9.688888889,-0.11,0.006666667,0.006684824,-0.110299596,0.172134552,1.002723599,
Yahil Melendez CHN,L,0,0,-0.5,0.14,0.054,0,9.683544304,-0.113636364,0.004545455,0.004513713,-0.112842835,0.170464269,0.993016952,
Emil Martinez NA,R,0,0,-0.471428571,0.142857143,0.052857143,0,9.698492462,-0.11,0.006666667,0.006690741,-0.110397223,0.172265834,1.003611118,
Anderson Machado NA,R,0,0,-0.471428571,0.142857143,0.017142857,0,9.688888889,-0.11,0.006666667,0.00664873,-0.109704049,0.171112386,0.997309534,
Dervin Andrade NA,R,0,0,-0.471428571,0.142857143,-0.088571429,0,9.668874172,-0.11,0.006666667,0.00669917,-0.110536308,0.172396445,1.004875525,
Jaset Martinez CIN,L,0,0,-0.5,0.14,-0.09,0,9.698275862,-0.113636364,0.004545455,0.004526564,-0.11316411,0.170801216,0.995844164,
Emil Turbi NA,B,0,0,-0.471428571,0.142857143,0.017142857,0,9.688888889,-0.11,0.006666667,0.006711573,-0.110740953,0.172668301,1.006735938,
Luis Felipe TOR,R,0,0,-0.471428571,0.142857143,-0.052857143,0,9.673913043,-0.11,0.006666667,0.006626759,-0.109341525,0.170458468,0.994013867,
Phillando Williams NA,B,0,0,-0.471428571,0.142857143,-0.052857143,0,9.673913043,-0.11,0.006666667,0.006615669,-0.109158534,0.170071973,0.992350309,
Yaisel Ramos NA,R,0,0,-0.471428571,0.142857143,0.017142857,0,9.688888889,-0.11,0.006666667,0.006676902,-0.110168888,0.171587041,1.001535342,
Jesus Alexander SFN,L,0,0,-0.5,0.14,-0.09,0,9.698275862,-0.113636364,0.004545455,0.004541987,-0.113549674,0.171151335,0.999237135,
Jose Perdomo ATL,R,0,0,-0.485714286,0.142857143,0.052857143,0,9.666666667,-0.113333333,0.006666667,0.006636166,-0.112814821,0.170469499,0.995424892,
Carlos Benavides DET,R,0,0,-0.485714286,0.142857143,0.088571429,0,9.673913043,-0.113333333,0.006666667,0.006617639,-0.112499864,0.169958839,0.992645861,
Ronny Suarez ARI,R,0,0,-0.485714286,0.142857143,-0.052857143,0,9.685314685,-0.113333333,0.006666667,0.006659406,-0.113209907,0.170966605,0.998910945,
Gregori Arias MIA,B,0,0,-0.485714286,0.142857143,0.052857143,0,9.666666667,-0.113333333,0.006666667,0.006690748,-0.11374272,0.171757194,1.003612233,
Manuel Cabrera WAS,R,0,0,-0.485714286,0.142857143,-0.088571429,0,9.679487179,-0.113333333,0.006666667,0.006696203,-0.113835446,0.17185302,1.004430404,
Freider Rojas MIL,B,0,0,-0.485714286,0.142857143,0.088571429,0,9.673913043,-0.113333333,0.006666667,0.006687403,-0.113685858,0.171602116,1.003110516,
Keegan Pieternella TOR,B,0,0,-0.485714286,0.142857143,-0.052857143,0,9.685314685,-0.113333333,0.006666667,0.00662238,-0.112580466,0.169932597,0.993357049,
Cameron Magee NA,L,0,0,-0.5,0.14,0.018,0,9.661016949,-0.113636364,0.004545455,0.004525904,-0.11314759,0.170215704,0.995698791,
German Guilarte NA,R,0,0,-0.485714286,0.142857143,-0.088571429,0,9.679487179,-0.113333333,0.006666667,0.006633345,-0.112766864,0.169986098,0.995001744,
Juan Olmos ATL,R,0,0,-0.485714286,0.142857143,0.088571429,0,9.673913043,-0.113333333,0.006666667,0.006640074,-0.112881256,0.170093792,0.996011079,
Juan Garcia KCA,R,0,0,-0.485714286,0.142857143,0.017142857,0,9.70212766,-0.113333333,0.006666667,#N/A,#N/A,#N/A,#N/A,
Erick PeÃ±a NA,L,0,0,-0.5,0.14,-0.054,0,9.672897196,-0.113636364,0.004545455,0.004538461,-0.113461534,0.170469328,0.998461495,
Allen Ajoti LAN,R,0,0,-0.485714286,0.142857143,0.088571429,0,9.673913043,-0.113333333,0.006666667,0.006726146,-0.114344484,0.172236087,1.008921916,
Andres Hernandez NA,R,0,0,-0.485714286,0.142857143,0.017142857,0,9.70212766,-0.113333333,0.006666667,0.006662338,-0.113259749,0.170552193,0.999350726,
D'Angelo Tejada CHA,R,0,0,-0.485714286,0.142857143,0.052857143,0,9.666666667,-0.113333333,0.006666667,0.00702806,-0.119477026,0.179739481,1.054209054,
Anderson Navas PHI,R,0,0,-0.485714286,0.142857143,-0.088571429,0,9.679487179,-0.113333333,0.006666667,0.006674351,-0.113463966,0.170690518,1.001152639,
Carlos Martinez MIA,B,0,0,-0.485714286,0.142857143,0.088571429,0,9.673913043,-0.113333333,0.006666667,0.006684669,-0.113639371,0.170940352,1.002700328,
Nomar Velasquez CLE,L,0,0,-0.5,0.14,-0.054,0,9.672897196,-0.113636364,0.004545455,0.004554575,-0.113864383,0.17081206,1.00200657,
Reniel Diaz NA,R,0,0,-0.485714286,0.142857143,0.017142857,0,9.70212766,-0.113333333,0.006666667,0.006638234,-0.11284998,0.169657333,0.995735122,
Moises Semerite NA,R,0,0,-0.485714286,0.142857143,0.017142857,0,9.70212766,-0.113333333,0.006666667,0.006666531,-0.113331022,0.170363525,0.999979603,
Cristopher Larez NYN,R,0,0,-0.485714286,0.142857143,0.017142857,0,9.70212766,-0.113333333,0.006666667,0.006692482,-0.113772202,0.170998615,1.003872366,
Justin Ramirez NYN,L,0,0,-0.5,0.14,0.018,0,9.661016949,-0.113636364,0.004545455,0.004528901,-0.113222533,0.169647933,0.996358288,
Cristian Benavides SDN,R,0,0,-0.485714286,0.142857143,-0.052857143,0,9.685314685,-0.113333333,0.006666667,0.006657393,-0.113175684,0.16996924,0.99860898,
Daniel Lopez KCA,L,0,0,-0.5,0.14,0.018,0,9.661016949,-0.113636364,0.004545455,0.005049255,-0.12623137,0.189039859,1.11083606,
Jesus Lugo BOS,R,0,0,-0.485714286,0.142857143,-0.052857143,0,9.685314685,-0.113333333,0.006666667,#N/A,#N/A,#N/A,#N/A,
Heison Sanchez NA,L,0,0,-0.5,0.14,0.018,0,9.661016949,-0.113636364,0.004545455,0.004533064,-0.113326598,0.16968319,0.997274063,
Dangelo Sarmiento NA,R,0,0,-0.485714286,0.142857143,0.017142857,0,9.70212766,-0.113333333,0.006666667,0.006688945,-0.113712068,0.170655393,1.003341778,
Ibrahim Ruiz NA,R,0,0,-0.485714286,0.142857143,-0.052857143,0,9.685314685,-0.113333333,0.006666667,0.006698093,-0.113867583,0.170882757,1.004713972,
Roy Rivero KCA,L,0,0,-0.5,0.14,0.018,0,9.661016949,-0.113636364,0.004545455,0.004574326,-0.114358153,0.17115628,1.006351749,
Gabriel Lopez COL,R,0,0,-0.485714286,0.142857143,0.088571429,0,9.673913043,-0.113333333,0.006666667,0.006604319,-0.11227343,0.16847949,0.99064791,
Adolfo Sanchez CIN,L,0,0,-0.5,0.14,0.018,0,9.661016949,-0.113636364,0.004545455,0.004523135,-0.113078367,0.169190114,0.995089628,
Jayden Kim PIT,R,0,0,-0.485714286,0.142857143,0.017142857,0,9.70212766,-0.113333333,0.006666667,0.006677796,-0.113522528,0.170294811,1.001669368,
Humberto Tiberi LAA,R,0,0,-0.485714286,0.142857143,0.088571429,0,9.673913043,-0.113333333,0.006666667,0.006612811,-0.112417781,0.168612784,0.991921594,
Fabian Lopez MIA,B,0,0,-0.485714286,0.142857143,0.052857143,0,9.666666667,-0.113333333,0.006666667,0.006662609,-0.113264356,0.169856559,0.99939138,
Lewis German KCA,R,0,0,-0.485714286,0.142857143,0.017142857,0,9.70212766,-0.113333333,0.006666667,0.006651997,-0.11308395,0.169495214,0.997799563,
Manuel Dos Passos ATL,R,0,0,-0.485714286,0.142857143,0.088571429,0,9.673913043,-0.113333333,0.006666667,0.006617058,-0.112489985,0.168555324,0.992558689,
Malvin Fernandez ATL,B,0,0,-0.485714286,0.142857143,0.017142857,0,9.70212766,-0.113333333,0.006666667,0.006618965,-0.112522412,0.16855725,0.992844815,
Eliezer Rivero LAA,R,0,0,-0.485714286,0.142857143,-0.088571429,0,9.679487179,-0.113333333,0.006666667,0.006506898,-0.110617274,0.165693614,0.976034766,
Jhorman Bravo BOS,L,0,0,-0.5,0.14,0.054,0,9.683544304,-0.113636364,0.004545455,0.004556083,-0.113902079,0.170117858,1.002338296,
Bohan Adderley NYN,R,0.001428571,0,-0.485714286,0.142857143,0.052857143,0,9.66507177,-0.113333333,0.006666667,0.006734685,-0.114489645,0.171450601,1.010202753,
Eddson Martinez SDN,L,0,0,-0.5,0.14,-0.054,0,9.672897196,-0.113636364,0.004545455,0.004519427,-0.112985684,0.168728301,0.994274019,
Ayden Johnson OAK,R,0,0,-0.485714286,0.142857143,0.017142857,0,9.70212766,-0.113333333,0.003333333,0.003338607,-0.113512635,0.169784187,1.001582075,
Sterling Bazil DET,B,0.001428571,0,-0.485714286,0.142857143,0.052857143,0,9.66507177,-0.113333333,0.003333333,0.003346517,-0.113781575,0.170178417,1.003955076,
Eric Mota HOU,R,0,0,-0.485714286,0.142857143,0.052857143,0,9.666666667,-0.113333333,0.003333333,0.003350358,-0.113912162,0.170338551,1.005107309,
Juan Alva MIA,L,0,0,-0.5,0.14,-0.09,0,9.698275862,-0.113636364,0.004545455,0.004544848,-0.113621188,0.16936238,0.999866458,
Yosneiker Rivas SFN,L,0,0,-0.5,0.14,0.018,0,9.661016949,-0.113636364,0.004545455,0.004539858,-0.113496446,0.169126502,0.998768725,
Eryks Rivero MIL,R,0,0,-0.485714286,0.142857143,-0.052857143,0,9.685314685,-0.113333333,0.003333333,0.003320606,-0.112900615,0.168524092,0.9961819,
Alan Frias NA,R,0,0,-0.485714286,0.142857143,-0.122857143,0,9.673590504,-0.113333333,0.003333333,0.003328997,-0.113185904,0.168795138,0.998699157,
Carlos Batista WAS,R,0.001428571,0,-0.485714286,0.142857143,-0.052857143,0,9.684210526,-0.113333333,0.003333333,0.003319423,-0.112860377,0.16829673,0.995826854,
Carter Johnson MIA,L,0,0,-0.5,0.14,0.018,0,9.661016949,-0.113636364,0.004545455,0.004498767,-0.112469172,0.167232482,0.989728718,
Alessandro Duran SFN,B,0,0,-0.485714286,0.142857143,-0.088571429,0,9.679487179,-0.113333333,0.003333333,0.003320976,-0.112913198,0.168324686,0.996292925,
Edrei Campos BAL,L,0,0,-0.5,0.14,0.018,0,9.661016949,-0.113636364,0.004545455,0.004552487,-0.113812174,0.169211388,1.001547132,
Jean Gutierrez NA,R,0,0,-0.485714286,0.142857143,-0.052857143,0,9.685314685,-0.113333333,0.003333333,0.003318152,-0.112817174,0.168121812,0.995445654,
Gabriel Rodriguez CLE,L,0,0,-0.5,0.14,0.018,0,9.661016949,-0.113636364,0.004545455,0.00448288,-0.112072011,0.166536408,0.986233695,
Daris Cordero NA,R,0,0,-0.485714286,0.142857143,0.017142857,0,9.70212766,-0.113333333,0.003333333,0.003333051,-0.113323749,0.168840721,0.999915436,
Michael Cordero SLN,R,0,0,-0.485714286,0.142857143,0.017142857,0,9.70212766,-0.113333333,0.003333333,0.003331488,-0.113270585,0.168738524,0.999446337,
Andres Torres TBA,L,0,0,-0.5,0.14,-0.09,0,9.698275862,-0.113636364,0.004545455,0.004580612,-0.1145153,0.170107623,1.007734642,
Jonathan Rangel MIL,L,0,0,-0.5,0.14,-0.09,0,9.698275862,-0.113636364,0.004545455,0.004494664,-0.112366596,0.16690296,0.988826049,
Wesly Castillo TEX,L,0,0,-0.5,0.14,-0.054,0,9.672897196,-0.113636364,0.004545455,0.004519826,-0.112995648,0.167821407,0.994361699,
Vinicius Dos Santos SFN,R,0,0,-0.485714286,0.142857143,-0.052857143,0,9.685314685,-0.113333333,0.003333333,0.003339203,-0.113532907,0.16902512,1.001760941,
Franchely Silverio HOU,R,0,0,-0.485714286,0.142857143,0.052857143,0,9.666666667,-0.113333333,0.003333333,0.003355313,-0.114080636,0.169802316,1.006593847,
Avinson Pinto BOS,L,0,0,-0.5,0.14,0.018,0,9.661016949,-0.113636364,0.004545455,0.005280181,-0.132004535,0.195929157,1.16163991,
Alexander Herrera NA,R,0,0,-0.485714286,0.142857143,0.017142857,0,9.70212766,-0.113333333,0.003333333,#N/A,#N/A,#N/A,#N/A,
Christopher Orelin NA,R,0,0,-0.485714286,0.142857143,0.017142857,0,9.70212766,-0.113333333,0.003333333,0.003342033,-0.113629135,0.169078148,1.002610017,
Rey Cruz PHI,B,0,0,-0.485714286,0.142857143,-0.122857143,0,9.673590504,-0.113333333,0.003333333,0.003318901,-0.112842649,0.167891939,0.995670429,
Arfeni Batista NA,R,0,0,-0.485714286,0.142857143,0.017142857,0,9.70212766,-0.113333333,0.003333333,0.00335107,-0.113936394,0.169510211,1.005321126,
Cleudis Valenzuela NA,L,0,0,-0.5,0.14,0.018,0,9.661016949,-0.113636364,0.004545455,0.004542695,-0.113567378,0.168479658,0.999392925,
Pier-Olivier Boucher NA,L,0,0,-0.5,0.14,-0.054,0,9.672897196,-0.113636364,0.004545455,0.004532499,-0.113312476,0.168065608,0.997149787,
Jordan Sanchez BAL,L,0,0,-0.5,0.14,-0.054,0,9.672897196,-0.113636364,0.004545455,0.00505428,-0.126356994,0.187397733,1.111941548,
Ovandy Frias NA,R,0,0,-0.485714286,0.142857143,0.017142857,0,9.70212766,-0.113333333,0.003333333,0.0033515,-0.113951013,0.169423372,1.005450117,
Anderson Garcia KCA,R,0,0,-0.485714286,0.142857143,0.017142857,0,9.70212766,-0.113333333,0.003333333,0.003325709,-0.113074123,0.16809067,0.997712849,
Jose Montilla KCA,R,0,0,-0.485714286,0.142857143,-0.122857143,0,9.673590504,-0.113333333,0.003333333,#N/A,#N/A,#N/A,#N/A,
Luis Aguilera DET,L,0,0,-0.5,0.14,0.054,0,9.683544304,-0.113636364,0.004545455,0.004542258,-0.113556459,0.168074734,0.999296844,
Starlin Aguilar LAA,L,0,0,-0.5,0.14,-0.126,0,9.6812749,-0.113636364,0.004545455,0.004670631,-0.116765782,0.172821765,1.027538885,
Samuel Estevez MIA,R,0,0,-0.485714286,0.142857143,-0.052857143,0,9.685314685,-0.113333333,0.003333333,0.003334198,-0.113362748,0.16822565,1.00025954,
Joaquin Arias TEX,L,0,0,-0.5,0.14,-0.054,0,9.672897196,-0.113636364,0.004545455,0.004537658,-0.11344144,0.167874546,0.998284676,
Juarlin Soto TOR,L,0,0,-0.5,0.14,0.018,0,9.661016949,-0.113636364,0.004545455,0.004546985,-0.113674614,0.167986526,1.000336605,
Samuel Salcedo NA,R,0,0,-0.485714286,0.142857143,0.017142857,0,9.70212766,-0.113333333,0.003333333,0.003337976,-0.113491193,0.168131861,1.001392875,
Kelvin Alcantara SEA,L,0,0,-0.5,0.14,-0.054,0,9.672897196,-0.113636364,0.004545455,0.004527957,-0.113198937,0.167239747,0.996150644,
Joshua Fermin KCA,R,0,0,-0.485714286,0.142857143,-0.052857143,0,9.685314685,-0.113333333,0.003333333,0.003336201,-0.11343083,0.167999399,1.00086026,
Abel De Leon CHN,R,0,0,-0.485714286,0.142857143,0.088571429,0,9.673913043,-0.113333333,0.003333333,0.003335735,-0.113415005,0.167874889,1.000720633,
Andres Villafane NA,L,0,0,-0.5,0.14,-0.054,0,9.672897196,-0.113636364,0.004545455,0.004530376,-0.113259391,0.167032051,0.996682644,
Ivan Sosa KCA,R,0,0,-0.485714286,0.142857143,-0.052857143,0,9.685314685,-0.113333333,0.003333333,0.003431843,-0.116682666,0.172471738,1.02955294,
Delvis Matos NA,R,0,0,-0.485714286,0.142857143,-0.052857143,0,9.685314685,-0.113333333,0.003333333,0.003309544,-0.112524487,0.16621323,0.992863125,
Juan Caricipe CIN,B,0,0,-0.485714286,0.142857143,0.017142857,0,9.70212766,-0.113333333,0.003333333,0.003336075,-0.113426559,0.167444624,1.000822584,
Kenyon Simmons NA,R,0,0,-0.485714286,0.142857143,0.017142857,0,9.70212766,-0.113333333,0.003333333,0.003312521,-0.1126257,0.166260377,0.993756176,
Luis Bolivar NA,R,0,0,-0.485714286,0.142857143,-0.052857143,0,9.685314685,-0.113333333,0.003333333,0.00333595,-0.113422295,0.167374279,1.00078496,
Dexters Peralta NYA,B,0,0,-0.5,0.142857143,0.052857143,0,9.681818182,-0.116666667,0.003333333,0.003362861,-0.117700151,0.168597395,1.008858435,
Jhonger Ochoa DET,R,0,0,-0.5,0.142857143,0.017142857,0,9.674796748,-0.116666667,0.003333333,0.003364311,-0.117750887,0.168650895,1.009293319,
Ricardo Crespo SFN,L,0,0,-0.5,0.14,-0.054,0,9.672897196,-0.113636364,0.004545455,0.004532735,-0.113318382,0.166595518,0.997201762,
Frailin Yan NA,R,0,0,-0.5,0.142857143,-0.052857143,0,9.695945946,-0.116666667,0.003333333,0.003324846,-0.116369619,0.16663664,0.997453879,
Derek Cueto MIA,R,0,0,-0.5,0.142857143,0.017142857,0,9.674796748,-0.116666667,0.003333333,0.003309422,-0.115829774,0.165849703,0.992826631,
Frainner Chirinos BAL,R,0,0,-0.5,0.142857143,0.017142857,0,9.674796748,-0.116666667,0.003333333,0.003313882,-0.115985861,0.165896234,0.994164523,
Diego Villegas SFN,L,0,0,-0.5,0.14,-0.09,0,9.698275862,-0.113636364,0.004545455,0.004543838,-0.113595945,0.166795652,0.999644314,
Yensi De La Cruz HOU,L,0,0,-0.5,0.14,0.018,0,9.661016949,-0.113636364,0.004545455,0.004535043,-0.113376083,0.166448879,0.997709532,
Jelson Coca NA,R,0,0,-0.5,0.142857143,0.017142857,0,9.674796748,-0.116666667,0.003333333,0.00334855,-0.117199262,0.167585569,1.004565105,
Cesar Franco OAK,L,0,0,-0.5,0.14,-0.054,0,9.672897196,-0.113636364,0.004545455,0.004553399,-0.113834966,0.167047439,1.001747697,
Maylerson Casanova PHI,R,0,0,-0.5,0.142857143,0.017142857,0,9.674796748,-0.116666667,0.003333333,0.003348579,-0.117200264,0.167478507,1.004573688,
Anyelo Marquez LAA,L,0,0,-0.5,0.14,0.018,0,9.661016949,-0.113636364,0.004545455,0.005245449,-0.131136223,0.192373902,1.153998764,
Anthony Santa Cruz de Oviedo LAA,L,0,0,-0.5,0.14,-0.09,0,9.698275862,-0.113636364,0.004545455,0.004504366,-0.112609154,0.165122767,0.990960559,
Santiago Pinto DET,L,0,0,-0.5,0.14,-0.054,0,9.672897196,-0.113636364,0.004545455,0.00453575,-0.113393747,0.166267255,0.997864971,
Freiker Betencourt CHN,L,0,0,-0.5,0.14,0.018,0,9.661016949,-0.113636364,0.004545455,0.004531264,-0.11328161,0.166091865,0.996878166,
Michael Baez NA,R,0,0,-0.5,0.142857143,-0.088571429,0,9.689440994,-0.116666667,0.003333333,0.003334424,-0.116704836,0.166655506,1.000327165,
Gabriel Flores PHI,R,0,0,-0.5,0.142857143,-0.088571429,0,9.689440994,-0.116666667,0.003333333,0.003317919,-0.116127166,0.16575494,0.995375709,
Juan Machado NA,L,0,0,-0.5,0.14,-0.054,0,9.672897196,-0.113636364,0.004545455,0.004553458,-0.113836441,0.166777125,1.00176068,
Osmar Torrealba CLE,L,0,0,-0.5,0.14,-0.054,0,9.672897196,-0.113636364,0.004545455,0.004503734,-0.112593338,0.1649133,0.990821372,
Joandrew Pena NA,R,0,0,-0.5,0.142857143,-0.088571429,0,9.689440994,-0.116666667,0.003333333,0.003319965,-0.116198768,0.165720691,0.99598944,
Daiber De Los Santos MIN,R,0,0,-0.5,0.142857143,0.052857143,0,9.681818182,-0.116666667,0.003333333,0.003351945,-0.117318092,0.167222527,1.005583647,
Carlos Rondon NYA,R,0,0,-0.5,0.142857143,0.088571429,0,9.690721649,-0.116666667,0.003333333,0.003329494,-0.116532285,0.166049517,0.99884816,
Luis Luna LAN,R,0,0,-0.5,0.142857143,0.017142857,0,9.674796748,-0.116666667,0.003333333,0.003343787,-0.117032548,0.166739281,1.003136128,
Hanley Ramirez PIT,R,0,0,-0.5,0.142857143,0.017142857,0,9.674796748,-0.116666667,0.003333333,0.003331936,-0.11661775,0.166133314,0.999580718,
Arlenn Manzanillo ATL,B,0,0,-0.5,0.142857143,0.088571429,0,9.690721649,-0.116666667,0.003333333,0.003293301,-0.115265525,0.164159514,0.987990214,
Yorber Semprun NYN,L,0,0,-0.5,0.14,0.018,0,9.661016949,-0.113636364,0,0,-0.113580781,0.165984773,0.999510875,
Darvin Cruz NA,L,0,0,-0.5,0.14,0.018,0,9.661016949,-0.113636364,0,0,-0.113500221,0.165850064,0.998801944,
Juan Rojas HOU,L,0,0,-0.52,0.14,0.018,0,9.679144385,-0.118181818,0,0,-0.119953442,0.168487435,1.014990663,
Jonathan Taveras NA,B,0,0,-0.5,0.142857143,0.017142857,0,9.674796748,-0.116666667,0.003333333,0.003328251,-0.116488781,0.165662024,0.998475267,
Darlyn De Leon CHN,L,0,0,-0.52,0.14,0.018,0,9.679144385,-0.118181818,0,0,-0.117413762,0.164798976,0.993501064,
Luis Leones NA,L,0.002,0,-0.52,0.14,-0.054,0,9.686098655,-0.118181818,0,0,-0.118227135,0.165802553,1.000383452,
Daonil Montero ARI,R,0,0,-0.5,0.142857143,0.017142857,0,9.674796748,-0.116666667,0.003333333,0.003347009,-0.117145307,0.166255297,1.00410263,
Hojans Hernandez NA,R,0,0,-0.5,0.142857143,-0.088571429,0,9.689440994,-0.116666667,0.003333333,0.003337962,-0.116828671,0.165705781,1.001388606,
Almen Tolentino MIA,L,0,0,-0.52,0.14,-0.126,0,9.69348659,-0.118181818,0,0,-0.117107599,0.163947125,0.990910451,
Domingo Morla NA,R,0,0,-0.5,0.142857143,0.017142857,0,9.674796748,-0.116666667,0,0,-0.116185459,0.164739694,0.995875361,
Gabriel Lara NYA,L,0,0,-0.52,0.14,-0.054,0,9.6875,-0.118181818,0,0,-0.118416535,0.165743525,1.001986065,
Grant Smith NA,R,0,0,-0.5,0.142857143,0.017142857,0,9.674796748,-0.116666667,0,#N/A,#N/A,#N/A,#N/A,
Jandaniel Gonzalez TBA,L,0,0,-0.52,0.14,0.09,0,9.666666667,-0.118181818,0,0,-0.124721671,0.174402917,1.055337212,
Andruw Salcedo NA,B,0,0,-0.5,0.142857143,-0.088571429,0,9.689440994,-0.116666667,0,0,-0.116714296,0.165315463,1.000408253,
Cesar Lugo CHN,L,0,0,-0.52,0.14,-0.054,0,9.6875,-0.118181818,0,0,-0.116401042,0.162736357,0.984931893,
Jose Gonzalez LAN,L,0,0,-0.52,0.14,-0.09,0,9.670781893,-0.118181818,0,0,-0.118672337,0.165876632,1.004150541,
Deshandro Tromp NA,R,0,0,-0.5,0.142857143,-0.088571429,0,9.689440994,-0.116666667,0,0,-0.1170818,0.165729623,1.003558289,
Francis Sosa MIL,R,0,0,-0.5,0.142857143,-0.052857143,0,9.695945946,-0.116666667,0,0,-0.116388417,0.164704242,0.997615004,
Dilan Granadillo CHN,L,0,0,-0.52,0.14,0.09,0,9.666666667,-0.118181818,0,0,-0.116629749,0.162904127,0.986867106,
Endry Reyes NA,R,0,0,-0.5,0.142857143,-0.088571429,0,9.689440994,-0.116666667,0,0,-0.116291335,0.164487116,0.996782872,
Edgar Jimenez NYA,R,0,0,-0.5,0.142857143,-0.088571429,0,9.689440994,-0.116666667,0,0,-0.118072522,0.167004474,1.012050189,
Johan Contreras NA,R,0,0,-0.5,0.142857143,-0.088571429,0,9.689440994,-0.116666667,0,0,-0.116819128,0.165182581,1.001306813,
Samil Dishmey LAA,L,0,0,-0.52,0.14,-0.054,0,9.6875,-0.118181818,0,0,-0.118441664,0.165223479,1.002198695,
Jhojan Downer SDN,R,0,0,-0.5,0.142857143,0.088571429,0,9.690721649,-0.116666667,0,0,-0.117224859,0.165600544,1.004784506,
Alcides Hernandez SDN,L,0,0,-0.52,0.14,-0.126,0,9.69348659,-0.118181818,0,0,-0.118327985,0.164925728,1.001236799,
Yeisy Celesten TEX,L,0,0,-0.52,0.14,-0.09,0,9.670781893,-0.118181818,0,0,-0.118040618,0.164511211,0.998805225,
Gabriel Azocar PHI,R,0,0,-0.5,0.142857143,0.088571429,0,9.690721649,-0.116666667,0,0,-0.117101917,0.16525824,1.003730716,
Janero Miller MIA,B,0,0,-0.5,0.142857143,-0.028571429,0,9.677419355,-0.116666667,0,0,-0.116303846,0.164109047,0.996890111,
Willian Berti DET,L,0,0,-0.52,0.14,-0.054,0,9.6875,-0.118181818,0,0,-0.117053554,0.162983028,0.990453152,
Victor Hurtado WAS,L,0,0,-0.52,0.14,-0.054,0,9.6875,-0.118181818,0,0,-0.117957024,0.164020421,0.998097893,
Abel Pena NA,R,0,0,-0.5,0.142857143,-0.088571429,0,9.689440994,-0.116666667,0,0,-0.117407249,0.165343958,1.006347849,
Vicent Nunez NA,R,0,0,-0.5,0.142857143,0.088571429,0,9.690721649,-0.116666667,0,0,-0.116195941,0.163565374,0.995965207,
Meykel Baro BAL,R,0,0,-0.5,0.142857143,0.052857143,0,9.681818182,-0.116666667,0,0,-0.116667162,0.164202697,1.000004245,
Herlinton Herrera COL,L,0,0,-0.52,0.14,-0.09,0,9.670781893,-0.118181818,0,0,-0.117849627,0.163693585,0.99718915,
Roybert Herrera NYN,L,0,0,-0.52,0.14,-0.09,0,9.670781893,-0.118181818,0,0,-0.117957256,0.163765231,0.998099862,
Juan Cabada CHN,L,0,0,-0.52,0.14,0.018,0,9.679144385,-0.118181818,0,0,-0.118907629,0.165052479,1.006141479,
Adriel Cuello NA,R,0,0,-0.5,0.142857143,-0.052857143,0,9.695945946,-0.116666667,0,0,-0.117037751,0.164440381,1.003180723,
Yeicer Crespo NA,R,0,0,-0.5,0.142857143,-0.122857143,0,9.682997118,-0.116666667,0,0,-0.116263728,0.163214343,0.996546239,
Merphy Hernandez MIN,L,0.002,0,-0.52,0.14,0.018,0,9.677419355,-0.118181818,0,0,-0.12001777,0.166210578,1.015534973,
Jose De La Cruz HOU,R,0,0,-0.5,0.142857143,0.017142857,0,9.674796748,-0.116666667,0,0,-0.11706064,0.16421969,1.003376918,
Alan Escobar CHA,L,0,0,-0.52,0.14,-0.054,0,9.6875,-0.118181818,0,0,-0.11735796,0.162481373,0.99302889,
Yeison Acosta BAL,B,0,0,-0.5,0.142857143,0.088571429,0,9.690721649,-0.116666667,0,0,-0.116708051,0.163621019,1.00035472,
Juan Colorado SFN,R,0,0,-0.5,0.142857143,0.017142857,0,9.674796748,-0.116666667,0,0,-0.116652116,0.163501605,0.999875277,
Juan Hernandez DET,L,0,0,-0.52,0.14,0.018,0,9.679144385,-0.118181818,0,0,-0.137330174,0.18987365,1.162024553,
Djean Macares SFN,L,0,0,-0.52,0.14,0.018,0,9.679144385,-0.118181818,0,0,-0.117448349,0.162308379,0.993793727,
Alexander Alzi NA,R,0,0,-0.5,0.142857143,-0.088571429,0,9.689440994,-0.116666667,0,0,-0.117071587,0.163749366,1.003470741,
Agustin Acosta LAN,L,0,0,-0.52,0.14,0.018,0,9.679144385,-0.118181818,0,0,-0.118043863,0.162951562,0.998832686,
Brayan Guedez NA,L,0,0,-0.52,0.14,-0.054,0,9.6875,-0.118181818,0,0,-0.118277947,0.163197637,1.0008134,
Cristian Jauregui PIT,L,0,0,-0.52,0.14,-0.054,0,9.6875,-0.118181818,0,0,-0.139254602,0.192129039,1.178308172,
Angel Gonzalez MIL,L,0,0,-0.52,0.14,-0.054,0,9.6875,-0.118181818,0,0,-0.118882858,0.16401518,1.005931873,
Fernando Cruz CHN,R,0,0,-0.514285714,0.142857143,0.052857143,0,9.695652174,-0.12,0,#N/A,#N/A,#N/A,#N/A,
Adrian Hoyte DET,L,0,0,-0.52,0.14,-0.054,0,9.6875,-0.118181818,0,0,-0.117933699,0.162650801,0.997900529,
Johan Rodriguez ATL,L,0,0,-0.52,0.14,-0.09,0,9.670781893,-0.118181818,0,0,-0.118326639,0.163144674,1.001225407,
Helder Rosario NA,R,0,0,-0.514285714,0.142857143,-0.122857143,0,9.691876751,-0.12,0,0,-0.119713191,0.162468757,0.997609924,
Jose Santana LAA,R,0,0,-0.514285714,0.142857143,0.052857143,0,9.695652174,-0.12,0,0,-0.121802323,0.165300977,1.015019355,
Williams Wong NA,L,0,0,-0.52,0.14,0.018,0,9.679144385,-0.118181818,0,0,-0.1185479,0.163353443,1.003097612,
Dayber Cruceta PHI,L,0,0,-0.52,0.14,0.018,0,9.679144385,-0.118181818,0,0,-0.118091352,0.162703358,0.999234517,
Jose Marcano CLE,L,0,0,-0.52,0.14,-0.09,0,9.670781893,-0.118181818,0,0,-0.118203364,0.162814677,1.000182308,
Eliezer Alfonzo BOS,B,0,0,-0.514285714,0.142857143,0.017142857,0,9.6875,-0.12,0,0,-0.121150373,0.164298078,1.00958644,
Pascual Archila TOR,L,0,0,-0.52,0.14,0.018,0,9.679144385,-0.118181818,0,0,-0.117346049,0.161566283,0.992928108,
Limanol Payero PIT,R,0,0,-0.514285714,0.142857143,0.017142857,0,9.6875,-0.12,0,0,-0.120376082,0.163197867,1.003134017,
Jhostin Genao TEX,L,0,0,-0.52,0.14,0.018,0,9.679144385,-0.118181818,0,0,-0.118346873,0.162769009,1.001396617,
Luis Santos CHN,L,0,0,-0.52,0.14,0.018,0,9.679144385,-0.118181818,0,0,-0.118535064,0.162923527,1.002988999,
Alejandro Guerrero KCA,R,0,0,-0.514285714,0.142857143,-0.052857143,0,9.674267101,-0.12,0,0,-0.119530122,0.161796969,0.996084349,
Jesus Abreu NA,R,0,0,-0.514285714,0.142857143,0.088571429,0,9.705882353,-0.12,0,0,-0.119931477,0.162329253,0.999428975,
Hancel Almonte NA,R,0,0,-0.514285714,0.142857143,-0.088571429,0,9.66966967,-0.12,0,0,-0.120806236,0.163493119,1.00671863,
Frederi Montero MIL,L,0,0,-0.52,0.14,0.018,0,9.679144385,-0.118181818,0,0,-0.126944004,0.174339622,1.074141572,
Robert Alvarez CLE,R,0,0,-0.514285714,0.142857143,0.088571429,0,9.705882353,-0.12,0,0,-0.120332804,0.162712012,1.002773367,
Omar Guadamuz CIN,R,0,0,-0.514285714,0.142857143,0.017142857,0,9.6875,-0.12,0,0,-0.121136963,0.163775155,1.009474692,
Vladi Gomez NYN,L,0,0,-0.52,0.14,0.018,0,9.679144385,-0.118181818,0,0,-0.118563306,0.162754677,1.003227971,
Jealmy Frias CIN,B,0,0,-0.514285714,0.142857143,-0.052857143,0,9.674267101,-0.12,0,0,-0.119636012,0.161624264,0.996966765,
Heribert Silva CLE,L,0,0,-0.52,0.14,0.018,0,9.679144385,-0.118181818,0,0,-0.118429913,0.162445301,1.002099263,
Yananyer Abreu NA,B,0,0,-0.514285714,0.142857143,0.017142857,0,9.6875,-0.12,0,0,-0.119938564,0.161988025,0.999488033,
Yohangel Moris NA,B,0,0,-0.514285714,0.142857143,0.017142857,0,9.6875,-0.12,0,0,-0.11990669,0.161818075,0.999222416,
Rosniell De Paula COL,R,0,0,-0.514285714,0.142857143,0.052857143,0,9.695652174,-0.12,0,0,-0.120328983,0.162345859,1.002741529,
Tom Guerrero NA,R,0,0,-0.514285714,0.142857143,0.052857143,0,9.695652174,-0.12,0,0,-0.12058942,0.16253846,1.004911836,
Cristian Montilla MIL,L,0,0,-0.52,0.14,0.018,0,9.679144385,-0.118181818,0,0,-0.11799995,0.161482115,0.998461118,
Julio Valdez CHN,R,0,0,-0.514285714,0.142857143,-0.028571429,0,9.688581315,-0.12,0,0,-0.119756684,0.161391093,0.997972366,
Dawel Joseph SEA,R,0,0,-0.514285714,0.142857143,0.017142857,0,9.6875,-0.12,0,0,-0.120320865,0.162083235,1.002673878,
Jhon Lucena NA,R,0,0,-0.514285714,0.142857143,-0.052857143,0,9.674267101,-0.12,0,0,-0.119917934,0.161458505,0.999316113,
Hendry Arvelo LAN,L,0,0,-0.52,0.14,0.018,0,9.679144385,-0.118181818,0,0,-0.117993599,0.161223822,0.998407379,
Ryan Castillo NA,L,0,0,-0.52,0.14,-0.09,0,9.670781893,-0.118181818,0,0,-0.118264805,0.161447288,1.000702195,
Angel Herrera NA,L,0,0,-0.52,0.14,-0.054,0,9.6875,-0.118181818,0,0,-0.11779668,0.16079727,0.996741134,
Aaron Salazar MIN,R,0,0,-0.514285714,0.142857143,0.088571429,0,9.705882353,-0.12,0,0,-0.119949967,0.161239745,0.999583062,
Gabriel Rodriguez PIT,R,0,0,-0.514285714,0.142857143,0.017142857,0,9.6875,-0.12,-0.003333333,-0.00335227,-0.120681716,0.162009169,1.005680963,
John Estevez ATL,L,0,0,-0.52,0.14,-0.054,0,9.6875,-0.118181818,0,0,-0.117245299,0.159797586,0.992075605,
Jose De La Cruz COL,R,0,0,-0.514285714,0.142857143,0.088571429,0,9.705882353,-0.12,-0.003333333,-0.003318382,-0.119461761,0.160339584,0.995514671,
Wilian Trinidad TBA,L,0,0,-0.52,0.14,0.018,0,9.679144385,-0.118181818,0,0,-0.11824311,0.16112652,1.000518619,
Misael Mojica WAS,L,0,0,-0.52,0.14,0.018,0,9.679144385,-0.118181818,0,0,-0.118784142,0.161840652,1.005096584,
Jhonael Cuello NYN,L,0,0,-0.52,0.14,0.018,0,9.679144385,-0.118181818,0,0,-0.117514682,0.160034477,0.994355001,
Ewry Espinal NA,L,0,0,-0.52,0.14,-0.054,0,9.6875,-0.118181818,0,0,-0.117963255,0.160639366,0.998150618,
Edgar Mota NA,R,0,0,-0.514285714,0.142857143,-0.088571429,0,9.66966967,-0.12,-0.003333333,-0.003312547,-0.119251694,0.159776401,0.993764117,
Javier Acevedo PIT,L,0,0,-0.52,0.14,-0.09,0,9.670781893,-0.118181818,0,0,-0.118331124,0.160954086,1.001263358,
Edwin Solano NA,R,0,0,-0.514285714,0.142857143,0.017142857,0,9.6875,-0.12,-0.003333333,-0.003348197,-0.120535082,0.161456742,1.004459015,
Carlos De Sousa TBA,R,0,0,-0.514285714,0.142857143,0.088571429,0,9.705882353,-0.12,-0.003333333,-0.003310271,-0.119169774,0.159577265,0.993081449,
Yosmar Gimenez NA,L,0,0,-0.52,0.14,-0.09,0,9.670781893,-0.118181818,0,0,-0.117880576,0.160278411,0.997451029,
Luis Cruz PIT,L,0,0,-0.52,0.14,-0.054,0,9.6875,-0.118181818,0,0,-0.118059001,0.16052101,0.998960781,
Ramon Ramirez NA,L,0,0,-0.52,0.14,-0.126,0,9.69348659,-0.118181818,0,0,-0.118954852,0.161642441,1.006541054,
Reiner Herrera CLE,L,0,0,-0.52,0.14,0.09,0,9.666666667,-0.118181818,0,0,-0.119113556,0.161848018,1.007883935,
Pedro Dalmagro CLE,L,0,0,-0.54,0.14,0.09,0,9.6875,-0.122727273,-0.004545455,-0.00453796,-0.122524909,0.160123538,0.998351111,
Oliver Guerrero TEX,L,0,0,-0.54,0.14,-0.126,0,9.669117647,-0.122727273,-0.004545455,-0.004528628,-0.122272961,0.159787302,0.996298202,
Hyun Seung Lee PIT,L,0,0,-0.54,0.14,0.018,0,9.695431472,-0.122727273,-0.004545455,-0.004591814,-0.123978975,0.161931878,1.010199056,
Kendrick Hernandez DET,R,0,0,-0.514285714,0.142857143,0.017142857,0,9.6875,-0.12,-0.003333333,-0.003340306,-0.120251001,0.160481975,1.002091672,
Juan Tomas CHN,B,0,0,-0.514285714,0.142857143,0.052857143,0,9.695652174,-0.12,-0.003333333,-0.003384714,-0.121849694,0.162610447,1.015414114,
Edwin Darville BOS,L,0,0,-0.54,0.14,0.018,0,9.695431472,-0.122727273,-0.004545455,-0.004548738,-0.12281592,0.160065534,1.000722313,
Jerffson Pena NA,L,0,0,-0.54,0.14,0.018,0,9.695431472,-0.122727273,-0.004545455,-0.004521862,-0.122090281,0.159115832,0.994809698,
Emdys Rosillo CIN,L,0,0,-0.54,0.14,-0.09,0,9.683794466,-0.122727273,-0.004545455,-0.004554473,-0.122970773,0.160217254,1.001984078,
Gian Zapata ARI,L,0,0,-0.54,0.14,-0.054,0,9.700854701,-0.122727273,-0.004545455,-0.004522988,-0.122120686,0.159071873,0.995057443,
Anyelo Gonzalez NA,L,0,0,-0.54,0.14,0.09,0,9.6875,-0.122727273,-0.004545455,-0.004522995,-0.122120871,0.159025346,0.995058949,
Brayan Joseph NA,B,0,0,-0.514285714,0.142857143,0.017142857,0,9.6875,-0.12,-0.003333333,-0.003350033,-0.120601187,0.160575455,1.005009889,
Deward Tovar TEX,L,0,0,-0.54,0.14,-0.054,0,9.700854701,-0.122727273,-0.004545455,-0.005389879,-0.145526738,0.189414261,1.185773424,
Mani Cedeno NYA,R,0,0,-0.514285714,0.142857143,0.052857143,0,9.695652174,-0.12,-0.003333333,-0.003352714,-0.120697705,0.160636576,1.005814211,
Joseph Tailor MIA,L,0,0,-0.54,0.14,0.018,0,9.695431472,-0.122727273,-0.004545455,-0.00452875,-0.122276246,0.159070255,0.996324965,
Brailin Pascual NA,R,0,0,-0.514285714,0.142857143,0.017142857,0,9.6875,-0.12,-0.003333333,-0.00337649,-0.121553644,0.161647101,1.012947036,
Alexander Frias MIL,L,0,0,-0.54,0.14,-0.054,0,9.700854701,-0.122727273,-0.004545455,-0.004571653,-0.123434642,0.160367019,1.005763754,
Raymer Medina TBA,B,0,0,-0.514285714,0.142857143,0.052857143,0,9.695652174,-0.12,-0.003333333,-0.003348001,-0.120528018,0.160035094,1.004400153,
Rashawn Pinder TEX,L,0,0,-0.54,0.14,0.018,0,9.695431472,-0.122727273,-0.004545455,-0.004532811,-0.1223859,0.158725266,0.997218448,
Carlos Vasquez NA,L,0,0,-0.54,0.14,0.018,0,9.695431472,-0.122727273,-0.004545455,-0.004547393,-0.122779606,0.159175847,1.000426421,
Yeycol Soriano CIN,L,0,0,-0.54,0.14,0.018,0,9.695431472,-0.122727273,-0.004545455,-0.004551801,-0.122898619,0.159092808,1.001396152,
Joswuill Rondon NA,L,0,0,-0.54,0.14,-0.054,0,9.700854701,-0.122727273,-0.004545455,-0.004549899,-0.122847281,0.159010336,1.000977848,
Diego Felix NA,R,0,0,-0.528571429,0.142857143,0.017142857,0,9.69924812,-0.123333333,-0.003333333,-0.003366125,-0.124546624,0.160314731,1.00983749,
Cesar Mujica PHI,R,0,0,-0.528571429,0.142857143,0.088571429,0,9.674418605,-0.123333333,-0.003333333,-0.00333867,-0.123530783,0.158940047,1.001600941,
Edgardo Figueroa WAS,R,0,0,-0.528571429,0.142857143,0.088571429,0,9.674418605,-0.123333333,-0.003333333,-0.003333739,-0.12334833,0.158643288,1.000121596,
Jefrank Silva CHA,L,0,0,-0.54,0.14,0.018,0,9.695431472,-0.122727273,-0.004545455,-0.00454501,-0.122715276,0.158567498,0.999902247,
Wanderly De La Cruz CIN,L,0,0,-0.54,0.14,0.018,0,9.695431472,-0.122727273,-0.004545455,-0.004562749,-0.123194219,0.159144208,1.003804745,
Johmphy De La Cruz NA,R,0,0,-0.528571429,0.142857143,0.017142857,0,9.69924812,-0.123333333,-0.003333333,-0.003364553,-0.124488464,0.159865394,1.009365925,
Jeyson Moya SFN,R,0,0,-0.528571429,0.142857143,0.017142857,0,9.69924812,-0.123333333,-0.003333333,-0.003347369,-0.123852659,0.158922376,1.004210747,
Emile Torres TBA,R,0,0,-0.528571429,0.142857143,0.017142857,0,9.69924812,-0.123333333,-0.003333333,-0.003339832,-0.123573772,0.158554501,1.001949503,
Enry Torres CIN,L,0,0,-0.54,0.14,0.09,0,9.6875,-0.122727273,-0.004545455,-0.004538465,-0.12253855,0.157972705,0.99846226,
Julio Acosta CHN,R,0,0,-0.528571429,0.142857143,-0.052857143,0,9.684542587,-0.123333333,-0.003333333,-0.003345192,-0.1237721,0.15874675,1.003557566,
Marcos Terrero NA,L,0,0,-0.54,0.14,0.09,0,9.6875,-0.122727273,-0.004545455,-0.004521754,-0.122087367,0.157288591,0.994785951,
Brandon Vasquez SFN,L,0,0,-0.54,0.14,-0.054,0,9.700854701,-0.122727273,-0.004545455,-0.004549108,-0.122825926,0.158160034,1.000803845,
Tavano Baker BOS,L,0,0,-0.54,0.14,-0.054,0,9.700854701,-0.122727273,-0.004545455,-0.00454603,-0.12274282,0.158048019,1.00012668,
Eduardo Acevedo NA,L,0,0,-0.54,0.14,-0.054,0,9.700854701,-0.122727273,-0.004545455,-0.004514938,-0.121903333,0.156951173,0.993286415,
Justin Trimble HOU,L,0,0,-0.54,0.14,-0.09,0,9.683794466,-0.122727273,-0.004545455,-0.004547024,-0.122769655,0.15789851,1.000345341,
Angel Aquino NA,R,0,0,-0.528571429,0.142857143,-0.052857143,0,9.684542587,-0.123333333,-0.003333333,-0.003323557,-0.122971617,0.157254442,0.997067165,
John Santana TBA,L,0,0,-0.54,0.14,-0.054,0,9.700854701,-0.122727273,-0.004545455,-0.004545981,-0.122741491,0.157698268,1.000115855,
Yadimir Fuentes NA,B,0,0,-0.528571429,0.142857143,-0.088571429,0,9.679300292,-0.123333333,-0.003333333,-0.003343439,-0.123707244,0.158105882,1.003031708,
Victor Familia PIT,R,0,0,-0.528571429,0.142857143,0.088571429,0,9.674418605,-0.123333333,-0.003333333,-0.003315216,-0.122662985,0.156764289,0.994564741,
Junior Aybar BAL,L,0,0,-0.54,0.14,-0.054,0,9.700854701,-0.122727273,-0.004545455,-0.004972902,-0.134268347,0.172384346,1.094038384,
Darell Morel PIT,L,0,0,-0.54,0.14,0.054,0,9.664804469,-0.122727273,-0.004545455,-0.00454594,-0.122740393,0.157562842,1.000106902,
Carlos Tirado NA,L,0,0,-0.54,0.14,-0.09,0,9.683794466,-0.122727273,-0.004545455,-0.004525213,-0.122180747,0.156789665,0.995546825,
Jarol Capellan NA,L,0,0,-0.54,0.14,-0.09,0,9.683794466,-0.122727273,-0.004545455,-0.004536155,-0.122476176,0.157158798,0.997954026,
David Leon CLE,L,0,0,-0.54,0.14,0.09,0,9.6875,-0.122727273,-0.004545455,-0.004538361,-0.122535755,0.157201302,0.998439488,
Remy Veldhuisen NA,L,0,0,-0.54,0.14,-0.09,0,9.683794466,-0.122727273,-0.004545455,-0.004537857,-0.12252214,0.157159875,0.998328548,
Zeus Nunez NA,R,0,0,-0.528571429,0.142857143,-0.122857143,0,9.673913043,-0.123333333,-0.003333333,-0.003319504,-0.122821635,0.156719079,0.995851098,
Steven Madero DET,L,0,0,-0.54,0.14,-0.09,0,9.683794466,-0.122727273,-0.004545455,-0.004622339,-0.124803163,0.160011522,1.016914662,
Winder Linares NA,L,0,0,-0.54,0.14,0.018,0,9.695431472,-0.122727273,-0.004545455,#N/A,#N/A,#N/A,#N/A,
Abraham Cohen NA,L,0,0,-0.54,0.14,0.018,0,9.695431472,-0.122727273,-0.004545455,-0.004565074,-0.123256993,0.157743934,1.004316236,
Michell Ojeda PIT,L,0,0,-0.54,0.14,0.018,0,9.695431472,-0.122727273,-0.004545455,-0.004560172,-0.123124632,0.157535413,1.003237743,
Jose Ramos OAK,L,0,0,-0.54,0.14,0.018,0,9.695431472,-0.122727273,-0.004545455,-0.004539495,-0.122566355,0.156728231,0.998688818,
Feliz Genao ARI,L,0,0,-0.54,0.14,-0.09,0,9.683794466,-0.122727273,-0.004545455,-0.004527558,-0.122244069,0.15617866,0.996062782,
Jose Tovar TBA,L,0,0,-0.54,0.14,-0.09,0,9.683794466,-0.122727273,-0.004545455,-0.004550539,-0.122864564,0.156832248,1.001118673,
Stiven Marinez NYA,L,0,0,-0.54,0.14,0.054,0,9.664804469,-0.122727273,-0.004545455,-0.004580828,-0.123682354,0.157823723,1.007782146,
Ricardo Paez MIN,L,0,0,-0.54,0.14,-0.054,0,9.700854701,-0.122727273,-0.004545455,-0.004517441,-0.121970897,0.155616976,0.993836942,
Deivid Coronil SDN,B,0,0,-0.528571429,0.142857143,0.017142857,0,9.69924812,-0.123333333,-0.006666667,-0.00665846,-0.123181509,0.156154536,0.998768995,
Moises Molero NA,L,0,0,-0.54,0.14,-0.054,0,9.700854701,-0.122727273,-0.004545455,-0.004535523,-0.122459128,0.155995422,0.997815117,
Danny Puerta NA,L,0,0,-0.54,0.14,-0.054,0,9.700854701,-0.122727273,-0.004545455,-0.004586512,-0.123835835,0.157521108,1.009032727,
Juan Martinez NA,R,0,0,-0.528571429,0.142857143,-0.088571429,0,9.679300292,-0.123333333,-0.006666667,-0.006719491,-0.124310589,0.157344952,1.007923694,
Esterling Rodriguez PHI,L,0,0,-0.54,0.14,-0.126,0,9.669117647,-0.122727273,-0.004545455,-0.004597518,-0.124132989,0.1578202,1.011453987,
Sebastian Castro NYN,L,0,0,-0.54,0.14,-0.054,0,9.700854701,-0.122727273,-0.004545455,-0.004521787,-0.122088243,0.155208613,0.994793092,
Jairo Mendez NA,L,0,0,-0.54,0.14,-0.054,0,9.700854701,-0.122727273,-0.004545455,-0.004525456,-0.122187315,0.155276816,0.995600341,
Robinson Chacon KCA,L,0,0,-0.54,0.14,-0.054,0,9.700854701,-0.122727273,-0.004545455,-0.004545535,-0.122729458,0.155939777,1.000017808,
Hugo Sanchez NA,L,0,0,-0.54,0.14,-0.126,0,9.669117647,-0.122727273,-0.004545455,-0.004541142,-0.122610825,0.155705122,0.99905117,
Dariel Arias CLE,L,0,0,-0.54,0.14,-0.054,0,9.700854701,-0.122727273,-0.004545455,-0.004525854,-0.122198046,0.155086337,0.995687778,
Daniel Hernandez WAS,L,0,0,-0.54,0.14,-0.126,0,9.669117647,-0.122727273,-0.004545455,-0.00450994,-0.121768389,0.154495402,0.992186871,
Jose Sabino CIN,L,0,0,-0.54,0.14,0.09,0,9.6875,-0.122727273,-0.004545455,-0.004531635,-0.122354139,0.155038192,0.996959649,
Dalton McIntyre ATL,L,0,0,-0.54,0.14,0.018,0,9.695431472,-0.122727273,-0.004545455,-0.00559757,-0.151134391,0.191056932,1.231465407,
Luis Martinez NA,L,0,0,-0.54,0.14,-0.09,0,9.683794466,-0.122727273,-0.004545455,-0.004556892,-0.123036093,0.155432134,1.002516312,
Abel Lorenzo LAN,L,0,0,-0.54,0.14,-0.054,0,9.700854701,-0.122727273,-0.004545455,-0.004535382,-0.122455311,0.154658518,0.997784016,
Riangelo Richardson CIN,R,0,0,-0.528571429,0.142857143,0.017142857,0,9.69924812,-0.123333333,-0.006666667,-0.006728911,-0.124484848,0.156415884,1.009336603,
Josias Ramirez CHN,L,0,0,-0.54,0.14,-0.09,0,9.683794466,-0.122727273,-0.004545455,-0.004529906,-0.122307462,0.154428935,0.996579321,
Niurby Asigen NA,L,0,0,-0.54,0.14,-0.09,0,9.683794466,-0.122727273,-0.009090909,-0.009102517,-0.122883979,0.155018686,1.001276868,
Clay Winklaar NA,R,0,0,-0.542857143,0.142857143,-0.052857143,0,9.694189602,-0.126666667,-0.006666667,-0.006665451,-0.126643577,0.1546698,0.999817709,
Jose Paulino KCA,L,0,0,-0.56,0.14,0.018,0,9.663461538,-0.127272727,-0.009090909,-0.009021376,-0.126299265,0.153488971,0.992351369,
Teilon Serrano MIN,L,0,0,-0.56,0.14,0.018,0,9.663461538,-0.127272727,-0.009090909,-0.009013762,-0.126192661,0.153274147,0.991513766,
Gustavo Baptista CLE,L,0,0,-0.56,0.14,0.09,0,9.705882353,-0.127272727,-0.009090909,-0.009075816,-0.127061424,0.154277437,0.998339763,
Jeury Ramirez CHN,L,0,0,-0.56,0.14,-0.054,0,9.673469388,-0.127272727,-0.009090909,-0.009064431,-0.126902037,0.153932352,0.997087432,
Klendy Leen TEX,R,0,0,-0.542857143,0.142857143,0.088571429,0,9.688888889,-0.126666667,-0.006666667,-0.006724706,-0.127769419,0.15549202,1.008705936,
Carlos Avila LAN,L,0,0,-0.56,0.14,0.09,0,9.705882353,-0.127272727,-0.009090909,-0.009094544,-0.127323615,0.154204631,1.00039983,
Carlos Caripa CLE,L,0,0,-0.56,0.14,-0.054,0,9.673469388,-0.127272727,-0.009090909,-0.009046226,-0.126647158,0.153328638,0.99508481,
Deuri Castillo SEA,L,0,0,-0.56,0.14,-0.09,0,9.69581749,-0.127272727,-0.009090909,-0.00904139,-0.126579453,0.153197937,0.994552848,
Santiago Contreras SDN,L,0,0,-0.56,0.14,-0.054,0,9.673469388,-0.127272727,-0.009090909,-0.009094417,-0.127321842,0.153968394,1.000385903,
Juan Monso CHN,L,0,0,-0.56,0.14,0.018,0,9.663461538,-0.127272727,-0.009090909,-0.009093796,-0.127313149,0.153934874,1.000317599,
Sebastian Cadiz CLE,L,0,0,-0.56,0.14,-0.09,0,9.69581749,-0.127272727,-0.009090909,-0.009072873,-0.127020223,0.153565726,0.998016039,
Frandy Duran NA,L,0,0,-0.56,0.14,-0.054,0,9.673469388,-0.127272727,-0.009090909,-0.009067642,-0.126946992,0.15344627,0.997440653,
Pedro Tovar NA,L,0,0,-0.56,0.14,-0.054,0,9.673469388,-0.127272727,-0.009090909,-0.009114615,-0.127604612,0.15414391,1.002607663,
Diego Arce TOR,R,0,0,-0.542857143,0.142857143,0.088571429,0,9.688888889,-0.126666667,-0.006666667,-0.006704935,-0.127393756,0.15448672,1.005740178,
Joan Gutierrez NA,L,0,0,-0.56,0.14,0.018,0,9.663461538,-0.127272727,-0.009090909,-0.009165556,-0.128317787,0.154813852,1.008211184,
Victor Izturis CLE,L,0,0,-0.56,0.14,0.09,0,9.705882353,-0.127272727,-0.009090909,-0.009177875,-0.128490245,0.154806883,1.009566212,
Gregori Cano NA,L,0,0,-0.56,0.14,-0.09,0,9.69581749,-0.127272727,-0.009090909,-0.009048276,-0.126675863,0.152415855,0.995310349,
Albert Gutierrez CHN,L,0,0,-0.56,0.14,-0.09,0,9.69581749,-0.127272727,-0.009090909,-0.009086927,-0.127216972,0.152968959,0.999561927,
Lucas Ramirez LAA,L,0,0,-0.56,0.14,-0.054,0,9.673469388,-0.127272727,-0.009090909,-0.011035164,-0.154492301,0.185741238,1.213868079,
Kevin Dume OAK,L,0,0,-0.56,0.14,-0.09,0,9.69581749,-0.127272727,-0.009090909,-0.00903958,-0.126554126,0.152082444,0.99435385,
Dayker Baldallo NA,L,0,0,-0.56,0.14,-0.054,0,9.673469388,-0.127272727,-0.009090909,-0.009118856,-0.12766399,0.153398132,1.003074205,
Angel Feliz NA,L,0,0,-0.56,0.14,-0.054,0,9.673469388,-0.127272727,-0.009090909,-0.009087954,-0.127231352,0.152853292,0.999674905,
Pedro Blanco ARI,L,0,0,-0.56,0.14,-0.09,0,9.69581749,-0.127272727,-0.009090909,-0.010059741,-0.140836373,0.169075273,1.106571502,
Brayan Cota OAK,L,0,0,-0.56,0.14,-0.09,0,9.69581749,-0.127272727,-0.009090909,-0.009013567,-0.126189932,0.151387988,0.991492321,
Liosward Marin BOS,L,0,0,-0.56,0.14,-0.126,0,9.680851064,-0.127272727,-0.009090909,-0.009052731,-0.126738229,0.152044776,0.995800375,
Greyber Altamirano NA,L,0,0,-0.56,0.14,0.018,0,9.663461538,-0.127272727,-0.009090909,-0.009099688,-0.127395626,0.152781388,1.00096563,
Antony Gomez NA,L,0,0,-0.56,0.14,0.018,0,9.663461538,-0.127272727,-0.009090909,-0.009114187,-0.127598619,0.152997762,1.002560577,
Andru Arthur SLN,L,0,0,-0.56,0.14,0.018,0,9.663461538,-0.127272727,-0.009090909,-0.009032948,-0.126461273,0.151624086,0.993624291,
Adan Chacon NA,L,0,0,-0.56,0.14,-0.09,0,9.69581749,-0.127272727,-0.009090909,-0.009118322,-0.127656507,0.153018025,1.003015411,
Yoander Santana PIT,L,0,0,-0.56,0.14,0.018,0,9.663461538,-0.127272727,-0.009090909,-0.00909094,-0.12727316,0.152537519,1.000003402,
Jorge Garcia NA,L,0,0,-0.56,0.14,-0.054,0,9.673469388,-0.127272727,-0.009090909,-0.009095215,-0.127333013,0.15239215,1.000473674,
Kay Robles NA,R,0,0,-0.542857143,0.142857143,0.017142857,0,9.675090253,-0.126666667,-0.01,-0.01002429,-0.12697434,0.152476468,1.002429001,
Estiven Giron NA,L,0,0,-0.56,0.14,0.09,0,9.705882353,-0.127272727,-0.009090909,-0.009083306,-0.127166286,0.151956808,0.999163673,
Moises Lopez NA,L,0,0,-0.56,0.14,0.018,0,9.663461538,-0.127272727,-0.009090909,-0.009036955,-0.126517371,0.151057132,0.994065057,
Jancory De La Cruz MIA,L,0,0,-0.56,0.14,-0.054,0,9.673469388,-0.127272727,-0.009090909,-0.009140381,-0.12796534,0.152711552,1.005441959,
Endy Rios SDN,L,0,0,-0.56,0.14,0.018,0,9.663461538,-0.127272727,-0.009090909,-0.009066699,-0.12693378,0.151270068,0.997336841,
Samuell Sanchez DET,L,0,0,-0.56,0.14,-0.054,0,9.673469388,-0.127272727,-0.009090909,-0.009114236,-0.127599299,0.151990999,1.002565923,
Erick Lara TBA,L,0,0,-0.56,0.14,0.018,0,9.663461538,-0.127272727,-0.009090909,-0.009119141,-0.127667972,0.151839076,1.003105497,
Elian Garcia NA,L,0,0,-0.56,0.14,-0.054,0,9.673469388,-0.127272727,-0.009090909,-0.009082391,-0.127153479,0.151214187,0.99906305,
Elvis Rojas NA,L,0,0,-0.56,0.14,-0.054,0,9.673469388,-0.127272727,-0.009090909,-0.009073786,-0.127033006,0.151003045,0.998116473,
Bryan Martinez LAA,L,0,0,-0.56,0.14,-0.054,0,9.673469388,-0.127272727,-0.009090909,-0.009037285,-0.126521983,0.150327998,0.994101296,
Alexander Garcia NA,L,0,0,-0.56,0.14,-0.09,0,9.69581749,-0.127272727,-0.009090909,-0.009159043,-0.128226599,0.152335215,1.007494709,
Carlos Blanco NA,L,0,0,-0.56,0.14,-0.09,0,9.69581749,-0.127272727,-0.009090909,-0.0090815,-0.127141005,0.150995564,0.998965042,
Andy Mata DET,L,0,0,-0.56,0.14,0.018,0,9.663461538,-0.127272727,-0.009090909,-0.009017381,-0.126243341,0.149884841,0.991911963,
Kamuel Villar COL,L,0,0,-0.56,0.14,0.054,0,9.682539683,-0.127272727,-0.009090909,-0.0092331,-0.129263396,0.153452178,1.015640967,
Yunior Quezada LAN,L,0,0,-0.56,0.14,0.018,0,9.663461538,-0.127272727,-0.009090909,-0.009097809,-0.127369319,0.151196662,1.000758939,
Jhomnardo Reyes MIN,L,0,0,-0.56,0.14,-0.054,0,9.673469388,-0.127272727,-0.009090909,-0.009056537,-0.126791516,0.150502798,0.996219058,
Sebastian Pena SDN,L,0,0,-0.56,0.14,0.018,0,9.663461538,-0.127272727,-0.009090909,-0.009055057,-0.126770801,0.150312863,0.996056293,
Domingo Batista TBA,L,0,0,-0.56,0.14,-0.054,0,9.673469388,-0.127272727,-0.009090909,-0.009143763,-0.128012685,0.151721,1.005813953,
Emilio Sanchez BAL,L,0,0,-0.56,0.14,0.054,0,9.682539683,-0.127272727,-0.009090909,-0.00907281,-0.127019342,0.150378017,0.998009112,
Kevin Tamburini NA,L,0,0,-0.56,0.14,-0.09,0,9.69581749,-0.127272727,-0.009090909,-0.00910983,-0.127537613,0.150956525,1.002081245,
Idalberto Santiesteban NA,L,0,0,-0.56,0.14,-0.126,0,9.680851064,-0.127272727,-0.009090909,-0.009063905,-0.126894669,0.150170595,0.997029538,
Javado Bain TOR,R,0,0,-0.557142857,0.142857143,-0.052857143,0,9.674556213,-0.13,-0.01,-0.010043734,-0.130568536,0.151264653,1.004373352,
Estivel Morillo CLE,L,0,0,-0.56,0.14,0.018,0,9.663461538,-0.127272727,-0.009090909,-0.009011459,-0.126160423,0.149248141,0.991260467,
Ruben Castillo NYA,L,0,0,-0.56,0.14,0.018,0,9.663461538,-0.127272727,-0.009090909,-0.009058726,-0.126822158,0.14965531,0.996459813,
Amauri Ramirez HOU,L,0,0,-0.56,0.14,-0.054,0,9.673469388,-0.127272727,-0.009090909,-0.009131273,-0.127837817,0.15085182,1.004439991,
Donte Grant SDN,L,0,0,-0.56,0.14,0.018,0,9.663461538,-0.127272727,-0.009090909,-0.009064537,-0.126903515,0.149677529,0.997099045,
Santiago Prado NA,L,0,0,-0.56,0.14,0.018,0,9.663461538,-0.127272727,-0.009090909,-0.009104217,-0.127459039,0.15025263,1.001463878,
Miguel Vargas NA,L,0,0,-0.56,0.14,-0.09,0,9.69581749,-0.127272727,-0.009090909,-0.009038477,-0.126538677,0.149158731,0.994232463,
Jayln Pinder TEX,L,0,0,-0.56,0.14,0.018,0,9.663461538,-0.127272727,-0.009090909,-0.009086205,-0.127206866,0.149538576,0.999482515,
Winifer Castillo NA,R,0,0,-0.557142857,0.142857143,-0.052857143,0,9.674556213,-0.13,-0.01,-0.010075312,-0.130979058,0.150426426,1.007531219,
Abel Valdes TEX,L,0,0,-0.58,0.14,0.09,0,9.668508287,-0.131818182,-0.013636364,-0.013608767,-0.131551414,0.148599661,0.997976246,
Sheng-En Lin CIN,L,0,0,-0.58,0.14,-0.126,0,9.691780822,-0.131818182,-0.013636364,-0.013640383,-0.131857032,0.148843855,1.000294724,
Nicolas Barrios MIL,L,0,0,-0.58,0.14,-0.054,0,9.68627451,-0.131818182,-0.013636364,#N/A,#N/A,#N/A,#N/A,
Santiago Ustariz CLE,L,0,0,-0.58,0.14,-0.126,0,9.691780822,-0.131818182,-0.013636364,-0.013661916,-0.132065188,0.149012704,1.001873842,
Brauli Diaz NA,B,0,0,-0.557142857,0.142857143,-0.088571429,0,9.67032967,-0.13,-0.013333333,-0.013348923,-0.130151998,0.148791767,1.001169219,
Larry Suero COL,L,0,0,-0.58,0.14,0.018,0,9.678899083,-0.131818182,-0.013636364,-0.013614913,-0.131610823,0.148244434,0.998426932,
Belfi Rivera ARI,L,0,0,-0.58,0.14,0.018,0,9.678899083,-0.131818182,-0.013636364,-0.013646213,-0.131913392,0.148167942,1.000722283,
Jose Perez BAL,L,0,0,-0.58,0.14,0.018,0,9.678899083,-0.131818182,-0.013636364,-0.013453554,-0.13005102,0.145801813,0.986593945,
Ramses Velazquez NA,L,0,0,-0.58,0.14,-0.054,0,9.68627451,-0.131818182,-0.013636364,-0.013577496,-0.13124913,0.146829397,0.995683052,
Jesus Premoli NA,L,0,0,-0.58,0.14,-0.09,0,9.671532847,-0.131818182,-0.013636364,-0.013585079,-0.13132243,0.146911399,0.996239126,
Luis Sanchez CHN,L,0,0,-0.58,0.14,0.018,0,9.678899083,-0.131818182,-0.013636364,-0.013529045,-0.130780768,0.146290555,0.992129962,
Jesmaylin Arias SDN,L,0,0,-0.58,0.14,-0.054,0,9.68627451,-0.131818182,-0.013636364,-0.013568415,-0.131161348,0.146703334,0.995017119,
Jhonny Osta BOS,L,0,0,-0.58,0.14,-0.054,0,9.68627451,-0.131818182,-0.013636364,-0.013598735,-0.131454436,0.146967329,0.997240551,
Fabian Cordero BAL,L,0,0,-0.58,0.14,-0.054,0,9.68627451,-0.131818182,-0.013636364,-0.013650074,-0.131950715,0.147457108,1.001005424,
Daniel Meza COL,L,0,0,-0.58,0.14,0.018,0,9.678899083,-0.131818182,-0.013636364,-0.013711641,-0.132545861,0.147973377,1.005520328,
Wilmer Feliciano NA,L,0,0,-0.58,0.14,-0.09,0,9.671532847,-0.131818182,-0.013636364,-0.013604139,-0.131506677,0.146794283,0.997636861,
Jefferson Vargas CLE,L,0,0,-0.58,0.14,0.018,0,9.678899083,-0.131818182,-0.013636364,-0.013712086,-0.132550167,0.147886678,1.005552988,
Yorger Bautista SEA,L,0,0,-0.58,0.14,0.018,0,9.678899083,-0.131818182,-0.013636364,-0.013686885,-0.132306556,0.147563692,1.003704909,
Leudy Arache COL,L,0,0,-0.58,0.14,0.018,0,9.678899083,-0.131818182,-0.013636364,-0.013571192,-0.131188188,0.146315362,0.995220735,
Stiven De La Cruz BOS,L,0,0,-0.58,0.14,-0.054,0,9.68627451,-0.131818182,-0.013636364,-0.013649364,-0.131943856,0.146880901,1.000953387,
Fernando Roquez NA,L,0,0,-0.58,0.14,-0.09,0,9.671532847,-0.131818182,-0.013636364,-0.013590909,-0.131378788,0.146110337,0.996666669,
Moises Morales MIA,L,0,0,-0.58,0.14,0.09,0,9.668508287,-0.131818182,-0.013636364,-0.013559199,-0.131072258,0.145469144,0.994341265,
Romer Taveras CLE,L,0,0,-0.58,0.14,-0.054,0,9.68627451,-0.131818182,-0.013636364,-0.013644153,-0.131893484,0.146240493,1.000571256,
Jonathan Rivero PIT,L,0,0,-0.58,0.14,0.09,0,9.668508287,-0.131818182,-0.013636364,-0.013815451,-0.133549362,0.147276118,1.013133091,
Eddie Rynders PIT,L,0,0,-0.58,0.14,0.018,0,9.678899083,-0.131818182,-0.013636364,-0.013447144,-0.129989063,0.143338043,0.986123924,
Breiny Ramirez BAL,L,0,0,-0.58,0.14,-0.054,0,9.68627451,-0.131818182,-0.013636364,-0.013519334,-0.130686898,0.143895378,0.991417849,
Breyner Figuereo NA,L,0,0,-0.58,0.14,-0.054,0,9.68627451,-0.131818182,-0.013636364,-0.013575583,-0.131230633,0.144444291,0.995542735,
Cliuver Puello NA,L,0,0,-0.58,0.14,0.054,0,9.698492462,-0.131818182,-0.013636364,-0.013708797,-0.132518367,0.145049395,1.005311748,
Abelardo Medrano DET,L,0,0,-0.58,0.14,-0.028,0,9.669421488,-0.131818182,-0.013636364,-0.013767184,-0.133082781,0.145650018,1.009593515,
Louis Pierre NA,L,0,0,-0.58,0.14,0.018,0,9.678899083,-0.131818182,-0.013636364,-0.013635293,-0.131807831,0.143817706,0.999921476,
Cristopher Polanco TOR,L,0,0,-0.58,0.14,0.054,0,9.698492462,-0.131818182,-0.013636364,-0.013637614,-0.131830268,0.143741178,1.000091687,
Rafael Oropeza NA,L,0,0,-0.58,0.14,0.054,0,9.698492462,-0.131818182,-0.013636364,-0.013754238,-0.132957633,0.144889709,1.008644109,
Leonardo Carpio NA,R,0,0,-0.571428571,0.142857143,-0.052857143,0,9.683908046,-0.133333333,-0.016666667,-0.016842983,-0.134743864,0.145101962,1.010578982,
Hector Liriano NA,L,0,0,-0.6,0.14,-0.126,0,9.669966997,-0.136363636,-0.018181818,-0.018222413,-0.136668097,0.143573845,1.002232713,
Rayner Herrera BAL,L,0,0,-0.6,0.14,0.018,0,9.692982456,-0.136363636,-0.018181818,-0.018201902,-0.136514262,0.14261736,1.001104591,
Andy Acevedo WAS,L,0,0,-0.6,0.14,0.018,0,9.692982456,-0.136363636,-0.018181818,-0.018174279,-0.13630709,0.14236594,0.999585326,
Ariel Castro MIN,L,0,0,-0.6,0.14,-0.054,0,9.698113208,-0.136363636,-0.018181818,-0.018210382,-0.136577866,0.142498516,1.001571014,
Alvaro Matos NA,L,0,0,-0.6,0.14,-0.09,0,9.683098592,-0.136363636,-0.018181818,-0.018053054,-0.135397901,0.141115484,0.992917944,
Ishel Comenencia COL,L,0,0,-0.6,0.14,-0.054,0,9.698113208,-0.136363636,-0.018181818,-0.018199691,-0.136497679,0.142250692,1.000982978,
Bralyn Brazoban PIT,L,0,0,-0.6,0.14,0.018,0,9.692982456,-0.136363636,-0.018181818,-0.018009984,-0.135074879,0.140497505,0.990549112,
Eduardo Guillen PHI,L,0,0,-0.6,0.14,-0.054,0,9.698113208,-0.136363636,-0.018181818,-0.018168455,-0.136263411,0.14162583,0.999265011,
Osvaldo Heredia MIA,L,0,0,-0.6,0.14,0.018,0,9.692982456,-0.136363636,-0.018181818,-0.018273704,-0.137052777,0.142262336,1.005053699,
Vladi Guerrero NA,L,0,0,-0.6,0.14,-0.09,0,9.683098592,-0.136363636,-0.018181818,-0.01817609,-0.136320677,0.140950582,0.999684968,
Robert Lantigua ARI,L,0,0,-0.6,0.14,0.09,0,9.685863874,-0.136363636,-0.018181818,#N/A,#N/A,#N/A,#N/A,
Freilyn Rodriguez CLE,L,0,0,-0.6,0.14,0.018,0,9.692982456,-0.136363636,-0.018181818,-0.018216486,-0.136623644,0.140810977,1.001906726,
Royelny Strop SLN,L,0,0,-0.6,0.14,0.018,0,9.692982456,-0.136363636,-0.018181818,-0.018115354,-0.135865156,0.139992377,0.996344476,
Leandy Mella NA,L,0,0,-0.6,0.14,-0.054,0,9.698113208,-0.136363636,-0.018181818,-0.018144913,-0.136086847,0.139884487,0.997970215,
Cesar Garcia MIA,L,0,0,-0.6,0.14,0.018,0,9.692982456,-0.136363636,-0.018181818,#N/A,#N/A,#N/A,#N/A,
Hiverson LÃ³pez CLE,L,0,0,-0.6,0.14,0.09,0,9.685863874,-0.136363636,-0.018181818,-0.018340263,-0.137551975,0.140704575,1.008714486,
Elian Soto WAS,L,0,0,-0.6,0.14,-0.09,0,9.683098592,-0.136363636,-0.018181818,-0.018059641,-0.13544731,0.138465257,0.993280276,
Cesar Acosta NYN,L,0,0,-0.6,0.14,0.09,0,9.685863874,-0.136363636,-0.018181818,-0.018079061,-0.135592954,0.138316836,0.994348332,
Christian Saez SLN,L,0,0,-0.6,0.14,-0.09,0,9.683098592,-0.136363636,-0.018181818,-0.018237141,-0.136778558,0.138749902,1.00304276,
Heudy Pena NA,L,0,0,-0.6,0.14,0.018,0,9.692982456,-0.136363636,-0.018181818,-0.018402114,-0.138015852,0.1397186,1.012116251,
Enmanuel Corniel BAL,L,0,0,-0.62,0.14,0.018,0,9.665271967,-0.140909091,-0.022727273,-0.02279682,-0.141340281,0.137947841,1.003060061,
Andres Garza NA,L,0,0,-0.62,0.14,0.09,0,9.701492537,-0.140909091,-0.022727273,-0.022758889,-0.141105111,0.136602766,1.001391114,
Jose Familia PHI,L,0,0,-0.62,0.14,0.054,0,9.681818182,-0.140909091,-0.022727273,-0.022818654,-0.141475658,0.136684379,1.004020795,
Johanse Gomez BAL,L,0,0,-0.62,0.14,0.018,0,9.665271967,-0.140909091,-0.022727273,-0.022600267,-0.140121656,0.13521116,0.99441175,
Kendry MartÃ­nez SEA,L,0,0,-0.62,0.14,0.018,0,9.665271967,-0.140909091,-0.022727273,-0.022782873,-0.14125381,0.135892636,1.002446397,
David Ortiz Jr. TEX,L,0,0,-0.62,0.14,-0.09,0,9.693877551,-0.140909091,-0.022727273,-0.022554534,-0.139838109,0.134430434,0.992399483,
Anthony Abreu MIA,L,0,0,-0.62,0.14,0.018,0,9.665271967,-0.140909091,-0.022727273,-0.022826833,-0.141526367,0.1340115,1.004380673,
Dave Neely TEX,L,0,0,-0.62,0.14,0.054,0,9.681818182,-0.140909091,-0.027272727,-0.027466409,-0.14190978,0.133151932,1.007101662,
Ismael Del Rosario NA,L,0,0,-0.64,0.14,-0.054,0,9.685314685,-0.145454545,-0.027272727,-0.027087229,-0.144465221,0.13079231,0.993198393,
Richer Mata KCA,L,0,0,-0.64,0.14,-0.09,0,9.672131148,-0.145454545,-0.027272727,-0.027045661,-0.144243526,0.130214761,0.991674239,
Nicolas Vergara TOR,L,0,0,-0.64,0.14,-0.054,0,9.685314685,-0.145454545,-0.027272727,#N/A,#N/A,#N/A,#N/A,
Elias Marrero PHI,L,0,0,-0.64,0.14,-0.126,0,9.690402477,-0.145454545,-0.027272727,-0.027741324,-0.147953728,0.130900119,1.01718188,
Cristian Bonifacio NA,L,0,0,-0.64,0.14,-0.054,0,9.685314685,-0.145454545,-0.027272727,-0.027269429,-0.145436954,0.128073509,0.999879061,
Jahni McPhee NA,L,0,0,-0.66,0.14,-0.054,0,9.695945946,-0.15,-0.031818182,-0.031719545,-0.149534999,0.125175748,0.996899996,
Luis Hernandez NA,L,0,0,-0.66,0.14,-0.09,0,9.682539683,-0.15,-0.031818182,-0.031861099,-0.150202325,0.123847825,1.001348833,