Full Name,Bats,BaseRunning,UZR,BattingRuns,ReplacementRuns,DEF_adj,FramingRuns,Runs/WAR,BattingRuns/PA,wRC/PA,Updated wRC/PA,Updated BattingRuns/PA,Update wOBA,% Change,wWOBA Change
Aaron Judge NYA,R,-0.00402382,-0.001349917,0.368708351,0.145916631,-0.052174252,0,9.682997513,0.082122858,0.200191243,0.198580409,0.081462058,0.408680883,0.991953521,-0.003315117
Juan Soto NYN,L,0.00420391,-0.047800608,0.347583751,0.146704455,-0.05136182,0,9.682996723,0.077001312,0.195071814,0.194768178,0.076881457,0.405004615,0.998443469,-0.000631385
Yordan Alvarez HOU,L,-0.005697703,-0.019982159,0.316831521,0.146333688,-0.098335649,0,9.682990558,0.070366614,0.188436484,0.190694306,0.071209738,0.402156536,1.011981872,0.004761536
Shohei Ohtani LAN,L,0.020396429,0,0.305679342,0.150354959,-0.11666901,0,9.683004946,0.066075036,0.184145287,0.180470867,0.06475658,0.384242746,0.980046079,-0.007823254
Vladimir Guerrero Jr. TOR,R,-0.006153042,-0.00931027,0.278967175,0.144198202,-0.084705554,0,9.682997929,0.062875549,0.180945679,0.17861327,0.062065076,0.383089453,0.987109894,-0.005002547
Ronald Acuna Jr. ATL,R,0.025562279,-0.024743265,0.276441392,0.149422083,-0.055734294,0,9.683005587,0.060127001,0.178196798,0.17185561,0.057987363,0.370989115,0.964414692,-0.013688885
Nick Kurtz OAK,L,0.006940539,-0.006909658,0.235603345,0.147311828,-0.08522838,0,9.683009069,0.051979047,0.170047072,0.168964782,0.051648218,0.372173074,0.993635345,-0.002383926
Fernando Tatis Jr. SDN,R,0.02248103,0.02398059,0.2137043,0.14433203,-0.051388059,0,9.683003434,0.048122294,0.166191229,0.161953285,0.046895156,0.36033779,0.97449959,-0.00942921
Ketel Marte ARI,B,0.000815988,-0.010634648,0.210098039,0.147375566,0.000549774,0,9.683007366,0.046333459,0.164403199,0.161176249,0.045424013,0.360332687,0.980371727,-0.007214313
Kyle Tucker LAN,L,0.017346857,-0.014255933,0.208025978,0.146520205,-0.049998396,0,9.683001388,0.046144254,0.164214497,0.159911214,0.044935032,0.357686495,0.973794744,-0.009625505
Bryce Harper PHI,L,0.003934959,0.005411321,0.197575758,0.143732446,-0.084033259,0,9.68299506,0.044675126,0.162745341,0.162354392,0.044567807,0.364609024,0.997597791,-0.000877976
Corbin Carroll ARI,L,0.050333752,0.018156981,0.189189987,0.145130326,-0.04851953,0,9.683003294,0.042367011,0.160436405,0.156492739,0.041325593,0.35370551,0.975419131,-0.00891349
Junior Caminero TBA,R,0.004374212,-0.006746549,0.183357149,0.142590569,0.012456081,0,9.683004678,0.041793204,0.159861782,0.159149235,0.04160692,0.360293882,0.995542728,-0.001613118
Bobby Witt Jr. KCA,R,0.034973201,0.042671336,0.186400343,0.147173587,0.05,0,9.683005821,0.041162755,0.159233247,0.155589466,0.040220815,0.352861271,0.977116708,-0.008263729
Julio Rodriguez SEA,R,0.021708792,0.03952135,0.180406135,0.14455966,0.015306402,0,9.683006235,0.040559509,0.1586294,0.154216069,0.039431076,0.350348774,0.972178353,-0.010026226
Corey Seager TEX,L,-0.007072138,-0.020160757,0.178168467,0.144682505,0.035596544,0,9.683001171,0.040023235,0.158092071,0.153343426,0.038821049,0.348904346,0.969962792,-0.010804654
Kyle Schwarber PHI,L,-0.005568815,-0.060278746,0.17749331,0.147226441,-0.115307731,0,9.682987759,0.039181121,0.157249729,0.156209801,0.038922007,0.356290087,0.993386774,-0.002371913
Gunnar Henderson BAL,L,0.031657754,-0.011428767,0.17440011,0.148292884,0.050001371,0,9.682993888,0.03822187,0.156292257,0.151455543,0.037039033,0.346409456,0.969053397,-0.011062544
Yandy Diaz TBA,R,-0.009971751,-0.014027694,0.171625037,0.14779215,-0.10842477,0,9.683005964,0.037741085,0.155811326,0.154996549,0.037543728,0.35500881,0.994770746,-0.00186619
Freddie Freeman LAN,L,-0.000290755,-0.00473519,0.158990286,0.141406198,-0.083694575,0,9.683010462,0.036542446,0.154611303,0.155050599,0.036646274,0.356394752,1.00284129,0.001009752
James Wood WAS,L,0.01185292,-0.014928124,0.163932949,0.146710526,-0.084057318,0,9.683012018,0.036315642,0.154384401,0.155373006,0.03654819,0.357376913,1.006403531,0.002273913
Matt Olson ATL,L,-0.006833987,0.011649303,0.159964822,0.143194426,-0.083335137,0,9.68299899,0.03630622,0.154375901,0.156634332,0.036837359,0.360287807,1.014629427,0.005194807
Cal Raleigh SEA,B,-0.002390453,0.008697972,0.157095183,0.144921648,0.04650827,0.090980445,9.682993213,0.035229961,0.1532993,0.148817135,0.034199907,0.343412882,0.970762,-0.010343118
Ivan Herrera SLN,R,0.010658936,-0.038425926,0.150134844,0.144615246,-0.085622977,0.000642857,9.683001833,0.033740183,0.15180961,0.152270574,0.033842634,0.352974549,1.003036461,0.001068549
William Contreras MIL,R,-0.006643748,-0.012977099,0.147079713,0.143906309,0.051659237,0.003659785,9.682997022,0.033217613,0.15128638,0.150664018,0.033080962,0.349811004,0.995886203,-0.001444996
Pete Alonso BAL,R,-0.009726888,-0.022982237,0.145630206,0.142571351,-0.087458692,0,9.683001269,0.033198409,0.151267634,0.148968015,0.032693716,0.345892459,0.984797681,-0.005339541
Jose Ramirez CLE,B,0.027313356,-0.002625414,0.146018023,0.143790754,0.004295553,0,9.682995298,0.033003229,0.151071331,0.15043698,0.032864648,0.349515191,0.995800982,-0.001473809
Rafael Devers SFN,L,-0.006161042,0.021508769,0.147031733,0.146081888,-0.090814564,0,9.683009798,0.032712324,0.150782793,0.144888648,0.031433589,0.336922806,0.960909697,-0.013706194
Mookie Betts LAN,R,0.004097727,-0.013545455,0.141568182,0.14555303,0.049999242,0,9.683000551,0.031611159,0.14968062,0.148982463,0.031463714,0.347631938,0.995335689,-0.001629062
Brent Rooker OAK,R,0.002696177,-0.01769802,0.133795631,0.141994826,-0.108947255,0,9.683008897,0.030623412,0.148694356,0.145067923,0.029876553,0.339546945,0.97561149,-0.008488055
Wyatt Langford TEX,R,0.018713115,0.000836484,0.134924044,0.144444444,-0.023913147,0,9.683004372,0.030359097,0.148427424,0.144397154,0.029534753,0.338263717,0.972846859,-0.009441283
Isaac Paredes HOU,R,-0.002600561,-0.005590659,0.130570627,0.14354537,-0.045369504,0,9.683004202,0.029562533,0.14763264,0.145929116,0.029221413,0.342715266,0.988461063,-0.004000734
Vinnie Pasquantino KCA,L,-0.008894923,-0.002946306,0.129295553,0.143266431,-0.088093664,0,9.682982907,0.029331075,0.147399945,0.142628138,0.028381534,0.335213986,0.967626804,-0.011215014
Roman Anthony BOS,L,0.01251938,0.000768066,0.132981792,0.14972057,-0.061111412,0,9.682998962,0.028866364,0.146936112,0.142520485,0.027998891,0.335459654,0.96994866,-0.010393346
Michael Busch CHN,L,-0.002394196,0.005782669,0.128761444,0.14528416,-0.083719122,0,9.683003117,0.028803855,0.146872999,0.142712409,0.027987905,0.335979952,0.971672191,-0.009795048
Ben Rice NYA,L,0.001453753,0.000576336,0.123889044,0.140105761,-0.065509788,-0.013389611,9.682984042,0.028739031,0.146809232,0.150186475,0.029400152,0.35364747,1.023004296,0.00795247
Francisco Lindor NYN,B,0.018057139,0.011638567,0.129800167,0.150155763,0.046295874,0,9.683007878,0.028094854,0.146164619,0.1444298,0.027761398,0.340800472,0.988131055,-0.004093528
George Springer TOR,R,0.009348685,-0.015848147,0.127282212,0.147395484,-0.100195991,0,9.68298569,0.028065232,0.146134744,0.143313172,0.027523348,0.338198495,0.980691982,-0.006658505
Nolan Schanuel LAA,L,-0.003010133,-0.004547327,0.126040036,0.146082873,-0.083333059,0,9.683010248,0.028041737,0.146112111,0.143947879,0.027626379,0.339720364,0.985187873,-0.005107636
Riley Greene DET,L,0.004472448,0.011538155,0.119640594,0.141085676,-0.052867049,0,9.683001961,0.027560694,0.145631084,0.145074018,0.027455269,0.342914252,0.996174813,-0.001316748
Bo Bichette NYN,R,0.002183297,0.030869972,0.122243332,0.144448666,0.004255643,0,9.682994663,0.027504217,0.145574352,0.142263225,0.026878626,0.336331992,0.977254742,-0.007828008
Tyler Soderstrom OAK,L,0.001819036,0.004472423,0.119374237,0.141369914,-0.052775533,0,9.683017365,0.027443234,0.145512861,0.143060272,0.026980684,0.33828552,0.983145211,-0.00579948
Alejandro Kirk TOR,R,-0.018872406,-0.013044756,0.11381091,0.135968454,0.074979814,0.099040161,9.68300808,0.027205054,0.145276157,0.144527266,0.027064814,0.34201778,0.994845051,-0.00177222
Seiya Suzuki CHN,R,0.002146101,-0.022003543,0.117264328,0.141825869,-0.06363373,0,9.68301169,0.026871813,0.14494129,0.144470473,0.026784525,0.34225861,0.996751676,-0.00111539
Byron Buxton MIN,R,0.031148093,-0.011565523,0.121624907,0.148532162,-0.003333022,0,9.683014788,0.026613378,0.144682754,0.142256666,0.026167116,0.337301557,0.983231669,-0.005752443
Alec Burleson SLN,L,-0.002105221,0.002458101,0.115799272,0.142306758,-0.08100688,0,9.682986839,0.026447278,0.144516342,0.145403475,0.026609628,0.344952618,1.006138633,0.002104618
Alex Bregman CHN,R,-0.00757951,-0.004404728,0.118505488,0.145954123,0.016666901,0,9.683009161,0.026388268,0.144458611,0.143030566,0.026127407,0.339386499,0.990114504,-0.003388501
Josh Naylor SEA,L,0.000258575,0.011054545,0.113139842,0.139683377,-0.08558236,0,9.68299202,0.026324269,0.144394087,0.141217244,0.025745103,0.335154322,0.977998804,-0.007539678
Jacob Wilson OAK,R,0.005659017,-0.001011167,0.107728831,0.13561945,0.048863097,0,9.682996092,0.025817101,0.143886297,0.13995305,0.02511137,0.33271438,0.972664201,-0.00935062
Jonathan Aranda TBA,L,-0.008724046,0.007436873,0.111780847,0.142101893,-0.09022958,0,9.683022363,0.025566059,0.143637276,0.142483625,0.02536072,0.339009135,0.991968302,-0.002744865
Drake Baldwin ATL,L,0.00105158,-0.036986734,0.112622594,0.143171086,-0.001587359,-0.020430599,9.683018543,0.025566177,0.143634006,0.144422246,0.02570648,0.343627479,1.005487836,0.001875479
Manny Machado SDN,R,-0.001431005,-0.015304978,0.111525072,0.142996815,-0.002173913,0,9.682987733,0.025348232,0.143417763,0.140321243,0.024800941,0.334110071,0.978409089,-0.007372929
Wander Franco TBA,B,0.020593368,0.007504363,0.102094241,0.131762653,0.049982548,0,9.683081581,0.02518854,0.143251747,0.142769962,0.025103826,0.340148152,0.996636796,-0.001147848
Jackson Merrill SDN,L,0.015014169,0.027126697,0.108210291,0.141923937,0.015184937,0,9.68299095,0.0247799,0.142849438,0.137297638,0.023816837,0.327531845,0.961135306,-0.013244155
Jackson Chourio MIL,R,0.025293356,0.013672859,0.110903688,0.1471274,-0.048565986,0,9.683002342,0.024498862,0.142568061,0.140105486,0.024075694,0.334547794,0.98272702,-0.005880206
Geraldo Perdomo ARI,B,0.021931024,-0.004283217,0.108407502,0.145239987,0.049998411,0,9.683009674,0.02425867,0.142328084,0.142449687,0.024279397,0.3404196,1.000854382,0.0002906
Austin Riley ATL,R,0.000863884,-0.025528232,0.103630713,0.141562478,0.013888536,0,9.682992725,0.023792112,0.141860734,0.137393447,0.023042883,0.32885638,0.968509346,-0.01069262
Elly De La Cruz CIN,B,0.038900272,0.010848783,0.103009027,0.143623728,0.048262645,0,9.683006481,0.023310346,0.141379569,0.142749258,0.023536178,0.342234766,1.009688026,0.003283766
Francisco Alvarez NYN,R,-0.00299135,-0.052730761,0.092295313,0.129169181,0.061678737,0.024989853,9.683006613,0.023223503,0.141292341,0.137641416,0.022623419,0.330088436,0.974160487,-0.008755564
Brendan Donovan SEA,L,0.0038671,-0.00863519,0.103955367,0.147489383,0.011667083,0,9.682991922,0.022907524,0.140977425,0.140739169,0.02286881,0.337879007,0.998309968,-0.000571993
Spencer Horwitz PIT,L,-0.001773673,0.009116337,0.094566598,0.136655917,-0.085214502,0,9.683001729,0.022490197,0.140558499,0.140142518,0.022423637,0.336931895,0.997040514,-0.001000105
Max Muncy LAN,L,-0.002586106,-0.026001168,0.090110917,0.133216579,0.013590193,0,9.682977362,0.021983413,0.140052397,0.143448534,0.022516489,0.345482275,1.024249043,0.008179275
Marcell Ozuna PIT,R,-0.011981839,0,0.092819697,0.13792361,-0.116664482,0,9.683033137,0.021872457,0.139941809,0.136467476,0.02132943,0.328794211,0.975173019,-0.008370789
Will Smith LAN,R,-0.004005022,0.012120653,0.092422204,0.137610977,0.077831585,-0.055719557,9.683015897,0.021827402,0.139895732,0.138501346,0.021609842,0.333748924,0.990032672,-0.003360076
Joc Pederson TEX,L,-0.001480166,-0.007294118,0.093143872,0.14,-0.11499704,0,9.683032738,0.021623331,0.139691226,0.137312887,0.021255179,0.331119812,0.982974312,-0.005735188
Gabriel Moreno ARI,R,0.001953222,0.021949891,0.091122661,0.137401247,0.074273389,0.028310458,9.683006433,0.021554584,0.139625317,0.137729901,0.021261981,0.332199328,0.986424983,-0.004571672
Cody Bellinger NYA,L,0.011323879,0.00417018,0.094549636,0.142989651,-0.03825757,0,9.683010201,0.021490825,0.139559682,0.139766718,0.021522707,0.337190479,1.001483494,0.000499479
Shea Langeliers OAK,R,0.002201382,-0.019545964,0.094346226,0.143641748,0.059636543,-0.058350306,9.683004466,0.021346504,0.139417258,0.141040881,0.0215951,0.340431957,1.011645782,0.003918957
Sal Stewart CIN,R,0.007996335,0.003912072,0.088220322,0.136438607,-0.079630422,0,9.682978046,0.021014958,0.139084342,0.139650432,0.021100492,0.337467967,1.004070119,0.001367967
Kerry Carpenter DET,L,0.002211013,-0.015002627,0.092202606,0.143852459,-0.090003153,0,9.682996053,0.020830605,0.138900772,0.135882756,0.020378001,0.3285752,0.978272145,-0.0072978
Mike Trout LAA,R,0.000646788,-0.025193244,0.092223533,0.143934356,-0.070830205,0,9.682980243,0.020823806,0.138893184,0.144449236,0.021656806,0.349297263,1.040002331,0.013435263
Christian Yelich MIL,L,0.018185596,-0.031243523,0.087922438,0.141218837,-0.104813481,0,9.683025881,0.020234844,0.138305432,0.137306009,0.020088623,0.332710269,0.9927738,-0.002421731
Wilyer Abreu BOS,L,0.006302661,0.010584487,0.085132083,0.13709123,-0.05090052,0,9.683023912,0.020182645,0.13825426,0.138446583,0.020210721,0.335534107,1.001391082,0.000466107
Trea Turner PHI,R,0.037769713,-0.01289786,0.092810161,0.14973917,0.05,0,9.683001442,0.020144612,0.138214422,0.135442225,0.019740567,0.32830043,0.97994278,-0.00671957
Kevin McGonigle DET,L,0.012529452,0,0.093554668,0.151095317,0.048269886,0,9.682991924,0.02012355,0.138192601,0.142296309,0.02072113,0.344941838,1.029695571,0.009947838
Jorge Polanco NYN,B,0.002485612,0.037434409,0.085512012,0.13909747,-0.086794556,0,9.682989665,0.019980259,0.138049693,0.135516246,0.019613587,0.328671558,0.981648302,-0.006144442
Matt Wallner MIN,L,0.004538088,-0.013740458,0.080743517,0.132576985,-0.052941653,0,9.682976377,0.019793261,0.13786251,0.133799344,0.019209902,0.324722943,0.97052741,-0.009861057
Willson Contreras BOS,R,-0.00751567,0.003821586,0.085603039,0.140854701,-0.087928775,0,9.683000618,0.019751409,0.137819433,0.138746093,0.019884212,0.336779288,1.006723726,0.002249288
Carlos Correa HOU,R,-0.006382808,0.033795014,0.084147976,0.141077652,0.019959789,0,9.68300348,0.01938604,0.137456227,0.137657998,0.019414497,0.334567388,1.001467889,0.000490388
Mark Vientos NYN,R,-0.001522793,0.027411765,0.080921435,0.136207565,-0.101324927,0,9.682978076,0.019308385,0.13737813,0.134181222,0.018859062,0.326208974,0.976729137,-0.007772026
Jordan Westburg BAL,R,0.00581467,-0.012556664,0.083131292,0.140322581,0.004166838,0,9.683006442,0.019254928,0.137325802,0.135979248,0.019066123,0.330640782,0.990194457,-0.003274218
Ian Happ CHN,B,0.003847671,-0.01892758,0.085218065,0.144190798,-0.050708096,0,9.682995407,0.019207764,0.137277945,0.138641862,0.019398602,0.337174017,1.009935442,0.003317017
Triston Casas BOS,L,-0.003216524,-0.002642276,0.079458689,0.135925926,-0.093333333,0,9.683056175,0.018999002,0.137073473,0.136339938,0.018897331,0.331814772,0.994648597,-0.001785228
Jesse Winker NA,L,-0.008045646,-0.03315482,0.079171461,0.137763713,-0.090398926,0,9.682937018,0.018678696,0.136750859,0.136668414,0.018667435,0.332999118,0.999397113,-0.000200882
Lars Nootbaar SLN,L,0.008382434,-0.012415371,0.079972553,0.141198536,-0.045670631,0,9.682975845,0.018408055,0.136477794,0.136654075,0.018431832,0.333293943,1.001291648,0.000429943
Colt Keith DET,L,0.011088388,0.009451872,0.075129983,0.134887348,-0.045774697,0,9.683016041,0.018102659,0.136172916,0.13495808,0.01794116,0.329517819,0.991078726,-0.002966181
Kyle Manzardo CLE,L,0.002721025,0.002061394,0.077704884,0.139747995,-0.101177757,0,9.683010424,0.018072104,0.136141405,0.130315161,0.017298698,0.318218797,0.957204469,-0.014227203
Gleyber Torres DET,R,-0.004776487,-0.027145371,0.080126716,0.145835973,0.016665963,0,9.682991215,0.017856799,0.13592629,0.134316614,0.017645334,0.328244258,0.988157729,-0.003933742
Josh Bell MIN,B,-0.016783769,-0.013631996,0.078631082,0.143654684,-0.091465142,0,9.683003564,0.017789818,0.135859413,0.132923631,0.017405398,0.324917792,0.978391034,-0.007176208
Brandon Nimmo TEX,L,0.006712039,0.002727486,0.080400592,0.147133084,-0.056666902,0,9.682997762,0.017759975,0.135829538,0.136036534,0.017787041,0.332564038,1.001523945,0.000506038
Jurickson Profar ATL,B,0.000809295,-0.034615385,0.079567308,0.145833333,-0.050008013,0,9.683252588,0.017729931,0.135804487,0.136136639,0.017773295,0.332829051,1.002445812,0.000812051
Adley Rutschman BAL,B,-0.001692677,-0.002715067,0.076270508,0.141640656,0.044321729,0.020000001,9.682998156,0.017500683,0.135568772,0.136609059,0.017634974,0.334280567,1.007673495,0.002545567
Munetaka Murakami CHA,L,0.004060847,0,0.075146972,0.140255732,-0.080952381,0,9.682980639,0.017413047,0.135483247,0.138510018,0.017802064,0.339036753,1.022340553,0.007408753
Matt Chapman SFN,R,0.006822992,0.005965497,0.074514352,0.139634677,0.01666715,0,9.683011903,0.017343233,0.135412185,0.132911133,0.017022905,0.325416484,0.981530084,-0.006123516
Ryan O'Hearn PIT,L,-0.000736722,-0.009399533,0.074071959,0.139053874,-0.068376166,0,9.683011243,0.017312155,0.135380515,0.137191974,0.0175438,0.335936649,1.0133805,0.004435649
Jose Altuve HOU,R,0.000768213,-0.02348444,0.077249377,0.149066002,-0.00505604,0,9.683000679,0.016842144,0.134910239,0.133228507,0.016632197,0.326791933,0.987534436,-0.004125067
Zach Neto LAA,R,0.022162366,-0.013113022,0.075290478,0.146778331,0.049999246,0,9.682996927,0.016671084,0.134740248,0.130193342,0.016108506,0.319545123,0.966254284,-0.011159877
Randy Arozarena SEA,R,0.005703396,-0.044973251,0.071210781,0.139644729,-0.051376166,0,9.68302306,0.016573655,0.134643721,0.134763685,0.016588422,0.330879541,1.000890969,0.000294541
Michael Harris II ATL,L,0.018763786,0.030765432,0.067045267,0.131753086,0.016665844,0,9.683014472,0.016538928,0.134607707,0.13722457,0.016860456,0.336966936,1.019440662,0.006425936
Giancarlo Stanton NYA,R,-0.015304464,-0.019444444,0.068934983,0.136814653,-0.115539787,0,9.683069567,0.016375663,0.134445837,0.130804378,0.015932129,0.321390812,0.972915051,-0.008947188
Luke Keaschall MIN,R,0.016946402,-0.000296736,0.070187315,0.143137982,0.011666358,0,9.683000413,0.015936119,0.134005303,0.128203709,0.015246184,0.315515019,0.956706234,-0.014277981
Taylor Ward BAL,R,-0.003207464,-0.011642883,0.070823271,0.145159166,-0.049998536,0,9.683006615,0.015857452,0.133926491,0.135035285,0.015988738,0.332423578,1.008279125,0.002729578
Masataka Yoshida BOS,L,-0.004648167,-0.027607362,0.064990089,0.136124876,-0.111330525,0,9.683122654,0.015517567,0.133588327,0.133000585,0.015449295,0.327822323,0.99560035,-0.001448677
Jac Caglianone KCA,L,0.005326012,-0.002659033,0.063965318,0.135606936,-0.058588439,0,9.682985799,0.015330451,0.133399587,0.133885514,0.015386295,0.330239579,1.003642643,0.001198579
Kazuma Okamoto TOR,R,0.001535494,0,0.060748457,0.129421296,-0.011666667,0,9.682988658,0.015254914,0.133324033,0.134849492,0.015429457,0.332709716,1.011441744,0.003763716
Addison Barger TOR,L,0.003921188,-0.006687373,0.064592837,0.138464525,-0.025676017,0,9.682985713,0.015160934,0.133231688,0.129805846,0.014771094,0.320374658,0.974286586,-0.008455342
Steven Kwan CLE,L,0.020576382,0.018017807,0.068767573,0.150687285,-0.041579194,0,9.68299523,0.014832109,0.132902772,0.130498516,0.014563791,0.322480736,0.981909665,-0.005941264
Alec Bohm PHI,R,-0.00721459,-0.022029405,0.061814092,0.139029485,0.012068772,0,9.683010272,0.014450523,0.132520727,0.128239655,0.0139837,0.317353665,0.967695077,-0.010594335
Royce Lewis MIN,R,0.005763659,-0.006664877,0.058744982,0.134011171,0.013374935,0,9.683019313,0.014247195,0.132318361,0.129015391,0.013891552,0.319515957,0.975037709,-0.008180043
Jazz Chisholm Jr. NYA,L,0.028675279,-0.006804825,0.058836569,0.135545024,0.015116955,0,9.683009834,0.014108024,0.132177725,0.12924573,0.013795077,0.320257814,0.977817784,-0.007265186
Daylen Lile WAS,L,0.015382822,-0.003660373,0.058369859,0.135400541,-0.063005689,0,9.683001446,0.01401087,0.132081384,0.128587076,0.013640202,0.318740345,0.973544282,-0.008661655
Kyle Stowers MIA,L,0.005780783,-0.00782851,0.060389953,0.141147023,-0.049235025,0,9.683023145,0.013905833,0.131975985,0.128743345,0.013565222,0.31925575,0.975505848,-0.00801625
Austin Dean NA,R,0.0016,-0.032,0.056,0.132,-0.0492,0,9.678571429,0.014,0.132,0.133396228,0.014148085,0.330589203,1.010577488,0.003460203
Luis Arraez SFN,L,0.004532609,-0.038355206,0.063245342,0.149301242,-0.008427019,0,9.682994211,0.013767547,0.131837863,0.131156641,0.013696408,0.325409834,0.994832877,-0.001690166
Jo Adell LAA,R,0.003804182,-0.015471597,0.056340303,0.134146998,-0.038371175,0,9.682971488,0.013650196,0.131718523,0.128222797,0.013287929,0.318275874,0.973460632,-0.008677126
Heliot Ramos SFN,R,0.001676812,-0.031126748,0.058209561,0.138681925,-0.054393312,0,9.683032082,0.013641799,0.131712216,0.130406367,0.013506549,0.323701553,0.99008559,-0.003241447
Agustin Ramirez MIA,R,0.005942089,-0.098458418,0.05901758,0.141344364,-0.014733195,0.016979717,9.682974341,0.013570141,0.131637736,0.127311055,0.013124116,0.316109966,0.967131909,-0.010743034
Jeremy Pena HOU,R,0.017176789,-0.012355899,0.058893617,0.142088975,0.050001547,0,9.683000761,0.013471006,0.131542283,0.129491489,0.013260988,0.321638125,0.984409623,-0.005093875
Ryan Jeffers MIN,R,-0.00275009,-0.024253468,0.053424166,0.131570455,0.035751165,-0.010169412,9.683014703,0.013196792,0.131266011,0.133525023,0.013423901,0.332007999,1.017209418,0.005616999
JJ Wetherholt SLN,L,0.015274971,0,0.061329188,0.15109794,0.018750486,0,9.682996705,0.013191648,0.131260245,0.13589778,0.01365772,0.337915422,1.035330843,0.011531422
Rob Refsnyder SEA,R,-0.001898239,-0.010005498,0.055838226,0.139769515,-0.092972385,0,9.683026711,0.012984191,0.131055389,0.128881936,0.012768858,0.320720399,0.983415762,-0.005408601
Xander Bogaerts SDN,R,0.014088353,-0.019702811,0.057325301,0.144843373,0.050000803,0,9.683006925,0.012863098,0.130934336,0.131092575,0.012878644,0.326370955,1.001208536,0.000393955
Eugenio Suarez CIN,R,-0.009200209,0.001287658,0.054241205,0.137477639,-0.083712731,0,9.683000698,0.012822844,0.130892745,0.127233787,0.012464396,0.31681511,0.972046139,-0.00911089
Oneil Cruz PIT,L,0.034032414,-0.002365438,0.05735048,0.146577997,0.014935259,0,9.682989382,0.012716389,0.130786823,0.130449878,0.012683628,0.324954659,0.997423706,-0.000839341
Jung Hoo Lee SFN,L,0.013121823,0.017926807,0.053794481,0.138035585,-0.03850581,0,9.682978504,0.012665996,0.130735905,0.129595234,0.012555485,0.322888997,0.991275,-0.002842003
Yainer Diaz HOU,R,-0.001576763,-0.010268227,0.051308324,0.132492167,0.067094589,-0.035020277,9.683001131,0.012585779,0.130656133,0.126325526,0.012168623,0.314838905,0.966854931,-0.010793095
Chase Meidroth CHA,R,0.009660349,0.01441171,0.057149559,0.14828298,0.02046444,0,9.682996665,0.012525663,0.130595098,0.127632236,0.012241488,0.318169985,0.977312613,-0.007386015
Dominic Canzone SEA,L,4.53E-05,-0.013255613,0.049620377,0.132010776,-0.097783493,0,9.683037458,0.012216391,0.130286064,0.130875492,0.01227166,0.326644117,1.004524106,0.001471117
Nathan Lukes TOR,L,0.004259504,-0.003140496,0.050727273,0.135785124,-0.042066116,0,9.683012612,0.012141394,0.130212392,0.128932067,0.012022012,0.321882632,0.990167412,-0.003196368
Luis Garcia Jr. WAS,L,0.005403097,0.013930245,0.052060066,0.140525575,-0.031689348,0,9.682995533,0.012040335,0.13011029,0.126952093,0.011748078,0.317066318,0.975726774,-0.007887682
Jesus Sanchez TOR,L,0.005672946,-0.006406947,0.048819791,0.13623468,-0.0522197,0,9.682999646,0.011646259,0.129714199,0.128923548,0.011575271,0.32248529,0.993904667,-0.00197771
Maikel Garcia KCA,R,0.023712484,0.023039002,0.051486153,0.146085254,0.017368421,0,9.682989061,0.011454576,0.129524453,0.128664912,0.011378562,0.322075389,0.993363875,-0.002151611
Jake Burger TEX,R,0.001756336,0.013934638,0.047604614,0.13686116,-0.084119727,0,9.683003648,0.011304951,0.129373104,0.1250783,0.01092966,0.31328283,0.966802956,-0.01075717
Nico Hoerner CHN,R,0.024052274,0.027730557,0.046160929,0.134700382,0.017367899,0,9.683009421,0.01113769,0.129207117,0.130598524,0.01125763,0.327320295,1.010768807,0.003487295
Brandon Lowe PIT,L,0.003978851,-0.028872109,0.049609195,0.14617931,0.013247816,0,9.68301875,0.011029467,0.129098939,0.12999327,0.011105873,0.325940412,1.006927482,0.002242412
Willy Adames SFN,R,0.006351619,-0.00490598,0.047935812,0.14254913,0.050000707,0,9.683001396,0.01092902,0.128998218,0.125681903,0.010648055,0.315254515,0.974291783,-0.008318485
Spencer Torkelson DET,R,0.001083963,-0.003650321,0.045483489,0.13708722,-0.085162891,0,9.68302359,0.010783256,0.128851397,0.129214777,0.010813666,0.324304014,1.00282015,0.000912014
Brett Baty NYN,L,0.00292564,0.005404561,0.043278168,0.131659488,-0.053765586,0,9.683030794,0.010683228,0.128752765,0.123745819,0.010267778,0.310698654,0.961111931,-0.012571346
Evan Carter TEX,L,0.017616157,-0.002516279,0.043725858,0.133594526,-0.000980024,0,9.682990705,0.010637268,0.128707718,0.126028026,0.0104158,0.316482734,0.979180024,-0.006729266
Caleb Durbin BOS,R,0.017908669,-0.007413809,0.042763577,0.131683799,0.01666606,0,9.682983287,0.01055411,0.12862499,0.124257333,0.010195729,0.312137342,0.966043478,-0.010971658
Bryan Reynolds PIT,B,0.004846883,-0.020882193,0.046089447,0.144554601,-0.053621943,0,9.683003477,0.010362192,0.128431077,0.128668416,0.010381341,0.323465658,1.001847988,0.000596658
Lawrence Butler OAK,L,0.019917103,-0.0008726,0.043403141,0.136160558,-0.02936562,0,9.68297847,0.010360075,0.128430352,0.126074393,0.010170027,0.316944246,0.981655747,-0.005922754
Teoscar Hernandez LAN,R,-0.000701913,-0.032768489,0.042641964,0.134199428,-0.050000753,0,9.682979916,0.010327108,0.128397574,0.126328497,0.01016069,0.317624767,0.983885384,-0.005202233
Miguel Andujar SDN,R,-0.00380409,0.002915292,0.041330765,0.130527564,-0.098719621,0,9.683010524,0.010290775,0.128363494,0.127897315,0.010253402,0.321610744,0.996368285,-0.001172256
Jarren Duran BOS,L,0.035691241,-0.003141581,0.045885287,0.146025561,-0.070154302,0,9.68298,0.010212849,0.128281572,0.12531696,0.009976828,0.315226711,0.976889809,-0.007457289
Jeff McNeil OAK,L,-0.004570227,-0.011560345,0.042127839,0.134079058,0.010240538,0,9.682981269,0.010211994,0.128280909,0.127883293,0.010180341,0.321682819,0.996900422,-0.001000181
Trent Grisham NYA,L,0.005330376,-0.013196149,0.045884463,0.146554654,0.016666981,0,9.68302193,0.010175338,0.128243591,0.128765491,0.010216748,0.323950005,1.004069605,0.001313005
Pete Crow-Armstrong CHN,L,0.027624066,0.071975104,0.041950207,0.134854772,0.01666722,0,9.683010159,0.010110348,0.128178415,0.125422527,0.009892972,0.315620915,0.978499594,-0.006935085
CJ Abrams WAS,L,0.034483402,-0.032204617,0.046684288,0.150081629,0.042591153,0,9.682992985,0.010109564,0.128178498,0.130443542,0.01028821,0.328255891,1.017671012,0.005699891
Miguel Vargas CHA,R,0.006106362,-0.02261126,0.042202826,0.13776658,0.008914784,0,9.682983764,0.009955808,0.128026602,0.130248558,0.010128596,0.327960798,1.017355422,0.005594798
Jasson Dominguez NYA,B,0.019278476,-0.013781921,0.040818808,0.133522497,-0.044872315,0,9.683010528,0.009936789,0.128003997,0.128075759,0.00994236,0.32251871,1.000560623,0.00018071
Dylan Beavers BAL,L,0.009912834,-0.001501944,0.040901167,0.13618077,-0.047657235,0,9.682992236,0.009761153,0.1278295,0.125660635,0.009595537,0.316657585,0.983033143,-0.005465415
Trevor Larnach MIN,L,-0.000497262,-0.017037671,0.042157722,0.141292442,-0.074044907,0,9.683049726,0.009696925,0.127765613,0.12721407,0.009655065,0.320652794,0.995683167,-0.001390206
Lourdes Gurriel Jr. ARI,R,-0.001150651,-0.017388949,0.040154917,0.138616974,-0.075249214,0,9.683022335,0.009414494,0.127483881,0.124716304,0.009210113,0.314709292,0.978290768,-0.006983708
TJ Friedl CIN,L,0.017394973,-0.006454219,0.041472172,0.149443447,-0.002808797,0,9.683010607,0.009019161,0.127088171,0.124406922,0.008828878,0.314425424,0.978902448,-0.006776576
Tyler O'Neill BAL,R,0.001821242,-0.01499561,0.038119559,0.138630296,-0.071470691,0,9.683004207,0.008937075,0.127007694,0.126870712,0.008927436,0.320753684,0.99892147,-0.000346316
Tyler Austin CHN,R,-0.00382716,0,0.036151369,0.131776704,-0.105072464,0,9.683015094,0.008916479,0.126982047,0.126531909,0.008884871,0.319933834,0.996455107,-0.001138166
Sal Frelick MIL,L,0.016325435,0.008931877,0.037550907,0.137467605,-0.041781748,0,9.682995679,0.008877702,0.126946546,0.12699835,0.008881325,0.321157002,1.000408073,0.000131002
Matt Shaw CHN,R,0.016491809,-0.005359179,0.033443709,0.124799582,-0.058333914,0,9.683005727,0.00870989,0.126776786,0.125874564,0.008647905,0.318531883,0.992883385,-0.002283117
Jahmai Jones DET,R,0.009102167,-0.008562691,0.037289302,0.140763674,-0.109253526,0,9.683089697,0.008610471,0.126678769,0.125770028,0.008548703,0.318389503,0.992826415,-0.002300497
Ozzie Albies ATL,B,0.012047872,-0.026709726,0.035729483,0.135569909,0.016667173,0,9.683019435,0.008565296,0.12663413,0.128572818,0.008696425,0.325545748,1.015309362,0.004908748
Jackson Holliday BAL,L,0.011028761,-0.012389381,0.03675885,0.141338496,0.017709071,0,9.682979273,0.008452585,0.126521697,0.123346601,0.008240466,0.312455992,0.974904733,-0.008043008
Carter Jensen KCA,L,0.006520782,0.008322375,0.033549139,0.129509258,0.021254694,0.004339587,9.682980714,0.008419276,0.126487348,0.125068229,0.008324816,0.316859671,0.98878055,-0.003595329
Moises Ballesteros CHN,L,0.002844237,0.000493583,0.032667929,0.126504444,-0.09672155,0.000612903,9.682984772,0.008393219,0.126463572,0.130577964,0.008666286,0.330850806,1.032534208,0.010424806
Brice Turang MIL,L,0.024945491,-0.002858999,0.03696484,0.14383799,0.017741679,0,9.682986065,0.00835233,0.126421974,0.129396109,0.008548822,0.327910946,1.023525461,0.007536946
Jose Fermin SLN,R,0.011968811,-0.013425926,0.033601365,0.13252924,-0.006944444,0,9.683026142,0.008240599,0.126310038,0.126009316,0.00822098,0.319474573,0.997619179,-0.000762427
Brandon Marsh PHI,L,0.016262184,0.000666401,0.033767655,0.133230555,-0.034978118,0,9.682973519,0.008237627,0.126306234,0.127917514,0.008342714,0.324316166,1.012756935,0.004085166
Luis Campusano SDN,R,-0.000968032,-0.027416441,0.032112069,0.127927443,0.036722342,-0.070589623,9.682962173,0.008157984,0.126225176,0.128012461,0.008273496,0.324663893,1.014159494,0.004532893
Jorge Soler LAA,R,-0.010649252,-0.02401363,0.033569941,0.133834942,-0.08148022,0,9.683067163,0.008152162,0.126221767,0.125847422,0.008127985,0.319175584,0.997034234,-0.000949416
JJ Bleday CIN,L,0.002388357,0.01357134,0.033287722,0.133101132,-0.047223535,0,9.683018038,0.0081285,0.126198305,0.128521025,0.008278108,0.325988488,1.018405321,0.005891488
Ramon Laureano SDN,R,0.001973279,-0.008220907,0.033168271,0.133897038,-0.050001869,0,9.68297419,0.008050884,0.126122207,0.12364466,0.007892733,0.313713915,0.980355984,-0.006286085
Xavier Edwards MIA,B,0.028678569,0.010524171,0.036341404,0.147705225,0.016665851,0,9.682995324,0.007996267,0.126065871,0.129357392,0.008205046,0.328284248,1.02610953,0.008353248
Andy Pages LAN,R,0.00839057,0.001492781,0.031217881,0.128770699,0.013565544,0,9.682997339,0.007879098,0.125950274,0.126929837,0.007940377,0.322274104,1.007777377,0.002487104
Andrew Vaughn MIL,R,-0.009907102,-0.006545055,0.03211722,0.13576556,-0.083333333,0,9.682974173,0.007688612,0.125757226,0.124107165,0.00758773,0.315356195,0.986878992,-0.004192805
Kyle Teel CHA,L,0.004466601,-0.030914556,0.034237768,0.145069195,0.035677237,0.005569385,9.683019039,0.007670678,0.125738571,0.12493366,0.007621574,0.317480564,0.99359853,-0.002045436
Anthony Santander TOR,B,-0.003452929,-0.015806716,0.03308801,0.140785035,-0.095847899,0,9.682972483,0.007639145,0.125702527,0.124488321,0.007565356,0.316397989,0.99034064,-0.003086011
Chase DeLauter CLE,L,0.00518612,0,0.029760569,0.133034044,-0.002525253,0,9.683025523,0.007270497,0.125339534,0.137293906,0.007963928,0.349456682,1.095375913,0.030427682
Romy Gonzalez BOS,R,0.006195186,-0.00944206,0.030136219,0.136387386,-0.006863221,0,9.683016293,0.007181713,0.125255304,0.123392153,0.007074886,0.31417809,0.985125172,-0.00474391
Paul Goldschmidt NYA,R,-0.005385645,-0.008908451,0.030948905,0.140693431,-0.093639903,0,9.683086,0.007149089,0.125218649,0.125228587,0.007149656,0.318903308,1.000079366,2.53E-05
J.P. Crawford SEA,L,0.002392953,-0.049237419,0.029508197,0.134173395,0.049998369,0,9.682988219,0.007147708,0.125217261,0.126777807,0.007236788,0.32285107,1.012462705,0.00397407
Johnathan Rodriguez CLE,R,0.003237481,-0.007042649,0.02902826,0.132697075,-0.057697075,0,9.683097847,0.007109698,0.125181682,0.122251728,0.006943291,0.311368565,0.976594387,-0.007462435
Pavin Smith ARI,L,-0.003695677,0.004456999,0.029841233,0.136852474,-0.096155986,0,9.682997338,0.007087064,0.125156171,0.124480309,0.007048793,0.317079429,0.994599857,-0.001721571
Edgar Quero CHA,B,-0.000625067,-0.020370861,0.027232,0.126442667,-0.0361216,-0.11761905,9.683072184,0.00699982,0.125070037,0.119672605,0.006697741,0.304941628,0.95684472,-0.013753372
Nathaniel Lowe CIN,L,-0.007380651,0.003980229,0.029636671,0.138128433,-0.089575412,0,9.683131905,0.00697342,0.1250444,0.127304712,0.007099472,0.32442114,1.018076075,0.00576014
Isaac Collins KCA,B,0.011971132,-0.003585927,0.027289129,0.129003157,-0.050002255,0,9.683021575,0.006875376,0.124944326,0.123537139,0.006797942,0.314951451,0.988737489,-0.003587549
Davis Schneider TOR,R,0.004226958,-0.010878726,0.028288313,0.135441835,-0.02391204,0,9.68298955,0.006788341,0.124857922,0.124024212,0.006743014,0.316306736,0.993322727,-0.002126264
Justyn-Henry Malloy TBA,R,0.004910293,-0.006793119,0.028863708,0.139691533,-0.069049418,0,9.68288015,0.00671613,0.12478672,0.121632887,0.006546388,0.310298242,0.974726214,-0.008045758
Rhys Hoskins CLE,R,-0.008096828,-0.012381853,0.02803482,0.135940854,-0.087223945,0,9.682930245,0.006702782,0.12477268,0.124396685,0.006682584,0.317365745,0.996986555,-0.000959255
Luke Voit NA,R,-0.0076,-0.016,0.028,0.132,-0.0824,0,9.712230216,0.007,0.125,0.121337636,0.006794908,0.308902325,0.97070109,-0.009323675
Daniel Vogelbach NA,L,-0.011924686,0,0.026778243,0.133472803,-0.116694561,0,9.679897567,0.006517236,0.124540314,0.125739543,0.006579992,0.321120659,1.009629247,0.003062659
Jared Young NYN,L,0.003691814,-0.013001605,0.025521669,0.131300161,-0.049983949,0,9.682868989,0.0063209,0.124390535,0.125986312,0.006401989,0.321948891,1.012828761,0.004077891
Victor Caratini MIN,B,-0.012232946,-0.02352183,0.026281466,0.134772401,-0.001025173,-4.90E-05,9.683004852,0.00633763,0.124406266,0.121192261,0.006173899,0.309658882,0.974165249,-0.008212118
Christopher Morel MIA,R,0.011048057,0.041384241,0.025530858,0.132832485,-0.086473364,0,9.682998769,0.006246758,0.124315345,0.123514121,0.006206497,0.315709027,0.993554908,-0.002047973
Jonathon Long CHN,R,0.004314642,0,0.025077882,0.131775701,-0.083333333,0,9.682232126,0.006185741,0.124252708,0.122169527,0.006082033,0.312354862,0.98323432,-0.005326138
Will Wagner SDN,L,0.002882883,-0.026331658,0.023543544,0.131051051,-0.036666667,0,9.682864358,0.005839913,0.123919369,0.122966958,0.005795029,0.31482361,0.99231427,-0.00243839
Mike Yastrzemski ATL,L,0.006178052,-0.007612457,0.024020157,0.137961926,-0.05000112,0,9.68302715,0.005658739,0.123729839,0.121055867,0.005536446,0.310177566,0.978388621,-0.006851434
Masyn Winn SLN,R,0.016291944,0.02979894,0.02365847,0.138812661,0.050000679,0,9.682995945,0.005539101,0.123609578,0.121751231,0.005455826,0.312116024,0.984965993,-0.004763976
Otto Lopez MIA,R,0.012024655,-0.014776132,0.022720657,0.135031247,0.050000856,0,9.683017614,0.005468587,0.123539796,0.125202418,0.005542185,0.321056459,1.013458186,0.004263459
Jake Fraley TBA,L,0.009366622,-0.014436666,0.021276596,0.132160866,-0.05459968,0,9.683058385,0.005232039,0.123300716,0.120987894,0.005133899,0.310560287,0.981242435,-0.005936713
Alan Roden MIN,L,0.007562483,-0.004498677,0.020585864,0.130341306,-0.055802204,0,9.682954822,0.005132729,0.123205601,0.12270407,0.005111835,0.315089129,0.995929315,-0.001287871
Sam Basallo BAL,L,0.004256918,0.005382967,0.019906966,0.126383588,-0.032993798,-0.02515896,9.683036609,0.00511911,0.123189884,0.123267129,0.005122319,0.316557369,1.000627038,0.000198369
Randal Grichuk NYA,R,0.000101466,-0.013500597,0.021307779,0.136414882,-0.053705374,0,9.683020032,0.005076297,0.123147196,0.119081746,0.004908713,0.305862844,0.966987066,-0.010442156
Jonathan India KCA,R,0.002911404,-0.02485179,0.021625767,0.138866835,-0.015258932,0,9.68303255,0.005061418,0.123131621,0.121887384,0.005010273,0.313090942,0.98989507,-0.003196058
Christian Walker HOU,R,-0.005684543,0.020083648,0.021232988,0.137629618,-0.083724076,0,9.683041939,0.005013971,0.123084275,0.126653983,0.005159387,0.325399289,1.029002141,0.009171289
Salvador Perez KCA,R,-0.020866514,0.020091185,0.020999237,0.139687262,0.004066362,-0.069360372,9.683006571,0.004885705,0.122953657,0.119157054,0.004734843,0.306307381,0.969121677,-0.009759619
Tyler Freeman COL,R,0.013541129,-0.00199649,0.020808255,0.140627687,-0.053402121,0,9.682946526,0.004809012,0.122878198,0.121461776,0.004753578,0.312329777,0.988472956,-0.003642223
Khalil Lee NA,L,0.0072,-0.064,0.02,0.132,0.0164,0,9.6875,0.005,0.123,0.123346919,0.005014102,0.316846144,1.002820478,0.000891144
Hunter Goodman COL,R,0.001752089,-0.040472542,0.020659239,0.141402043,0.028818942,0.004679438,9.683022868,0.004748485,0.122818223,0.120388031,0.004654527,0.309647356,0.980213094,-0.006250644
Garrett Mitchell MIL,L,0.015783676,-0.017088132,0.017601402,0.127391087,0.009649474,0,9.682993538,0.004490461,0.122561482,0.121158614,0.004439062,0.311965819,0.988553762,-0.003612181
Bryson Stott PHI,L,0.022746058,0.00926833,0.01767182,0.131279657,0.017415429,0,9.682992979,0.004375076,0.12244529,0.121287914,0.004333722,0.312452459,0.990547813,-0.002981541
Ryan Waldschmidt ARI,R,0.010583508,0,0.017365479,0.131795947,-0.046086653,0,9.682979017,0.004282468,0.122347608,0.120081818,0.00420316,0.309478538,0.981480721,-0.005839462
Owen Caissie MIA,L,0.008403023,0,0.015725954,0.122699013,-0.055554066,0,9.683017789,0.004165339,0.122234948,0.117323301,0.003997968,0.302509673,0.959817983,-0.012664327
Cole Young SEA,L,0.008150063,-0.006708701,0.015498108,0.122849937,0.017857503,0,9.682976256,0.004100197,0.122168532,0.122846142,0.004122939,0.316838658,1.005546518,0.001747658
Andrew Benintendi CHA,L,0.000601689,-0.048711868,0.016864383,0.136129828,-0.058001329,0,9.683032306,0.004026246,0.12209699,0.119281412,0.0039334,0.307737023,0.976939829,-0.007263977
Jake Cronenworth SDN,L,0.006268121,-0.019990844,0.016664123,0.13521288,0.010740882,0,9.682976577,0.004005399,0.122074792,0.12095824,0.003968763,0.312094094,0.990853541,-0.002880906
Marcus Semien NYN,R,0.009217144,0.022988431,0.017053462,0.140409852,0.015217532,0,9.683002514,0.003947282,0.122017101,0.118812866,0.003843624,0.306632502,0.973739455,-0.008269498
LaMonte Wade Jr. CHA,L,-0.004265873,-0.008531746,0.016666667,0.137301587,-0.083353175,0,9.684280492,0.003945392,0.12202534,0.120064973,0.003882008,0.309829247,0.983934755,-0.005058753
Spencer Steer CIN,R,0.006475072,-0.001759565,0.015801401,0.137268232,-0.069392254,0,9.683047288,0.00374118,0.121812715,0.12224052,0.003754319,0.31575304,1.003511988,0.00110504
Luis Matos SFN,R,0.008103323,0.010235266,0.015110357,0.132306573,-0.042590347,0,9.683084916,0.003711603,0.121785843,0.119025014,0.003627462,0.307479891,0.977330461,-0.007132109
Alex Call LAN,R,0.004636441,-0.020188195,0.015255204,0.135329341,-0.02,0,9.682932098,0.00366372,0.121738211,0.121749735,0.003664066,0.314582776,1.000094661,2.98E-05
Alejandro Osuna TEX,L,0.011635977,0.000779037,0.014376771,0.132294618,-0.05,0,9.683158358,0.00353244,0.121599446,0.119811056,0.003480487,0.309755356,0.985292771,-0.004623644
C.J. Kayfus CLE,L,0.008072515,0.000815543,0.014023755,0.129922901,-0.067543238,0,9.683073639,0.003508035,0.121577113,0.120704942,0.003482869,0.312103849,0.992826192,-0.002255151
Luke Raley SEA,L,0.006038163,-0.009923011,0.013526502,0.133427562,-0.068842403,0,9.683034525,0.003294967,0.121362883,0.121911825,0.00330987,0.315512683,1.004523143,0.001420683
Daulton Varsho TOR,L,0.011862069,-0.026794381,0.014397616,0.143482333,0.016666667,0,9.683012528,0.003261197,0.121329647,0.119686887,0.003217042,0.309797877,0.986460363,-0.004252123
Michael Stefanic OAK,R,0.002906574,-0.017474048,0.012629758,0.130276817,0.016678201,0,9.683456226,0.003148958,0.121213319,0.119317891,0.003099717,0.309022022,0.984362876,-0.004908978
Gavin Sheets SDN,L,-0.003928014,0.005931418,0.012119006,0.133048996,-0.089527723,0,9.683016102,0.002960456,0.121030554,0.120386574,0.002944704,0.312006992,0.994679198,-0.001669008
Mike Tauchman NYN,L,-0.004337937,-0.004502814,0.012956946,0.142729488,-0.058883022,0,9.682934454,0.00295018,0.121022105,0.121100177,0.002952083,0.313869348,1.000645105,0.000202348
Danny Jansen TEX,R,-0.001154281,-0.02585188,0.011190746,0.125524959,0.083337105,-0.056260379,9.682997657,0.00289752,0.120966597,0.118558155,0.002839831,0.307354271,0.980090023,-0.006243729
Carlos Cortes OAK,L,0.002064579,-0.006621005,0.011448141,0.131539465,-0.049993477,0,9.682890704,0.002828872,0.120900034,0.125707745,0.002941365,0.325981199,1.039766004,0.012467199
Coby Mayo BAL,R,0.007514372,-0.053736655,0.010484533,0.124199288,0.011905283,0,9.683076375,0.002743716,0.120816631,0.119568828,0.002715379,0.310171101,0.989671932,-0.003236899
Brooks Baldwin CHA,B,0.010168923,-0.013017831,0.010457166,0.126612146,-0.005555705,0,9.682988163,0.002684408,0.120753598,0.119767155,0.002662478,0.310773364,0.99183094,-0.002559636
Kristian Campbell BOS,R,0.007084421,0.018377823,0.010530896,0.13202785,-0.03718886,0,9.683067462,0.002592731,0.120669124,0.117677907,0.002528461,0.305459619,0.975211411,-0.007764381
Sean Murphy ATL,R,-0.003684721,0.000947226,0.010481037,0.131818733,0.008785896,0.021679537,9.683016903,0.002584076,0.120653924,0.118978416,0.002548191,0.308859501,0.98611311,-0.004349499
Victor Reyes NA,B,0.0052,-0.024,0.012,0.132,-0.0492,0,9.693877551,0.003,0.121,0.121673393,0.003016696,0.314924931,1.005565234,0.001742931
Starling Marte KCA,R,0.006513443,-0.018710359,0.010689506,0.13716392,-0.089308326,0,9.68314347,0.002532764,0.120601711,0.119100563,0.002501239,0.309247237,0.987552849,-0.003897763
Austin Martin MIN,R,0.015809815,-0.005463645,0.010301682,0.134227721,-0.02866815,0,9.682997007,0.002494335,0.120566252,0.122137626,0.002526844,0.317179707,1.01303328,0.004080707
Austin Wells NYA,L,0.00425811,-0.002165074,0.009631558,0.125700841,0.080352423,0.085510161,9.682990561,0.002490379,0.120558175,0.11968784,0.002472401,0.310831721,0.992780783,-0.002260279
Adolis Garcia PHI,R,0.007771671,-0.012648847,0.010175702,0.13531518,-0.05,0,9.683039351,0.002443999,0.120513928,0.118635027,0.002405895,0.308155538,0.984409263,-0.004880462
Yonathan Perlaza NA,B,0.0064,0,0.008,0.132,-0.0492,0,9.6812749,0.002,0.12,0.121957999,0.002032633,0.318071542,1.016316655,0.005106542
Carson Kelly CHN,R,-0.007692308,0.023232323,0.008757587,0.126049796,0.07225319,-0.023049804,9.683010011,0.002258123,0.120325683,0.122910061,0.002306623,0.319522465,1.021478194,0.006718465
Ernie Clement TOR,R,0.009399026,-0.01278328,0.008712439,0.127060601,0.017391304,0,9.682999421,0.002228536,0.120298007,0.11958521,0.002215331,0.31091477,0.994074745,-0.00185323
Guillermo Heredia NA,R,0.0004,-0.004,0.008,0.132,-0.0492,0,9.688888889,0.002,0.12,0.118260747,0.001971012,0.308133305,0.985506229,-0.004531695
Gabriel Gonzalez MIN,R,0.006173986,0,0.008530405,0.131841216,-0.050016892,0,9.683131653,0.002103272,0.120178061,0.115972554,0.00202967,0.301667641,0.965006033,-0.010939359
Josh Jung TEX,R,-0.001561586,-0.003252924,0.008424708,0.131414474,0.01666758,0,9.682992248,0.002083539,0.120153771,0.122968286,0.002132345,0.319911171,1.023424276,0.007322171
Noelvi Marte CIN,R,0.011855728,0.0005752,0.008250825,0.128590288,-0.05,0,9.682961654,0.002085385,0.120153908,0.117024614,0.002031073,0.304447918,0.973955955,-0.008141082
Ha-seong Kim ATL,R,0.015170053,-0.030362555,0.008396004,0.131698283,0.049997755,0,9.6830083,0.002072056,0.120143247,0.120989387,0.002086649,0.314776392,1.007042764,0.002201392
Dylan Crews WAS,R,0.016758074,-0.007838441,0.008623111,0.13821756,-0.026470637,0,9.683028858,0.002027675,0.120097031,0.115204715,0.001945075,0.299788112,0.959263635,-0.012730888
Nolan Arenado ARI,R,-0.004038172,0.005530176,0.008426388,0.135186505,0.015134236,0,9.68301122,0.002025759,0.120094773,0.118460484,0.001998192,0.308262194,0.986391674,-0.004252806
Nathan Furman SFN,L,0.008785714,0,0.007857143,0.132142857,0.016642857,0,9.682274247,0.001936947,0.119914612,0.120286875,0.00194296,0.313321665,1.003104398,0.000969665
George Valera CLE,L,0.004721567,0,0.00854449,0.146876841,-0.07563789,0,9.682984241,0.001890765,0.119962525,0.118293235,0.001864455,0.308003621,0.986084908,-0.004346379
Liam Hicks MIA,L,0.001735626,-0.013499895,0.007272076,0.132885545,-0.023666488,0.007939815,9.682928534,0.00177858,0.119848277,0.125287905,0.001859306,0.326381514,1.045387619,0.014170514
Enmanuel Valdez PIT,L,0.003127678,-0.026563839,0.006769494,0.133419023,0.016675236,0,9.682855905,0.001648768,0.119733967,0.118206919,0.00162774,0.308077128,0.98724633,-0.003979872
Bryan Torres SLN,L,0.009937151,0,0.006703911,0.131773743,-0.016668994,0,9.68281672,0.001653288,0.119725589,0.121418038,0.001676659,0.31646826,1.014136071,0.00441126
Jake Bauers MIL,L,0.005572351,-0.00636686,0.006354564,0.132682712,-0.069260346,0,9.68290923,0.001556537,0.119623303,0.121965873,0.001587019,0.31803951,1.019582889,0.00610851
Andres Chaparro WAS,R,0.001419472,0.001997897,0.006569609,0.138798908,-0.085130118,0,9.68307782,0.001538343,0.119607262,0.118664909,0.001526223,0.309453539,0.992121275,-0.002457461
Ty France SDN,R,-0.007571178,-0.001026694,0.006115993,0.134903339,-0.088094903,0,9.683171644,0.001473361,0.119536971,0.121310401,0.001495219,0.316451181,1.014835825,0.004626181
Josh Lowe LAA,L,0.023444796,-0.022238774,0.005965572,0.135338346,-0.048123269,0,9.683006927,0.001432582,0.119502995,0.116148148,0.001392365,0.303026325,0.971926669,-0.008752675
Gavin Lux TBA,L,0.008017241,-0.017037205,0.006318058,0.143443739,0.017180127,0,9.682992591,0.001431471,0.119500814,0.117531972,0.001407886,0.306641284,0.983524444,-0.005136716
Rowdy Tellez NA,L,-0.008994189,-0.007071784,0.005654895,0.134309343,-0.095681717,0,9.682807153,0.00136834,0.119435009,0.116508758,0.001334815,0.304060182,0.975499225,-0.007636818
LuJames Groover ARI,R,0.005528455,0,0.005691057,0.131707317,0.016666667,0,9.684262935,0.001402493,0.119412264,0.118895371,0.001396422,0.310313924,0.995671363,-0.001349076
Nick Gonzales PIT,R,0.005685794,-0.016689993,0.004128761,0.13306508,0.031112666,0,9.683025909,0.001008416,0.119078531,0.117883987,0.0009983,0.308131636,0.989968437,-0.003122364
Yoan Moncada LAA,B,-0.000347358,-0.022875033,0.004317515,0.139640411,0.005737524,0,9.683036486,0.001004909,0.119074611,0.116381066,0.000982177,0.304207369,0.977379353,-0.007040631
Jakob Marsee MIA,L,0.034235716,-0.001758684,0.003893604,0.14907691,0.012602152,0,9.683009545,0.000848829,0.118918028,0.115512771,0.000824522,0.302146865,0.971364667,-0.008907135
Josh Smith TEX,L,0.008342164,-0.010259127,0.00313072,0.133937,0.013380214,0,9.682989955,0.000759682,0.118830658,0.118762886,0.000759249,0.31076666,0.999429672,-0.00017734
Konnor Griffin PIT,R,0.01584772,0,0.002988048,0.131772908,0.05,0,9.683019423,0.000736979,0.118809135,0.11840671,0.000734482,0.309863876,0.996612845,-0.001053124
Bryce Eldridge SFN,L,0.003957771,0.003322884,0.002697947,0.126158358,-0.110417595,0,9.683197823,0.000695043,0.118764672,0.117414548,0.000687141,0.307330081,0.988631945,-0.003533919
Jake Meyers HOU,R,0.01381834,0.003499418,0.001958123,0.126046917,0.016666344,0,9.682985628,0.000504902,0.118574588,0.11749316,0.000500298,0.307793018,0.990879765,-0.002832982
Max Kepler NA,L,-0.001136208,-0.006057495,0.001882272,0.133333333,-0.05,0,9.683146408,0.000458812,0.11853202,0.11778352,0.000455915,0.30861181,0.993685253,-0.00196119
Bo Naylor CLE,L,0.005666023,-0.01707529,0.001457529,0.126901544,0.083333977,0.004970078,9.683020734,0.000373276,0.118444562,0.115604562,0.000364325,0.303020837,0.976022537,-0.007444163
Colton Cowser BAL,L,0.012165486,-0.027422661,0.001490868,0.133414089,0.016666977,0,9.683019618,0.000363178,0.118432236,0.115496705,0.000354176,0.30275598,0.975213415,-0.00769502
Dansby Swanson CHN,R,0.017106013,0.016113635,0.001000847,0.131226422,0.04999846,0,9.683013983,0.000247873,0.118317239,0.119526411,0.000250406,0.313478257,1.01021974,0.003171257
Nolan Gorman SLN,L,-0.001030281,0.006330186,0.000757016,0.13323486,-0.037281204,0,9.683017268,0.000184659,0.118253797,0.117633947,0.000183691,0.308601882,0.994758313,-0.001626118
Ryan Mountcastle BAL,R,0.001587457,0.011971197,0.000759432,0.138363547,-0.098473787,0,9.68277123,0.000178397,0.118242974,0.117896709,0.000177875,0.30930955,0.997071575,-0.00090845
Yohel Pozo SLN,R,-2.39E-06,-0.014374838,0.000429902,0.12894674,0.007181753,0.015918804,9.68295348,0.000108359,0.118177517,0.116499121,0.00010682,0.305730362,0.985797675,-0.004404638
Ronny Mauricio NYN,B,0.010445969,-0.022826087,-0.00025729,0.129931389,-0.023682104,0,9.683107777,-6.44E-05,0.118005097,0.115405488,-6.29E-05,0.303090621,0.97797037,-0.006827379
Michael Brantley NA,L,-0.008,-0.032,0,0.132,-0.0492,0,9.63963964,0,0.118,0.118758459,0,0.311839586,1.006427623,0.001991586
Cam Smith HOU,R,0.009791144,-0.002533668,-0.000924446,0.131568135,-0.044031043,0,9.682960012,-0.000228352,0.117841116,0.118474801,-0.00022958,0.311380478,1.005377453,0.001665478
Tyler Nevin NA,R,-0.000636833,0.024784854,-0.001376936,0.135628227,-0.083356282,0,9.682433503,-0.000329834,0.117750666,0.119108286,-0.000333637,0.313153385,1.011529617,0.003569385
Gary Sanchez MIL,R,-0.006782343,-0.031881406,-0.001610217,0.13373126,0.035274847,-0.041638687,9.683081084,-0.00039134,0.11767859,0.119632637,-0.000397838,0.314651429,1.016604943,0.005139429
Dalton Rushing LAN,L,0.003587032,0.01018625,-0.001563578,0.128696252,0.062828236,-0.02902887,9.682953917,-0.000394858,0.117673519,0.122338657,-0.000410512,0.321779409,1.039644757,0.012270409
Jordan Walker SLN,R,0.008021182,-0.011726476,-0.001647506,0.129763737,-0.052598896,0,9.682955395,-0.000412648,0.117656798,0.122503141,-0.000429645,0.322235966,1.041190502,0.012747966
John Morgan TBA,L,0.008062249,0,-0.001706827,0.131827309,-0.083363454,0,9.682568003,-0.000420819,0.11765591,0.116179472,-0.000415538,0.305593442,0.987451223,-0.003883558
Edouard Julien COL,L,0.002369123,-0.011121396,-0.002375182,0.126951042,-0.002777508,0,9.683008958,-0.000608083,0.117462421,0.117956564,-0.000610641,0.310544933,1.004206817,0.001300933
Justin Crawford PHI,L,0.022063233,0,-0.002444589,0.122196871,0.015685571,0,9.682987134,-0.00065017,0.117420729,0.117419004,-0.000650161,0.309188458,0.99998531,-4.54E-06
Harry Ford WAS,R,0.009043681,0.000739247,-0.003095844,0.133927057,0.009720102,-0.003439597,9.683035825,-0.000751271,0.117316568,0.112495761,-0.000720399,0.296364811,0.958907709,-0.012700189
Mickey Moniak COL,L,0.007257734,0.006530038,-0.003406274,0.138191226,-0.07898243,0,9.68293789,-0.000801136,0.11726761,0.118760313,-0.000811334,0.312937321,1.012729029,0.003933321
Jhonkensy Noel BAL,R,0.003198925,-0.001203209,-0.003293011,0.132728495,-0.083353495,0,9.68315508,-0.000806314,0.117261161,0.1118354,-0.000769006,0.294702341,0.953729259,-0.014297659
Mickey Gasper BOS,B,0.003131148,-0.013442623,-0.003442623,0.130983607,0.083377049,-0.041065573,9.682618608,-0.00085402,0.117204105,0.116785721,-0.000850972,0.30781625,0.996430294,-0.00110275
Tyler Locklear ARI,R,0.008165215,0.003657999,-0.003568418,0.131638101,-0.09544254,0,9.683280696,-0.000881097,0.117185904,0.11613621,-0.000873205,0.30613798,0.991042489,-0.00276702
Seth Brown NYA,L,-0.003145336,-0.018004338,-0.004121475,0.134056399,-0.05,0,9.682029296,-0.000998525,0.117090153,0.114102387,-0.000973045,0.300877533,0.974483194,-0.007878467
Hendry Mendez MIN,L,0.0056,0,-0.004,0.132,-0.0492,0,9.678899083,-0.001,0.117,0.116046418,-0.00099185,0.306214759,0.99184973,-0.002516241
Wilmer Flores NA,R,-0.014119468,-0.00229671,-0.004363974,0.137140204,-0.10001238,0,9.683165091,-0.00103422,0.11703552,0.11631288,-0.001027834,0.306811809,0.993825462,-0.001906191
Luis Urias NA,R,0.002407285,-0.016291391,-0.004139073,0.127715232,0.016668874,0,9.683075116,-0.001053282,0.117023794,0.116055067,-0.001044562,0.306141596,0.991721967,-0.002555404
Jake McCarthy COL,L,0.028764918,-0.011781848,-0.004968082,0.1438801,-0.036666667,0,9.682967226,-0.001122218,0.116945756,0.115888963,-0.001112077,0.305817246,0.990963384,-0.002788754
Nick Loftin KCA,R,0.006668297,-0.006702544,-0.004892368,0.131457926,-0.016663405,0,9.683080206,-0.001209521,0.116863928,0.117417152,-0.001215247,0.309956394,1.004733916,0.001460394
Dillon Dingler DET,R,0.003431924,0.013854628,-0.004789846,0.127254221,0.083338522,0.041399999,9.682992958,-0.001223345,0.116847841,0.119281494,-0.001248825,0.314905898,1.020827532,0.006424898
Marcelo Mayer BOS,L,0.007925728,-0.016423021,-0.004934503,0.126872695,0.012644029,0,9.683015061,-0.001264049,0.116803972,0.114898017,-0.001243423,0.303396194,0.983682449,-0.005032806
John Ingle CLE,L,0.004716981,0,-0.005283019,0.131698113,0.083358491,0,9.683134748,-0.001302354,0.116746734,0.121474735,-0.001355097,0.320871872,1.040497926,0.012488872
Javier Sanoja MIA,R,0.011204504,-0.015141766,-0.005489644,0.127126483,0.018964408,0,9.682994548,-0.00140338,0.116665578,0.115803489,-0.00139301,0.305979163,0.992610591,-0.002277837
Michael Conforto CHN,L,-0.004119378,-0.028835645,-0.00592686,0.133249264,-0.050008407,0,9.683428152,-0.001445761,0.116624752,0.117552644,-0.001457264,0.31065513,1.007956217,0.00245213
Ramon Urias SLN,R,0.000996737,-0.019727084,-0.005829131,0.13048057,0.016665678,0,9.682967372,-0.001451992,0.116617522,0.11613162,-0.001445942,0.306910868,0.995833378,-0.001284132
Esteury Ruiz MIA,R,0.034151445,-0.022351378,-0.006343408,0.136200598,0.00416805,0,9.68309639,-0.00151362,0.116556676,0.115825013,-0.001504119,0.306184842,0.993722692,-0.001934158
Brooks Lee MIN,B,0.000360255,-0.018659599,-0.006387566,0.126834965,0.049213907,0,9.682983212,-0.001636823,0.116433146,0.114546072,-0.001610295,0.30297567,0.983792647,-0.00499133
Maxwell Clark DET,L,0.009298246,0,-0.007017544,0.131578947,0.016666667,0,9.683972912,-0.001735101,0.116251743,0.113600848,-0.001695535,0.300820307,0.977196943,-0.007019693
Andrew McCutchen TEX,R,-0.012549067,-0.036098655,-0.008018191,0.143681187,-0.095246529,0,9.683058969,-0.001813677,0.116253985,0.113789577,-0.00177523,0.301221274,0.978801521,-0.006523726
Joey Ortiz MIL,R,0.013112899,-0.006334157,-0.007059198,0.12437256,0.05,0,9.683012709,-0.00184463,0.116226251,0.113435775,-0.001800342,0.300322189,0.975990995,-0.007387811
Justin Turner NA,R,-0.019482907,0.005070843,-0.008187302,0.135966676,-0.103849469,0,9.682746211,-0.001957142,0.11611005,0.115876037,-0.001953198,0.306947117,0.997984559,-0.000619883
Christian Encarnacion-Strand CIN,R,0.004376757,0,-0.008528585,0.134957826,-0.116701031,0,9.684684685,-0.002053888,0.116010808,0.113342848,-0.002006654,0.30037746,0.977002485,-0.00707054
Heriberto Hernandez MIA,R,0.001992855,-0.006379534,-0.00890028,0.134871078,-0.084717304,0,9.682996792,-0.00214476,0.115925564,0.115153002,-0.002130466,0.30528981,0.993335709,-0.00204819
Jon Adams MIL,R,0.0088,0,-0.008,0.132,-0.0824,0,9.692307692,-0.002,0.116,0.115093667,-0.001984374,0.304898006,0.992186782,-0.002400994
Oswaldo Cabrera NYA,B,0.005650064,-0.01660281,-0.008556833,0.126206897,-0.029632184,0,9.682917088,-0.002203526,0.115866009,0.11085679,-0.002108261,0.293980099,0.956767142,-0.013283901
Miguel Amaya CHN,R,-0.000202287,-0.022771318,-0.009454705,0.125212548,0.057100557,-0.022599659,9.683015869,-0.002454082,0.115615779,0.114094454,-0.00242179,0.302912985,0.986841542,-0.004039015
Wenceel Perez DET,B,0.014475228,-0.002337662,-0.010543531,0.134978355,-0.04022126,0,9.682991904,-0.002538644,0.115531458,0.114949432,-0.002525855,0.305302157,0.994962186,-0.001545843
Darell Hernaiz OAK,R,0.005969655,0.00742069,-0.010924138,0.129462069,0.025365517,0,9.682947122,-0.002742411,0.11532668,0.114462076,-0.002721851,0.304298444,0.992503006,-0.002298556
Joey Bart PIT,R,-0.002552994,-0.031873743,-0.010738047,0.126504719,0.083329723,-0.017419505,9.682975565,-0.002758572,0.115311494,0.111758843,-0.002673583,0.297130651,0.96919084,-0.009445349
Kody Clemens MIN,L,0.007131522,-0.016854227,-0.011327118,0.133148185,-0.046966872,0,9.683051029,-0.002765054,0.115304205,0.113058343,-0.002711197,0.300592836,0.980522292,-0.005971164
Connor Norby MIA,R,0.003166917,-0.008827428,-0.011071839,0.128868075,0.01435186,0,9.683018542,-0.00279232,0.115278463,0.11396554,-0.002760518,0.303041852,0.988610858,-0.003491148
Colson Montgomery CHA,L,0.004406401,-0.004206813,-0.012207502,0.142076738,0.04999914,0,9.683017363,-0.002792453,0.115277735,0.11556725,-0.002799466,0.307301842,1.002511457,0.000769842
Nelson Velazquez SLN,R,0.00888781,-0.005730937,-0.011656144,0.134191355,-0.050009713,0,9.683092449,-0.002823196,0.115245214,0.111135851,-0.002722528,0.295561315,0.964342442,-0.010928685
Colby Thomas OAK,R,0.006954873,0.002445961,-0.012419416,0.134831248,-0.031979522,0,9.682948324,-0.002993682,0.115076239,0.11416033,-0.002969855,0.30384624,0.992040851,-0.00243776
Will Benson CIN,L,0.0062173,-0.012850869,-0.012067978,0.130742792,-0.041399656,0,9.683034307,-0.002999738,0.115072223,0.113382718,-0.002955695,0.301779215,0.985317867,-0.004496785
Tommy Pham NA,R,-0.007592593,-0.020923162,-0.013045882,0.140270868,-0.049997236,0,9.682984717,-0.003022468,0.115045895,0.112773199,-0.00296276,0.300196206,0.980245313,-0.006049794
Matt McLain CIN,R,0.014085122,0.006675155,-0.013450346,0.142951983,0.018165697,0,9.683006897,-0.003057924,0.115012267,0.113113358,-0.003007436,0.301146454,0.983489507,-0.005055546
Graham Pauley MIA,L,0.004979178,0.009955104,-0.012131088,0.127720442,-0.022359225,0,9.682951552,-0.003087166,0.114985412,0.110456262,-0.002965566,0.294107415,0.960611088,-0.012059585
Robert Schreck TOR,L,0.006121495,0,-0.012616822,0.131775701,-0.05,0,9.68342998,-0.003112081,0.114954886,0.112029949,-0.003032896,0.298348558,0.974555782,-0.007789442
Eric Wagaman MIN,R,0.00122905,-0.009784345,-0.013023743,0.135300279,-0.06875,0,9.683132373,-0.003128687,0.114939393,0.111142045,-0.003025322,0.296002591,0.966962168,-0.010113409
Phillip Glasser WAS,L,0.0104,0,-0.012,0.132,-0.0492,0,9.666666667,-0.003,0.115,0.110862426,-0.002892063,0.2950589,0.964021093,-0.0110121
Nick Castellanos SDN,R,-0.00917466,-0.021299514,-0.013261209,0.136259201,-0.088363819,0,9.682946678,-0.00316311,0.114904148,0.112503273,-0.003097018,0.299674794,0.979105414,-0.006395206
Abimelec Ortiz WAS,L,0.005046296,0,-0.012866512,0.131770833,-0.088466435,0,9.683107757,-0.003173233,0.11489768,0.114249639,-0.003155336,0.304334767,0.99435984,-0.001726233
Alex Verdugo SDN,L,-0.001566848,-0.016636419,-0.013551119,0.137931034,-0.050012099,0,9.682936803,-0.003193497,0.114880349,0.114778604,-0.003190669,0.305768953,0.999114341,-0.000271047
Franmil Reyes NA,R,-0.0044,0,-0.012,0.132,-0.1152,0,10,-0.003,0.115,0.114782456,-0.002994325,0.305441105,0.99810831,-0.000578895
Matt Davidson NA,R,-0.0036,-0.028,-0.012,0.132,0.0164,0,9.667896679,-0.003,0.115,0.114543714,-0.002988097,0.304799826,0.996032293,-0.001214174
Nolan Jones CLE,L,0.006273558,-0.015105654,-0.013392347,0.13340948,-0.042158766,0,9.683143611,-0.003262734,0.114807884,0.115251738,-0.003275348,0.307134827,1.003866054,0.001182827
Endy Rodriguez PIT,B,0.004902597,-0.001140351,-0.013246753,0.131168831,-0.011655844,0.013743243,9.682744893,-0.003282248,0.114782129,0.110193398,-0.003151031,0.293691928,0.960022254,-0.012230072
Tommy Edman LAN,B,0.012977802,-0.00644288,-0.013513806,0.132030319,0.017134813,0,9.682982912,-0.003326685,0.114743975,0.114126561,-0.003308785,0.304222187,0.994619205,-0.001645813
Ceddanne Rafaela BOS,R,0.016595695,0.051341444,-0.013110279,0.127460615,0.016665887,0,9.683012604,-0.003342944,0.114726029,0.112278665,-0.003271632,0.299322597,0.978667755,-0.006524403
J.T. Realmuto PHI,R,0.002168847,0.017971825,-0.013440311,0.130304579,0.080582584,-0.053849739,9.682976888,-0.003352183,0.114718572,0.113659592,-0.003321238,0.303014777,0.990768894,-0.002823223
Curtis Mead WAS,R,0.007548958,-0.005622236,-0.014087176,0.135249526,0.002381554,0,9.683112466,-0.003385624,0.114686109,0.116859198,-0.003449775,0.311591286,1.018948145,0.005794286
Gustavo Campero LAA,B,0.014108527,-0.008527132,-0.013565891,0.128552972,-0.05,0,9.682680376,-0.003430002,0.114660061,0.113863815,-0.003406182,0.303631712,0.99305559,-0.002123288
Mark Mathias NA,R,0.0044,-0.024,-0.012,0.132,0.0164,0,9.668874172,-0.003,0.115,0.115730686,-0.003019061,0.307595056,1.006353793,0.001942056
Carlos Santana ARI,B,-0.00830281,0.015248072,-0.014497414,0.132811408,-0.084642807,0,9.683049496,-0.00354781,0.114522065,0.112177105,-0.003475165,0.29933762,0.979523945,-0.00625738
Adrian Del Castillo ARI,L,0.001745562,-0.025625,-0.014615385,0.132426036,-0.078943787,0.003953125,9.682987617,-0.003586792,0.11448692,0.110528896,-0.00346279,0.294982711,0.965428155,-0.010563289
Andres Gimenez TOR,L,0.015922567,-0.009755354,-0.014526332,0.129982471,0.049999238,0,9.683004301,-0.003632043,0.114436034,0.113835591,-0.003612986,0.303885111,0.994753021,-0.001602889
Luis Rengifo MIL,B,0.012596877,-0.008606131,-0.014794679,0.131717756,0.016666281,0,9.68298161,-0.003650375,0.114420264,0.112895011,-0.003601714,0.301395043,0.986669732,-0.004071957
Carson Benge NYN,L,0.012019911,0,-0.01402395,0.122204588,-0.039744626,0,9.682930762,-0.003729743,0.114340422,0.114983773,-0.003750729,0.307084182,1.005626632,0.001718182
Richie Palacios TBA,L,0.014156055,-0.008011114,-0.015674925,0.136165779,-0.041995832,0,9.682938873,-0.003741114,0.114327772,0.114527576,-0.003747652,0.305888652,1.001747645,0.000533652
Kyle Lewis NA,R,0.0028,0,-0.016,0.132,-0.1152,0,10,-0.004,0.114,0.114050409,-0.004001769,0.305465011,1.000442181,0.000135011
Luis Robert Jr. NYN,R,0.015093633,-0.001457148,-0.015611168,0.132082057,0.015020429,0,9.683020807,-0.003841263,0.114228361,0.115676808,-0.003889971,0.309100398,1.012680267,0.003870398
Juan Yepez TOR,R,-0.003180077,0.007662835,-0.016475096,0.138122605,-0.083314176,0,9.683708419,-0.003875955,0.114205471,0.114581547,-0.003888719,0.306213044,1.003292981,0.001005044
Jesus Rodriguez SFN,R,0.009008587,0,-0.015925059,0.131772053,0.069227166,0,9.682972388,-0.003926733,0.114144736,0.114456339,-0.003937452,0.305962972,1.002729892,0.000832972
Amed Rosario NYA,R,0.014093524,0.008907033,-0.016960475,0.137261087,0.005208759,0,9.683007971,-0.004015663,0.114055363,0.116071561,-0.004086649,0.310404825,1.017677361,0.005391825
Mitch Garver SEA,R,-0.009172592,-0.024369748,-0.017000646,0.134712346,0.08332256,-0.039780644,9.683194011,-0.004102018,0.113967483,0.114267575,-0.00411282,0.305709864,1.002633144,0.000802864
Jordan Lawlar ARI,R,0.015063291,0.000483472,-0.016237451,0.126178525,0.013235487,0,9.683029625,-0.004182365,0.113887946,0.114099848,-0.004190147,0.305372126,1.001860619,0.000567126
Jason Martin NA,L,0.0032,-0.032,-0.016,0.132,-0.0492,0,9.693877551,-0.004,0.114,0.113480993,-0.003981789,0.303402384,0.995447305,-0.001387616
Brayan Rocchio CLE,B,0.006013932,0.012171053,-0.016099071,0.123529412,0.03379644,0,9.683008054,-0.004235625,0.113832423,0.114998557,-0.004279016,0.30785983,1.010244308,0.00312183
Emmanuel Rodriguez MIN,L,0.009725059,0,-0.017753339,0.131814611,-0.021429694,0,9.682692806,-0.004378419,0.11368391,0.114233225,-0.004399575,0.306026592,1.004831942,0.001471592
Anthony Volpe NYA,R,0.021413326,0.008739544,-0.018488607,0.133967888,0.050000961,0,9.683019865,-0.004485286,0.113582932,0.112285747,-0.004434061,0.300952238,0.988579399,-0.003476762
Ben McLaughlin ARI,L,0.0048,0,-0.02,0.132,-0.0824,0,9.662921348,-0.005,0.114,0.11530707,-0.005057328,0.307888084,1.011465529,0.003490084
Sam Haggerty TEX,B,0.023337922,-0.016636668,-0.019454003,0.139986235,-0.040995641,0,9.683060287,-0.00451697,0.113552795,0.108535547,-0.004317391,0.290943616,0.955815725,-0.013449384
Dylan Carlson CHN,B,0.008844057,-0.010577972,-0.018266085,0.129825518,-0.030948746,0,9.682731183,-0.004572554,0.113494888,0.11193215,-0.004509594,0.300133691,0.986230764,-0.004190309
J.C. Escarra NYA,L,0.002963693,-0.022029625,-0.018885449,0.130481283,0.053211371,0.100140468,9.682984909,-0.004704009,0.113365924,0.113311858,-0.004701766,0.304008944,0.999523084,-0.000145056
Chanteyon Davidson SFN,L,0.008571429,0,-0.019047619,0.130952381,-0.049761905,0,9.674267101,-0.004709563,0.113618208,0.113524303,-0.004705671,0.303890627,0.999173501,-0.000251373
Jared Triolo PIT,R,0.009746332,-0.003835955,-0.018826233,0.128601732,0.017982146,0,9.682999798,-0.004757801,0.113311619,0.111950578,-0.004700653,0.300437427,0.987988513,-0.003652573
Euiji Yang NA,R,-0.0068,0,-0.02,0.132,0.0824,0,9.690082645,-0.005,0.113,0.112118048,-0.004960976,0.301631283,0.992195113,-0.002372717
Jack Suwinski LAN,L,0.010436019,-0.033364929,-0.019810427,0.132985782,0.016663507,0,9.683207418,-0.004840596,0.113232883,0.113775469,-0.004863791,0.305455695,1.004791776,0.001456695
Brandon Belt NA,L,-0.006,0,-0.02,0.132,-0.1152,0,9.583333333,-0.005,0.113,0.113481779,-0.005021318,0.305208743,1.004263533,0.001295743
Leo Jimenez TOR,R,0.00262603,-3.29E-05,-0.019637562,0.128962109,0.034846787,0,9.683050537,-0.004948956,0.113120172,0.112534845,-0.004923348,0.302283734,0.994825621,-0.001572266
Hunter Renfroe NA,R,-0.008204489,-0.024438903,-0.020199501,0.131670823,-0.05,0,9.681742044,-0.004982935,0.113069564,0.11270268,-0.004966767,0.302822215,0.996755237,-0.000985785
Nathan Church SLN,L,0.010336384,0.017437546,-0.019737818,0.128394756,-0.024355676,0,9.683086089,-0.004996624,0.113075225,0.113706019,-0.005024498,0.305488726,1.005578537,0.001694726
Tirso Ornelas SDN,L,0.005112994,-0.00480226,-0.020338983,0.13220339,-0.049971751,0,9.683376883,-0.004998542,0.113022584,0.111423096,-0.004927803,0.299470084,0.985848075,-0.004298916
Keibert Ruiz WAS,B,-0.005609633,-0.017992687,-0.020438785,0.131433615,0.083338797,-0.078730138,9.683001225,-0.005054174,0.113015818,0.111256869,-0.004975512,0.298996918,0.984436258,-0.004727082
David MacKinnon NA,R,0.0012,0.016,-0.02,0.132,-0.0824,0,9.669421488,-0.005,0.113,0.113316553,-0.005014007,0.304559796,1.002801353,0.000850796
Mel Rojas NA,B,-0.0076,0,-0.02,0.132,-0.0264,0,9.701492537,-0.005,0.113,0.112920414,-0.004996478,0.303495097,0.999295698,-0.000213903
Sam Antonacci CHA,L,0.015336957,0,-0.020978261,0.131847826,0.016673913,0,9.683241538,-0.005172533,0.112884505,0.120732582,-0.005532143,0.324677256,1.069523065,0.021105256
Harrison Bader SFN,R,0.010269,-0.01052971,-0.020681713,0.129746661,0.016666053,0,9.682987983,-0.00518058,0.112890484,0.109131769,-0.005008091,0.293459668,0.966704774,-0.010107332
Cooper Hummel NA,B,0.003012821,-0.012179487,-0.020512821,0.130769231,-0.049935897,0,9.684466019,-0.005102684,0.112896889,0.111566522,-0.005042555,0.299989793,0.988216087,-0.003577207
Baek-ho Kang NA,L,0.0056,0,-0.02,0.132,-0.0264,0,9.70212766,-0.005,0.113,#N/A,#N/A,#N/A,#N/A,#N/A
Austin Hays CHA,R,0.004011465,-0.016431162,-0.021310554,0.132190626,-0.056760706,0,9.682997696,-0.005239555,0.112830068,0.111399813,-0.005173138,0.299644878,0.987323811,-0.003847122
Tyler Stephenson CIN,R,-0.004354407,-0.007557072,-0.021869852,0.133669687,0.040354201,-0.041870079,9.683018215,-0.00531766,0.112752413,0.112292047,-0.005295948,0.302158238,0.995917026,-0.001238762
Colt Emerson SEA,L,0.006847063,0,-0.022525543,0.131768838,0.0187947,0,9.683009097,-0.005555699,0.11251571,0.109455098,-0.005404575,0.294856157,0.972798364,-0.008244843
Chandler Simpson TBA,L,0.042584282,0.012569444,-0.022437358,0.130763098,-0.043846241,0,9.682995557,-0.005576609,0.112491815,0.111774066,-0.005541028,0.301139257,0.993619547,-0.001933743
Cedric Mullins TBA,L,0.01768157,-0.009063322,-0.02348776,0.134078495,0.012744285,0,9.682971832,-0.005693278,0.112377275,0.110090631,-0.005577432,0.296765024,0.979652077,-0.006163976
Carlos Narvaez BOS,R,0.001582889,0.004139283,-0.022058323,0.125031204,0.080074889,0.016149942,9.682992299,-0.005734077,0.11233659,0.109587404,-0.005593749,0.295465742,0.975527249,-0.007412258
Michael Arroyo SEA,R,0.0064,0,-0.024,0.132,0.0164,0,9.674556213,-0.006,0.112,0.108652865,-0.005820689,0.29382645,0.970114865,-0.00905155
Tyler Black MIL,L,0.014408696,0.005826087,-0.023826087,0.133826087,-0.083356522,0,9.683851092,-0.005787919,0.112294074,0.11196848,-0.005771137,0.301945969,0.997100524,-0.000878031
Lenyn Sosa CHA,R,0.002298363,0.013221757,-0.024026683,0.134857489,-0.061493026,0,9.683075197,-0.005790445,0.112280859,0.109023943,-0.005622483,0.29402643,0.970993131,-0.00878357
Lazaro Montes SEA,L,0.0052,0,-0.024,0.132,-0.1152,0,10,-0.006,0.112,0.11136252,-0.005965849,0.30107951,0.994308214,-0.00172349
Eloy Jimenez TOR,R,-0.004568299,0,-0.024935567,0.137435567,-0.116701031,0,9.679943101,-0.005895685,0.112170361,0.111842643,-0.00587846,0.3017907,0.997078384,-0.0008843
Victor Robles SEA,R,0.020031665,0.008971653,-0.023642943,0.128965621,-0.047038601,0,9.683025381,-0.00595821,0.112111632,0.110392299,-0.005866836,0.297957385,0.984664092,-0.004640615
Wade Meckler LAA,L,0.0076,-0.012,-0.024,0.132,0.0164,0,9.677419355,-0.006,0.112,0.114129046,-0.006114056,0.308226889,1.019009343,0.005749889
Zach Dezenzo HOU,R,0.006883167,-0.005764796,-0.024442736,0.13055342,-0.052217525,0,9.68274402,-0.006084445,0.111988228,0.111456659,-0.006055564,0.301010397,0.995253358,-0.001435603
Rhylan Thomas SEA,L,0.010996835,-0.00664557,-0.024525316,0.130696203,-0.049984177,0,9.683624399,-0.006101577,0.111954102,0.109399869,-0.00596237,0.295504653,0.977185001,-0.006899347
Nick Solak SDN,R,0.004230769,0.064102564,-0.025641026,0.132051282,-0.083205128,0,9.687924016,-0.006302755,0.111873901,0.112423416,-0.006333714,0.303796932,1.004911919,0.001484932
Keaton Anthony PHI,R,0.0044,0,-0.024,0.132,-0.0824,0,9.74025974,-0.006,0.112,0.111824445,-0.005990595,0.301766253,0.998432547,-0.000473747
Austin Slater DET,R,0.001877104,-0.004377104,-0.026851852,0.138131313,-0.050008418,0,9.682430024,-0.006319221,0.111745218,0.107876821,-0.006100462,0.291696926,0.96538199,-0.010460074
Edward Olivares TBA,R,0.006613636,-0.022272727,-0.026818182,0.135227273,-0.05,0,9.680905816,-0.006449571,0.111610376,0.11022952,-0.006369776,0.298248807,0.987627885,-0.003736193
Ronald Guzman NA,L,0.008,0.008,-0.024,0.132,-0.0824,0,9.719626168,-0.006,0.112,0.111654796,-0.005981507,0.301006377,0.996917824,-0.000930623
Juan Brito CLE,B,0.007449041,0,-0.026348921,0.13177458,0.016666667,0,9.682948689,-0.006498954,0.11156907,0.109410679,-0.006373226,0.296085003,0.98065421,-0.005840997
Domingo Santana NA,R,0.0008,0,-0.028,0.132,-0.0264,0,9.702970297,-0.007,0.112,0.11313481,-0.007070926,0.304970033,1.010132234,0.003059033
Drew Gilbert SFN,L,0.007555035,0.004215457,-0.025714286,0.127962529,-0.044871194,0,9.683195973,-0.006530148,0.111535884,0.111257009,-0.006513821,0.301133183,0.997499679,-0.000754817
Joshua Palacios NA,L,0.004113111,-0.01311054,-0.027249357,0.135218509,-0.050051414,0,9.684478864,-0.006548308,0.11150656,0.110964111,-0.006516452,0.300418402,0.995135272,-0.001468598
Sam Hilliard NA,L,0.008867925,-0.004528302,-0.026792453,0.130943396,-0.05,0,9.681449699,-0.006647207,0.111410931,0.110179131,-0.006573713,0.298423632,0.988943637,-0.003336368
Joshua Baez SLN,R,0.019410609,0,-0.027013752,0.131827112,-0.050009823,0,9.683414633,-0.006660971,0.111419885,0.109168084,-0.006526353,0.295633002,0.979789952,-0.006097998
Adael Amador COL,B,0.007934783,-0.000478261,-0.025869565,0.126217391,0.016669565,0,9.683082279,-0.006661894,0.111404785,0.109648189,-0.006556852,0.296962573,0.984232311,-0.004757427
Luis Torrens NYN,R,2.53E-05,0.031268264,-0.026261446,0.127975843,0.083329437,0.020520469,9.683002432,-0.006669379,0.111400399,0.109120718,-0.006532898,0.29554369,0.979536156,-0.00617431
Otto Kemp PHI,R,0.004774394,-0.006340124,-0.027050456,0.130095577,-0.050975772,0,9.682815729,-0.006758103,0.111311566,0.107077305,-0.006501027,0.29013588,0.961960286,-0.01147312
Freddy Fermin SDN,R,0.001505334,0.009033963,-0.025976314,0.124958403,0.083332681,0.001379648,9.682989979,-0.006756461,0.111311039,0.109030315,-0.006618023,0.29542718,0.979510356,-0.00617982
Vaughn Grissom LAA,R,0.00931677,0.014304536,-0.027385658,0.131150009,0.010359496,0,9.682984801,-0.006786818,0.11128515,0.114479817,-0.006981647,0.310230269,1.028707043,0.008657269
Kyle Karros COL,R,0.004455446,0.000968575,-0.027313818,0.130693069,0.016665949,0,9.68306155,-0.006792893,0.111277116,0.112504428,-0.006867814,0.304888025,1.011029324,0.003326025
Walker Jenkins MIN,L,0.009263112,0,-0.027611617,0.131772865,0,0,9.682874159,-0.006809728,0.111264754,0.111140007,-0.006802093,0.301208914,0.998878828,-0.000338086
Trevor Story BOS,R,0.018929725,-0.042265751,-0.030452342,0.143275444,0.05000101,0,9.682978985,-0.006907728,0.111162654,0.106268778,-0.006603619,0.288152057,0.955975533,-0.013269943
Leo Rivas SEA,B,0.015237553,-0.000142248,-0.027510669,0.128990043,0.022463727,0,9.682993068,-0.006932078,0.111135481,0.108327286,-0.006756917,0.29377149,0.97473179,-0.00761551
Jake Mangum PIT,B,0.014466384,-0.004862924,-0.028720627,0.133877285,-0.034906984,0,9.682998125,-0.006972562,0.111097478,0.10854823,-0.006812569,0.294426415,0.977053952,-0.006914585
Lane Thomas KCA,R,0.014707122,-0.023746313,-0.030309735,0.141076696,-0.027402023,0,9.682953277,-0.006982809,0.111086609,0.111871906,-0.007032172,0.303457149,1.007069227,0.002130149
Dominic Smith ATL,L,-0.006542315,-0.019557196,-0.02813899,0.128330846,-0.11373268,0,9.682786711,-0.007126937,0.110942659,0.11336699,-0.007282676,0.307727696,1.021852105,0.006580696
Cody Freeman TEX,R,0.006252739,-0.002775749,-0.029413197,0.132992452,0.016666667,0,9.682908315,-0.007187482,0.110882382,0.109914906,-0.00712477,0.298445075,0.991274762,-0.002626925
Casey Schmitt SFN,R,0.001678602,-0.011625948,-0.029528222,0.131929233,0.015516007,0,9.683049046,-0.007274657,0.110795824,0.112317195,-0.007374547,0.305096628,1.013731303,0.004132628
Justin Foscue TEX,R,0.005028185,0.006087937,-0.029086809,0.129650507,-0.083348365,0,9.684007707,-0.007289996,0.110762723,0.109457656,-0.007204101,0.297390207,0.988217452,-0.003545793
Logan O'Hoppe LAA,R,-0.005885132,-0.00932377,-0.029252415,0.129262915,0.067831793,-0.063759952,9.682982125,-0.007354927,0.110714616,0.108977574,-0.007239533,0.296143633,0.984310629,-0.004720367
Ryan Clifford NYN,L,0.005903141,0,-0.029842932,0.131806283,-0.083337696,0,9.684754522,-0.007359994,0.110690444,0.106680022,-0.007093335,0.289941241,0.963769037,-0.010899759
Edmundo Sosa PHI,R,0.007875704,-0.005778666,-0.030001817,0.130892241,0.001960749,0,9.682951907,-0.007449912,0.110616081,0.111331637,-0.007498104,0.302690465,1.006468819,0.001945465
Mark Canha TEX,R,-0.003613247,-0.014725015,-0.031933767,0.13832052,-0.068533412,0,9.683098876,-0.007504734,0.110569742,0.110543123,-0.007502927,0.300604612,0.99975925,-7.24E-05
DJ LeMahieu NA,R,-0.012932692,-0.035096154,-0.029326923,0.126442308,0.016634615,0,9.681303116,-0.007525023,0.110531482,0.110200771,-0.007502508,0.29974846,0.997007996,-0.00089954
Yanquiel Fernandez NYA,L,-4.20E-05,0,-0.030252101,0.130252101,-0.116806723,0,9.685990338,-0.007551936,0.11055195,0.109111928,-0.007453566,0.296720978,0.986974251,-0.003916022
Willi Castro COL,B,0.014072563,0.001249892,-0.031368805,0.134467494,0.01580158,0,9.682969953,-0.007581612,0.110489298,0.108492319,-0.007444582,0.295151257,0.981926041,-0.005432743
Trenton Brooks NA,L,0.000452261,0,-0.029648241,0.126633166,-0.116633166,0,9.670886076,-0.007596872,0.110476539,0.108880782,-0.00748714,0.296240302,0.985555695,-0.004341698
Griffin Conine MIA,L,0.000703676,-0.006197757,-0.032018005,0.135933983,-0.076420105,0,9.682871604,-0.007655623,0.110414602,0.112754663,-0.007817872,0.306861471,1.021193409,0.006368471
Jerar Encarnacion SFN,R,0.00200714,-0.006475486,-0.031495438,0.133002777,-0.092844109,0,9.683698297,-0.007697352,0.110370723,0.107573212,-0.007502251,0.292825875,0.974653509,-0.007615125
Blaine Crim COL,R,0.00194783,0.003287381,-0.032155046,0.135275475,-0.086004388,0,9.68259047,-0.007725818,0.110346234,0.108793332,-0.007617092,0.296177403,0.985927009,-0.004227597
Ben Williamson TBA,R,0.00756736,-0.031139338,-0.030254042,0.125750577,0.02373749,0,9.683050211,-0.007818859,0.110249887,0.108544401,-0.007697907,0.295645715,0.984530722,-0.004645285
Sterlin Thompson COL,L,0.007236304,0,-0.031725266,0.131807032,-0.05,0,9.683658231,-0.007824333,0.110246464,0.112096773,-0.007955652,0.305319713,1.016783379,0.005039713
J.D. Martinez NA,R,-0.011607143,0,-0.033653846,0.138873626,-0.11668956,0,9.682997676,-0.007873743,0.110200264,0.11079565,-0.007916283,0.301860115,1.005402764,0.001622115
Esmerlyn Valdez PIT,R,0.0048,0,-0.032,0.132,-0.0492,0,9.652777778,-0.008,0.11,0.110542973,-0.008039489,0.301655695,1.00493612,0.001481695
David Fry CLE,R,0.00112154,-0.001218638,-0.033333333,0.136558363,-0.069126354,-0.010010989,9.682788823,-0.007933781,0.110133479,0.109531829,-0.007890439,0.298504337,0.994537079,-0.001639663
Patrick Wisdom SEA,R,-3.78E-05,0.005108798,-0.03320719,0.135856197,-0.08333964,0,9.6843292,-0.007946381,0.110140008,0.111703811,-0.008059206,0.304401483,1.014198317,0.004261483
Matt Vierling DET,R,0.009647861,-0.024990534,-0.035289663,0.141594093,-0.006249527,0,9.682969075,-0.008100019,0.109971666,0.108872321,-0.008019046,0.296943593,0.990003377,-0.002998407
Victor Mesa Jr. TBA,L,0.007699642,-0.028605483,-0.032181168,0.128486293,0.016662694,0,9.682838281,-0.008139522,0.109943843,0.108831845,-0.008057197,0.296863771,0.989885764,-0.003033229
Ezequiel Tovar COL,R,0.008335049,0.034291385,-0.037069979,0.146214349,0.050000735,0,9.683006842,-0.008239922,0.109829687,0.104668033,-0.007852672,0.285678884,0.953003112,-0.014088116
Will Brennan SFN,L,0.004801223,-0.017693316,-0.034469201,0.134207077,-0.043328965,0,9.68309498,-0.008346764,0.109713927,0.109881763,-0.008359532,0.30008636,1.001529764,0.00045836
Blaze Jordan SLN,R,0.005950413,0,-0.033884298,0.132231405,-0.083471074,0,9.692307692,-0.008340862,0.109651826,0.109933758,-0.008362308,0.300299136,1.002571157,0.000770136
Brett Harris OAK,R,0.004283365,-0.005261716,-0.033132365,0.127651411,0.003030967,0,9.682906399,-0.00843654,0.109633156,0.107963009,-0.008308018,0.294957125,0.984766042,-0.004562875
Jordan Diaz OAK,R,0.003236074,-0.003713528,-0.034748011,0.131564987,0.016657825,0,9.684018875,-0.008577006,0.109471402,0.10966511,-0.008592183,0.299886707,1.001769483,0.000529707
Michael Massey KCA,L,0.00445756,-0.011490264,-0.035656736,0.134045344,0.009259884,0,9.682933527,-0.00864492,0.109422062,0.10725439,-0.008473662,0.293333563,0.98018981,-0.005928437
Jonah Bride TEX,R,-0.003035835,-0.033536173,-0.036240703,0.136105477,0.016659905,0,9.683098592,-0.0086531,0.109406832,0.108916341,-0.008614307,0.297904425,0.995516816,-0.001341575
Aaron Vukovich ARI,R,0.005461783,0,-0.035191083,0.131847134,-0.050015924,0,9.683338266,-0.008676521,0.109398763,0.10964164,-0.008695784,0.299893321,1.002220109,0.000664321
Miguel Rojas LAN,R,-0.001292135,0.016791511,-0.034550562,0.129182272,0.016666667,0,9.683001586,-0.008692348,0.109380681,0.110238059,-0.008760483,0.301549304,1.007838478,0.002345304
Buddy Kennedy SFN,R,0.00464539,-0.013475177,-0.035106383,0.130851064,0.016702128,0,9.681908549,-0.008715688,0.109342262,0.109393905,-0.008719804,0.299263277,1.000472306,0.000141277
Miles Mastrobuoni SEA,L,0.011477273,-0.016322314,-0.035020661,0.129338843,0.016673554,0,9.683347561,-0.008801518,0.109279021,0.10878103,-0.008761409,0.297708115,0.995442938,-0.001362885
Spencer Packard SEA,L,0.001764706,0,-0.035294118,0.131372549,-0.050196078,0,9.6812749,-0.008681643,0.109485164,0.110558598,-0.008766761,0.30198099,1.00980438,0.00293199
Luken Baker ARI,R,-0.001759531,0,-0.037243402,0.136656891,-0.116568915,0,9.684684685,-0.008865263,0.109175359,0.10897696,-0.008849152,0.298442668,0.998182751,-0.000543332
Troy Johnston COL,L,0.008371742,0.003344993,-0.034586324,0.126652815,-0.087835285,0,9.682445764,-0.008875105,0.109196266,0.109115231,-0.008868519,0.298758127,0.9992579,-0.000221873
Cadyn Grenier BAL,R,0.008,0,-0.036,0.132,0.0492,0,9.671717172,-0.009,0.109,0.109207795,-0.009017157,0.299479835,1.001906377,0.000569835
Jorbit Vivas NYA,L,0.009174664,-0.009980806,-0.034548944,0.125335893,0.016679463,0,9.682871412,-0.008954631,0.109097248,0.108719272,-0.008923606,0.29784949,0.996535423,-0.00103551
Christian Moore LAA,R,0.010006186,-0.000544352,-0.034368428,0.123518496,0.016667079,0,9.68295024,-0.009043274,0.109027123,0.108820679,-0.009026151,0.298204275,0.998106487,-0.000565725
Ruben Cardenas NA,R,0.0052,0,-0.036,0.132,-0.0492,0,9.701492537,-0.009,0.109,0.109087267,-0.009007206,0.298987182,1.000800615,0.000239182
Daz Cameron MIL,R,0.012464589,-0.008215297,-0.038526912,0.135410765,-0.05,0,9.683476395,-0.009242585,0.10880426,0.109016707,-0.009260632,0.299112897,1.001952558,0.000582897
Kaelen Culpepper MIN,R,0.010350877,0,-0.038596491,0.131578947,0.049824561,0,9.678492239,-0.009543054,0.108877565,0.107410037,-0.009414426,0.294393739,0.986521296,-0.004022261
Xavier Isaac TBA,L,0.007380952,0,-0.038095238,0.130952381,-0.082857143,0,9.733333333,-0.009445114,0.108618808,0.108479438,-0.009432995,0.297946211,0.99871689,-0.000382789
Keston Hiura LAN,R,-0.0009375,0.018229167,-0.038020833,0.130729167,-0.083177083,0,9.680451128,-0.009446615,0.108700776,0.108678034,-0.009444639,0.298225594,0.999790786,-6.24E-05
Alex Freeland LAN,B,0.009947299,-0.008959157,-0.03715415,0.128063241,0.021429513,0,9.683102392,-0.00942871,0.108630779,0.107617974,-0.009340803,0.295501006,0.990676628,-0.002780994
Connor Joe SEA,R,0.001425577,-0.017819706,-0.039622642,0.1360587,-0.049958071,0,9.682860999,-0.009470602,0.108586215,0.109439653,-0.009545037,0.300588062,1.007859545,0.002344062
Taylor Trammell HOU,L,0.005976409,0.003145478,-0.039056356,0.13197903,-0.05,0,9.683004145,-0.009618706,0.108452528,0.109519789,-0.009713362,0.301000219,1.009840804,0.002933219
Leody Taveras BAL,B,0.019724409,0.006430446,-0.037401575,0.126509186,-0.001515748,0,9.683005464,-0.009608563,0.108458758,0.109338907,-0.009686537,0.3004818,1.008115063,0.0024188
Zach McKinstry DET,L,0.021702311,-0.003560585,-0.037672075,0.126929695,-0.005757129,0,9.682961856,-0.009646066,0.10842304,0.107084244,-0.009526957,0.294339095,0.987652113,-0.003679905
Chas McCormick CHN,R,0.004725326,-0.016945996,-0.038407821,0.129236499,-0.030004655,0,9.682804944,-0.00965813,0.108416902,0.108621641,-0.009676369,0.298567767,1.001888448,0.000562767
Parker Meadows DET,L,0.017428878,-0.004523271,-0.040542793,0.135912391,0.016667063,0,9.683025911,-0.009695048,0.10837333,0.105983667,-0.009481269,0.291386963,0.977949714,-0.006570037
Josue BriceÃ±o DET,L,0.0046,0,-0.04,0.132,-0.083466667,0,9.704433498,-0.00984807,0.108328768,0.108417777,-0.009856162,0.298099734,1.000821655,0.000244734
Ryan McMahon NYA,L,0.001529012,0.009757315,-0.040447418,0.133576351,0.016667332,0,9.683010185,-0.009841055,0.108229736,0.107893041,-0.00981044,0.296851633,0.996889068,-0.000926367
Thomas Saggese SLN,R,0.006848697,0.015146961,-0.040280561,0.132247829,0.004761189,0,9.683052242,-0.009899099,0.108167766,0.105015067,-0.009610576,0.289027005,0.970853616,-0.008676995
Justin Connell NA,R,0.0076,0,-0.04,0.132,-0.0492,0,9.692307692,-0.01,0.108,0.108394877,-0.010036563,0.298768398,1.003656268,0.001088398
Max Muncy OAK,R,0.006061389,0.001518578,-0.03911147,0.126785137,0.019628433,0,9.683006879,-0.010025785,0.108043264,0.107674478,-0.009991564,0.296530381,0.996586682,-0.001015619
Willie Calhoun NA,L,-0.003881857,0,-0.042616034,0.136919831,-0.116540084,0,9.67943706,-0.010110226,0.108009251,0.108149366,-0.010123342,0.297859898,1.00129725,0.000385898
Jace Jung DET,L,0.00551523,0.007582631,-0.041801685,0.133570966,-0.003331173,0,9.682942083,-0.010172268,0.107904896,0.106908424,-0.01007833,0.294627835,0.990765282,-0.002746165
Andy Ibanez OAK,R,0.000351796,-0.01257485,-0.043512974,0.138897206,0.001514471,0,9.683015097,-0.010181589,0.107887477,0.105544378,-0.009960465,0.290896069,0.978282011,-0.006457931
Nick Yorke PIT,R,0.009452366,-0.00139339,-0.040473104,0.129001944,0.001111471,0,9.683014244,-0.01019741,0.107877001,0.109263019,-0.010328427,0.301156211,1.012848128,0.003820211
Ricardo Olivar MIN,R,0.008142857,0,-0.041428571,0.132142857,-0.116714286,0,9.689922481,-0.010212992,0.10794076,0.109050846,-0.010318025,0.300389827,1.010284218,0.003057827
Jonny DeLuca TBA,R,0.014422915,-0.011288964,-0.04168492,0.132502106,-0.019841618,0,9.682987095,-0.010224107,0.107844904,0.109948422,-0.010423528,0.303100884,1.019505029,0.005798884
Jeremiah Jackson BAL,R,0.006653299,-0.011008622,-0.043974333,0.137738119,0.009460598,0,9.683032645,-0.010375971,0.107691506,0.107193473,-0.010327986,0.295738964,0.995375376,-0.001374036
Charles Leblanc NA,R,0.00352657,-0.029468599,-0.042512077,0.132850242,0.016666667,0,9.682631275,-0.010385719,0.107633818,0.107622796,-0.010384656,0.297076576,0.999897599,-3.04E-05
Noah Mendlinger SLN,L,0.00608,0,-0.0424,0.1312,-0.04984,0,9.690189329,-0.010499602,0.107571393,0.10635699,-0.010381069,0.293711353,0.98871073,-0.003353647
MJ Melendez NYN,L,0.006135531,-0.021672772,-0.042796093,0.132967033,-0.049993895,0,9.683301111,-0.010460542,0.107604806,0.109119699,-0.010607809,0.301185314,1.014078309,0.004181314
James Outman MIN,L,0.013054245,0.012287736,-0.041839623,0.129504717,-0.030247642,0,9.68293795,-0.010499906,0.107567812,0.104596246,-0.010209846,0.288756467,0.972374956,-0.008203533
Nick Martini NA,L,-0.002732919,0,-0.042857143,0.131677019,-0.116956522,0,9.688109162,-0.010585997,0.107547594,0.107001289,-0.010532224,0.295420701,0.994920338,-0.001508299
Michael Hermosillo NA,R,0.008,-0.048,-0.044,0.132,0.0164,0,9.698795181,-0.011,0.108,0.107977261,-0.010997684,0.296810494,0.999789452,-6.25E-05
Jacob Reimer NYN,R,0.0064,0,-0.044,0.132,0.0164,0,9.685314685,-0.011,0.107,0.103647775,-0.010655379,0.287532488,0.96867079,-0.009299512
Ben Gamel ATL,L,-0.000776515,-0.02645202,-0.043055556,0.131755051,-0.049987374,0,9.680681729,-0.010620842,0.107454268,0.104261179,-0.010305235,0.287989085,0.970284206,-0.008819915
Austin Shenton NA,L,0.002089136,0.006685237,-0.043454039,0.132869081,-0.083231198,0,9.675675676,-0.01062902,0.107448491,0.107534494,-0.010637528,0.297033559,1.000800412,0.000237559
Kala'i Rosario MIN,R,0.011025641,0,-0.043589744,0.133333333,-0.05025641,0,9.704433498,-0.010678187,0.107409997,0.10530072,-0.010468493,0.290920574,0.980362375,-0.005827426
Carlos Mendoza TOR,L,0.008605578,0,-0.043824701,0.131474104,0.016653386,0,9.682268204,-0.010822934,0.107245437,0.104691204,-0.010565167,0.289493013,0.976183294,-0.007062987
Heston Kjerstad BAL,L,0.00332618,-0.008941345,-0.043562232,0.130686695,-0.049992847,0,9.683516696,-0.010831795,0.107250775,0.10650858,-0.010756837,0.294499806,0.993079817,-0.002052194
Gio Urshela MIN,R,-0.008933416,-0.027003699,-0.043403206,0.130147965,0.005554871,0,9.683296056,-0.010840697,0.107236665,0.106718297,-0.010788294,0.29510557,0.995166133,-0.00143343
Anthony Seigler BOS,L,0.013156823,-0.006924644,-0.043788187,0.130346232,0.016680244,0,9.682940185,-0.010919211,0.107160633,0.106339065,-0.010835497,0.294185145,0.992333298,-0.002272855
Jake Cave NA,L,0.007565217,-0.016173913,-0.044173913,0.130608696,-0.050017391,0,9.68503937,-0.010992118,0.107064956,0.107173414,-0.011003253,0.296653209,1.001013012,0.000300209
Raffaele Velazquez CLE,L,0.0048,0,-0.044,0.132,-0.0824,0,9.62962963,-0.011,0.107,0.107523732,-0.011053842,0.297715125,1.004894689,0.001450125
Rafael Marchan PHI,B,0.001703826,0.005229838,-0.043490228,0.127663088,0.083322323,-0.013950413,9.682969008,-0.011071898,0.106997984,0.102965244,-0.0106546,0.285087263,0.96231013,-0.011165737
Christian Franklin WAS,R,0.009188641,0,-0.044929006,0.131744422,-0.049989858,0,9.682031997,-0.011084163,0.106988441,0.105626244,-0.010943037,0.292472166,0.987267813,-0.003771834
Drew Millas WAS,B,0.010046948,-0.010632422,-0.043744822,0.128307097,0.083325048,0.011610497,9.682978259,-0.011081176,0.10698512,0.102804911,-0.010648204,0.284658346,0.960927196,-0.011574654
Jhonny Pereda SEA,R,0.001559252,-0.024740125,-0.043659044,0.127234927,0.083326403,-0.019083334,9.683513472,-0.01114745,0.106909358,0.107615334,-0.011221063,0.298117706,1.006603501,0.001955706
Zachary Ehrhard LAN,R,0.0128,0,-0.044,0.132,-0.0492,0,9.69924812,-0.011,0.107,0.103127351,-0.010601877,0.285411209,0.96380702,-0.010717791
Estevan Florial NA,L,0.01432304,0.005225653,-0.045605701,0.132066508,-0.050023753,0,9.683648316,-0.011220337,0.106885394,0.107014601,-0.0112339,0.296444921,1.001208837,0.000357921
Sung-Mun Song SDN,L,0.008690784,0,-0.045521102,0.13176859,0.01124031,0,9.683053285,-0.011227457,0.10684319,0.104789259,-0.011011623,0.2903637,0.980776207,-0.0056913
TJ Rumfield COL,L,0.00434751,0,-0.045583424,0.131770265,-0.087768084,0,9.681933842,-0.011244022,0.106827174,0.11046245,-0.01162665,0.306114096,1.03402951,0.010074096
Alek Thomas ARI,L,0.018637244,0.017224682,-0.043165468,0.124640288,-0.018421417,0,9.682950269,-0.011255323,0.106813734,0.104536622,-0.011015376,0.289708311,0.978681473,-0.006310689
Jose Trevino CIN,R,-0.008400545,-0.01244886,-0.043950906,0.126729008,0.083335282,0.075810918,9.683022131,-0.011271172,0.106801348,0.103991771,-0.010974666,0.288215201,0.973693424,-0.007786799
Andruw Monasterio BOS,R,0.008309738,-0.005791506,-0.044959245,0.12951523,0.004761905,0,9.682919991,-0.011281978,0.106791244,0.10799219,-0.011408852,0.299320648,1.011245736,0.003328648
Bob Seymour NA,L,0.003755656,0.003167421,-0.04479638,0.128506787,-0.083167421,0,9.705882353,-0.011317509,0.106773271,0.104624279,-0.011089726,0.290012127,0.979873321,-0.005956873
Rece Hinds CIN,R,0.011891644,0.000734619,-0.044995409,0.129017447,-0.050018365,0,9.683447934,-0.011333488,0.106742956,0.10372662,-0.011013227,0.287564715,0.971742068,-0.008362285
Jordan Beck COL,R,0.012120223,-0.000931438,-0.048021894,0.137718456,-0.04999808,0,9.68298295,-0.011332987,0.106735393,0.103281143,-0.010966221,0.286347089,0.967637262,-0.009576911
Luisangel Acuna CHA,R,0.02425303,-0.000838147,-0.045248613,0.129550345,0.01900555,0,9.682983401,-0.011351639,0.106716775,0.104115292,-0.011074915,0.288686713,0.975622552,-0.007213287
Mauricio Dubon ATL,R,0.00304988,-0.029094852,-0.043682228,0.124997146,0.015026823,0,9.683033545,-0.011358238,0.106711644,0.10740741,-0.011432295,0.29782224,1.00652006,0.00192924
Ildemaro Vargas ARI,B,-0.000503232,-0.015697138,-0.046352724,0.131855956,0.011537396,0,9.683127692,-0.011425095,0.106649389,0.111194433,-0.011911994,0.308417486,1.042616691,0.012606486
Dane Myers CIN,R,0.012188335,-0.018922529,-0.046170971,0.131255565,0.006565004,0,9.682938888,-0.011433183,0.10663621,0.106749274,-0.011445306,0.296110629,1.001060285,0.000313629
Tim Tawa ARI,R,0.008204657,-0.004319853,-0.045557598,0.128860294,-0.013887868,0,9.68309867,-0.011491474,0.106576274,0.103854854,-0.01119804,0.288175626,0.974465051,-0.007551374
Chase Pinder NA,R,0.0032,0,-0.044,0.132,0.0164,0,9.676258993,-0.011,0.107,0.107370121,-0.01103805,0.296745929,1.003459078,0.001022929
C.J. Cron NA,R,-0.0096,-0.016,-0.048,0.132,-0.0824,0,9.677419355,-0.012,0.106,0.106001553,-0.012000176,0.29561433,1.000014648,4.33E-06
Nick Madrigal LAA,R,0.002593703,-0.022488756,-0.047526237,0.133208396,0.016671664,0,9.683098506,-0.011598408,0.106471187,0.105794301,-0.011524671,0.29371378,0.993642542,-0.00187922
Tommy Troy ARI,R,0.009915433,0,-0.047145877,0.131712474,0.016666667,0,9.683202179,-0.011630557,0.106430898,0.105105516,-0.011485722,0.291868534,0.987547019,-0.003680466
Blake Burke MIL,L,0.0064,0,-0.048,0.132,-0.0824,0,9.523809524,-0.012,0.106,0.105904273,-0.011989163,0.295200167,0.999096911,-0.000266833
Brice Matthews HOU,R,0.0175,-9.86E-05,-0.047189349,0.13091716,-0.011109467,0,9.68282608,-0.011716594,0.106355335,0.104908211,-0.011557173,0.29143193,0.986393492,-0.00402007
Hyeseong Kim LAN,L,0.020758037,-0.002199662,-0.044873096,0.123553299,0.016663283,0,9.682968568,-0.011804718,0.10626917,0.106042497,-0.011779539,0.294713033,0.997866999,-0.000629967
Johan Mieses NA,R,0.0032,0,-0.048,0.132,-0.0492,0,9.693877551,-0.012,0.106,0.106497346,-0.012056303,0.296684525,1.004691939,0.001385525
Matt Thaiss BOS,L,-0.002845745,-0.030718085,-0.04787234,0.130984043,0.083351064,-0.029040001,9.682854237,-0.011875528,0.106220004,0.106907589,-0.011952401,0.297176314,1.006473216,0.001911314
Ryan Bliss SEA,R,0.017313596,-0.006524123,-0.046984649,0.128508772,0.016666667,0,9.682887387,-0.01188388,0.106192242,0.099242493,-0.011106139,0.275919893,0.934555019,-0.019322107
Robbie Grossman NA,B,-0.002444444,0,-0.049777778,0.135555556,-0.116488889,0,9.688311688,-0.011934063,0.106127915,0.107569928,-0.012096217,0.299216096,1.013587493,0.004011096
HÃ©ctor RodrÃ­guez CIN,L,0.007626016,0,-0.048292683,0.131707317,-0.04998374,0,9.681748837,-0.011913253,0.10613625,0.105527422,-0.011844915,0.293491732,0.994263706,-0.001693268
Nelson Quiroz LAN,L,0.005343511,0,-0.048091603,0.13129771,0.083282443,0,9.681720014,-0.011872053,0.106094698,0.105391704,-0.011793388,0.293228081,0.993373899,-0.001955919
Jose Miranda SDN,R,-0.002525597,-0.003071672,-0.049829352,0.13556314,-0.033337884,0,9.683615956,-0.011946261,0.106125347,0.105355432,-0.011859594,0.293016697,0.992745231,-0.002141303
Jose Tena WAS,L,0.009156527,-0.011981852,-0.048257373,0.130810476,0.018816251,0,9.683067255,-0.011989733,0.106083516,0.106094495,-0.011990974,0.295141543,1.000103497,3.05E-05
Kyle Higashioka TEX,R,-0.00711041,-0.037497303,-0.047339642,0.127171399,0.078336488,0.056359912,9.682957226,-0.0120982,0.105970772,0.104743122,-0.011958045,0.291553822,0.988415207,-0.003417178
Brendan Jones MIA,L,0.0176,0,-0.048,0.132,-0.0492,0,9.703703704,-0.012,0.106,0.104449193,-0.011824437,0.29062101,0.985369741,-0.00431499
Kyle Isbel KCA,L,0.015774745,0.002768714,-0.045950756,0.122871551,0.016667655,0,9.683035471,-0.012153919,0.105914592,0.105000604,-0.012049037,0.292360123,0.991370519,-0.002544877
Everson Pereira CHA,R,0.006733504,0.009979016,-0.049148986,0.131359291,-0.034446258,0,9.683112391,-0.012161328,0.105909709,0.106051875,-0.012177653,0.295289844,1.001342326,0.000395844
Jeferson Quero MIL,R,0.006460905,0,-0.049382716,0.131687243,0.083333333,0,9.68279728,-0.012180325,0.105918077,0.100798481,-0.011591584,0.280623993,0.951664569,-0.014253007
Jon Berti NA,R,0.021065022,-0.031950673,-0.048729447,0.128512706,0.021427504,0,9.683118146,-0.012324646,0.105742438,0.105147969,-0.012255359,0.293038265,0.994378137,-0.001656735
Blake Perkins MIL,B,0.01507312,-0.010393454,-0.049825905,0.130414345,0.016667827,0,9.682977815,-0.012416938,0.105652434,0.103822647,-0.01220189,0.28947426,0.982681074,-0.00510174
Warming Bernabel WAS,R,0.004444444,0.003174603,-0.050793651,0.132936508,-0.083293651,0,9.702380952,-0.012405255,0.105638496,0.104533716,-0.012275519,0.291477478,0.989541883,-0.003080522
Jose Rojas NYN,L,-0.0012,-0.032,-0.048,0.132,0.0164,0,9.710982659,-0.012,0.106,0.105348222,-0.011926214,0.292716992,0.993851152,-0.001811008
Zack Gelof OAK,R,0.015600901,-0.001942021,-0.050295525,0.131156769,0.016667605,0,9.683072818,-0.012462182,0.105604264,0.108098378,-0.012756508,0.301477889,1.023617553,0.006955889
James Tibbs LAN,L,0.006,0,-0.048,0.132,-0.0824,0,9.5,-0.012,0.106,0.108632465,-0.012298015,0.301827105,1.024834574,0.007314105
Weston Wilson BAL,R,0.006121673,-0.009885932,-0.049429658,0.128897338,-0.05,0,9.684813754,-0.012447461,0.10561192,0.104388793,-0.012303303,0.291093252,0.98841867,-0.003410748
Eduardo Valencia DET,R,0.003527981,0,-0.050608273,0.131873479,0.083333333,0,9.6832961,-0.012482051,0.105617354,0.102383266,-0.012099841,0.285485082,0.969379198,-0.009017918
Felix Reyes PHI,R,0.0072,0,-0.048,0.132,-0.0824,0,9.565217391,-0.012,0.106,0.106131386,-0.012014874,0.294863027,1.001239489,0.000365027
Jared Thomas COL,L,0.0104,0,-0.052,0.132,-0.0492,0,9.716981132,-0.013,0.106,0.106144648,-0.01301774,0.29483879,1.001364604,0.00040179
Josiah Town NA,L,0.0076,0,-0.052,0.132,-0.0492,0,9.696969697,-0.013,0.105,0.104988283,-0.012998549,0.294332152,0.999888411,-3.28E-05
Socrates Brito NA,L,0.0036,0,-0.052,0.132,-0.0264,0,9.662162162,-0.013,0.105,#N/A,#N/A,#N/A,#N/A,#N/A
Oscar Gonzalez NA,R,0.006244898,-0.020408163,-0.052244898,0.133877551,-0.049918367,0,9.684684685,-0.012664669,0.105374001,0.104477952,-0.012556975,0.291736937,0.991496494,-0.002502063
Nacho Alvarez Jr. ATL,R,0.004011696,-0.062573099,-0.049473684,0.126666667,0.050011696,0,9.683220591,-0.012688379,0.10537654,0.103205576,-0.012426974,0.28817514,0.979398036,-0.00606186
Austin Gauthier LAN,R,0.00470339,0,-0.051271186,0.131779661,0.016652542,0,9.681836488,-0.012654907,0.105422696,0.10438103,-0.012529866,0.291323747,0.990119148,-0.002907253
Jorge Bonifacio NA,R,0.0028,-0.052,-0.052,0.132,0.0164,0,9.672131148,-0.013,0.105,0.10523146,-0.013028657,0.294846525,1.002204383,0.000648525
Jose Caballero NYA,R,0.034682934,-0.017605334,-0.050702227,0.128117463,0.031061143,0,9.68304184,-0.012862158,0.105207701,0.105855446,-0.012941348,0.29583526,1.006156823,0.00181026
Ronny Simon PIT,B,0.014406439,-0.006237425,-0.05331992,0.134406439,0.01665996,0,9.683591054,-0.012886976,0.105186901,0.105854484,-0.012968765,0.295889056,1.006346633,0.001866056
Donovan Solano NA,R,-0.01462585,0.00170068,-0.053061224,0.134013605,-0.083435374,0,9.679487179,-0.012884259,0.105221447,0.104742983,-0.012825671,0.292662124,0.995452787,-0.001336876
Abraham Toro KCA,B,-0.001276865,0.025158028,-0.054108723,0.136662453,-0.083337547,0,9.682034976,-0.012870972,0.10519313,0.102840071,-0.012583062,0.287420597,0.977631054,-0.006576403
Blaze Alexander BAL,R,0.007671426,-0.014383924,-0.051683413,0.130248546,0.016666667,0,9.682998767,-0.012896762,0.105175473,0.102195133,-0.012531309,0.285652452,0.971663164,-0.008330548
Yusniel Diaz NA,R,0.0072,-0.028,-0.052,0.132,-0.0492,0,9.615384615,-0.013,0.105,#N/A,#N/A,#N/A,#N/A,#N/A
Santiago Espinal LAN,R,0.00555336,-0.01814888,-0.052931489,0.13201581,0.016663373,0,9.683172837,-0.013029738,0.105040603,0.104292723,-0.012936967,0.29172604,0.992880082,-0.00209196
Rafael Flores PIT,R,0.003642288,0.001593049,-0.052787835,0.131209269,0.017972484,-0.001178571,9.68315704,-0.013072034,0.104988697,0.103197675,-0.012849036,0.288751643,0.982940816,-0.005011357
J.D. Davis NA,R,-0.003283019,0.018490566,-0.054339623,0.133962264,-0.083358491,0,9.681528662,-0.013178722,0.104880664,0.105263473,-0.013226824,0.294743888,1.00364995,0.001071888
Ezequiel Duran TEX,R,0.00666726,-0.019893238,-0.053042705,0.13044484,0.021170819,0,9.683052329,-0.013215789,0.104852942,0.106978289,-0.01348367,0.299536927,1.020269791,0.005950927
Brock Wilken MIL,R,0.005041137,0,-0.053926702,0.131787584,0.016664174,0,9.682862539,-0.013300105,0.104777523,0.100388229,-0.012742943,0.281188539,0.958108439,-0.012294461
Kole Myers LAN,L,0.0128,0,-0.052,0.132,-0.0492,0,9.646017699,-0.013,0.105,0.102344124,-0.012671177,0.286059623,0.974705939,-0.007423377
Akil Baddoo MIL,L,0.01914952,-0.007201646,-0.053840878,0.131138546,-0.049993141,0,9.683587468,-0.013342072,0.104731016,0.104861271,-0.013358666,0.293796946,1.001243716,0.000364946
Elehuris Montero NA,R,-0.0020875,0.011,-0.0545,0.13175,-0.083375,0,9.695652174,-0.013446429,0.104641594,0.104850584,-0.013473285,0.29389079,1.001997204,0.00058579
A.J. Ewing NYN,L,0.0168,0,-0.052,0.132,-0.0492,0,9.674796748,-0.013,0.105,0.110134631,-0.013635716,0.307634346,1.048901252,0.014342346
Jared Dickey OAK,L,0.0056,0,-0.052,0.132,-0.0492,0,9.680851064,-0.013,0.105,0.105468712,-0.013058031,0.294576121,1.004463922,0.001309121
Zac Veen COL,L,0.011955524,0,-0.055488881,0.133286269,-0.05000706,0,9.682689577,-0.013529272,0.104542024,0.103180837,-0.013353114,0.289376474,0.986979522,-0.003817526
Thomas White OAK,R,0.0052,0,-0.056,0.132,0.0164,0,9.682539683,-0.014,0.105,0.1044891,-0.01393188,0.291746503,0.995134282,-0.001426497
Brainer Bonaci NA,B,0.009189189,0,-0.056756757,0.132432432,0.050540541,0,9.690522244,-0.013823775,0.104665727,#N/A,#N/A,#N/A,#N/A,#N/A
Angel Martinez CLE,B,0.012067449,-0.005676581,-0.057100964,0.136740679,0.014036447,0,9.682989853,-0.013572793,0.104494576,0.106885112,-0.0138833,0.2998462,1.022877124,0.0067062
James McCann ARI,R,-0.006995157,-0.000540541,-0.053099274,0.127021792,0.062675545,-0.0385,9.683101941,-0.01358519,0.10448764,0.09947129,-0.012932978,0.279056163,0.951990977,-0.014072837
Junwoo Jeon NA,R,-0.0112,0,-0.056,0.132,-0.0264,0,9.696969697,-0.014,0.104,0.1030134,-0.013867188,0.290327419,0.990513459,-0.002780581
Deyvison De Los Santos MIA,R,0.008295535,0,-0.055209072,0.131750532,-0.091009922,0,9.683156771,-0.013619154,0.104451396,0.103441489,-0.013487475,0.290247295,0.990331325,-0.002833705
Harold Ramirez WAS,R,0.003505882,0,-0.058352941,0.137411765,-0.116729412,0,9.68,-0.0138075,0.10428003,0.104735447,-0.013867801,0.294151046,1.004367253,0.001279046
Niko Kavadas LAA,L,0.001398747,0.004592902,-0.056158664,0.13131524,-0.083319415,0,9.719626168,-0.013889944,0.104148762,0.106317906,-0.014179235,0.298833939,1.02082736,0.006096939
Michael Boeve MIL,L,0.007179487,0,-0.056410256,0.133333333,-0.117435897,0,9.701492537,-0.01381883,0.104269354,0.101036743,-0.013390412,0.283579057,0.968997502,-0.009072943
Henry Davis PIT,R,0.003251121,0.006229981,-0.054788597,0.127194106,0.083326393,-0.005139423,9.683019153,-0.014000258,0.104066814,0.10397159,-0.013987448,0.292343252,0.999084969,-0.000267748
Jett Williams MIL,R,0.012877511,0,-0.056902139,0.131788723,0.026192482,0,9.683076942,-0.014033165,0.104042011,0.102715337,-0.013854223,0.28884428,0.987248671,-0.00373072
Gabriel Rincones PHI,L,0.010684932,0,-0.056986301,0.131689498,-0.049981735,0,9.682816941,-0.014059989,0.104007868,0.103729941,-0.014022418,0.291753295,0.997327824,-0.000781705
Jacob Young WAS,R,0.027779824,0.037366829,-0.053518348,0.12364856,0.01666579,0,9.682994597,-0.014066966,0.104003591,0.102885453,-0.013915733,0.289384033,0.989249042,-0.003144967
Ryan Vilade TBA,R,0.006162216,-0.016790307,-0.056256182,0.129747774,-0.044668645,0,9.682853134,-0.014091179,0.103977414,0.103131994,-0.013976606,0.290118766,0.991869202,-0.002378234
Tyrone Taylor NYN,R,0.01563206,0.002994441,-0.056750941,0.129818899,-0.032906581,0,9.683097666,-0.01420726,0.103858887,0.102876263,-0.014072843,0.289587007,0.990538859,-0.002765993
Spencer Jones NYA,L,0.012089443,0,-0.058064516,0.131744868,-0.05,0,9.68247649,-0.014322004,0.103744111,0.103534171,-0.014293021,0.291625659,0.997976363,-0.000591341
Aron Estrada BAL,B,0.0124,0,-0.056,0.132,0.0164,0,9.667896679,-0.014,0.104,0.1008848,-0.013580646,0.283443606,0.970046154,-0.008752394
Jeong Choi NA,R,-0.0076,0,-0.056,0.132,0.0164,0,9.680365297,-0.014,0.104,0.105370404,-0.014184478,0.29604423,1.013176965,0.00385023
Samad Taylor SDN,R,0.016981465,-0.014121801,-0.058252427,0.13168579,0.016663725,0,9.682817131,-0.014380753,0.103693948,0.105398426,-0.014617138,0.296952241,1.016437587,0.004802241
Joey Meneses OAK,R,-0.009628942,-0.012801484,-0.061038961,0.137909709,-0.083327149,0,9.682836022,-0.014385225,0.103684391,0.10479339,-0.014539089,0.295257631,1.010695919,0.003124631
Francisco Urbaez CIN,R,0.004782609,0,-0.057971014,0.130434783,-0.115942029,0,9.673913043,-0.014387682,0.103591311,0.103978705,-0.014441487,0.293225472,1.003739639,0.001092472
Garrett Whitley NA,R,0.008,0,-0.056,0.132,0.0164,0,9.691119691,-0.014,0.104,0.104124761,-0.014016795,0.292429386,1.001199627,0.000350386
Ramon Rodriguez MIL,R,0.004117647,0,-0.058823529,0.131932773,0.083529412,0,9.681174089,-0.014477097,0.103614654,0.102681483,-0.014346714,0.289416775,0.99099383,-0.002630225
Marcus Wilson NA,R,0.0088,-0.024,-0.06,0.132,-0.0492,0,9.5,-0.015,0.104,0.104298125,-0.015042999,0.292825008,1.002866584,0.000837008
Aidan Miller PHI,R,0.018683305,0,-0.058950086,0.131841652,0.033347676,0,9.683143025,-0.014533464,0.103537667,0.103404772,-0.014514809,0.291576268,0.998716456,-0.000374732
Joey Gallo NA,L,0.001964809,-0.004105572,-0.059530792,0.13255132,-0.083343109,0,9.681093394,-0.014582093,0.103511311,0.104323183,-0.014696465,0.294189462,1.007843309,0.002289462
Jason Vosler NA,L,0.000122324,0.015902141,-0.058715596,0.131192661,-0.083455657,0,9.705882353,-0.014557866,0.103497331,0.101759036,-0.014313359,0.286972798,0.983204447,-0.004902202
Dylan Moore PHI,R,0.017844581,-0.003721881,-0.059141104,0.131165644,-0.033333333,0,9.682813583,-0.014653263,0.103413937,0.102179775,-0.014478388,0.288312663,0.98806581,-0.003482337
Tim Elko CHA,R,0.003687215,0.003196347,-0.05890411,0.130479452,-0.083299087,0,9.680365297,-0.014668388,0.10341782,0.102486066,-0.014536232,0.289165051,0.990990394,-0.002628949
Chris Gittens NA,R,0.0032,0.004,-0.06,0.132,-0.0824,0,10,-0.015,0.103,0.102882775,-0.014982928,0.291458911,0.998861894,-0.000332089
Josh Rojas KCA,L,0.005544484,-0.019857651,-0.059074733,0.13088968,0.016669039,0,9.683144307,-0.014672507,0.103396982,0.10199507,-0.014473569,0.287815011,0.986441459,-0.003955989
Eli White ATL,R,0.011647651,-0.009899329,-0.059865772,0.132416107,-0.044741611,0,9.683376989,-0.014694442,0.103380012,0.100764825,-0.014322719,0.284372572,0.974703163,-0.007380428
Ryan Ward LAN,L,0.005250627,0,-0.059774436,0.131829574,-0.050012531,0,9.684304135,-0.014738889,0.103357619,0.103133392,-0.014706914,0.291079152,0.997830573,-0.000632848
Mitchell Tolman NA,L,0.004,0,-0.06,0.132,0.0164,0,9.665271967,-0.015,0.103,0.102989337,-0.014998447,0.291678801,0.999896476,-3.02E-05
Jacob Melton TBA,L,0.02189313,0.011328244,-0.058137405,0.128183206,-0.02460458,0,9.683141866,-0.014741237,0.103328021,0.098725048,-0.014084557,0.278696986,0.955452811,-0.012994014
Roc Riggio COL,L,0.0104,0,-0.06,0.132,0.0164,0,9.68627451,-0.015,0.103,0.100171326,-0.014588057,0.283657965,0.972537148,-0.008010035
Jose Iglesias NA,R,-0.002301635,-0.016293156,-0.05978195,0.131586917,0.027780133,0,9.682826584,-0.014765907,0.103301505,0.102534244,-0.014656234,0.289492733,0.992572604,-0.002166267
Jason Heyward NA,L,0.000515021,-0.012017167,-0.059656652,0.130901288,-0.050085837,0,9.698275862,-0.014811024,0.103250954,0.102361962,-0.014683501,0.289108157,0.991389988,-0.002510843
Christian Cerda ARI,R,0.004693878,0,-0.06122449,0.132653061,0.083469388,0,9.678217822,-0.015076329,0.103021585,0.104349637,-0.015270679,0.295296218,1.012891006,0.003758218
Wuilfredo Antunez CLE,L,0.0084,0,-0.06,0.132,-0.0492,0,9.62962963,-0.015,0.103,0.100176448,-0.014588803,0.283524635,0.972586873,-0.007991365
Stuart Fairchild CLE,R,0.010235199,-0.021816707,-0.06107056,0.132765612,-0.016666667,0,9.683659063,-0.014953217,0.103123578,0.103747428,-0.015043677,0.293194022,1.006049535,0.001763022
Fenwick Trimble MIA,R,0.014,0,-0.06,0.132,-0.0492,0,9.684210526,-0.015,0.103,0.100147246,-0.01458455,0.283332117,0.972303363,-0.008070883
Nicholas Dunn NA,L,0.002857143,0,-0.06122449,0.132653061,0.016734694,0,9.67462039,-0.015037956,0.10326063,0.103425358,-0.015061945,0.291851839,1.001595263,0.000464839
Clark Elliott OAK,L,0.0072,0,-0.06,0.132,-0.0492,0,9.74025974,-0.015,0.103,0.102168276,-0.014878875,0.289029093,0.991925009,-0.002352907
Brennan Milone OAK,R,0.00517094,0,-0.060897436,0.131837607,-0.083397436,0,9.6875,-0.015010021,0.10306881,0.100263548,-0.014601488,0.283434809,0.972782623,-0.007930191
Ismael Munguia TOR,L,0.012027027,0,-0.060810811,0.132432432,0.016621622,0,9.686684073,-0.014990189,0.102932632,0.103107232,-0.015015616,0.291849212,1.001696254,0.000494212
Tucupita Marcano SDN,L,0.008206278,-0.021524664,-0.061434978,0.131838565,0.05,0,9.683697904,-0.015149529,0.102950446,0.102871535,-0.015137917,0.291001779,0.99923351,-0.000223221
Ke'Bryan Hayes CIN,R,0.008621679,0.032379894,-0.05936314,0.12741831,0.016666667,0,9.68302856,-0.015141779,0.102927736,0.101389578,-0.014915499,0.286841396,0.985055946,-0.004351604
Riley Alderman MIA,R,0.009917628,0,-0.061449753,0.131795717,-0.050016474,0,9.683544815,-0.015153516,0.102905782,0.100982252,-0.014870265,0.285738202,0.981307853,-0.005442798
Justice Bigbie DET,R,0.003727034,0,-0.061417323,0.131496063,-0.116535433,0,9.684711481,-0.01516661,0.102925541,0.102300409,-0.015074494,0.289388621,0.993926373,-0.001768379
T.J. Hopkins NA,R,0.0024,-0.02,-0.06,0.132,-0.0492,0,10,-0.015,0.103,0.102792594,-0.014969795,0.290561729,0.997986347,-0.000586271
Nick Maton NA,L,0.005098814,0,-0.064426877,0.137944664,-0.116679842,0,9.67839196,-0.015179662,0.102905073,0.103032076,-0.015198397,0.291495314,1.001234179,0.000359314
Trevor Hauver TEX,L,0.004146341,0,-0.062195122,0.132926829,-0.050243902,0,9.66507177,-0.015252379,0.102878793,0.102225506,-0.015155526,0.289284288,0.99364994,-0.001848712
Pablo Reyes SDN,R,0.004461538,-0.007384615,-0.062461538,0.133230769,-0.05,0,9.682804674,-0.015226104,0.102832454,0.104587116,-0.015485911,0.296085437,1.017063311,0.004967437
Brady House WAS,R,0.00670945,0.001388097,-0.062046016,0.132515687,0.016667617,0,9.683026446,-0.015216891,0.102852755,0.101723144,-0.015049767,0.287902907,0.9890172,-0.003197093
Jeter Downs NA,R,0.0116,-0.048,-0.06,0.132,0.0492,0,9.680365297,-0.015,0.103,0.103111872,-0.015016292,0.291379134,1.001086136,0.000316134
Tucker Bradley NA,L,0.008,0,-0.06,0.132,-0.0492,0,9.625,-0.015,0.103,0.103069565,-0.015010131,0.291258581,1.000675392,0.000196581
Braxton Fulford COL,R,0.006629732,-0.013665743,-0.060687904,0.12855494,0.083326408,-0.05978984,9.682972381,-0.015343306,0.102728368,0.102348007,-0.015286496,0.289867748,0.996297403,-0.001077252
David Peralta NA,L,-0.005582822,-0.022699387,-0.06196319,0.13006135,-0.04993865,0,9.705882353,-0.01550444,0.102697729,0.102933805,-0.015540081,0.291499548,1.002298751,0.000668548
Jonah Advincula CLE,L,0.018,0,-0.06,0.132,-0.0492,0,9.714285714,-0.015,0.103,0.103183688,-0.015026751,0.291349661,1.001783376,0.000518661
Joey Loperfido HOU,L,0.00683748,-0.007260681,-0.062858302,0.132287723,-0.04707815,0,9.682965858,-0.015442324,0.102628842,0.101737703,-0.015308237,0.288296758,0.991316881,-0.002525242
Carlos Perez HOU,R,-0.005502183,0.005676856,-0.062882096,0.131877729,0.08349345,-0.037347827,9.684171833,-0.015481201,0.102670467,0.100832379,-0.015204045,0.285612526,0.982097201,-0.005206474
Nick Fortes TBA,R,0.002805788,-0.04172136,-0.059069212,0.123955847,0.083333831,0.042459701,9.683026209,-0.015487245,0.102583446,0.103108806,-0.01556656,0.292254093,1.005121294,0.001489093
Nick Sogard BOS,B,0.002689335,-0.013523957,-0.061823802,0.129520866,-0.005556414,0,9.683489339,-0.015517459,0.102551007,0.102979315,-0.015582268,0.29193621,1.004176533,0.00121421
David Villar NA,R,0.000778032,0.027231121,-0.062242563,0.13020595,-0.083272311,0,9.685863874,-0.015548745,0.102553117,0.10206306,-0.015474444,0.289330774,0.99522143,-0.001389226
Zach Cole HOU,L,0.009015613,-0.005133633,-0.060333422,0.126144483,-0.027402752,0,9.683117136,-0.015544339,0.102524463,0.101646366,-0.015411206,0.288204278,0.991435248,-0.002489722
Nicholas Cimillo PIT,R,0.0052,0,-0.064,0.132,-0.0824,0,9.583333333,-0.016,0.103,0.101304211,-0.015736576,0.28590212,0.983536025,-0.00478588
Miguel Sano NA,R,-0.004588745,-0.077056277,-0.064935065,0.135497835,0.016666667,0,9.69924812,-0.015561537,0.102498659,0.101738357,-0.015446107,0.288527801,0.992582327,-0.002156199
Ryan Ritter COL,R,0.00923459,0.013863175,-0.059945812,0.125129826,0.019049447,0,9.683050714,-0.015570246,0.102499719,0.101200523,-0.015372891,0.286978811,0.987324878,-0.003684189
Payton Eeles BAL,L,0.013777778,0,-0.062222222,0.131111111,0.016666667,0,9.675324675,-0.015403169,0.102321054,0.103090425,-0.015518989,0.29283243,1.00751919,0.00218543
Corey Julks DET,R,0.007020725,-0.014507772,-0.066062176,0.137564767,-0.050051813,0,9.676840215,-0.015619506,0.102476213,0.102204912,-0.015578155,0.289855583,0.997352544,-0.000769417
Leodalis De Vries OAK,B,0.006011236,0,-0.063389513,0.131835206,0.050018727,0,9.68315238,-0.015627376,0.102443568,0.101950108,-0.015552101,0.289195233,0.9951831,-0.001399767
Vito Friscia NA,R,0.008,0,-0.064,0.132,0.0824,0,9.682151589,-0.016,0.102,0.101778325,-0.015965227,0.289962456,0.997826714,-0.000631544
John Rave KCA,L,0.009408419,-0.000758438,-0.062343572,0.129313614,-0.049992416,0,9.683335999,-0.015670848,0.102403845,0.102394836,-0.015669469,0.290514439,0.999912022,-2.56E-05
Brennen Davis SEA,R,0.005339652,0,-0.063665087,0.131753555,-0.049984202,0,9.680365297,-0.015708663,0.102359672,0.101846513,-0.01562991,0.289013789,0.994986708,-0.001456211
Alexander Canario NA,R,-0.000529101,0.004761905,-0.065079365,0.133862434,-0.05,0,9.688195991,-0.015775969,0.102351407,0.09969964,-0.015367238,0.282922939,0.974091538,-0.007525061
Tom Murphy NA,R,-0.002279305,-0.031765557,-0.063675832,0.131403763,0.083350217,-0.041956521,9.682954249,-0.015751858,0.102333376,0.102243481,-0.015738021,0.290189859,0.999121551,-0.000255141
Henry Bolte OAK,R,0.015686275,0,-0.062745098,0.131372549,-0.049607843,0,9.672131148,-0.01557257,0.102194988,0.103760786,-0.015811167,0.294833168,1.015321671,0.004449168
Kyler Fedko MIN,R,0.012,0,-0.064,0.132,-0.0824,0,10,-0.016,0.102,0.102040697,-0.016006384,0.29047485,1.000398989,0.00011585
Dustin Harris CHA,L,0.015579196,0.00212766,-0.064539007,0.13286052,-0.05,0,9.682337992,-0.015796376,0.10224248,0.101145078,-0.015626829,0.287241491,0.989266667,-0.003116509
Zachary Levenson SLN,R,0.0064,0,-0.064,0.132,0.0164,0,9.700854701,-0.016,0.102,0.097352262,-0.015270943,0.277115124,0.954433946,-0.013229876
Anthony Rendon LAA,R,0.001858407,-0.02300885,-0.069026549,0.142035398,0.016681416,0,9.681249395,-0.015792031,0.102243278,0.103868258,-0.016043018,0.294946325,1.01589327,0.004614325
Travis Bazzana CLE,L,0.00876638,0,-0.064211478,0.131766832,0.01666516,0,9.683081354,-0.015838306,0.102230078,0.10576861,-0.016386524,0.300378278,1.034613414,0.010049278
Derek Hill CHA,R,0.013024862,-0.017771639,-0.063858195,0.130524862,0.00555709,0,9.682874944,-0.01590333,0.102161986,0.099473637,-0.015484841,0.282607328,0.973685431,-0.007637672
Hao-Yu Lee DET,R,0.010802632,0,-0.064473684,0.131710526,0.016657895,0,9.682496712,-0.015909743,0.102179515,0.101382905,-0.015785708,0.287982195,0.992203811,-0.002262805
Victor Labrada SEA,L,0.0156,0,-0.064,0.132,-0.0492,0,9.662921348,-0.016,0.102,0.101766043,-0.015963301,0.289509427,0.997706305,-0.000665573
Trey Mancini LAA,R,-0.007177122,-0.013837638,-0.064760148,0.131734317,-0.083284133,0,9.684059822,-0.015982129,0.102085277,0.09947251,-0.015573083,0.282705398,0.974406037,-0.007425602
Niko Hulsizer NA,R,0.0072,0,-0.064,0.132,-0.0492,0,9.701492537,-0.016,0.102,0.102136111,-0.016021351,0.290462082,1.00133442,0.000387082
Ji-Man Choi NA,L,-0.0056,-0.016,-0.064,0.132,-0.0824,0,9.677419355,-0.016,0.102,0.102938608,-0.016147233,0.29272107,1.00920204,0.00266907
Jhostynxon Garcia PIT,R,0.00701995,-0.011121117,-0.065315877,0.131733167,-0.038038238,0,9.682946512,-0.016115393,0.101953064,0.099026302,-0.015652769,0.281657501,0.971293049,-0.008324499
Jimmy Crooks SLN,L,0.004098525,-0.003268678,-0.065113941,0.131099196,0.069966488,-0.016960432,9.682998896,-0.016141361,0.101932321,0.101506575,-0.016073943,0.288745923,0.995823253,-0.001211077
Bryan De La Cruz PHI,R,-0.004012507,-0.029338197,-0.06925482,0.139499739,-0.049994789,0,9.68412943,-0.01613774,0.101926401,0.100558628,-0.015921184,0.286064031,0.986580783,-0.003890969
Rudy Martin KCA,L,0.0168,0,-0.064,0.132,0.0164,0,9.69348659,-0.016,0.102,0.099925922,-0.015674654,0.284038453,0.9796659,-0.005895547
Chad Pinder NA,R,0.0032,-0.028,-0.064,0.132,-0.0492,0,10,-0.016,0.102,0.101349216,-0.015897916,0.288049377,0.993619768,-0.001849623
Aaron Palensky NA,R,0.0096,0,-0.064,0.132,-0.0492,0,9.726027397,-0.016,0.102,0.102206273,-0.016032357,0.29044117,1.002022287,0.00058617
Kevin Alcantara CHN,R,0.009206928,-0.001458523,-0.065542388,0.13135825,-0.016663628,0,9.683524366,-0.016219059,0.101848472,0.101800146,-0.016211363,0.289704474,0.999525514,-0.000137526
D.J. Stewart NA,L,0.003218673,-0.022850123,-0.066584767,0.132678133,-0.05,0,9.66442953,-0.0163003,0.101771615,0.102216412,-0.016371541,0.290991253,1.004370534,0.001266253
Pedro Pages SLN,R,-0.002578925,-0.005564365,-0.063644227,0.126553265,0.083331411,0.045449569,9.682987969,-0.016345032,0.101724222,0.10058123,-0.016161376,0.286445865,0.988763812,-0.003255135
Sebastian Walcott TEX,R,0.0112,0,-0.064,0.132,0.0492,0,9.668674699,-0.016,0.102,0.102022098,-0.016003466,0.289761762,1.000216646,6.28E-05
Nathan Nankil OAK,R,0.0056,0,-0.064,0.132,-0.0492,0,9.682539683,-0.016,0.102,0.101108423,-0.015860145,0.287095385,0.99125905,-0.002531615
Ryan Ignoffo MIA,R,0.010540541,0,-0.067567568,0.132432432,0.084324324,0,9.68852459,-0.016454312,0.101358561,0.100828991,-0.016368343,0.288071999,0.994775278,-0.001513001
Emmanuel Rivera NA,R,-0.002013769,-0.020998279,-0.066781411,0.132013769,0.016660929,0,9.682988687,-0.016438928,0.10164172,0.101444421,-0.016407018,0.289015893,0.998058875,-0.000562107
Rafael Lantigua TOR,R,0.006193182,0,-0.067045455,0.131818182,0.016647727,0,9.685929648,-0.016549514,0.101541086,0.10049908,-0.016379684,0.286547983,0.989738093,-0.002971017
Ji Hwan Bae NYN,L,0.020101781,-0.017048346,-0.066412214,0.130534351,0.016692112,0,9.682726204,-0.016527415,0.101570779,0.10172295,-0.016552176,0.289933722,1.001498176,0.000433722
Robert Hassell III WAS,L,0.011340434,0.014931672,-0.06517283,0.127813505,-0.020940514,0,9.68308053,-0.016571318,0.101497409,0.098091137,-0.016015182,0.279705077,0.96643981,-0.009712923
Cal Stevenson DET,L,0.011530612,-0.032142857,-0.065816327,0.128571429,0.016683673,0,9.680940386,-0.016610913,0.101468211,0.102033041,-0.016703378,0.291024038,1.005566571,0.001611038
Leandro Cedeno SDN,R,0.0044,0,-0.068,0.132,-0.0824,0,9.722222222,-0.017,0.101,0.101331846,-0.017055855,0.29034985,1.003285602,0.00095085
Jadher Areinamo TBA,R,0.009761905,0,-0.066666667,0.130952381,0.016666667,0,9.694656489,-0.016483471,0.101255605,0.099618671,-0.016216993,0.284686038,0.983833642,-0.004677962
Jake Holton SFN,R,0.003815789,0,-0.067105263,0.131578947,-0.083421053,0,9.663865546,-0.016544325,0.101536739,0.099915082,-0.016280093,0.284719895,0.984028862,-0.004621105
Connor Wong BOS,R,0.004769581,-0.024040652,-0.067338356,0.131119678,0.083332749,-0.052189142,9.682991881,-0.016690273,0.101379402,0.101574278,-0.016722356,0.289827048,1.001922239,0.000556048
Jonah Heim OAK,B,-0.006370174,-0.018243755,-0.066843301,0.129560939,0.08333081,-0.009799243,9.682883614,-0.016767309,0.101296956,0.10120126,-0.016751469,0.288896818,0.999055289,-0.000273182
Termarr Johnson PIT,L,0.0088,0,-0.068,0.132,0.0164,0,9.695652174,-0.017,0.101,0.096697969,-0.016275896,0.276795543,0.957405635,-0.012314457
Maxwell Anderson DET,R,0.005140033,0,-0.068369028,0.131795717,0.016672158,0,9.683698659,-0.01685981,0.101199488,0.102185955,-0.017024155,0.29188879,1.009747744,0.00281779
Joshua Kuroda-Grauer OAK,R,0.0088,0,-0.068,0.132,0.0492,0,9.682539683,-0.017,0.101,0.101812995,-0.017136841,0.291362581,1.008049451,0.002326581
Thairo Estrada BAL,R,0.007501779,-0.001637011,-0.070676157,0.13594306,0.016669039,0,9.682888844,-0.016894464,0.101179633,0.100608436,-0.016799088,0.287383401,0.994354622,-0.001631599
Orlando Arcia MIN,R,-0.00125244,0.012394275,-0.066297983,0.127521145,0.026190631,0,9.68294526,-0.016897217,0.101176025,0.099455961,-0.016609952,0.284100558,0.982999294,-0.004913442
Nate Mondou SDN,L,0.0015,-0.026666667,-0.068333333,0.131666667,0.016666667,0,9.676470588,-0.016921251,0.101114792,0.100428483,-0.016806399,0.287028503,0.993212578,-0.001961497
Tyler Dearden NA,L,0.0056,0,-0.068,0.132,-0.0492,0,9.622641509,-0.017,0.101,0.101287993,-0.017048474,0.289698703,1.002851417,0.000823703
Cesar Prieto SLN,L,0.004477612,-0.00667252,-0.069885865,0.133450395,0.01666374,0,9.682972212,-0.017023096,0.1010479,0.101634145,-0.017121858,0.290544917,1.005801651,0.001675917
Patrick Sullivan HOU,L,0.0128,0,-0.068,0.132,0.0164,0,9.668049793,-0.017,0.101,0.10050242,-0.016916249,0.287420005,0.995073466,-0.001422995
Franklin Arias BOS,R,0.0076,0,-0.068,0.132,0.0492,0,9.679487179,-0.017,0.101,0.105502098,-0.017757779,0.301705709,1.044575233,0.012874709
Max Schuemann NYA,R,0.010074074,-0.01308642,-0.067736626,0.128477366,0.033333333,0,9.683178461,-0.017139414,0.100941358,0.100752144,-0.017107286,0.28818179,0.998125504,-0.00054121
Alex Dickerson NA,L,-0.0008,0,-0.068,0.132,-0.1152,0,9.701492537,-0.017,0.101,0.100926578,-0.016987642,0.288492128,0.99927305,-0.000209872
Ryan Noda BAL,L,0.00383592,0.005986696,-0.070953437,0.133259424,-0.083281596,0,9.691714836,-0.017296707,0.100807371,0.100911162,-0.017314516,0.288832075,1.001029598,0.000297075
Charles Condon COL,R,0.005948345,0,-0.070406242,0.131772935,-0.087928437,0,9.682800333,-0.017365959,0.10070531,0.102445237,-0.017665998,0.293413325,1.017277416,0.004983325
Joseph Rizzo NA,L,0.0064,0,-0.068,0.132,0.0164,0,9.6875,-0.017,0.101,0.100667771,-0.01694408,0.287394525,0.996710602,-0.000948475
Aaron Hicks NA,B,-0.001478873,-0.002816901,-0.072535211,0.135211268,-0.05,0,9.674796748,-0.017427419,0.100672953,0.101795113,-0.017621675,0.29153884,1.011146588,0.00321384
Jacob Hurtubise MIL,L,0.013834197,-0.012176166,-0.071502591,0.132642487,-0.050051813,0,9.68503937,-0.017523941,0.100572186,0.0985882,-0.017178247,0.282584283,0.980273017,-0.005686717
Austin Wynns OAK,R,-0.004511923,0.020305514,-0.069709389,0.129172876,0.083334575,-0.016761194,9.683112663,-0.017540086,0.100525033,0.097945057,-0.017089919,0.280816983,0.974334984,-0.007397017
Taylor Jones NA,R,0,0.004,-0.072,0.132,-0.0824,0,9.583333333,-0.018,0.101,0.100744313,-0.017954432,0.287458436,0.997468444,-0.000729564
Rougned Odor NA,L,0.0076,-0.032,-0.072,0.132,0.0164,0,9.701492537,-0.018,0.1,0.100311535,-0.018056076,0.289064741,1.00311535,0.000897741
Matt Mervis WAS,L,-3.59E-05,0.00573991,-0.072197309,0.133363229,-0.083327354,0,9.683377309,-0.017598591,0.100475929,0.099670676,-0.017457549,0.285829743,0.991985615,-0.002309257
Hunter Feduccia TBA,L,0.001598032,-0.005758017,-0.06978863,0.128826531,0.083338192,0.013859745,9.683040315,-0.017605886,0.100463877,0.098775029,-0.017309923,0.283290323,0.983189499,-0.004843677
Andrew Stevenson NA,L,0.0148,-0.056,-0.072,0.132,0.0164,0,9.67032967,-0.018,0.1,#N/A,#N/A,#N/A,#N/A,#N/A
Rikuu Nishida CHA,L,0.0132,0,-0.072,0.132,-0.0492,0,9.677419355,-0.018,0.1,0.100654068,-0.018117732,0.289946121,1.006540679,0.001884121
Alejo Lopez SEA,B,0.0048,-0.032,-0.072,0.132,0.0164,0,9.68503937,-0.018,0.1,0.099182151,-0.017852787,0.285676333,0.991821509,-0.002355667
Darin Ruf NA,R,-0.004,0,-0.072,0.132,-0.1152,0,9.673202614,-0.018,0.1,0.100962207,-0.018173197,0.290797405,1.009622065,0.002771405
Cody Thomas NA,L,0.0028,-0.024,-0.072,0.132,-0.0492,0,9.62962963,-0.018,0.1,0.099683193,-0.017942975,0.287056693,0.996831926,-0.000912307
Daniel Schneemann CLE,L,0.004195856,-0.009743463,-0.073655649,0.134953133,0.011334484,0,9.683115902,-0.017739674,0.100330746,0.10150063,-0.017946523,0.291326797,1.011660272,0.003357797
Denzel Clarke OAK,R,0.016829874,-0.005219336,-0.0670809,0.122753821,0.016665838,0,9.682939712,-0.017760521,0.10030845,0.096961329,-0.017167883,0.278333868,0.966631711,-0.009608132
Nasim Nunez WAS,B,0.026742424,0.015743371,-0.069554924,0.127225379,0.025756392,0,9.683030484,-0.017768041,0.100300532,0.097768849,-0.017319558,0.280664315,0.974759023,-0.007267685
Albert Fabian SDN,L,0.006,0,-0.072,0.132,-0.1152,0,9.68503937,-0.018,0.1,0.100352793,-0.018063503,0.288937769,1.003527931,0.001015769
Javier Vaz KCA,L,0.01,0,-0.072522523,0.131981982,0.016666667,0,9.681012168,-0.01787959,0.10028118,0.100211638,-0.017867191,0.287661378,0.999306533,-0.000199622
Brandon Lockridge MIL,R,0.021215596,-0.006039755,-0.071788991,0.130657492,-0.027775229,0,9.6832,-0.017852735,0.100214874,0.100365626,-0.017879591,0.28825597,1.001504293,0.00043297
Raul Melendez ARI,R,0.003424658,0,-0.07260274,0.131506849,-0.083424658,0,9.685534591,-0.01789845,0.100298861,0.098810459,-0.017632843,0.283524219,0.985160336,-0.004270781
Gavin Conticello ARI,L,0.0056,0,-0.072,0.132,-0.0492,0,9.761904762,-0.018,0.1,0.098042811,-0.017647706,0.282142698,0.980428105,-0.005632302
Gabriel Arias CLE,R,0.009313371,-0.010814961,-0.071975431,0.130547329,0.043235714,0,9.682983448,-0.01791853,0.100149348,0.099923182,-0.017878065,0.287094192,0.997741715,-0.000649808
Carson Taylor SEA,L,0.004444444,0,-0.073333333,0.131851852,-0.083185185,0,9.680851064,-0.018121294,0.100124726,0.09925381,-0.017963669,0.285104313,0.991301687,-0.002501687
Vidal Brujan NYN,B,0.011109551,-0.045224719,-0.071629213,0.128792135,0.038897472,0,9.682766191,-0.018080228,0.099990753,0.098455808,-0.017802681,0.283124041,0.984649128,-0.004413959
Turner Hill SFN,L,0.0112,0,-0.072,0.132,-0.0492,0,9.649122807,-0.018,0.1,0.101138053,-0.018204849,0.29077797,1.011380528,0.00327197
Christopher Meyers DET,L,0.003394495,0,-0.073394495,0.131651376,-0.083211009,0,9.690721649,-0.018126892,0.099924493,0.099855636,-0.018114401,0.287249922,0.999310908,-0.000198078
David Hamilton MIL,L,0.039765227,0.013997785,-0.072978959,0.130409745,0.017900332,0,9.683025272,-0.01818736,0.099878689,0.099646197,-0.018145025,0.286740985,0.997672263,-0.000669015
Diego Rincones NA,R,0.0072,0,-0.072,0.132,-0.0492,0,9.782608696,-0.018,0.1,0.100216249,-0.018038925,0.28803152,1.002162486,0.00062152
Michael Toglia CIN,B,0.002373541,-0.005642023,-0.075,0.133657588,-0.083307393,0,9.682860999,-0.018236569,0.099839892,0.099679671,-0.018207303,0.286890864,0.998395223,-0.000461136
Sean Bouchard NA,R,0.005571429,-0.015357143,-0.074642857,0.132857143,-0.049928571,0,9.76744186,-0.018266189,0.099808554,0.099838266,-0.018271627,0.287424539,1.000297694,8.55E-05
Isiah Gilliam SEA,B,0.0092,0,-0.072,0.132,-0.1152,0,9.663865546,-0.018,0.1,0.100357965,-0.018064434,0.288361552,1.003579651,0.001028552
Allan Castro BOS,B,0.009047619,0,-0.073809524,0.130952381,-0.049761905,0,9.718309859,-0.018299908,0.099764014,0.095632107,-0.017541984,0.27540191,0.958583193,-0.01189909
Brad Miller NA,L,-0.0044,0,-0.072,0.132,-0.1152,0,9.675324675,-0.018,0.1,0.100118467,-0.018021324,0.2875933,1.00118467,0.0003403
Scott Hurst NA,L,0.0044,-0.048,-0.072,0.132,0.0164,0,9.647058824,-0.018,0.1,0.099840109,-0.01797122,0.286711839,0.998401089,-0.000459161
Drew Ellis NA,R,0.0008,0.04,-0.072,0.132,-0.0824,0,9.583333333,-0.018,0.1,0.099937123,-0.017988682,0.286966451,0.999371231,-0.000180549
Anthony Prato NA,R,0.009078947,0,-0.075,0.131578947,0.016710526,0,9.690402477,-0.018490716,0.099590348,0.099783774,-0.018526629,0.28763557,1.001942225,0.00055757
Caden Connor CHA,L,0.0064,0,-0.072,0.132,-0.0824,0,9.756097561,-0.018,0.1,0.098703762,-0.017766677,0.283332111,0.987037624,-0.003720889
Xavier FernÃ¡ndez NA,R,0.0024,0,-0.076,0.132,-0.0824,0,9.677419355,-0.019,0.1,0.100306125,-0.019058164,0.287847484,1.003061251,0.000878484
Bertram Murray CHN,B,0.007628866,0,-0.075257732,0.130927835,-0.082989691,0,9.695431472,-0.018641956,0.099594012,0.101898283,-0.019073268,0.293567573,1.02313664,0.006638573
Travis Jankowski NYN,L,0.012334802,-0.00969163,-0.075330396,0.131277533,-0.050088106,0,9.698492462,-0.018643609,0.099432579,0.099615722,-0.018677948,0.287440458,1.001841882,0.000528458
Francisco Tostado NA,L,0.0064,0,-0.076,0.132,-0.0824,0,9.615384615,-0.019,0.099,0.099184516,-0.019035412,0.287435726,1.0018638,0.000534726
Sandro Fabian NA,R,0.003289037,-0.013289037,-0.075747508,0.131893688,-0.050033223,0,9.669421488,-0.018646585,0.099448453,0.097931033,-0.018362069,0.282512531,0.984741647,-0.004377469
Johan Rojas PHI,R,0.029498253,0.014957129,-0.071991108,0.125722452,0.016665608,0,9.683007071,-0.018609393,0.099458053,0.098631341,-0.018454709,0.284498381,0.991687834,-0.002384619
Matthew Etzel MIA,L,0.016153846,0,-0.076923077,0.133333333,0.016666667,0,9.693593315,-0.018843859,0.099244325,0.095688905,-0.018168779,0.276556268,0.964175085,-0.010275732
Jonatan Clase TOR,B,0.021559792,-0.008578856,-0.07322357,0.127556326,-0.016672444,0,9.683512681,-0.018658435,0.099408607,0.098255904,-0.018442079,0.283501068,0.988404397,-0.003325932
Jon Singleton NA,L,-0.00932914,0,-0.076310273,0.132914046,-0.116750524,0,9.684395374,-0.018661164,0.099406585,0.09964574,-0.018706059,0.287492998,1.002405826,0.000689998
Trey Cabbage NA,L,0.008501529,-0.013455657,-0.074006116,0.128746177,-0.049938838,0,10,-0.018681262,0.09935035,0.099949222,-0.018793871,0.288499622,1.006027883,0.001728622
Kris Bryant COL,R,-0.002368866,0.001180438,-0.078510998,0.136153412,-0.105578116,0,9.682678736,-0.018737257,0.09932631,0.098641219,-0.01860802,0.284749337,0.993102627,-0.001977663
Enrique Hernandez LAN,R,0.00119209,-0.006723164,-0.074887006,0.129548023,-0.003847458,0,9.682875615,-0.018785873,0.099286633,0.099071415,-0.018745152,0.286047606,0.997832364,-0.000621394
Willie MacIver TEX,R,0.006933498,-0.01317734,-0.074630542,0.128817734,0.083337438,-0.048370369,9.682608689,-0.01883497,0.099241021,0.097284642,-0.018463668,0.280959941,0.980286595,-0.005650059
Oswald Peraza LAA,R,0.014272925,-0.003662507,-0.074769398,0.129055887,0.0007949,0,9.682888559,-0.018829988,0.099233215,0.099918016,-0.018959932,0.288586868,1.006900928,0.001977868
Andre Lipcius NA,R,0.00377193,-0.01995614,-0.076315789,0.131798246,0.016666667,0,9.681335357,-0.018829164,0.099231859,#N/A,#N/A,#N/A,#N/A,#N/A
Matthew Kroon NA,R,0.012,0,-0.076,0.132,-0.0492,0,9.591836735,-0.019,0.099,0.099100956,-0.019019375,0.286839208,1.001019756,0.000292208
Jordan Qsar NA,L,0.0036,0,-0.076,0.132,-0.0492,0,9.62962963,-0.019,0.099,0.099218189,-0.019041875,0.287003143,1.002203927,0.000631143
Diego Castillo NA,R,0.004447439,0.008894879,-0.076819407,0.131266846,0.016657682,0,9.681706109,-0.019007707,0.099040157,0.099209986,-0.0190403,0.286859048,1.001714745,0.000491048
Dairon Blanco TEX,R,0.03233279,-0.007993475,-0.076835237,0.131158238,-0.050032626,0,9.685430464,-0.019037138,0.09902545,0.098541577,-0.018944115,0.28496572,0.995113649,-0.00139928
Tyler Heineman TOR,B,-0.000508,-0.00112,-0.07528,0.1282,0.083328,0.049559999,9.683083399,-0.019087428,0.098976733,0.095379303,-0.018393672,0.275882514,0.963653782,-0.010405486
Jamie Westbrook NA,R,-0.000134409,-0.01344086,-0.077956989,0.132795699,0.016693548,0,9.681185451,-0.019094256,0.098960919,0.098984308,-0.019098769,0.286346662,1.00023635,6.77E-05
Drew Waters KCA,B,0.01004075,-0.037326813,-0.076609617,0.12991035,0.016674817,0,9.683860054,-0.019166856,0.098892821,0.099700882,-0.01932347,0.288528481,1.008171079,0.002338481
Mitch Haniger NA,R,-0.006968085,-0.032446809,-0.079255319,0.133776596,-0.049973404,0,9.682422452,-0.019253924,0.098854041,0.098858886,-0.019254868,0.286140025,1.000049017,1.40E-05
Dayan Viciedo NA,R,-0.0068,0,-0.076,0.132,-0.0264,0,9.661016949,-0.019,0.099,0.09759846,-0.018731018,0.282066451,0.985843033,-0.004050549
Bryce Johnson SDN,B,0.012441558,-0.01538961,-0.078149351,0.132045455,-0.023331169,0,9.683515703,-0.019233728,0.09882956,0.096242803,-0.018730306,0.278618458,0.973826079,-0.007488542
Philip Clarke NA,L,0.001388889,0,-0.077777778,0.130555556,0.083333333,0,9.686888454,-0.019214078,0.098815256,0.099012233,-0.019252379,0.286624215,1.001993382,0.000570215
Keith Jones TEX,L,0.0088,0,-0.076,0.132,-0.1152,0,9.692307692,-0.019,0.099,0.098507777,-0.018905533,0.284617825,0.995028056,-0.001422175
Dayson Croes SFN,L,0.0052,0,-0.076,0.132,0.0164,0,9.7,-0.019,0.099,0.100045246,-0.019200603,0.288984231,1.010558044,0.003019231
Joe Dunand NA,R,0.0028,-0.036,-0.076,0.132,0.0164,0,9.702970297,-0.019,0.099,0.098944022,-0.018989257,0.285776322,0.99943457,-0.000161678
Nicholas Morabito NYN,R,0.018,0,-0.076,0.132,-0.0492,0,9.6875,-0.019,0.099,0.099376077,-0.019072176,0.28700313,1.00379876,0.00108613
Tristin English ATL,R,0.001544118,0.003676471,-0.077941176,0.130882353,-0.083235294,0,9.6875,-0.019394513,0.098619271,0.097489613,-0.019172354,0.282633988,0.988545264,-0.003275012
Daniel Johnson MIA,L,0.008838951,-0.002996255,-0.080149813,0.134456929,-0.05,0,9.678571429,-0.019369541,0.098657945,0.096354005,-0.018917208,0.279218551,0.976647199,-0.006676449
Victor Arias TOR,L,0.008,0,-0.076,0.132,0.0164,0,9.663461538,-0.019,0.099,0.098161192,-0.018839017,0.283453828,0.991527194,-0.002422172
William Trimble BAL,B,0.0136,0,-0.076,0.132,-0.0492,0,9.622641509,-0.019,0.099,0.099181226,-0.019034781,0.286338204,1.001830569,0.000523204
Maxwell Costes NA,R,0.0068,0,-0.08,0.132,-0.0824,0,9.672131148,-0.02,0.099,0.098760184,-0.019951552,0.28507576,0.997577615,-0.00069224
David Dahl NA,L,0.001351351,-0.024324324,-0.077992278,0.12972973,-0.05003861,0,9.683655536,-0.019534134,0.098541001,0.098607312,-0.019547279,0.285927279,1.000672928,0.000192279
Matt Beaty NA,L,-0.0024,-0.008,-0.08,0.132,-0.0824,0,9.714285714,-0.02,0.098,0.098501697,-0.020102387,0.287122396,1.005119359,0.001462396
Cavan Biggio HOU,L,0.00407362,-0.032269939,-0.079141104,0.131042945,0.016662577,0,9.682165695,-0.019624916,0.098459267,0.097008683,-0.019335785,0.281430727,0.985267162,-0.004208273
Kyoung-min Hur NA,R,-0.0072,0,-0.08,0.132,0.0164,0,9.683544304,-0.02,0.098,0.098771346,-0.020157418,0.287839859,1.007870875,0.002247859
Mike Ford NA,L,-0.004172932,0,-0.081578947,0.134586466,-0.116654135,0,9.683306495,-0.019706021,0.098439292,0.098673787,-0.019752963,0.286258282,1.002382123,0.000680282
Jarred Kelenic CHA,L,0.010830059,0.003986711,-0.080746562,0.13305501,-0.057411591,0,9.681725343,-0.019726615,0.098345093,0.097987072,-0.019654801,0.28446264,0.996359535,-0.00103936
Ramon Mendoza SLN,R,0.0052,0,-0.08,0.132,0.0168,0,9.685863874,-0.019722942,0.09861471,0.098850437,-0.019770087,0.286137346,1.00239038,0.000682346
Greyson Jenista NA,L,0.0072,0,-0.08,0.132,-0.0492,0,9.615384615,-0.02,0.098,0.098266272,-0.020054341,0.286208539,1.002717061,0.000775539
Rafael Ortega NA,L,-0.00023622,-0.049606299,-0.081102362,0.133070866,0.016614173,0,9.674796748,-0.019786123,0.098354319,0.098802845,-0.019876354,0.286722606,1.004560302,0.001301606
Blake Dunn CIN,R,0.013227425,-0.031772575,-0.079849498,0.131103679,0,0,9.683168796,-0.019795495,0.098272714,0.098366771,-0.019814441,0.285688172,1.000957105,0.000273172
William Gleed MIA,R,0.0064,0,-0.08,0.132,0.0164,0,9.689119171,-0.02,0.098,0.096710212,-0.019736778,0.281657637,0.986838897,-0.003756363
Brenton Doyle COL,R,0.016763412,0.032941276,-0.081646641,0.133762058,0.016666103,0,9.683011599,-0.019838222,0.098230963,0.095729943,-0.019333129,0.278094559,0.974539385,-0.007265441
Braiden Ward BOS,L,0.03,0,-0.08,0.132,0.0164,0,9.68503937,-0.02,0.098,0.098832342,-0.020169866,0.287724142,1.008493283,0.002423142
Brendan Rodgers BOS,R,0.000980132,-0.018543046,-0.082913907,0.135496689,0.016662252,0,9.682382134,-0.019889463,0.098176424,0.097929915,-0.019839523,0.284562699,0.997489121,-0.000716301
Jake Rogers DET,R,0.003112673,0.004139816,-0.077094318,0.125834798,0.083329428,0.075330078,9.683035166,-0.019912869,0.098157126,0.096763912,-0.019630231,0.281217016,0.985806286,-0.004048984
Andrew Bechtold PHI,R,0.0028,0,-0.08,0.132,0.0164,0,9.673913043,-0.02,0.098,0.097923003,-0.019984286,0.285023884,0.999214312,-0.000224116
Shay Whitcomb HOU,R,0.008083682,-0.018995816,-0.081506276,0.132468619,0.016661088,0,9.682811554,-0.019997313,0.098077172,0.09621646,-0.019617926,0.279764683,0.981028081,-0.005410317
Kole Calhoun NA,L,-0.007642276,-0.009756098,-0.081300813,0.131707317,-0.083252033,0,9.686520376,-0.020079964,0.097990222,0.098334958,-0.020150606,0.286144143,1.003518059,0.001003143
Justin Yurchak NA,L,0.0068,0,-0.08,0.132,-0.0824,0,9.672131148,-0.02,0.098,0.098262194,-0.020053509,0.285882823,1.002675445,0.000762823
Vimael Machin COL,L,0.001670823,-0.02319202,-0.079800499,0.129426434,0.016658354,0,9.681768626,-0.020023415,0.098052158,0.102699641,-0.020972486,0.298624711,1.04739807,0.013513711
Canaan Smith-Njigba NA,L,0.007373737,-0.013131313,-0.081818182,0.131313131,-0.05,0,9.6875,-0.020184937,0.097934323,0.0980407,-0.020206862,0.285371638,1.001086213,0.000309638
Ernesto Martinez NYA,L,0.005479452,0,-0.080821918,0.131506849,-0.083424658,0,9.660194175,-0.01992469,0.097934915,0.097551131,-0.019846609,0.283943913,0.996081235,-0.001117087
Matt Carpenter NA,L,-0.009637681,0,-0.08115942,0.131884058,-0.116449275,0,9.683426443,-0.020018735,0.097948811,0.098295476,-0.020089586,0.286056857,1.003539253,0.001008857
Simon Muzziotti NA,L,0.006818182,-0.020454545,-0.081818182,0.131818182,0.016590909,0,9.668049793,-0.020277365,0.098007262,#N/A,#N/A,#N/A,#N/A,#N/A
Jose Rodriguez PHI,R,0.010196078,0,-0.080392157,0.131372549,0.016470588,0,9.682151589,-0.020010968,0.09810255,0.098127427,-0.020016042,0.285110282,1.000253587,7.23E-05
Tristan Peters CHA,L,0.00597028,0.018881119,-0.080681818,0.130332168,-0.02777972,0,9.68297119,-0.02011801,0.097952696,0.098009656,-0.020129709,0.285173732,1.000581499,0.000165732
Homer Bush TBA,R,0.0192,0,-0.08,0.132,0.0164,0,9.690265487,-0.02,0.098,0.098782827,-0.020159761,0.287259452,1.007988027,0.002276452
Nathan Baez BOS,R,0.005945946,0,-0.083783784,0.132432432,0.084324324,0,9.679849341,-0.020403347,0.098067699,0.096792409,-0.020138018,0.28120794,0.98699582,-0.00370506
Tony Kemp NA,L,0.00631068,-0.024271845,-0.081553398,0.131067961,0.016699029,0,9.688109162,-0.020155011,0.097895769,0.098083858,-0.020193735,0.285383261,1.00192132,0.000547261
Yasmani Grandal NA,B,-0.016954733,-0.065843621,-0.079835391,0.127983539,0.083251029,0.065208332,9.682651516,-0.020286665,0.097773359,0.098773488,-0.020494178,0.287742533,1.01022906,0.002913533
Hyun Soo Kim NA,L,-0.0072,0,-0.08,0.132,-0.0264,0,9.583333333,-0.02,0.098,0.098648211,-0.020132288,0.286638483,1.006614398,0.001883483
Nelson Rada LAA,L,0.015866667,0,-0.082833333,0.131777778,-0.012966667,0,9.682506443,-0.020427595,0.097644176,0.097349621,-0.020365972,0.283778359,0.996983382,-0.000858641
Kristian Robinson ARI,R,0.011233062,0,-0.082926829,0.131842818,-0.0500271,0,9.688715953,-0.020442632,0.09763695,0.098966403,-0.020720985,0.288477222,1.013616285,0.003875222
Yohandy Morales WAS,R,0.005954416,0,-0.083119658,0.131837607,-0.083361823,0,9.682692308,-0.020494172,0.097571225,0.099105003,-0.020816332,0.289010814,1.015719566,0.004472814
Dominic Fletcher PIT,L,0.003270565,-0.042517344,-0.081268583,0.128741328,0.01666997,0,9.683886264,-0.02051693,0.097555498,0.097010137,-0.020402234,0.282938407,0.994409733,-0.001590593
Ryan McKenna NA,R,0.011681034,-0.012068966,-0.08362069,0.132327586,-0.05,0,9.75,-0.020517263,0.097509879,0.097686137,-0.02055435,0.284990217,1.001807594,0.000514217
Yunior Severino MIN,B,0.004457275,0,-0.083602771,0.13187067,0.016674365,0,9.684176915,-0.020621723,0.097468971,0.097585126,-0.020646298,0.284758947,1.001191713,0.000338947
Carter Kieboom CLE,R,0.004444444,0.042222222,-0.084444444,0.133333333,-0.083333333,0,9.649122807,-0.020675923,0.097394479,0.097374712,-0.020671727,0.284356278,0.999797049,-5.77E-05
Tyler Fitzgerald SFN,R,0.016831187,0.005293276,-0.082904149,0.130472103,-0.00555794,0,9.682505086,-0.020655121,0.097412329,0.093913248,-0.019913182,0.274126419,0.96407969,-0.010213581
Grant Lavigne NA,L,0.006066946,0,-0.084100418,0.131799163,-0.083430962,0,9.68579235,-0.020716834,0.09740004,0.097384727,-0.020713577,0.284264304,0.999842791,-4.47E-05
Matthew Lloyd BOS,L,0.005028571,0,-0.084,0.132,-0.083371429,0,9.689781022,-0.020712749,0.097364009,0.097016166,-0.02063875,0.28328431,0.996427401,-0.00101569
Benjamin Malgeri DET,R,0.006451613,0,-0.083870968,0.132258065,-0.050107527,0,9.777777778,-0.020661425,0.097214652,0.100263797,-0.021309472,0.293177899,1.031365075,0.008915899
Yoshi Tsutsugo NA,L,-0.0032,-0.016,-0.084,0.132,-0.0824,0,9.710144928,-0.021,0.097,0.099108423,-0.021456463,0.290435701,1.02173632,0.006178701
Brett Wisely ATL,L,0.003670213,-0.019468085,-0.0825,0.129308511,0.027781915,0,9.682873158,-0.020738142,0.097326198,0.096211668,-0.020500659,0.280989973,0.988548516,-0.003255027
Eddys Leonard MIL,R,0.0068,0,-0.084,0.132,-0.0492,0,10,-0.021,0.097,0.09810449,-0.021239116,0.287425927,1.011386491,0.003235927
Armando Alvarez OAK,R,0.002330827,-0.033082707,-0.084586466,0.131954887,0.016654135,0,9.682713348,-0.020813346,0.097313955,0.097418987,-0.02083581,0.284472702,1.001079306,0.000306702
Brendon Davis NA,R,0.006989796,-0.019897959,-0.084183673,0.131632653,-0.04994898,0,9.679487179,-0.020786408,0.097255193,0.097516597,-0.020842278,0.28487564,1.002687813,0.00076364
Victor Bericoto SFN,R,0.005058824,0,-0.084117647,0.131176471,-0.049882353,0,9.743589744,-0.020798269,0.097155548,0.097434118,-0.020857903,0.284913586,1.002867261,0.000814586
Andrew Knizner SEA,R,-0.001011236,-0.019411081,-0.080627664,0.12545525,0.083339791,0.00177907,9.683143544,-0.020886899,0.097177779,0.096777128,-0.020800785,0.282885873,0.995877141,-0.001171127
Eguy Rosario NA,R,0.006593137,-0.006127451,-0.083823529,0.130147059,0.016691176,0,9.682242991,-0.020939802,0.097168029,0.097220232,-0.020951052,0.284175592,1.000537252,0.000152592
Robert Glendinning NA,R,0.0028,0,-0.084,0.132,-0.1152,0,9.698795181,-0.021,0.097,0.096990352,-0.020997911,0.283941756,0.999900539,-2.82E-05
Josh Donaldson NA,R,-0.0092,-0.024,-0.084,0.132,0.0164,0,9.62962963,-0.021,0.097,0.097333575,-0.021072217,0.284934507,1.003438914,0.000976507
Yohendrick Pinango TOR,L,0.006388889,0,-0.085185185,0.132407407,-0.050185185,0,9.736842105,-0.020919235,0.097092534,0.100299054,-0.021610101,0.293327561,1.033025395,0.009377561
Robert Tenerowicz SDN,R,0.001,0,-0.086666667,0.133333333,-0.084666667,0,9.652173913,-0.021029547,0.097059446,0.096833963,-0.020980692,0.283290344,0.997676859,-0.000659656
Brett Bateman CHN,L,0.009666667,0,-0.086666667,0.133333333,0.017,0,9.691629956,-0.021118748,0.097471144,0.099113855,-0.021474669,0.288730413,1.01685331,0.004785413
Javier Valdes NA,R,0.0064,0,-0.084,0.132,-0.1152,0,9.681528662,-0.021,0.097,0.09720959,-0.021045375,0.284557523,1.002160718,0.000613523
Charles McAdoo TOR,R,0.013846154,0,-0.087179487,0.133333333,0.016666667,0,9.676375405,-0.021356374,0.09673181,0.097615542,-0.021551483,0.286443224,1.009135896,0.002593224
Jace Avina NYA,R,0.0052,0,-0.084,0.132,-0.0492,0,10,-0.021,0.097,0.095278419,-0.020627287,0.278808228,0.982251742,-0.005037772
Yuli Gurriel SDN,R,-0.004228571,0,-0.086285714,0.133142857,-0.116628571,0,9.685863874,-0.021067868,0.096968002,0.096642068,-0.020997054,0.282841092,0.996638743,-0.000953908
Camden Duzenack NA,R,0.0032,0,-0.084,0.132,0.0492,0,9.691119691,-0.021,0.097,0.097371657,-0.021080462,0.284848236,1.00383152,0.001087236
Adam Duvall NA,R,-0.00504886,-0.010749186,-0.085667752,0.131596091,-0.050065147,0,9.683544304,-0.021169959,0.096914947,0.096877035,-0.021161678,0.283633003,0.999608813,-0.000110997
Curt Casali NA,R,-0.005496689,-0.024503311,-0.082119205,0.126490066,0.083377483,-0.029400001,9.68194565,-0.021088792,0.096940414,0.097582354,-0.021228442,0.285589736,1.006622006,0.001878736
Rixon Wingrove NA,L,0.006,0,-0.084,0.132,-0.0824,0,9.726027397,-0.021,0.097,0.096933372,-0.020985575,0.283454165,0.999313112,-0.000194835
Connor Charping SEA,R,0.008,0,-0.084,0.132,0.0824,0,9.691876751,-0.020921122,0.09663566,0.098164194,-0.021252042,0.288072637,1.015817499,0.004485637
Reese McGuire MIL,L,-0.00189781,0.006569343,-0.083211679,0.127189781,0.083366788,0.045427274,9.683131872,-0.021266611,0.096795724,0.092759677,-0.020379866,0.271749944,0.958303455,-0.011824056
Isan Diaz NA,L,0.002,-0.04,-0.084,0.132,0.0164,0,9.705882353,-0.021,0.097,#N/A,#N/A,#N/A,#N/A,#N/A
Edwin Arroyo CIN,B,0.008007519,0,-0.08637218,0.131766917,0.016663534,0,9.683075598,-0.021301815,0.09677375,0.096794795,-0.021306447,0.283610661,1.000217462,6.17E-05
Colin Moran SEA,L,-0.0048,-0.004,-0.084,0.132,-0.0824,0,9.642857143,-0.021,0.097,0.097244506,-0.021052934,0.284198572,1.002520678,0.000714572
Luis Lara MIL,B,0.014,0,-0.084,0.132,-0.0492,0,9.696969697,-0.021,0.097,0.099283058,-0.02149427,0.290090767,1.023536684,0.006670767
Jeferson Morales MIN,R,0.004794521,0,-0.08630137,0.131506849,-0.05,0,#DIV/0!,-0.021275516,0.096584088,0.0967025,-0.0213016,0.283762466,1.001225997,0.000347466
Javier Baez DET,R,0.008906528,0.002922849,-0.082848665,0.12574184,0.027976261,0,9.682961186,-0.021413023,0.096657712,0.095142978,-0.021077457,0.278963729,0.98432889,-0.004441271
Forrest Wall NA,L,0.016688312,-0.012337662,-0.085714286,0.12987013,-0.050064935,0,9.6,-0.021457287,0.09663907,0.096753724,-0.021482744,0.283698184,1.001186412,0.000336184
Dalton Guthrie NA,R,0.0048,-0.008,-0.088,0.132,-0.0492,0,9.545454545,-0.022,0.097,#N/A,#N/A,#N/A,#N/A,#N/A
Lazaro Armenteros NA,R,0.008108108,0,-0.086486486,0.132432432,-0.04972973,0,9.411764706,-0.021438831,0.096474738,0.096561951,-0.021458211,0.283512062,1.000903995,0.000256062
Harold Castro NA,L,0.000204082,-0.028571429,-0.087755102,0.132653061,0.016734694,0,9.702380952,-0.021564209,0.096286702,0.094827223,-0.021237347,0.278955615,0.984842365,-0.004293385
Gilberto Celestino TEX,R,0,-0.024,-0.088,0.132,0.0164,0,9.680851064,-0.022,0.097,0.096190724,-0.021816453,0.280877905,0.991656946,-0.002363095
Maximo Acosta MIA,R,0.013919717,-0.014226682,-0.084887839,0.127744982,0.031487603,0,9.682699138,-0.021593319,0.096479188,0.09520695,-0.021308575,0.279449751,0.986813348,-0.003734249
Enrique Bradfield BAL,L,0.026333333,0,-0.09,0.133333333,0.017,0,9.665427509,-0.021931007,0.096658884,0.095726825,-0.021719532,0.280407766,0.990357232,-0.002730234
Ryan Galanie CHA,R,0.0068,0,-0.088,0.132,-0.0824,0,9.634146341,-0.022,0.096,0.095282946,-0.021835675,0.280977497,0.992530686,-0.002114503
Marcus Lee Sang TEX,L,0.0077,0,-0.088,0.132,-0.05,0,9.444444444,-0.021705563,0.096441763,0.097242015,-0.021885671,0.285431957,1.008297768,0.002348957
Omar Meregildo NA,R,0.0072,0,-0.088,0.132,-0.0824,0,9.62962963,-0.022,0.096,0.095902556,-0.021977669,0.282760695,0.99898496,-0.000287305
Alex Jackson MIN,R,0.00476934,-0.004045422,-0.083960256,0.125408091,0.083335699,0.050858158,9.682886216,-0.021762629,0.09632217,0.094395698,-0.02132737,0.277320315,0.9799997,-0.005659685
Christian Koss SFN,R,0.009744977,-0.010741886,-0.086321484,0.128979907,0.011901082,0,9.682872311,-0.021749928,0.096307201,0.093982435,-0.021224905,0.276145224,0.975860935,-0.006830776
Jorge Barrosa ARI,B,0.006326137,0.010948342,-0.085774865,0.128103315,-0.033330763,0,9.683148347,-0.0217607,0.096304544,0.094212984,-0.021288097,0.276825382,0.97828181,-0.006145618
Michael Chavis CIN,R,0.005625,-0.045833333,-0.089583333,0.133333333,0.016875,0,9.702970297,-0.021884555,0.096190254,0.096524691,-0.021960644,0.283948822,1.003476833,0.000983822
Terence Doston NA,L,0.0092,0,-0.088,0.132,-0.0492,0,10,-0.022,0.096,0.096214273,-0.022049104,0.283592572,1.002232011,0.000631572
Ross Adolph NA,L,0.0072,0,-0.088,0.132,0.0164,0,9.657142857,-0.022,0.096,0.096255246,-0.022058494,0.283666214,1.002658808,0.000752214
Romeo Sanabria SDN,L,0.004333333,0,-0.09,0.133333333,-0.084333333,0,9.649122807,-0.021931007,0.096658884,0.093280744,-0.021164539,0.273019659,0.965050914,-0.009887341
Billy McKinney NA,L,0.002314815,-0.020833333,-0.087962963,0.130555556,-0.05,0,9.688581315,-0.021882538,0.096167997,0.095719119,-0.021780398,0.28152478,0.995332355,-0.00132022
James Ritchie NA,R,0.0032,0,-0.088,0.132,0.0824,0,9.671641791,-0.022,0.096,0.09625029,-0.022057358,0.283534304,1.002607185,0.000737304
Jesse Franklin NA,L,0.0088,0,-0.088,0.132,-0.0492,0,10,-0.022,0.096,0.096178651,-0.022040941,0.283300228,1.001860949,0.000526228
Kyren Paris LAA,R,0.019270346,0.004677268,-0.085874649,0.127221703,0.01666043,0,9.682802829,-0.021932112,0.096138146,0.095341295,-0.021750325,0.280417307,0.991711399,-0.002343693
Vinny Capra BOS,R,0.006056338,0.008098592,-0.088028169,0.13028169,0.01665493,0,9.682687369,-0.021953108,0.096154613,0.097424907,-0.022243129,0.286481344,1.013210953,0.003735344
Rodolfo Castro NA,B,0.006548673,-0.008849558,-0.089380531,0.131858407,0.016637168,0,9.683257919,-0.022041065,0.096020482,0.096588879,-0.022171538,0.284368423,1.005919535,0.001673423
Seth Stephenson DET,R,0.0184,0,-0.088,0.132,0.0164,0,9.704433498,-0.022,0.096,0.092679872,-0.021239137,0.272916157,0.965415334,-0.009776843
Zach DeLoach NA,L,0.006658879,-0.010280374,-0.091121495,0.134579439,-0.050023364,0,9.688888889,-0.022004236,0.096028741,0.09612524,-0.022026348,0.282944043,1.001004893,0.000284043
David Bote LAN,R,0.000762332,-0.02735426,-0.090134529,0.133183857,0.016681614,0,9.685452163,-0.022007985,0.09602489,0.096242478,-0.022057854,0.283286462,1.002265951,0.000640462
Angel Genao CLE,B,0.0068,0,-0.088,0.132,0.0492,0,9.689922481,-0.022,0.096,0.097184921,-0.022271544,0.286085075,1.01234293,0.003488075
Matthew Koperniak SLN,L,0.004102061,0,-0.089499509,0.131697743,-0.016663395,0,9.682590574,-0.022083589,0.095986127,0.096535437,-0.022209969,0.284198155,1.005722802,0.001617155
Eduardo Escobar NA,B,-0.0056,-0.036,-0.088,0.132,0.0164,0,9.591836735,-0.022,0.096,0.095948428,-0.021988181,0.282409205,0.999462789,-0.000151795
Pedro Ramirez CHN,B,0.0092,0,-0.088,0.132,0.0164,0,9.666666667,-0.022,0.096,0.098099254,-0.022481079,0.288716323,1.021867228,0.006178323
Jacob Thompson NA,L,0.006,0,-0.088,0.132,-0.0492,0,10,-0.022,0.096,0.096315536,-0.02207231,0.283380373,1.003286835,0.000928373
Trei Cruz DET,B,0.005668979,0,-0.090287413,0.131813677,0.033339941,0,9.683031228,-0.02226204,0.095817189,0.094447305,-0.021943763,0.278321169,0.985703146,-0.004036831
Donovan Walton LAA,L,0.001714286,-0.016571429,-0.088571429,0.129142857,0.016628571,0,9.68627451,-0.022294793,0.095795689,0.097204533,-0.022622677,0.286509556,1.014706758,0.004152556
Sheldon Neuse NA,R,0.006,-0.032,-0.088,0.132,0.0164,0,9.662921348,-0.022,0.096,0.095812229,-0.021956969,0.281767796,0.998044049,-0.000552204
Ryan Fitzgerald LAN,L,0.001875,0,-0.0890625,0.1296875,0.0165625,0,9.692307692,-0.02240649,0.0959155,0.097655014,-0.022812852,0.287437072,1.018135897,0.005120072
Whit Merrifield NA,R,0.011538462,-0.019230769,-0.088461538,0.130769231,0.016538462,0,9.708029197,-0.022132754,0.095267072,0.095611088,-0.022212677,0.283238113,1.003611072,0.001019113
Armani Smith NA,R,0.0076,0,-0.088,0.132,-0.0492,0,10,-0.022,0.096,0.096346533,-0.022079414,0.283127333,1.003609715,0.001018333
Adam Frazier LAA,L,0.004350962,-0.011598558,-0.091526442,0.132421875,-0.012821514,0,9.682872311,-0.02246385,0.095607796,0.094970152,-0.02231403,0.280219563,0.993330626,-0.001881437
Spencer Nivens KCA,L,0.0068,0,-0.088,0.132,-0.0492,0,10,-0.022,0.096,0.096240316,-0.022055073,0.282804175,1.002503297,0.000706175
Joe Mack MIA,L,0.006940419,0,-0.091179102,0.131776704,0.078672392,0,9.683038908,-0.02248682,0.095586636,0.095969443,-0.022576876,0.283203657,1.004004825,0.001129657
Hoy Park OAK,L,0.008452381,-0.029761905,-0.091666667,0.132142857,0.016666667,0,9.678456592,-0.022596606,0.095668747,0.095798806,-0.022627325,0.282455469,1.001359472,0.000383469
Ethan Gourson PIT,L,0.0124,0,-0.088,0.132,0.0164,0,9.680851064,-0.022,0.096,0.095402481,-0.021863069,0.280308389,0.993775842,-0.001755611
Yoyner Fajardo NA,L,0.010515464,0,-0.090721649,0.130927835,-0.049793814,0,10,-0.022472495,0.095508104,0.095662243,-0.022508763,0.282478153,1.001613886,0.000455153
Gabe Matthews NA,L,0.0064,0,-0.092,0.132,-0.0824,0,9.677419355,-0.023,0.096,0.096282334,-0.023067642,0.282803279,1.002940977,0.000829279
Matthew Lugo LAA,R,0.007643933,0.016917626,-0.090699734,0.130292294,-0.05,0,9.684848485,-0.022629395,0.095445659,0.094635894,-0.022437406,0.279515288,0.991515954,-0.002391712
Lorenzo Cedrola CLE,R,0.01,0,-0.092,0.132,0.0164,0,9.707602339,-0.023,0.095,0.094690082,-0.022924967,0.280949459,0.996737701,-0.000919541
Jordan Groshans ATL,R,0.003402062,-0.006185567,-0.091752577,0.130927835,0.016597938,0,9.679849341,-0.022727864,0.095508104,0.096203232,-0.022893282,0.283883232,1.007278208,0.002051232
Malcom NuÃ±ez NA,R,0.004326531,0,-0.091836735,0.131428571,0.016653061,0,9.680365297,-0.022681967,0.09536507,0.095219997,-0.022647462,0.281392285,0.998478768,-0.000428715
Jason Talley NA,L,0.008,0,-0.092,0.132,-0.0824,0,9.662921348,-0.023,0.095,0.094786518,-0.022948315,0.28117772,0.99775282,-0.00063328
Patrick Bailey SFN,B,0.000522424,0.003937386,-0.08772688,0.125343321,0.083330452,0.176460127,9.68299607,-0.022746227,0.095324994,0.094253358,-0.022490516,0.278582588,0.988758076,-0.003167412
Creed Willems BAL,L,0.0048,0,-0.092,0.132,-0.0824,0,9.690721649,-0.023,0.095,0.093482267,-0.022632549,0.277234946,0.984023859,-0.004501054
David McCabe ATL,B,0.0048,0,-0.092,0.132,-0.0824,0,9.690721649,-0.023,0.095,0.097162298,-0.023523504,0.288097465,1.022761035,0.006411465
Carlos RodrÃ­guez SDN,L,0.007782805,0,-0.09321267,0.131674208,0.016651584,0,9.679665738,-0.02298637,0.095069842,0.094209153,-0.022778269,0.278940616,0.990946772,-0.002548384
Jameson Hannah NA,L,0.0076,0,-0.092,0.132,-0.0492,0,10,-0.023,0.095,0.095388623,-0.023094088,0.282591307,1.004090772,0.001151307
Matthew Wood MIL,L,0.006,0,-0.092,0.132,0.0824,0,9.668674699,-0.023,0.095,0.096344658,-0.023325549,0.285391131,1.014154292,0.003983131
Travis d'Arnaud LAA,R,-0.010485301,-0.016145332,-0.092767149,0.130914606,0.077379841,-0.010610577,9.682920582,-0.023031255,0.095038684,0.093840266,-0.022740836,0.277844693,0.987390209,-0.003548307
Evan White LAA,R,0.004,0.016,-0.092,0.132,-0.0824,0,9.655172414,-0.023,0.095,0.095095442,-0.023023107,0.281664692,1.001004656,0.000282692
Andy Weber CHA,L,0.0048,0,-0.092,0.132,0.0492,0,9.670781893,-0.023,0.095,0.094489244,-0.022876343,0.279862221,0.99462362,-0.001512779
Cameron Collier CIN,L,0.0044,0,-0.092,0.132,0.0164,0,9.681528662,-0.023,0.095,0.093860929,-0.022724225,0.277931102,0.988009776,-0.003372898
Lucas Spence HOU,L,0.0092,0,-0.092,0.132,-0.0492,0,#DIV/0!,-0.023,0.095,0.093886654,-0.022730453,0.278006288,0.988280566,-0.003296712
Ryan Nicholson LAA,L,0.0044,0,-0.092,0.132,-0.0824,0,9.693877551,-0.023,0.095,0.093830538,-0.022716867,0.277840124,0.987689872,-0.003462876
Yu Chang NA,R,0.0084,-0.06,-0.092,0.132,0.0492,0,9.690721649,-0.023,0.095,0.095157617,-0.02303816,0.281756697,1.001659131,0.000466697
Luis Vazquez BAL,R,0.006481481,0.017901235,-0.094444444,0.132716049,0.016666667,0,9.683496609,-0.023105871,0.094990802,0.094441012,-0.022972138,0.279660948,0.994212173,-0.001628052
Noah Cardenas MIN,R,0.00625,0,-0.095,0.1325,0.08425,0,9.678638941,-0.023195366,0.094612679,0.092824554,-0.022756988,0.275921785,0.981100584,-0.005315215
Sabin Ceballos SFN,R,0.0056,0,-0.092,0.132,0.0164,0,9.6875,-0.023,0.095,0.095285546,-0.023069132,0.282008106,1.003005751,0.000845106
Isiah Kiner-Falefa BOS,R,0.014926979,0.002254676,-0.092185498,0.128900846,0.021014604,0,9.683059853,-0.023244192,0.094824416,0.093627708,-0.022950844,0.27758503,0.987379746,-0.00354797
Kahlil Watson CLE,L,0.010894737,0,-0.094210526,0.131710526,0.016657895,0,9.682726394,-0.023247707,0.094809083,0.095252063,-0.023356328,0.2824365,1.004672332,0.0013135
Kyle Farmer ATL,R,-0.005867841,-0.001938326,-0.094625551,0.131982379,0.016660793,0,9.682480899,-0.023306846,0.094768154,0.093488316,-0.022992089,0.277260354,0.986495054,-0.003795646
James Lott NA,R,0.0072,0,-0.092,0.132,-0.0492,0,10,-0.023,0.095,0.095354078,-0.023085724,0.282088479,1.003727139,0.001047479
Mason Martin NA,L,0.0064,0,-0.092,0.132,-0.1152,0,9.662921348,-0.023,0.095,0.094888791,-0.022973076,0.280667061,0.998829382,-0.000328939
Taylor Walls TBA,B,0.020789607,-0.022726506,-0.092694449,0.128884765,0.041474608,0,9.683084075,-0.023373204,0.094696787,0.092925717,-0.022936066,0.275716132,0.981297472,-0.005254868
Matthew Rudick NYN,L,0.005920398,0,-0.094527363,0.131343284,0.016616915,0,9.683441558,-0.023364566,0.094687979,0.092375139,-0.022793866,0.274076812,0.9755741,-0.006862188
Luis Castro NA,R,0.0024,0,-0.092,0.132,-0.0824,0,9.708737864,-0.023,0.095,0.094824387,-0.022957483,0.280402699,0.998151441,-0.000519301
Daniel Susac SFN,R,0.006475371,0,-0.094978479,0.131802965,0.083347681,0,9.682986156,-0.02342219,0.094644047,0.096331246,-0.023839733,0.28591365,1.017826782,0.00500765
Brandon Drury KCA,R,-0.006365979,-0.026546392,-0.096649485,0.134278351,0.016675258,0,9.684947491,-0.023411628,0.094645407,0.092410278,-0.022858743,0.2742546,0.976384182,-0.0066334
Jason Schwartz NYN,L,0.004,0,-0.094666667,0.132,-0.083333333,0,9.692307692,-0.023352899,0.094727253,0.093199939,-0.022976374,0.27634834,0.983876715,-0.00452866
Braylen Wimmer COL,R,0.0108,0,-0.092,0.132,-0.0492,0,10,-0.023,0.095,0.093175875,-0.02255837,0.275470061,0.980798685,-0.005392939
Riley Adams WAS,R,0.001022913,-0.018739771,-0.094435352,0.130523732,0.083330606,-0.086942628,9.681017597,-0.023511457,0.094555174,0.093314183,-0.02320288,0.2771097,0.986875479,-0.0036853
Jose Abreu NA,R,-0.0112,-0.016,-0.096,0.132,-0.084,0,9.690721649,-0.024,0.095,0.095083261,-0.024021034,0.281029087,1.000876431,0.000246087
Jonathan Gazdar SLN,R,0.008,0,-0.096,0.132,0.0164,0,9.679487179,-0.024,0.095,0.094754356,-0.023937942,0.280052981,0.997414269,-0.000726019
Alberto Rodriguez KCA,L,0.007,0,-0.095,0.132,-0.05,0,9.677419355,-0.023432142,0.09446853,0.094570153,-0.023457349,0.281064026,1.001075737,0.000302026
Will Simpson TBA,R,0.006,0,-0.096,0.132,-0.0824,0,9.711538462,-0.024,0.095,0.091879418,-0.023211642,0.271525924,0.967151766,-0.009222076
Colton Ledbetter SLN,L,0.0132,0,-0.096,0.132,-0.0492,0,#DIV/0!,-0.024,0.094,0.088315672,-0.022548682,0.263745358,0.939528421,-0.016975642
Bryan Arias NA,R,0.008,0,-0.096,0.132,0.0164,0,9.679487179,-0.024,0.094,0.093807671,-0.023950895,0.280140643,0.99795395,-0.000574357
Tim Locastro NA,R,0.0108,-0.012,-0.096,0.132,-0.0492,0,9.72972973,-0.024,0.094,0.094258758,-0.024066066,0.281464674,1.002752747,0.000772674
Michael Snyder MIA,R,0.01,0,-0.096,0.132,0.0164,0,9.689440994,-0.024,0.094,0.090666673,-0.023148938,0.270722006,0.964539079,-0.009952994
Tyler Neslony NA,L,0.0044,0,-0.096,0.132,-0.0492,0,9.565217391,-0.024,0.094,0.094263265,-0.024067217,0.281458076,1.002800693,0.000786076
Leonardo Bernal SLN,B,0.0068,0,-0.096,0.132,0.0824,0,9.690402477,-0.024,0.094,0.093026839,-0.023751533,0.277750432,0.989647226,-0.002905568
Garrett Cooper NA,R,-0.008741259,-0.012587413,-0.096503497,0.132867133,-0.083146853,0,9.681908549,-0.023648536,0.094422779,0.094953449,-0.023781445,0.282182042,1.005620149,0.001577042
Michael Helman TEX,R,0.010875371,-0.01305638,-0.095153314,0.13066271,0.019446093,0,9.683302822,-0.023671215,0.094389585,0.090044161,-0.022581461,0.267676262,0.953962886,-0.012917738
Brewer Hicklen ATL,R,0.016494845,-0.037113402,-0.095876289,0.131271478,0.016666667,0,9.682539683,-0.023734403,0.094342126,0.0958354,-0.024110078,0.285013988,1.01582828,0.004440988
Jeimer Candelario LAA,B,0.001431159,0.02192029,-0.099818841,0.136956522,-0.083324275,0,9.681259229,-0.023694051,0.094367684,0.092812509,-0.023303574,0.275937368,0.983520047,-0.004623632
Danny Mendick NA,R,0.002526316,-0.005789474,-0.094736842,0.13,0.016684211,0,9.685863874,-0.023729406,0.094390305,0.094249429,-0.02369399,0.280124293,0.998507512,-0.000418707
Kameron Misner KCA,L,0.009833333,0.00469697,-0.096439394,0.132045455,-0.023325758,0,9.682626539,-0.02373725,0.09433366,0.095038358,-0.023914574,0.282617574,1.007470266,0.002095574
Alfonsin Rosario CLE,R,0.0072,0,-0.096,0.132,-0.0492,0,10,-0.024,0.094,0.093350962,-0.023834288,0.278575161,0.993095344,-0.001936839
Corey Joyce PIT,R,0.008,0,-0.096,0.132,0.0164,0,9.679487179,-0.024,0.094,0.095406516,-0.024359111,0.284676805,1.014962939,0.004196805
Junior Perez OAK,R,0.012911909,0,-0.096492659,0.131810767,-0.023336052,0,9.682740502,-0.023797609,0.094265085,0.092153438,-0.023264515,0.274150976,0.977598842,-0.006282024
Michael Lipscomb CLE,L,0.014,0,-0.096,0.132,-0.0492,0,10,-0.024,0.094,0.093133526,-0.023778773,0.277842078,0.990782193,-0.002584922
Kevin Pillar NA,R,0.00244898,-0.047278912,-0.100680272,0.137414966,0.016666667,0,9.692307692,-0.023826266,0.09425864,0.093561279,-0.02364999,0.278338399,0.992601623,-0.002074601
Owen Miller CHN,R,0.008417266,-0.037769784,-0.097122302,0.132374101,0.016654676,0,9.675925926,-0.023831066,0.094265106,0.093082449,-0.02353208,0.276886031,0.987453927,-0.003517969
Trent Farquhar PHI,L,0.0116,0,-0.096,0.132,0.0164,0,9.696969697,-0.024,0.094,0.091461096,-0.023351769,0.272829421,0.972990378,-0.007573579
Jaylin Davis NA,R,0.0024,-0.068,-0.096,0.132,0.0164,0,9.705882353,-0.024,0.094,0.094319024,-0.024081453,0.281349636,1.003393876,0.000951636
Ford Proctor NA,L,0.0032,-0.028,-0.096,0.132,0.0164,0,9.718309859,-0.024,0.094,0.09422021,-0.024056224,0.281022803,1.002342663,0.000656803
Victor Scott II SLN,L,0.031952108,0.024182828,-0.091013384,0.12338159,0.016666667,0,9.683038281,-0.023973766,0.094096311,0.091550883,-0.023325244,0.272645521,0.972948695,-0.007580479
Kolten Wong NA,L,0.0028,-0.032,-0.096,0.132,0.0164,0,9.666666667,-0.024,0.094,0.094488009,-0.024124598,0.281679813,1.005191589,0.001454813
Ronaldo HernÃ¡ndez NA,R,0.003061224,0,-0.095918367,0.130612245,0.082857143,0,9.68852459,-0.023811029,0.09423088,0.094364867,-0.023844886,0.280614438,1.001421896,0.000398438
Braden Montgomery CHA,B,0.008059028,0,-0.097256944,0.131770833,-0.040003472,0,9.685863874,-0.023986355,0.094087143,0.097598236,-0.024881465,0.290665688,1.037317459,0.010456688
Alexander Ovalles NA,L,0.0076,0,-0.096,0.132,0.0164,0,9.677419355,-0.024,0.094,0.094163409,-0.024041722,0.280608963,1.001738396,0.000486963
Paul McIntosh PHI,R,0.003710692,0,-0.097484277,0.131446541,0.08327044,0,9.682779944,-0.024069882,0.093950185,0.093394653,-0.023927556,0.278440772,0.994086948,-0.001656228
Onil Perez SFN,R,0.010175439,0,-0.098245614,0.131578947,0.083157895,0,9.678284182,-0.024291409,0.09412921,0.093139723,-0.024036058,0.27713382,0.989488,-0.00294418
Trey Sweeney DET,L,0.005719457,-0.01438914,-0.095656109,0.128778281,0.05,0,9.683380528,-0.024144799,0.093929437,0.093464067,-0.024025175,0.278633646,0.995045536,-0.001387354
Eddie Rosario NA,L,0.002750716,0,-0.099426934,0.133810888,-0.116733524,0,9.68281665,-0.024128717,0.093942063,0.09369643,-0.024065626,0.279283833,0.997385267,-0.000732167
Richard Kachel NA,L,0.0076,0,-0.096,0.132,-0.0824,0,9.7,-0.024,0.094,0.093943846,-0.023985663,0.279748782,0.999402614,-0.000167218
Rodolfo DurÃ¡n SDN,R,0.003560606,0,-0.098295455,0.131818182,0.083390152,0,9.6833608,-0.024229289,0.093835976,0.092620448,-0.023915429,0.276290039,0.987046253,-0.003625961
Orlando Martinez TEX,L,0.003684211,0,-0.098947368,0.132631579,0.016736842,0,9.679849341,-0.024297908,0.093831281,0.095133159,-0.024635033,0.283797714,1.013874669,0.003883714
Geisel Cepeda TEX,R,0.0076,0,-0.096,0.132,-0.0492,0,10,-0.024,0.094,0.094269312,-0.024068761,0.280670831,1.002865023,0.000801831
Austin Overn TBA,L,0.022,0,-0.096,0.132,0.0164,0,9.6875,-0.024,0.094,0.092592826,-0.023640722,0.275666574,0.985030065,-0.004189426
Skye Bolt NA,B,0.0028,-0.048,-0.096,0.132,0.0164,0,9.473684211,-0.024,0.094,0.094322711,-0.024082394,0.280814767,1.003433101,0.000960767
Liover Peguero PHI,R,0.010914634,-0.012804878,-0.098658537,0.13195122,0.04997561,0,9.683644913,-0.024301038,0.093779778,0.091716582,-0.023766404,0.273658948,0.977999564,-0.006156052
Manuel Margot NA,R,0.003242043,-0.057586973,-0.10392302,0.138860104,0.016669134,0,9.685863874,-0.024326701,0.093737503,0.093420351,-0.024244394,0.278839372,0.9966166,-0.000946628
Carson Williams TBA,R,0.009781285,-0.000211259,-0.094917361,0.126705605,0.049997515,0,9.682960034,-0.024345881,0.09372431,0.092300616,-0.023976061,0.275514318,0.984809761,-0.004249682
William Bergolla CHA,L,0.0136,0,-0.096,0.132,0.0492,0,9.68627451,-0.024,0.094,0.095751345,-0.024447152,0.284906091,1.018631334,0.005211091
Leonard Jones NA,R,0.0064,0,-0.096,0.132,-0.0492,0,9.444444444,-0.024,0.094,0.094233794,-0.024059692,0.280387643,1.002487175,0.000695643
Cole Carrigg COL,B,0.0172,0,-0.096,0.132,0.0492,0,9.696969697,-0.024,0.094,0.097796412,-0.024969297,0.29093184,1.040387358,0.01129384
Luke Maile KCA,R,-0.003366013,0.005555556,-0.095751634,0.12745098,0.083464052,-0.022387096,9.682486374,-0.024443858,0.093604126,0.092847942,-0.024246388,0.277373974,0.991921461,-0.002259026
Tristan Gray MIN,L,0.002126697,-0.005938914,-0.097511312,0.129524887,0.00925905,0,9.682748113,-0.024463191,0.093610017,0.093540312,-0.024444975,0.279415783,0.999255368,-0.000208217
Murphy Stehly WAS,R,0.0064,0,-0.096,0.132,0.0164,0,9.671052632,-0.024,0.094,0.094097115,-0.024024795,0.279889867,1.00103314,0.000288867
Allan Cerda NA,R,0.0064,0,-0.1,0.132,0.0164,0,9.716312057,-0.025,0.094,0.094211018,-0.025056122,0.280146484,1.002244871,0.000627484
Damon Dues NA,L,0.0108,0,-0.1,0.132,0.0164,0,9.673202614,-0.025,0.094,0.093762853,-0.024936929,0.278790875,0.997477155,-0.000705125
Oscar Mercado ARI,R,0.014461538,-0.026153846,-0.1,0.132307692,-0.05,0,9.695431472,-0.024673512,0.093379752,0.091617012,-0.024207747,0.274218943,0.981122893,-0.005276057
Je'Von Ward TOR,L,0.006,0,-0.1,0.132,0.0164,0,9.714285714,-0.025,0.093,0.089304568,-0.024006604,0.268326618,0.960264173,-0.011103382
Jeisson Rosario OAK,L,0.0068,0,-0.1,0.132,-0.0492,0,9.62962963,-0.025,0.093,0.093037779,-0.025010156,0.2795115,1.000406231,0.0001135
A.J. Pollock NA,R,-0.0084,-0.024,-0.1,0.132,-0.0492,0,9.6875,-0.025,0.093,0.092788667,-0.02494319,0.278600468,0.997727606,-0.000634532
Nate Eaton BOS,R,0.01593125,-0.012125,-0.10225,0.134125,-0.04260625,0,9.685314685,-0.024781054,0.09329249,0.09236499,-0.024534685,0.276443048,0.990058155,-0.002775952
Elias Diaz KCA,R,-0.013725055,-0.006430155,-0.097560976,0.127716186,0.083314856,-0.021377777,9.682373939,-0.024836314,0.09324907,0.093604924,-0.024931094,0.280227331,1.003816175,0.001065331
Imanol Vargas PIT,L,0.0048,0,-0.1,0.132,-0.0492,0,9.6875,-0.025,0.093,0.093275404,-0.025074033,0.279973646,1.002961329,0.000826646
James Triantos CHN,R,0.017311213,0,-0.100686499,0.131693364,0.016659039,0,9.68286478,-0.024846716,0.093231654,0.094341748,-0.025142562,0.282458616,1.011906841,0.003323616
Michael Sirota LAN,R,0.0068,0,-0.1,0.132,-0.1152,0,9.695431472,-0.025,0.093,0.097956707,-0.026332448,0.294005995,1.05329792,0.014876995
Joey Wiemer WAS,R,0.008720645,0.001121626,-0.100245356,0.13105503,-0.018629513,0,9.68254013,-0.024861515,0.093204604,0.094107204,-0.025102276,0.281819989,1.009684072,0.002702989
Alexander Isola NA,R,0.005555556,0,-0.101111111,0.132222222,-0.050222222,0,9.682539683,-0.024852556,0.093128808,0.093111919,-0.024848049,0.279057383,0.999818647,-5.06E-05
Josue De Paula LAN,L,0.0104,0,-0.1,0.132,-0.0492,0,9.444444444,-0.025,0.093,0.102535851,-0.027563401,0.307669294,1.102536029,0.028613294
Yasiel Puig NA,R,-0.0068,0,-0.1,0.132,-0.0264,0,10,-0.025,0.093,0.093109497,-0.025029435,0.27937855,1.001177388,0.00032855
Orelvis Martinez WAS,R,0.004851752,0,-0.100943396,0.131469003,-0.016671159,0,9.682595047,-0.024955353,0.093107789,0.092889336,-0.024896802,0.278342407,0.997653763,-0.000654593
Zachary Daniels NA,R,0.0096,0,-0.1,0.132,-0.0492,0,9.5,-0.025,0.093,0.093260206,-0.025069948,0.27977059,1.002797914,0.00078059
Shayne Fontana NA,L,0.0092,0,-0.1,0.132,-0.0824,0,9.716981132,-0.025,0.093,0.093156305,-0.025042017,0.279402804,1.001680699,0.000468804
Braedon Karpathios SDN,L,0.0056,0,-0.1,0.132,-0.0492,0,9.666666667,-0.025,0.093,0.090148391,-0.024233439,0.270324976,0.969337541,-0.008551024
Tristen Lutz NA,R,0.0068,0,-0.1,0.132,-0.1152,0,9.695431472,-0.025,0.093,0.093238782,-0.025064189,0.279562953,1.002567548,0.000715953
Gosuke Katoh NA,L,0.0032,0.02,-0.1,0.132,-0.0824,0,9.714285714,-0.025,0.093,0.09319534,-0.025052511,0.279390609,1.002100425,0.000585609
Leonardo Balcazar CIN,R,0.006,0,-0.1,0.132,0.0164,0,9.714285714,-0.025,0.093,0.092356522,-0.024827022,0.276844137,0.993080883,-0.001928863
Euribiel Angeles OAK,R,0.007666667,0,-0.103333333,0.133333333,0.017,0,9.704142012,-0.025180045,0.092597586,0.091361955,-0.02484404,0.275045131,0.986655897,-0.003719869
Edwin Rios NA,L,-0.000584795,0.011111111,-0.101169591,0.130994152,-0.083333333,0,9.683794466,-0.025111439,0.092897808,0.092668046,-0.025049331,0.278074542,0.997526732,-0.000689458
Jack Brannigan PIT,R,0.0084,0,-0.1,0.132,0.0164,0,9.659863946,-0.025,0.093,0.090343528,-0.024285895,0.270719726,0.97143579,-0.007960274
Gabriel Cancel TOR,R,0.0076,0,-0.1,0.132,0.0164,0,9.655172414,-0.025,0.093,0.092809363,-0.024948753,0.278089783,0.997950137,-0.000571217
Nick Allen HOU,R,0.01015791,0.02931381,-0.096784381,0.123973586,0.025925926,0,9.682921,-0.025372088,0.092697313,0.092710847,-0.025375793,0.278528661,1.000146006,4.07E-05
Rainer Nunez NA,R,0.004705882,0,-0.102941176,0.131372549,-0.083333333,0,9.678638941,-0.025402708,0.092659401,0.092754435,-0.025428762,0.278772624,1.001025628,0.000285624
Elier Hernandez NA,R,0.00245098,-0.026470588,-0.102941176,0.131372549,-0.04995098,0,9.68717414,-0.025421667,0.0926075,#N/A,#N/A,#N/A,#N/A,#N/A
Rubel Cespedes LAA,L,0.0048,0,-0.1,0.132,0.0164,0,9.708029197,-0.025,0.093,0.092914983,-0.024977146,0.278166479,0.999085841,-0.000254521
Minho Kang NA,R,-0.0108,0,-0.1,0.132,0.0824,0,9.700374532,-0.025,0.093,0.090285022,-0.024270167,0.270291026,0.970806683,-0.008127974
Cooper Pratt MIL,R,0.012,0,-0.1,0.132,0.0492,0,9.668049793,-0.025,0.093,0.092903397,-0.024974031,0.278086838,0.998961254,-0.000289162
Max Stassi NA,R,-0.0016,-0.016,-0.1,0.132,0.0824,0.013,9.675090253,-0.025,0.093,0.093460891,-0.025123895,0.279741511,1.004955817,0.001379511
Nicky Lopez TEX,L,0.015408079,0.00370981,-0.106100577,0.135284419,0.016669415,0,9.683007622,-0.025497168,0.092578295,0.093029081,-0.02562132,0.279687267,1.004869246,0.001355267
Freuddy Batista HOU,R,0.0044,0,-0.104,0.132,0.0824,0,9.695945946,-0.026,0.093,0.091952375,-0.025707116,0.275181819,0.988735216,-0.003135181
Connor Hollis SDN,R,0.0054,0,-0.103,0.131,0.0166,0,9.689922481,-0.025461617,0.092452862,0.092571313,-0.025494239,0.278648548,1.001281201,0.000356548
Nick Dini TBA,R,0.0036,0,-0.104,0.132,0.0824,0,9.693877551,-0.026,0.093,0.092922826,-0.025978424,0.27805507,0.99917017,-0.00023093
Zachary Zubia NA,R,0.006,0,-0.104,0.132,-0.0824,0,9.68,-0.026,0.093,0.092972923,-0.02599243,0.278177986,0.999708854,-8.10E-05
Matt Gorski LAN,R,0.0075,0.003947368,-0.103947368,0.131578947,-0.083552632,0,9.684813754,-0.025627484,0.09245358,0.091704336,-0.025419798,0.275988118,0.991895997,-0.002254882
William Bradshaw NA,L,0.0068,0,-0.104,0.132,-0.0492,0,9.72972973,-0.026,0.092,0.092281133,-0.026079451,0.279088239,1.003055798,0.000850239
Pedro Leon PHI,R,0.006247208,-0.044452718,-0.102233805,0.129709605,-0.005554728,0,9.6812749,-0.025609875,0.092460414,0.092237716,-0.025548191,0.277529934,0.997591423,-0.000670066
Brandon McIlwain NA,R,0.008,0,-0.104,0.132,-0.0492,0,9.705882353,-0.026,0.092,0.092283761,-0.026080193,0.279050043,1.003084355,0.000858043
Caleb Roberts ARI,L,0.005515152,0,-0.104242424,0.132121212,-0.050060606,0,9.683098592,-0.025668628,0.092377213,0.092718507,-0.025763462,0.279205748,1.00369457,0.001027748
Alexander Binelas PHI,L,0.00527027,0,-0.104054054,0.132432432,-0.083378378,0,9.684210526,-0.025649879,0.092272942,0.095142475,-0.026447547,0.286747411,1.031098318,0.008648411
Daniel Cabrera DET,L,0.0072,0,-0.104,0.132,-0.0492,0,9.722222222,-0.026,0.092,0.092281607,-0.026079585,0.278894075,1.003060947,0.000851075
Travis Blankenhorn NA,L,0.002583587,0,-0.104863222,0.132218845,-0.11656535,0,9.683995923,-0.025802809,0.092291787,0.092383551,-0.025828464,0.278274407,1.000994277,0.000276407
Tyler Gentry KCA,R,0.005154639,-0.013402062,-0.103865979,0.130927835,-0.050025773,0,9.680255795,-0.025778247,0.092302757,0.092453298,-0.02582029,0.278426359,1.001630946,0.000453359
Roberto Enriquez NA,L,0.0072,0,-0.104,0.132,-0.0492,0,9.722222222,-0.026,0.092,0.091902204,-0.025972362,0.277610586,0.998937,-0.000295414
Ethan Workinger ATL,R,0.006,0,-0.106666667,0.133333333,-0.050666667,0,9.642857143,-0.025992305,0.092597586,0.090560697,-0.025420547,0.27175959,0.978002785,-0.00611241
Andrew Ehrhard BOS,R,0.0064,0,-0.104,0.132,-0.1152,0,9.66507177,-0.026,0.092,#N/A,#N/A,#N/A,#N/A,#N/A
Blake Rambusch SEA,R,0.0148,0,-0.104,0.132,0.0164,0,9.673202614,-0.026,0.092,0.09120384,-0.025774998,0.275278965,0.99134609,-0.002403035
Chris Taylor LAA,R,0.006683805,-0.015681234,-0.105214837,0.131289019,-0.015082629,0,9.679144385,-0.026046498,0.09202187,0.091795826,-0.025982518,0.276969973,0.997543591,-0.000682027
Jake Lamb NA,L,-0.0036,-0.004,-0.104,0.132,-0.0824,0,9.6875,-0.026,0.092,0.091967379,-0.025990781,0.277549553,0.999645425,-9.84E-05
Scott Bandura SFN,L,0.0116,0,-0.104,0.132,-0.0492,0,9.6,-0.026,0.092,0.094767171,-0.026782027,0.285989812,1.03007795,0.008350812
Jack Larsen NA,L,0.0032,-0.028,-0.104,0.132,-0.0492,0,9.663865546,-0.026,0.092,0.091923444,-0.025978365,0.277397977,0.999167872,-0.000231023
Levi Jordan WAS,R,0.006590909,-0.013636364,-0.106818182,0.132954545,-0.050113636,0,9.680851064,-0.026066848,0.091927236,0.091761975,-0.026019987,0.277076991,0.998202262,-0.000499009
Jacob Slaughter NA,R,0.006470588,0,-0.105882353,0.131550802,0.016631016,0,9.681528662,-0.026160964,0.091959752,0.092028803,-0.026180608,0.27777842,1.000750874,0.00020842
Felix Stevens NA,R,0.0056,0,-0.104,0.132,-0.0492,0,9.75,-0.026,0.092,0.0921224,-0.026034591,0.277929275,1.001330433,0.000369275
Tyler Callihan PIT,L,0.011303949,-0.006703398,-0.104958678,0.130486685,0.003333333,0,9.683763212,-0.026133446,0.091935771,0.090083673,-0.025606973,0.2719635,0.979854443,-0.0055915
Dominic Keegan TBA,R,0.004105713,0,-0.106193273,0.131820609,0.08335291,0,9.683185473,-0.026185091,0.091878204,0.090792088,-0.02587555,0.274194894,0.988178733,-0.003280106
Jace Peterson NA,L,0.006888889,-0.091111111,-0.104444444,0.131111111,0.049777778,0,9.722222222,-0.025995919,0.091815374,0.092426416,-0.026168925,0.279249152,1.006655126,0.001846152
Kevin Sanchez NA,R,0.0072,0,-0.104,0.132,-0.0492,0,9.722222222,-0.026,0.092,0.091749903,-0.025929321,0.276618978,0.997281559,-0.000754022
Jake Noll NA,R,0.0032,0,-0.104,0.132,-0.0824,0,9.696969697,-0.026,0.092,0.091762748,-0.025932951,0.276603843,0.997421176,-0.000715157
Ah-seop Son NA,L,-0.0068,0,-0.104,0.132,-0.0264,0,10,-0.026,0.092,0.090656763,-0.025620389,0.273234556,0.985399595,-0.004048444
Yamal Encarnacion HOU,B,0.0132,0,-0.104,0.132,-0.0492,0,9.523809524,-0.026,0.092,0.088549161,-0.025024763,0.266854447,0.962490882,-0.010399553
Shin-Soo Choo NA,L,-0.014,0,-0.104,0.132,-0.0264,0,9.6875,-0.026,0.092,0.092500665,-0.026141492,0.278752764,1.005442008,0.001508764
Carson Roccaforte KCA,L,0.0124,0,-0.104,0.132,0.0164,0,9.659863946,-0.026,0.092,0.092895304,-0.026253021,0.279917786,1.009731571,0.002697786
Diego Velasquez SFN,B,0.008809524,0,-0.107142857,0.130952381,0.016666667,0,9.672897196,-0.026564382,0.091499539,0.091551068,-0.026579342,0.277245045,1.000563158,0.000156045
Kramer Robertson NA,R,0.0052,-0.04,-0.104,0.132,0.0492,0,9.724770642,-0.026,0.092,0.092368531,-0.02610415,0.278197951,1.004005771,0.001109951
Cade Marlowe OAK,L,0.017046632,-0.013471503,-0.109326425,0.133678756,-0.049948187,0,9.681093394,-0.026529949,0.09153461,0.09339374,-0.02706879,0.282707684,1.020310683,0.005627684
Jace Bohrofen TOR,L,0.0072,0,-0.108,0.132,-0.0492,0,9.782608696,-0.027,0.092,0.093476507,-0.027433323,0.2814791,1.016048991,0.0044461
Jose Peroza NA,R,0.0064,0,-0.108,0.132,0.0164,0,9.669421488,-0.027,0.092,0.092119367,-0.027035032,0.277365407,1.00129747,0.000359407
Miguel Cabrera NA,R,-0.0216,0,-0.108,0.132,-0.1152,0,9.690721649,-0.027,0.091,0.091518565,-0.02715386,0.278561391,1.005698512,0.001578391
Jackson Castillo NYA,L,0.0084,0,-0.108,0.132,-0.0492,0,9.76744186,-0.027,0.091,0.092988468,-0.027589985,0.28291997,1.021851302,0.00604997
Ho-young Son NA,R,0.0024,0,-0.108,0.132,0.0492,0,9.692307692,-0.027,0.091,0.09023597,-0.02677331,0.274507737,0.991604067,-0.002324263
Travis Swaggerty NA,L,0.0076,-0.008,-0.108,0.132,-0.0492,0,9.696969697,-0.027,0.091,0.090952867,-0.026986015,0.276651635,0.999482054,-0.000143365
Brandon Dixon NA,R,0.0036,-0.012,-0.108,0.132,-0.0824,0,9.709302326,-0.027,0.091,0.091296461,-0.027087961,0.277638556,1.003257808,0.000901556
Mitchell Jebb PIT,L,0.0132,0,-0.108,0.132,0.0164,0,9.710144928,-0.027,0.091,0.091813416,-0.027241343,0.279104713,1.008938637,0.002472713
Jacob Teter HOU,L,0.0068,0,-0.108,0.132,-0.0824,0,9.69924812,-0.027,0.091,0.091298151,-0.027088462,0.277533337,1.003276387,0.000906337
Bryan Lavastida OAK,R,0.011444444,0,-0.108888889,0.132222222,0.083666667,-0.001111111,9.679193401,-0.026764291,0.091217073,0.090986805,-0.026696727,0.27590674,0.997475606,-0.00069826
Edward Micheletti TOR,L,0.0048,0,-0.108,0.132,-0.0492,0,9.622641509,-0.027,0.091,0.09980381,-0.02961212,0.303364101,1.09674517,0.026760101
Arismendy Alcantara NA,B,-0.0012,0,-0.108,0.132,0.0164,0,9.702970297,-0.027,0.091,0.091087563,-0.02702598,0.276869157,1.000962235,0.000266157
Riley Tirotta TOR,R,0.005696203,0,-0.110126582,0.132911392,-0.083797468,0,9.689578714,-0.027019832,0.091308397,0.089937848,-0.026614261,0.272428502,0.984989884,-0.004151498
Juan Fernandez NA,R,0.0076,0,-0.108,0.132,0.0164,0,9.677419355,-0.027,0.091,0.090709686,-0.026913863,0.27566275,0.996809742,-0.00088225
Michael Gigliotti NA,L,0.004,0,-0.108,0.132,-0.0492,0,9.636363636,-0.027,0.091,0.091242594,-0.027071979,0.277276218,1.002665874,0.000737218
Grant McCray SFN,L,0.013230359,0.012814645,-0.10907704,0.131578947,-0.02143402,0,9.682647384,-0.026943946,0.091119527,0.091429101,-0.027035487,0.277469496,1.003397447,0.000939496
Samuel Brown WAS,L,0.005098814,0,-0.109090909,0.131620553,-0.049920949,0,9.690721649,-0.026955623,0.091121725,0.091455366,-0.027054321,0.277530468,1.00366149,0.001012468
Patrick Clohisy ATL,L,0.0224,0,-0.108,0.132,-0.0492,0,10,-0.027,0.091,0.08957451,-0.026577052,0.272179531,0.984335274,-0.004331469
Mike Moustakas NA,L,-0.0056,-0.044,-0.108,0.132,0.0164,0,9.583333333,-0.027,0.091,0.090897417,-0.026969563,0.276178316,0.998872711,-0.000311684
Jose Ramos NYN,R,0.005655431,0,-0.109363296,0.131835206,-0.050074906,0,9.685950413,-0.026942467,0.091069229,0.090126391,-0.026663532,0.273626514,0.989647017,-0.002862486
Justice Thompson NA,R,0.0064,0,-0.108,0.132,-0.05,0,9.607843137,-0.026625972,0.090725533,0.090840962,-0.026659848,0.276833765,1.001272289,0.000351765
James Higgins NA,L,0.006,0,-0.108,0.132,-0.0824,0,9.703703704,-0.027,0.091,0.091266175,-0.027078975,0.277274664,1.002925003,0.000808664
Wil Myers NA,R,0.0028,-0.028,-0.108,0.132,-0.0492,0,9.692307692,-0.027,0.091,0.091398388,-0.027118203,0.277657254,1.004377888,0.001210254
Manuel Pena ARI,L,0.0052,0,-0.108,0.132,-0.0824,0,9.708029197,-0.027,0.091,0.092529786,-0.027453892,0.281058716,1.016810833,0.004646716
JesÃºs Bastidas MIA,R,0.005952813,0,-0.109800363,0.131760436,0.050018149,0,9.682074845,-0.027070788,0.091011541,0.089233594,-0.026541949,0.270978844,0.980464596,-0.005399156
Bryan Ramos BAL,R,0.008056911,-0.000162602,-0.110081301,0.13203252,0.016674797,0,9.683533593,-0.027091419,0.090978348,0.089153428,-0.026547997,0.27081262,0.979941163,-0.00554338
Marcos CastaÃ±on SDN,R,0.00369863,0,-0.109589041,0.131506849,0.016712329,0,9.686520376,-0.027016528,0.090843076,0.090750801,-0.026989086,0.276059303,0.998984233,-0.000280697
Marco Luciano NYA,R,0.007218391,0.020689655,-0.109195402,0.130804598,0.016643678,0,9.683714344,-0.027135414,0.090946482,0.092107717,-0.027481888,0.279852198,1.012768337,0.003528198
Devin Mann SFN,R,0.0028,0,-0.11,0.132,0.0168,0,9.674418605,-0.027049674,0.090985266,0.091168685,-0.027104204,0.276858002,1.002015925,0.000557002
Tyler Osik NA,R,0.0076,0,-0.108,0.132,-0.0824,0,9.694656489,-0.027,0.091,0.090769226,-0.026931529,0.27555542,0.997464019,-0.00070058
Sergio Alcantara WAS,B,0.00478673,-0.062243286,-0.109478673,0.130805687,0.049984202,0,9.6799117,-0.027191361,0.090912531,0.091748066,-0.027441264,0.278790906,1.009190543,0.002538906
Luca Tresh KCA,R,0.003733333,0,-0.110666667,0.132,0.083333333,0,9.678571429,-0.027299868,0.090780285,0.089926617,-0.027043149,0.273638368,0.990596331,-0.002597632
Jake Scheiner NA,R,0.003301887,0,-0.110377358,0.131603774,-0.083207547,0,9.680933852,-0.027261382,0.090871273,0.090608271,-0.027182481,0.275386654,0.997105769,-0.000799346
Taylor Kohlwey NA,L,0.0036,-0.02,-0.108,0.132,-0.0492,0,9.719626168,-0.027,0.091,0.090806807,-0.026942679,0.275523818,0.997876998,-0.000586182
Austin Allen NA,L,-0.0005,0.0025,-0.1125,0.1325,0.084,0.00025,9.681093394,-0.027540952,0.09057913,0.090626824,-0.027555453,0.276225367,1.000526539,0.000145367
Andrew Pinckney WAS,R,0.012568306,0,-0.11079235,0.131830601,0.016666667,0,9.684210781,-0.027316327,0.090740055,0.089773088,-0.027025232,0.273128075,0.989343554,-0.002941925
Billy Cook PIT,R,0.009332566,-0.040391254,-0.107364787,0.127617952,0.016662831,0,9.676806084,-0.027341494,0.090728045,0.090252659,-0.027198234,0.274585681,0.994760321,-0.001446319
Christopher Newell LAN,L,0.009,0,-0.113333333,0.133333333,-0.050666667,0,9.701492537,-0.027616824,0.090973067,0.090123412,-0.027358893,0.273443065,0.990660366,-0.002577935
Kevin Newman KCA,R,0.010611314,-0.003010949,-0.107481752,0.127645985,0.016669708,0,9.683833764,-0.027357749,0.090712535,0.088158387,-0.02658745,0.268241439,0.971843497,-0.007771561
Albert Almora Jr. NA,R,0.00453629,-0.012701613,-0.111290323,0.131854839,-0.05,0,9.683281412,-0.027449072,0.090651556,0.090771274,-0.027485323,0.276301412,1.001320635,0.000364412
Logan Driscoll TBA,L,0.003811075,0.000977199,-0.109446254,0.129641694,0.083257329,0.012483871,9.6841558,-0.027411315,0.090636819,0.091244904,-0.027595218,0.277773167,1.006709023,0.001851167
Angelo Castellano CHA,R,0.0036,0,-0.108,0.132,0.0164,0,9.649122807,-0.027,0.091,0.090976062,-0.026992898,0.275787435,0.99973695,-7.26E-05
Luis Toribio NA,L,0.006,0,-0.112,0.132,0.0168,0,9.63963964,-0.027612119,0.090725533,0.09057461,-0.027566186,0.275398108,0.998336486,-0.000458892
Darick Hall NA,L,-0.000166667,0.010555556,-0.111111111,0.131666667,-0.083277778,0,9.681397739,-0.027430436,0.090520439,0.090600472,-0.027454689,0.276099897,1.000884146,0.000243897
Ruben Ibarra CIN,R,0.004,0,-0.112,0.132,-0.0824,0,9.668874172,-0.028,0.091,0.089148369,-0.027430267,0.270213604,0.979652404,-0.005612396
Kevin Kiermaier NA,L,0.009934641,-0.009477124,-0.108823529,0.128104575,0.016633987,0,9.686684073,-0.027590697,0.090477599,0.090515894,-0.027602374,0.275896725,1.000423254,0.000116725
Jared Oliva SFN,R,0.0252,-0.032,-0.112,0.132,-0.0492,0,9.677419355,-0.028,0.091,0.091267613,-0.028082342,0.27659001,1.002940797,0.00081101
Patrick Hilson PIT,R,0.0084,0,-0.112,0.132,-0.0492,0,9.62962963,-0.028,0.09,0.085763821,-0.026682078,0.262778441,0.952931342,-0.012979559
Luis Guillorme NA,L,0.001731343,-0.022089552,-0.109850746,0.129552239,0.016656716,0,9.675090253,-0.027561344,0.090473108,0.091091215,-0.027749642,0.27762384,1.006831943,0.00188384
Chad Stevens COL,R,0.006956522,-0.015217391,-0.108695652,0.12826087,0.01673913,0,9.69924812,-0.027503914,0.090212839,0.090899838,-0.027713365,0.277829768,1.007615305,0.002099768
Greg Allen NA,B,0.01,-0.056,-0.112,0.132,0.0168,0,9.583333333,-0.028,0.09,0.089966974,-0.027989725,0.275578839,0.999633049,-0.000101161
Seth Beer NA,L,-0.001590909,0,-0.111363636,0.131818182,-0.116590909,0,9.684684685,-0.027494555,0.090339251,#N/A,#N/A,#N/A,#N/A,#N/A
Eduardo Quintero LAN,R,0.0112,0,-0.112,0.132,0.0164,0,9.674796748,-0.028,0.09,0.087196608,-0.027127834,0.267074491,0.968851201,-0.008586509
Daniel Montano NA,L,0.0068,0,-0.112,0.132,-0.0492,0,9.655172414,-0.028,0.09,0.090129245,-0.028040209,0.276021813,1.001436051,0.000395813
Jorge Mateo ATL,R,0.037549419,-0.010377907,-0.109244186,0.128255814,0.008729651,0,9.683207038,-0.027683496,0.090387571,0.091446852,-0.028007927,0.278850079,1.01171932,0.003230079
Alexfri Planez NA,R,0.006727273,0,-0.111818182,0.131818182,-0.049909091,0,9.69581749,-0.027623726,0.09028242,0.090461305,-0.027678459,0.276161101,1.001981391,0.000546101
Jose Siri LAA,R,0.018090118,0.004659498,-0.109779826,0.128827445,0.016671787,0,9.682862469,-0.027689982,0.090379896,0.091182323,-0.027935825,0.278061006,1.008878381,0.002447006
Dominic Miroglio NA,R,0.0032,0,-0.112,0.132,0.0824,0,9.67032967,-0.028,0.09,0.089961253,-0.027987945,0.275488346,0.999569481,-0.000118654
Michael Antico SLN,L,0.013453608,0,-0.112371134,0.131443299,-0.049948454,0,9.684813754,-0.027736442,0.090334282,0.089594352,-0.027509252,0.273317759,0.991808978,-0.002257241
Josh VanMeter NA,L,0.0032,-0.036,-0.112,0.132,0.0164,0,10,-0.028,0.09,0.090629192,-0.028195749,0.277479398,1.006991025,0.001926398
John Peck DET,R,0.0088,0,-0.112,0.132,0.0492,0,9.701492537,-0.028,0.09,0.090374049,-0.028116371,0.276653038,1.004156097,0.001145038
Drew Mount NA,L,0.0028,0,-0.112,0.132,-0.0824,0,9.675324675,-0.028,0.09,0.090354494,-0.028110287,0.276558038,1.003938818,0.001085038
James Herron NA,R,0.010333333,0,-0.111666667,0.13,-0.049666667,0,9.692307692,-0.027746966,0.090281173,0.090577746,-0.027838115,0.276377928,1.003284997,0.000904928
Brett Squires KCA,L,0.0088,0,-0.112,0.132,-0.0824,0,9.710144928,-0.028,0.09,0.091731831,-0.028538792,0.280713672,1.019242566,0.005299672
Joe Perez NA,R,0.007179487,-0.007692308,-0.115384615,0.133333333,0.016923077,0,9.710144928,-0.028198507,0.090235223,0.090506935,-0.028283417,0.276174108,1.003011161,0.000829108
Quincy Nieporte NA,R,0.0028,0,-0.112,0.132,-0.1152,0,9.665271967,-0.028,0.09,0.089969995,-0.027990665,0.275214217,0.999666615,-9.18E-05
Leandro Pineda WAS,L,0.0056,0,-0.112,0.132,-0.0492,0,9.672131148,-0.028,0.09,0.089526486,-0.027852684,0.273843615,0.994738732,-0.001448385
Patrick Morris NA,L,0.0072,0,-0.112,0.132,-0.0824,0,9.65034965,-0.028,0.09,0.090074454,-0.028023164,0.275450684,1.000827271,0.000227684
Diego Infante NA,R,0.0072,0,-0.112,0.132,-0.0492,0,9.649122807,-0.028,0.09,0.090100612,-0.028031302,0.275435569,1.001117912,0.000307569
Brian Miller NA,L,0.0056,-0.072,-0.112,0.132,0.0164,0,9.74025974,-0.028,0.09,0.09028443,-0.028088489,0.27598646,1.003160328,0.00086946
Corey Rosier BOS,L,0.015641026,0,-0.112820513,0.130769231,-0.04974359,0,9.692307692,-0.027920501,0.09010707,0.090272422,-0.027971736,0.275610838,1.001835067,0.000504838
Logan Porter SFN,R,0.000833333,-0.002777778,-0.111111111,0.130555556,0.083333333,0.00575,9.674185464,-0.027892132,0.089952125,0.08988187,-0.027870347,0.274890137,0.999218978,-0.000214863
Kyle Nevin LAN,R,0.0076,0,-0.112,0.132,-0.0824,0,9.716312057,-0.028,0.09,0.090318774,-0.028099174,0.276056322,1.003541933,0.000974322
Bon Ki Shin NA,R,-0.0056,0,-0.112,0.132,-0.1152,0,9.692307692,-0.028,0.09,0.089981044,-0.027994103,0.274947079,0.999789382,-5.79E-05
Narciso Crook NA,R,0.0032,-0.016,-0.112,0.132,-0.0492,0,9.722222222,-0.028,0.09,0.090008222,-0.028002558,0.275009121,1.000091354,2.51E-05
Juan Guerrero NA,R,0.007666667,0,-0.116666667,0.133333333,-0.050666667,0,9.634146341,-0.028429084,0.090160808,0.09019415,-0.028439597,0.275077689,1.00036981,0.000101689
Corey Dickerson NA,L,-0.0056,-0.028,-0.112,0.132,-0.0492,0,9.691358025,-0.028,0.09,0.089864867,-0.027957959,0.274538166,0.998498518,-0.000412834
Gregory Polanco NA,L,0.0008,-0.036,-0.112,0.132,-0.0492,0,9.698795181,-0.028,0.09,0.089745492,-0.02792082,0.274169487,0.997172135,-0.000777513
Coco Montes NA,R,0.0016,-0.02,-0.112,0.132,0.0164,0,9.782608696,-0.028,0.09,0.089889695,-0.027965683,0.274604029,0.998774388,-0.000336971
Zack Collins NA,L,-0.0016,-0.008,-0.112,0.132,0.0824,-0.0255,9.679144385,-0.028,0.09,0.090593685,-0.028184702,0.276719417,1.006596498,0.001813417
Micah Pries NA,L,0.0072,0,-0.112,0.132,-0.0824,0,9.65034965,-0.028,0.09,0.09027533,-0.028085658,0.275700859,1.003059227,0.000840859
Luis Baez HOU,R,0.0068,0,-0.112,0.132,-0.0492,0,9.655172414,-0.028,0.09,0.087385899,-0.027186724,0.266814395,0.970954435,-0.007981605
Noah Myers TBA,L,0.0124,0,-0.112,0.132,-0.0492,0,9.76744186,-0.028,0.09,0.090583046,-0.028181392,0.27646952,1.006478285,0.00177952
Aaron McKeithan SEA,R,0.0052,0,-0.112,0.132,0.0824,0,9.676258993,-0.028,0.09,0.089394022,-0.027811473,0.272806716,0.993266908,-0.001849284
Joshua Kasevich TOR,R,0.006296992,0,-0.115319549,0.131766917,0.049990602,0,9.683433312,-0.028449891,0.089615996,0.090170848,-0.028626036,0.276353496,1.006191434,0.001700496
Terrin Vavra NA,L,0.00275,-0.0275,-0.115,0.13,0.0165,0,9.642857143,-0.028776868,0.089458526,0.089693434,-0.028852433,0.275348141,1.002625893,0.000721141
Nick Pratto TEX,L,0.003779904,0.009090909,-0.115550239,0.131818182,-0.083397129,0,9.684030743,-0.028476004,0.089613927,0.088997426,-0.028280103,0.272734718,0.993120477,-0.001889282
Connor Kokx NA,R,0.012432432,0,-0.116216216,0.132432432,0.016486486,0,9.709302326,-0.028808429,0.089775104,0.090037679,-0.028892688,0.275408169,1.002924816,0.000803169
Jose Herrera TEX,B,-0.00091024,-0.020101138,-0.109481669,0.124652339,0.08335019,-0.025544304,9.682203524,-0.028545013,0.089524545,0.088366146,-0.028175656,0.270999447,0.987060546,-0.003552553
Paul DeJong NYA,R,-0.002656676,-0.01260218,-0.116416894,0.132561308,0.038882834,0,9.683197716,-0.028542324,0.089518349,0.089684596,-0.028595331,0.275056868,1.001857125,0.000509868
Alsander Womack NA,R,0.0055,0,-0.115,0.13,0.0165,0,9.673202614,-0.028510523,0.089250332,0.089401905,-0.028558942,0.275008252,1.00169829,0.000466252
Raynel Delgado TBA,L,0.013333333,0,-0.116666667,0.131666667,0.050166667,0,9.691358025,-0.028707301,0.089402736,0.088078305,-0.028282025,0.270466011,0.985185792,-0.004066989
Martin Costes NA,R,0.0028,0,-0.116,0.132,-0.0492,0,9.743589744,-0.029,0.089,0.089006221,-0.029002027,0.274531189,1.000069902,1.92E-05
Yeiner Fernandez LAN,R,0.006033058,0,-0.115702479,0.132231405,0.016694215,0,9.67413442,-0.028480994,0.089511695,0.088820907,-0.028261198,0.272391527,0.992282711,-0.002118473
D'Andre Smith NYN,R,0.0124,0,-0.116,0.132,-0.0492,0,9.62962963,-0.029,0.089,0.087753897,-0.028593967,0.270622173,0.985998845,-0.003842827
Blake Sabol TBA,L,0.006122004,-0.051416122,-0.11416122,0.1291939,0.08335512,-0.00223913,9.684647303,-0.028698724,0.089382286,0.088703862,-0.028480897,0.272262683,0.99240986,-0.002082317
Payton Henry NYA,R,0.0048,0,-0.116,0.132,0.0824,0.0005,9.700374532,-0.029,0.089,0.087906779,-0.028643782,0.270971165,0.987716619,-0.003369835
John Hicks NA,R,-0.004,0,-0.116,0.132,0.0824,-0.0005,9.670781893,-0.029,0.089,0.089063908,-0.029020824,0.274493963,1.000718065,0.000196963
Elijah Dunham LAA,L,0.009273356,0,-0.116262976,0.131487889,-0.049930796,0,9.683794466,-0.028723031,0.089332044,0.088096846,-0.028325876,0.27050231,0.986172952,-0.00379269
Alexander McGarry NA,L,0.0076,0,-0.116,0.132,-0.0824,0,9.671052632,-0.029,0.089,0.089107204,-0.029034932,0.274607377,1.001204538,0.000330377
Ryan Jackson SDN,R,0.0072,0,-0.116,0.132,0.0164,0,9.705882353,-0.029,0.089,0.085871387,-0.027980564,0.264626669,0.964847044,-0.009641331
Jairo Pomares NA,L,0.008023256,0,-0.11744186,0.13255814,-0.050232558,0,9.668049793,-0.028806601,0.089271943,0.089121976,-0.02875821,0.273794284,0.998320118,-0.000460716
Osleivis Basabe SFN,R,0.0064,-0.008,-0.116,0.132,0.0492,0,9.695121951,-0.029,0.089,0.088501066,-0.028837426,0.27271355,0.994394004,-0.00153745
Dermis Garcia NA,R,0.00515625,0.0140625,-0.115625,0.13125,-0.083125,0,9.686520376,-0.02861492,0.089324954,0.089372284,-0.028630082,0.274381308,1.000529865,0.000145308
Conner Capel COL,L,0.008130081,0,-0.117073171,0.131707317,-0.116829268,0,9.682008368,-0.028885053,0.089262836,0.088623194,-0.028678067,0.272134854,0.992834173,-0.001964146
Cesar Salazar HOU,L,0.003336069,-0.024333197,-0.117152236,0.131637259,0.083315552,0.020290983,9.682935539,-0.028923816,0.089152219,0.08809281,-0.028580111,0.270825044,0.988116856,-0.003256956
Korry Howell NA,R,0.0096,0,-0.116,0.132,0.0164,0,9.722222222,-0.029,0.089,0.089083419,-0.029027182,0.274329887,1.000937294,0.000256887
Neyfy Castillo NA,R,0.0074,0,-0.116,0.13,-0.0826,0,9.683544304,-0.028890238,0.089161252,0.089197569,-0.028902005,0.274179633,1.000407319,0.000111633
Drew Romo CHA,B,0.006063348,-0.004977376,-0.114253394,0.128506787,0.083303167,0.003295455,9.684007295,-0.028912563,0.089142298,0.09331133,-0.030264754,0.286878361,1.046768278,0.012817361
Kendall George LAN,L,0.0244,0,-0.116,0.132,0.0164,0,9.659863946,-0.029,0.089,0.097598593,-0.031801789,0.300533482,1.0966134,0.026477482
Sean Roby NA,R,0.006,0,-0.116,0.132,0.0164,0,9.696969697,-0.029,0.089,0.089184255,-0.029060038,0.274571264,1.002070276,0.000567264
DaShawn Keirsey Jr. ATL,L,0.016592357,0.007961783,-0.118471338,0.132802548,-0.050031847,0,9.695290859,-0.028959532,0.089058345,0.087901288,-0.028583286,0.270427328,0.98700788,-0.003559672
Ezequiel Pagan NA,L,0.006896552,0,-0.120689655,0.134482759,-0.050689655,0,9.666666667,-0.029323125,0.088807178,0.088868757,-0.029343458,0.274175982,1.0006934,0.000189982
Peyton Wilson KCA,B,0.009735099,0,-0.117880795,0.131788079,0.016688742,0,9.682034976,-0.029016646,0.089006116,0.088768722,-0.028939254,0.273250245,0.997332826,-0.000730755
Eduardo Gonzalez PIT,L,0.006363636,0,-0.118181818,0.132323232,-0.05,0,9.668874172,-0.029134076,0.089145293,0.089312413,-0.029188694,0.274463573,1.001874696,0.000513573
Drew Avans COL,L,0.014013605,-0.002947846,-0.117687075,0.131746032,-0.050045351,0,9.682819383,-0.02901173,0.089047563,0.088454497,-0.028818508,0.272117517,0.993339893,-0.001824483
Austin Murr PHI,L,0.0076,0,-0.116,0.132,-0.0492,0,9.696969697,-0.029,0.089,0.090250902,-0.029407597,0.277750701,1.014055082,0.003849701
Kellen Strahm HOU,R,0.0128,0,-0.118,0.132,-0.0502,0,9.669421488,-0.029016923,0.089018017,0.088301029,-0.028783208,0.271691912,0.991945586,-0.002206088
Delino DeShields NA,R,0.004,-0.056,-0.116,0.132,0.0164,0,9.607843137,-0.029,0.089,0.088992854,-0.028997672,0.27386601,0.999919712,-2.20E-05
Benjamin Gobbel LAA,R,0.0072,0,-0.116,0.132,-0.1152,0,9.663865546,-0.029,0.089,0.089852752,-0.029277863,0.276511244,1.009581484,0.002624244
Cam Devanney NA,R,0.003809524,-0.006493506,-0.116450216,0.13030303,0.016709957,0,9.684210526,-0.029045554,0.088972254,0.088716586,-0.028962089,0.273076037,0.997126435,-0.000786963
Lamar Sparks NA,R,0.006666667,0,-0.117333333,0.132,-0.05,0,9.684684685,-0.028944439,0.0888068,0.089041362,-0.029020888,0.274582334,1.002641264,0.000723334
Chase Davis SLN,L,0.006,0,-0.116,0.132,-0.0492,0,9.714285714,-0.029,0.089,0.08874993,-0.028918516,0.272972845,0.997190219,-0.000769155
Steven Berman NA,R,0.0032,0,-0.116,0.132,0.0824,0,9.694656489,-0.029,0.089,0.089413611,-0.029134772,0.274976993,1.004647314,0.001271993
Drew Cavanaugh SFN,L,0.0056,0,-0.116,0.132,0.0824,0,9.665427509,-0.029,0.089,0.092255837,-0.030060891,0.283662857,1.036582437,0.010010857
Darrien Miller MIL,L,0.005,0,-0.119,0.132,0.0833,0,9.684512428,-0.029351841,0.088795485,0.090679521,-0.029974619,0.279451116,1.021217694,0.005806116
Jase Bowen SDN,R,0.0116,0,-0.119,0.132,-0.05,0,9.694656489,-0.029351841,0.088795485,0.090207883,-0.029818717,0.27794279,1.015906188,0.00435179
Mike Zunino NA,R,-0.0052,-0.016,-0.116,0.132,0.0824,0.011,9.684684685,-0.029,0.089,0.088382737,-0.028798869,0.271632921,0.993064457,-0.001897079
Adam Haseley NA,L,0.004,-0.008,-0.116,0.132,-0.0492,0,9.6875,-0.029,0.089,0.088756405,-0.028920626,0.272770372,0.997262976,-0.000748628
Ben Rortvedt NYN,L,0.000668297,-0.020782396,-0.11393643,0.12599837,0.083357783,0.011552846,9.683015407,-0.02938177,0.088691753,0.088514126,-0.029322926,0.272967219,0.997997254,-0.000547781
Jackson Frazier NA,R,0.0044,-0.028,-0.116,0.132,-0.0492,0,9.659863946,-0.029,0.089,0.089165253,-0.029053847,0.273989796,1.00185678,0.000507796
Benjamin Norman NA,L,0.0084,0,-0.116,0.132,-0.0492,0,9.6875,-0.029,0.089,0.08935369,-0.029115247,0.274541723,1.003974047,0.001086723
Franklin Barreto NA,R,0.0036,0,-0.116,0.132,0.0492,0,9.662921348,-0.029,0.089,#N/A,#N/A,#N/A,#N/A,#N/A
Nick Senzel LAN,R,0.004158215,-0.017849899,-0.120283976,0.132860041,0.016653144,0,9.683944374,-0.029444417,0.08863117,0.087900674,-0.029201737,0.271187306,0.991758025,-0.002253694
Will Robertson BAL,L,0.002954545,-0.006818182,-0.117045455,0.129545455,-0.05,0,9.680851064,-0.02930299,0.088762456,0.087305507,-0.02882201,0.268946833,0.983585982,-0.004488167
J.P. Martinez ATL,L,0.017191011,-0.008988764,-0.119662921,0.131460674,-0.05005618,0,9.674502712,-0.029533184,0.088599553,0.088769075,-0.029589692,0.273916097,1.001913352,0.000523097
Matt Reynolds NA,R,-0.0048,-0.016,-0.116,0.132,0.0164,0,9.666666667,-0.029,0.089,0.08892576,-0.02897581,0.273143966,0.999165847,-0.000228034
Nick Gordon NA,L,0.005277162,-0.009977827,-0.119068736,0.131042129,-0.050022173,0,9.683576092,-0.029523595,0.088570785,0.08851851,-0.02950617,0.27319966,0.999409791,-0.00016134
Dylan O'Rae MIL,L,0.015686275,0,-0.119607843,0.131372549,0.016470588,0,9.696969697,-0.029685211,0.08856899,0.090887297,-0.030462226,0.280513187,1.026175151,0.007155187
Noah Campbell NA,B,0.006,0,-0.12,0.132,-0.0492,0,9.62962963,-0.03,0.089,0.089315921,-0.03010649,0.274318297,1.003549677,0.000970297
Tanner Schobel MIN,R,0.006502058,0,-0.119753086,0.131687243,0.016666667,0,9.682179342,-0.029571315,0.088510706,0.087490773,-0.029230557,0.270180345,0.988476731,-0.003149655
Jorge Burgos TOR,L,0.0052,0,-0.12,0.132,-0.0824,0,9.702380952,-0.03,0.089,0.089612673,-0.030206519,0.275205552,1.006883962,0.001881552
Kyle Garlick NA,R,-0.000756303,-0.026890756,-0.120168067,0.131932773,-0.050084034,0,9.685379993,-0.029589887,0.08856274,0.088155536,-0.029453836,0.272044384,0.99540208,-0.001256616
Ryan McBroom NA,R,0.002,0,-0.12,0.132,-0.1152,0,9.69348659,-0.03,0.089,0.089258534,-0.030087146,0.2740929,1.002904877,0.0007939
Alerick Soularie NA,R,0.0128,0,-0.12,0.132,-0.0492,0,9.682539683,-0.03,0.089,0.089260581,-0.030087836,0.274088153,1.002927875,0.000800153
Christian Knapczyk CLE,L,0.0064,0,-0.12,0.132,0.0164,0,9.666666667,-0.03,0.088,0.084900543,-0.028943367,0.263629692,0.964778894,-0.009624308
Kwang-Min Kwon NA,L,0.0072,0,-0.12,0.132,-0.0264,0,9.473684211,-0.03,0.088,0.087781381,-0.029925471,0.272574157,0.997515698,-0.000678843
Joseph Suozzi NA,R,0.006923077,0,-0.119230769,0.130769231,-0.082692308,0,9.709302326,-0.02966877,0.088049253,0.088010688,-0.029655775,0.273116323,0.999562001,-0.000119677
Ethan Anderson BAL,B,0.0084,0,-0.12,0.132,0.0824,0,9.698113208,-0.03,0.088,0.088395089,-0.030134689,0.274445657,1.004489647,0.001226657
Tatem Levins TBA,L,0.0044,0,-0.12,0.132,0.0824,0,9.68627451,-0.03,0.088,0.087766403,-0.029920365,0.272483765,0.997345494,-0.000725235
Bryson Brigman CIN,R,0.002878788,0,-0.11969697,0.131818182,0.016666667,0,9.675925926,-0.029557593,0.088298634,0.088373008,-0.02958249,0.273387081,1.000842303,0.000230081
Kody Hoese NA,R,0.002464455,0,-0.120379147,0.131753555,0.016682464,0,9.684210526,-0.029650332,0.088367328,0.088225387,-0.029602706,0.272669319,0.998393745,-0.000438681
Nick Podkul NA,R,0.0052,0,-0.12,0.132,-0.0824,0,9.702380952,-0.03,0.088,0.088280476,-0.030095617,0.273930303,1.003187223,0.000870303
Nori Aoki NA,L,-0.0132,0,-0.12,0.132,-0.0264,0,9.718309859,-0.03,0.088,0.088417686,-0.030142393,0.274342999,1.004746432,0.001295999
Francisco Mejia NA,B,0.002567568,-0.014864865,-0.121621622,0.132432432,0.083513514,-0.048714286,9.672727273,-0.029908391,0.088395912,#N/A,#N/A,#N/A,#N/A,#N/A
Agustin Ruiz MIN,L,0.0056,0,-0.12,0.132,-0.0492,0,9.634146341,-0.03,0.088,0.088143765,-0.030049011,0.273392912,1.001633694,0.000445912
Jefferson Rojas CHN,R,0.0088,0,-0.12,0.132,0.0492,0,9.668508287,-0.03,0.088,0.088072781,-0.030024812,0.27314372,1.000827062,0.00022572
Ryan Yeager NA,R,0.005625,0,-0.121875,0.13203125,-0.08359375,0,9.6875,-0.029971601,0.088185671,0.088518564,-0.030084741,0.273914113,1.003774912,0.001030113
Myles Straw TOR,R,0.022509363,0.026017478,-0.11855181,0.128888889,-0.026926342,0,9.682815975,-0.02989208,0.088177858,0.090645955,-0.030728759,0.280510712,1.027989988,0.007637712
Josh Sale NA,L,0.0036,0,-0.12,0.132,-0.0492,0,9.655172414,-0.03,0.088,0.088279364,-0.030095238,0.273701141,1.003174596,0.000866141
Luis Diaz NA,R,0.0084,0,-0.12,0.132,0.0164,0,9.684210526,-0.03,0.088,0.087796558,-0.029930645,0.272202252,0.997688154,-0.000630748
Aaron Sabato MIN,R,0.003513514,0,-0.12027027,0.131081081,-0.082972973,0,9.676190476,-0.029810948,0.088093025,0.087323011,-0.029550373,0.270419441,0.991259076,-0.002384559
Christian Vazquez HOU,R,-0.013457341,-0.000545635,-0.115277778,0.125049603,0.083333333,0.049900991,9.683023729,-0.029958204,0.088121463,0.090204979,-0.030666526,0.279246924,1.023643676,0.006449924
Riley Unroe HOU,B,0.0064,0,-0.12,0.132,0.0492,0,9.657142857,-0.03,0.088,0.086776279,-0.029582822,0.268995618,0.98609408,-0.003793382
Eric Hosmer NA,L,-0.0092,-0.016,-0.12,0.132,-0.0824,0,9.67611336,-0.03,0.088,0.088410145,-0.030139822,0.274055374,1.004660735,0.001271374
Stephen Scott NA,L,0.00516129,0,-0.122580645,0.132258065,0.083709677,0,9.683042789,-0.030069916,0.088231463,0.088465224,-0.030149583,0.2735007,1.002649407,0.0007227
Chase Strumpf NA,R,0.006,0,-0.12,0.132,0.0164,0,9.662921348,-0.03,0.088,0.088200485,-0.030068347,0.27335836,1.002278239,0.00062136
Bobby Dalbec NA,R,0.002213542,0.007291667,-0.121354167,0.131510417,-0.083333333,0,9.683167933,-0.030010014,0.088033667,0.089284459,-0.030436399,0.276585708,1.01420811,0.003874708
Jesus Aguilar NA,R,-0.0104,-0.016,-0.12,0.132,-0.0824,0,9.68,-0.03,0.088,0.087890656,-0.029962724,0.272364154,0.998757454,-0.000338846
Shane McGuire OAK,L,0.005151954,0,-0.12170767,0.131693198,0.083299566,0,9.682562691,-0.030032895,0.088027451,0.088456178,-0.030179167,0.274005038,1.00487037,0.001328038
Ramon Hernandez NA,R,0.002,0,-0.12,0.132,0.0164,0,9.743589744,-0.03,0.088,0.088242028,-0.03008251,0.273418927,1.00275032,0.000749927
Jose Fernandez ARI,R,0.0072,0,-0.12,0.132,0.0492,0,9.661016949,-0.03,0.088,0.094582601,-0.032244069,0.293060965,1.074802285,0.020395965
Trevor Schwecke NA,R,0.007142857,0,-0.122222222,0.131746032,0.016666667,0,9.677419355,-0.030246141,0.087988774,0.088101152,-0.030284771,0.27297019,1.00127719,0.00034819
Neftali Soto NA,R,-0.008,0,-0.12,0.132,-0.0824,0,9.702970297,-0.03,0.088,0.087543258,-0.029844292,0.271205034,0.99480975,-0.001414966
Jake Marisnick NA,R,0.004,-0.048,-0.12,0.132,0.0164,0,9.75,-0.03,0.088,0.087817492,-0.029937781,0.272026656,0.997926043,-0.000565344
Tucker Flint LAA,L,0.007897623,0,-0.122120658,0.131627057,-0.049963437,0,9.684611202,-0.030142419,0.087945472,0.087428034,-0.029965073,0.270986183,0.994116376,-0.001603817
Cristian Santana LAN,R,0.0068,0,-0.12,0.132,-0.0824,0,9.695121951,-0.03,0.088,0.087858213,-0.029951664,0.272121846,0.998388786,-0.000439154
Luke Waddell ATL,L,0.005063291,0,-0.121518987,0.13164557,0.016582278,0,9.691119691,-0.030128781,0.087875612,0.088265348,-0.030262405,0.273757779,1.004435089,0.001208779
Ali Sanchez NYA,R,0.001933535,0.002416918,-0.117824773,0.126586103,0.083323263,0.018242424,9.683512192,-0.030229948,0.087821875,0.089216153,-0.030709885,0.276760234,1.015876205,0.004325234
Mario Camilletti CHA,L,0.0052,0,-0.12,0.132,-0.0492,0,9.638554217,-0.03,0.088,0.088116402,-0.030039682,0.272692227,1.001322749,0.000360227
Jonathan Butler NA,L,0.008,0,-0.12,0.132,-0.0492,0,9.733333333,-0.03,0.088,0.087856023,-0.029950917,0.27188444,0.998363897,-0.00044556
Korey Lee CHA,R,0.00670756,-0.012665782,-0.121187003,0.129774536,0.083338859,-0.055791392,9.683233412,-0.030350236,0.0877209,0.084900185,-0.029374307,0.263551782,0.967844434,-0.008756218
Oscar Colas NA,L,0.005026643,-0.010301954,-0.123445826,0.131971581,-0.050017762,0,9.683707245,-0.03038959,0.087670689,0.087743358,-0.03041478,0.272496684,1.000828895,0.000225684
JosÃ© Alvarez NA,R,0.0076,0,-0.12,0.132,-0.0492,0,9.736842105,-0.03,0.088,0.088301354,-0.030102734,0.273127125,1.003424475,0.000932125
Brandon Butterworth BAL,R,0.0092,0,-0.12,0.132,0.0492,0,9.67032967,-0.03,0.088,0.087763243,-0.029919287,0.271411817,0.997309575,-0.000732183
Gavin Cross KCA,L,0.012,0,-0.124,0.132,-0.05,0,9.677419355,-0.030585112,0.087562215,0.082284999,-0.028741802,0.255735796,0.939731812,-0.016401204
Christopher Suero NYN,R,0.0104,0,-0.12,0.132,-0.1152,0,9.666666667,-0.03,0.088,0.086939069,-0.029638319,0.268848202,0.98794396,-0.003280798
Jacob Rucker MIN,R,0.005583333,0,-0.12375,0.132083333,0.016708333,0,9.683794466,-0.030477797,0.087533874,0.086562508,-0.030139584,0.26909632,0.988902968,-0.00301968
Haydn McGeary CHN,R,0.005833333,0,-0.122916667,0.13125,-0.0825,0,9.675516224,-0.03059606,0.087639563,0.085570133,-0.029873597,0.265615354,0.97638704,-0.006423646
Javier Jasso MIA,R,0.0044,0,-0.124,0.132,0.0164,0,9.72972973,-0.031,0.087,0.085142912,-0.030338279,0.266211548,0.978654163,-0.005806452
Carter Trice CHN,R,0.0096,0,-0.124,0.132,-0.0492,0,9.634146341,-0.031,0.087,0.086390834,-0.030782941,0.270074627,0.992998088,-0.001904373
Jorge Ona NA,R,0.0072,0,-0.124,0.132,-0.1152,0,9.689922481,-0.031,0.087,0.086716003,-0.030898806,0.271037347,0.99673567,-0.000887653
Jose Devers NA,L,0.005052632,0.08,-0.125263158,0.132631579,-0.083052632,0,9.673913043,-0.030782875,0.087433712,0.087161277,-0.030686958,0.271024873,0.996884096,-0.000847127
Colby Shade MIA,R,0.0188,0,-0.124,0.132,-0.0492,0,9.655172414,-0.031,0.087,0.085923252,-0.030616331,0.268473619,0.987623581,-0.003364381
Dru Baker CHA,R,0.01260274,0,-0.124657534,0.131506849,0.016712329,0,9.67032967,-0.030731301,0.08746601,0.087733995,-0.030825458,0.272633766,1.003063881,0.000832766
Cameron Cauley TEX,R,0.014366347,0,-0.124813632,0.131842386,0.050021299,0,9.682356199,-0.030770062,0.087321864,0.088447767,-0.031166802,0.275300459,1.012893711,0.003504459
Carter Williams NA,L,0.0072,0,-0.124,0.132,-0.0492,0,9.659090909,-0.031,0.087,0.086850781,-0.03094683,0.271282907,0.99828484,-0.000466093
Vincent Johnson CIN,B,0.008266667,0,-0.125333333,0.132,-0.05,0,9.669117647,-0.030917923,0.08716223,0.089613847,-0.031787553,0.279385303,1.028127058,0.007643303
Taegun Kim NA,R,-0.0076,0,-0.124,0.132,0.0824,0,9.672897196,-0.031,0.087,0.086938581,-0.030978115,0.271528174,0.999294031,-0.000191826
Rob Brantly NA,L,-0.001785714,-0.003571429,-0.121428571,0.128571429,0.083214286,-0.003666667,9.700854701,-0.030668582,0.087495661,0.087409073,-0.030638232,0.271437112,0.999010372,-0.000268888
Andrew Compton ATL,B,0.0044,0,-0.124,0.132,-0.0824,0,9.668508287,-0.031,0.087,0.08422851,-0.030012458,0.263018528,0.968143791,-0.008654472
Jordan Brewer NA,R,0.008,0,-0.124,0.132,-0.0824,0,9.707602339,-0.031,0.087,0.086892409,-0.030961663,0.271324043,0.998763318,-0.000335957
Brock Rodden SEA,B,0.0108,0,-0.124,0.132,0.0492,0,9.659090909,-0.031,0.087,0.086015049,-0.03064904,0.268566665,0.988678721,-0.003075335
Drew Lugbauer OAK,L,0.0052,0,-0.124,0.132,-0.0824,0,9.664804469,-0.031,0.087,0.087086211,-0.031030719,0.271886154,1.000990932,0.000269154
Jose Cordova COL,R,0.0064,0,-0.124,0.132,-0.0824,0,9.659090909,-0.031,0.087,0.086677756,-0.030885177,0.270568101,0.996296041,-0.001005899
Cooper Kinney TBA,L,0.0044,0,-0.124,0.132,0.0164,0,9.72972973,-0.031,0.087,0.087991301,-0.031353222,0.274667375,1.011394266,0.003094375
Robert Perez Jr. NA,R,0.006153846,0,-0.125641026,0.132051282,-0.050128205,0,9.685950413,-0.030920796,0.087083058,0.0872232,-0.030970557,0.272004031,1.001609293,0.000437031
Moises Gomez NA,R,0.006,0,-0.124,0.132,-0.0492,0,9.67032967,-0.031,0.087,0.087204226,-0.03107277,0.272193457,1.002347424,0.000637457
Drew Campbell NA,L,0.0076,0,-0.124,0.132,-0.0492,0,9.655172414,-0.031,0.087,0.087371419,-0.031132345,0.272713314,1.004269184,0.001159314
Cayden Wallace WAS,R,0.007333333,0,-0.126666667,0.133333333,0.017,0,9.6875,-0.030865862,0.08691177,0.088666768,-0.031489132,0.277027253,1.020192871,0.005483253
Nathaniel Hickey BOS,L,0.003333333,0,-0.125333333,0.132,-0.083333333,0,9.683098592,-0.030917923,0.08716223,0.086570772,-0.030708123,0.269687476,0.993214289,-0.001842524
Hunter Fitz-Gerald SEA,L,0.0068,0,-0.124,0.132,-0.0824,0,9.657142857,-0.031,0.087,0.086893603,-0.030962088,0.271195933,0.998777043,-0.000332067
Stone Garrett NA,R,0.00452381,0,-0.126190476,0.132142857,-0.116666667,0,9.685124864,-0.0310509,0.087001106,0.086921522,-0.031022496,0.271247648,0.999085246,-0.000248352
Andrew Cossetti MIN,R,0.004027778,0,-0.126388889,0.131944444,0.083472222,0,9.682080925,-0.031134464,0.086902791,0.084888839,-0.030412931,0.265191447,0.976825241,-0.006291553
William Bush HOU,L,0.006,0,-0.124,0.132,-0.1152,0,9.69348659,-0.031,0.087,0.08856608,-0.031558029,0.276340423,1.018000925,0.004886423
Omar Narvaez NA,L,-0.003598326,-0.050627615,-0.121757322,0.127615063,0.083430962,-0.020583334,9.690140282,-0.031023205,0.086992904,0.087283897,-0.031126978,0.272349977,1.003345013,0.000907977
Michael Turner CHA,L,0.003972603,0,-0.126027397,0.131506849,0.083424658,0,9.685714286,-0.031069007,0.087128303,0.088846763,-0.031681791,0.276728436,1.019723321,0.005352436
Jean Segura NA,R,-0.0044,-0.02,-0.124,0.132,0.0164,0,#DIV/0!,-0.031,0.087,0.087335931,-0.031119699,0.272356598,1.003861273,0.001047598
Brian Anderson NA,R,0.001402439,-0.023170732,-0.126219512,0.131707317,-0.05,0,9.679430098,-0.031144771,0.086964628,0.087305465,-0.031266836,0.272353257,1.003919264,0.001063257
Kean Wong NA,L,0.0048,-0.04,-0.124,0.132,0.0164,0,9.642857143,-0.031,0.087,0.087401079,-0.031142913,0.272509533,1.004610107,0.001250533
Cooper Bowman OAK,R,0.017431193,0,-0.126605505,0.131651376,0.016651376,0,9.682179342,-0.031268889,0.086782496,0.083566595,-0.030110157,0.261145321,0.962942978,-0.010049679
Chris Williams NA,R,0.0056,0,-0.124,0.132,0.0824,0,9.677419355,-0.031,0.087,0.087295601,-0.031105329,0.272088347,1.003397711,0.000921347
Ethan O'Donnell MIA,L,0.0096,0,-0.124,0.132,0.0164,0,9.659090909,-0.031,0.087,0.086660378,-0.030878985,0.270102467,0.996096293,-0.001058533
Tavian Josenberger BAL,L,0.018,0,-0.124,0.132,-0.0492,0,9.666666667,-0.031,0.087,0.083887931,-0.029891102,0.261380329,0.96422909,-0.009696671
Caleb Ricketts PHI,L,0.0048,0,-0.124,0.132,-0.0824,0,9.666666667,-0.031,0.087,0.085761383,-0.030558654,0.267202896,0.985763021,-0.003859104
Jose Osuna NA,R,0.0004,0,-0.124,0.132,-0.0264,0,9.782608696,-0.031,0.087,0.086450198,-0.030804093,0.269324163,0.993680431,-0.001712837
Landon Stephens NA,R,0.0064,0,-0.124,0.132,-0.0492,0,9.666666667,-0.031,0.087,0.08694449,-0.030980221,0.270818095,0.999361953,-0.000172905
Gage Workman DET,L,0.009923077,-0.00025641,-0.126666667,0.131025641,0.016666667,0,9.684466019,-0.031430499,0.086656557,0.089511691,-0.032466061,0.279888541,1.032947697,0.008927541
Shogo Akiyama NA,L,-0.0028,-0.056,-0.124,0.132,0.0164,0,9.662921348,-0.031,0.087,0.087022927,-0.031008169,0.2710124,1.000263526,7.14E-05
Jacob Fox CLE,L,0.0076,0,-0.124,0.132,0.0164,0,9.638554217,-0.031,0.087,0.088575887,-0.031561523,0.275828368,1.018113649,0.004907368
Michael Romero BOS,L,0.0056,0,-0.124,0.132,0.0164,0,9.74025974,-0.031,0.087,0.085291399,-0.030391188,0.26558075,0.980360907,-0.00532025
Brett Sullivan COL,L,0.002762148,-0.012702472,-0.126086957,0.130179028,0.083341858,-0.036564103,9.68209275,-0.031481652,0.086590508,0.087340366,-0.031754278,0.273238883,1.008659814,0.002345883
Ripken Reyes NA,B,0.004352332,0,-0.127979275,0.131606218,0.016632124,0,9.67413442,-0.031587083,0.086576743,0.086896026,-0.031703572,0.271837819,1.00368787,0.000998819
Miguel Ugueto SLN,R,0.01,0,-0.128,0.132,0.0164,0,9.743589744,-0.032,0.087,0.087082042,-0.032030176,0.271091402,1.000943013,0.000255402
Samuel Siani SEA,L,0.009423077,0,-0.128846154,0.132692308,-0.050192308,0,9.672544081,-0.031649982,0.086446966,0.085099669,-0.03115671,0.266597236,0.984414758,-0.004220764
Alika Williams PIT,R,0.003577406,0.008368201,-0.125732218,0.129497908,0.01667364,0,9.681050657,-0.031543167,0.086494407,0.088485726,-0.03226937,0.27704882,1.023022517,0.00623482
Francisco Acuna SDN,R,0.0088,0,-0.128,0.132,0.0492,0,9.6875,-0.032,0.086,0.082857924,-0.030830855,0.260866612,0.963464232,-0.009892388
Ryan Lasko OAK,R,0.0088,0,-0.128,0.132,-0.0492,0,9.680851064,-0.032,0.086,0.082842856,-0.030825249,0.260819174,0.963289028,-0.009939826
Aaron Schunk ATL,R,0.004382353,-0.045,-0.125294118,0.128823529,0.050029412,0,9.691629956,-0.031628358,0.086421147,0.086995566,-0.031838583,0.272493232,1.006646738,0.001799232
Nicholas Meyer NA,R,0.0072,0,-0.128,0.132,-0.0824,0,9.673913043,-0.032,0.086,0.085956559,-0.031983836,0.27054927,0.999494876,-0.00013673
Kyle McCann COL,L,-0.001748466,-0.01993865,-0.12791411,0.130981595,0.083404908,-0.031606061,9.682971014,-0.031714604,0.086397577,0.086323746,-0.031687502,0.27039973,0.999145442,-0.00023127
Jose Azocar ATL,R,0.014595268,-0.00373599,-0.130759651,0.133997509,-0.049975093,0,9.684033288,-0.031718593,0.086365197,0.086150457,-0.031639727,0.269945133,0.997513591,-0.000672867
Justin Toerner NA,L,0.0076,0,-0.128,0.132,-0.0492,0,9.690721649,-0.032,0.086,0.086219569,-0.0320817,0.27128787,1.002553133,0.00069087
Zach Reks NA,L,0.002,-0.028,-0.128,0.132,-0.0492,0,9.673913043,-0.032,0.086,0.086286762,-0.032106702,0.271467182,1.003334437,0.000902182
Denzer Guzman LAA,R,0.007248485,0.033212121,-0.126060606,0.128727273,0.033345455,0,9.682320591,-0.031818218,0.086276322,0.086853205,-0.032030969,0.272302647,1.006686459,0.001808647
Michael Papierski NA,B,0.002884615,-0.011538462,-0.130769231,0.132692308,0.084038462,-0.0052,9.690721649,-0.032005598,0.086132711,0.086504063,-0.032143586,0.271659202,1.004311394,0.001166202
Dakota Harris SLN,R,0.008666667,0,-0.13,0.133333333,-0.084333333,0,9.6875,-0.031678122,0.08609951,0.085165925,-0.031334633,0.267535289,0.989156902,-0.002932711
Yasel Antuna NA,B,0.0076,0,-0.128,0.132,-0.0492,0,9.690721649,-0.032,0.086,0.085824133,-0.031934561,0.269862012,0.997955039,-0.000552988
Austin Nola NA,R,-0.0076,-0.02,-0.128,0.132,0.0828,-0.0545,9.75,-0.032,0.086,0.085913995,-0.031967998,0.270124588,0.998999937,-0.000270412
Chavez Young NA,B,0.0124,0,-0.128,0.132,0.0164,0,9.647058824,-0.032,0.086,0.08604061,-0.032015111,0.270519683,1.000472214,0.000127683
Glenn Santiago NA,R,0.0072,0,-0.128,0.132,-0.0492,0,9.693877551,-0.032,0.086,0.086007661,-0.032002851,0.27033608,1.000089082,2.41E-05
Nicholas Lorusso NYN,R,0.0064,0,-0.128,0.132,0.0164,0,9.710144928,-0.032,0.086,0.084290028,-0.031363731,0.264894154,0.980116603,-0.005373846
Alfred Lewis COL,R,0.0068,0,-0.128,0.132,-0.1152,0,9.666666667,-0.032,0.086,0.085864308,-0.03194951,0.269771678,0.998422187,-0.000426322
Thomas Harber SFN,R,0.0056,0,-0.128,0.132,0.0164,0,9.701492537,-0.032,0.086,0.084927167,-0.031600806,0.266820421,0.987525199,-0.003370579
Ethan Salas SDN,L,0.0072,0,-0.128,0.132,0.0824,0,9.669421488,-0.032,0.086,0.087876583,-0.032698264,0.276028523,1.021820737,0.005894523
Thayron Liranzo DET,B,0.0044,0,-0.128,0.132,0.0824,0,9.700854701,-0.032,0.086,0.086006822,-0.032002539,0.270151429,1.000079328,2.14E-05
Wyatt Young NYN,L,0.007295082,0,-0.129918033,0.131557377,0.016639344,0,9.689440994,-0.032104512,0.085983377,0.084416651,-0.031519527,0.265199055,0.98177874,-0.004921945
Damon Keith LAN,R,0.0076,0,-0.128,0.132,-0.0492,0,9.690721649,-0.032,0.086,0.088635479,-0.032980643,0.27838961,1.030645103,0.00827761
Tomas Frick NYA,R,0.0052,0,-0.128,0.132,0.0824,0,9.703389831,-0.032,0.086,0.086082255,-0.032030607,0.270332314,1.000956456,0.000258314
Yoelqui CÃ©spedes CHA,R,0.0072,0,-0.128,0.132,-0.1152,0,9.665427509,-0.032,0.086,0.086057284,-0.032021315,0.270208866,1.000666099,0.000179866
Jack Blomgren HOU,R,0.01,0,-0.128,0.132,0.0492,0,9.693251534,-0.032,0.086,0.085376198,-0.031767888,0.268065378,0.992746489,-0.001958622
Jacob Berry MIA,B,0.010945946,0,-0.130630631,0.131981982,0.016666667,0,9.68373494,-0.032205473,0.085844244,0.088223714,-0.033098159,0.27750351,1.027718457,0.00748451
Andrew Pintar MIA,R,0.012,0,-0.133333333,0.133333333,0.017,0,9.666666667,-0.032490381,0.08609951,0.083692399,-0.031582037,0.262431113,0.972042689,-0.007547887
Nicholas Schnell SDN,L,0.006712329,0,-0.131506849,0.131506849,-0.05,0,9.693251534,-0.032419834,0.085777477,0.086465245,-0.032679778,0.272082216,1.00801805,0.002164216
Shane Sasaki CIN,R,0.016,0,-0.128,0.132,-0.0492,0,9.733333333,-0.032,0.086,0.085034255,-0.031640653,0.266883964,0.988770405,-0.003031036
Devonte Brown NA,R,0.007534247,0,-0.131506849,0.131506849,0.016712329,0,9.672131148,-0.032419834,0.085777477,0.085855939,-0.032449489,0.270106844,1.000914711,0.000246844
Erick Mejia WAS,B,0.0052,0,-0.128,0.132,0.0164,0,9.696969697,-0.032,0.086,0.086077761,-0.032028934,0.270089995,1.000904201,0.000243995
Carson DeMartini PHI,L,0.0148,0,-0.128,0.132,0.0164,0,9.67032967,-0.032,0.086,0.086543878,-0.032202373,0.271533429,1.00632416,0.001706429
Blake Hunt SDN,R,0.0048,0,-0.128,0.132,0.0824,0,9.70212766,-0.032,0.086,0.086301244,-0.032112091,0.270740047,1.003502834,0.000945047
Peyton Williams TOR,L,0.0044,0,-0.128,0.132,-0.0824,0,9.685863874,-0.032,0.086,0.087983885,-0.03273819,0.275999308,1.023068427,0.006223308
Logan Davidson TBA,B,0.001568627,0.009803922,-0.133333333,0.133333333,-0.083921569,0,9.685863874,-0.032592124,0.085793975,0.085012386,-0.032295208,0.26731634,0.99088993,-0.00245766
Yongkyu Lee NA,L,-0.0088,0,-0.128,0.132,-0.0264,0,9.62962963,-0.032,0.086,0.086130834,-0.032048683,0.270131335,1.001521331,0.000410335
Colby Halter OAK,L,0.0104,0,-0.128,0.132,0.0164,0,9.625,-0.032,0.086,0.08599757,-0.031999096,0.269706378,0.99997174,-7.62E-06
Dylan Campbell PHI,R,0.0136,0,-0.128,0.132,-0.0492,0,9.634146341,-0.032,0.086,0.084131338,-0.031304684,0.263847614,0.978271368,-0.005860386
Antonio Bullard MIA,R,0.0076,0,-0.128,0.132,-0.0824,0,9.672131148,-0.032,0.086,0.085990327,-0.031996401,0.269622669,0.999887518,-3.03E-05
Mark Contreras NA,L,0.009242424,-0.056060606,-0.131818182,0.131818182,0.016666667,0,9.660194175,-0.032550767,0.085679606,#N/A,#N/A,#N/A,#N/A,#N/A
Zack Short DET,R,0.004522472,-0.047752809,-0.128651685,0.128089888,0.04994382,0,9.690265487,-0.032651918,0.085479585,0.08494721,-0.032448559,0.267804635,0.993771908,-0.001678365
Abrahan Gutierrez NYA,R,0.0056,0,-0.132,0.132,0.0824,0,9.691629956,-0.033,0.085,0.085075814,-0.033029434,0.269715354,1.000891934,0.000240354
Erik Ostberg NA,L,0.0036,0,-0.132,0.132,0.0824,0,9.684684685,-0.033,0.085,0.084806329,-0.03292481,0.268850031,0.997721518,-0.000613969
Wilfred Veras CHA,R,0.009854545,0,-0.132363636,0.131636364,-0.049963636,0,9.681034483,-0.032680089,0.085381222,0.084225988,-0.032237918,0.265810179,0.986469698,-0.003645821
Ernest Yake NA,L,0.0076,0,-0.132,0.132,0.0164,0,9.677419355,-0.033,0.085,0.08472806,-0.032894423,0.268576986,0.996800708,-0.000862014
Davis Wendzel PIT,R,0.00286215,-0.085981308,-0.133995327,0.133294393,0.050023364,0,9.68206158,-0.032675257,0.085405771,0.08600467,-0.032904388,0.27130525,1.00701239,0.00188925
Jakson Reetz SEA,R,0.003709677,-0.002419355,-0.130645161,0.12983871,0.083467742,0.005083333,9.683655536,-0.032693194,0.085365563,0.08564234,-0.032799194,0.270251391,1.003242251,0.000873391
Carson McCusker NA,R,0.003413462,-0.006730769,-0.131730769,0.130769231,-0.050096154,0,9.683219178,-0.032726492,0.085279983,0.083769138,-0.0321467,0.264562401,0.982283711,-0.004771599
Alexander McKenna NA,R,0.0072,0,-0.132,0.132,-0.0492,0,9.722222222,-0.033,0.085,0.085013185,-0.033005119,0.269359777,1.000155121,4.18E-05
Payton Green MIA,R,0.0076,0,-0.132,0.132,0.0492,0,9.659863946,-0.033,0.085,0.085406801,-0.033157934,0.270600898,1.004785891,0.001288898
William Frizzell NA,L,0.0064,0,-0.132,0.132,-0.1152,0,9.679715302,-0.033,0.085,0.085604182,-0.033234565,0.271195056,1.007108025,0.001914056
Yonny Hernandez NYN,B,0.007241379,-0.034482759,-0.134482759,0.134482759,0.016896552,0,9.677419355,-0.032637871,0.085360586,0.084359708,-0.032255182,0.266097906,0.988274706,-0.003157094
Rylan Bannon NA,R,0.004316239,-0.041452991,-0.133333333,0.132051282,0.016666667,0,9.676806084,-0.032849493,0.085282338,0.085728776,-0.033021454,0.270645404,1.005234827,0.001409404
Garret Guillemette HOU,R,0.0056,0,-0.132,0.132,-0.0824,0,9.696969697,-0.033,0.085,0.082399857,-0.031990533,0.260969072,0.969410083,-0.008234928
Luis Santana NA,R,0.0064,0,-0.132,0.132,0.0164,0,9.661016949,-0.033,0.085,0.084706285,-0.03288597,0.268252847,0.996544533,-0.000930153
Shawn Goosenberg NA,R,0.01,0,-0.132,0.132,-0.0492,0,9.702970297,-0.033,0.085,0.085278413,-0.03310809,0.27005065,1.003275451,0.00088165
Elijah Wilson NA,R,0.0068,0,-0.132,0.132,0.0824,0,9.695652174,-0.033,0.085,0.085088042,-0.033034181,0.269443798,1.001035788,0.000278798
Sam Huff BAL,R,0.000368664,-0.007373272,-0.129032258,0.12718894,0.083364055,0.0035,9.685534591,-0.032944955,0.085186241,0.083586479,-0.032326263,0.264096458,0.981220423,-0.005054542
Bryant Betancourt COL,L,0.0056,0,-0.132,0.132,0.0824,0,9.691629956,-0.033,0.085,0.085436116,-0.033169316,0.270527934,1.00513078,0.001380934
Ehire Adrianza NA,B,-0.001304348,-0.019565217,-0.134782609,0.132608696,0.01673913,0,9.666666667,-0.032766508,0.085087222,0.085662859,-0.032988182,0.270876232,1.006765253,0.001820232
Gage Miller MIA,R,0.0092,0,-0.132,0.132,0.0164,0,9.696969697,-0.033,0.085,0.085242349,-0.033094088,0.269809083,1.002851165,0.000767083
Trey Lipscomb WAS,R,0.005656796,-0.022854973,-0.130068337,0.128018223,0.016666667,0,9.686609687,-0.03301128,0.085043069,0.084308494,-0.032726139,0.266666549,0.991362315,-0.002323451
Garrett Stubbs PHI,L,0.006264317,-0.010484581,-0.131453744,0.129339207,0.083365639,-0.036043859,9.682407083,-0.033040867,0.085038157,0.088130021,-0.034242185,0.278752468,1.036358549,0.009779468
Nathan Martorella MIA,L,0.005990991,0,-0.134234234,0.131981982,-0.083378378,0,9.682365827,-0.0330939,0.08506687,0.082571228,-0.03212301,0.261052906,0.970662579,-0.007890094
Graysen Tarlow SLN,R,0.0056,0,-0.132,0.132,0.0824,0,9.691629956,-0.033,0.085,0.083623219,-0.032465485,0.264585833,0.983802578,-0.004356167
Brian O'Keefe SEA,R,0.0012,0,-0.132,0.132,0.0824,-0.0055,9.705882353,-0.033,0.085,0.084754001,-0.032904494,0.268143711,0.997105893,-0.000778289
Eric Haase SFN,R,-0.002520325,-0.002090592,-0.133333333,0.130778165,0.083356562,-0.021267442,9.682767349,-0.033143903,0.084938469,0.083653194,-0.032642375,0.264778854,0.984868174,-0.004068146
Daniel Robertson NA,R,0.0028,-0.016,-0.132,0.132,0.0164,0,10,-0.033,0.085,0.085252492,-0.033098026,0.269634575,1.002970491,0.000798575
Kenneth Betancourt NA,R,0.0076,0,-0.132,0.132,0.0164,0,9.677419355,-0.033,0.085,0.085156472,-0.033060748,0.269307843,1.001840845,0.000494843
C.J. Alexander HOU,L,0.001788079,0.02384106,-0.132450331,0.129801325,-0.083112583,0,9.680170576,-0.03313397,0.084822964,0.084569841,-0.033035094,0.267996866,0.997015859,-0.000802134
Matthew Fraizer BOS,L,0.01,0,-0.133766234,0.131168831,-0.04974026,0,9.673590504,-0.033153572,0.084976146,0.085063696,-0.03318773,0.269051916,1.001030289,0.000276916
Steward Berroa MIL,B,0.022782705,-0.050332594,-0.135476718,0.132594235,0.016662971,0,9.680436477,-0.03320508,0.084860447,0.084956075,-0.033242499,0.269049846,1.001126881,0.000302846
Emaarion Boyd MIA,R,0.0176,0,-0.132,0.132,-0.0492,0,9.634146341,-0.033,0.085,0.085422967,-0.033164211,0.270049132,1.004976078,0.001337132
Matthew Coutney LAA,L,0.0044,0,-0.132,0.132,-0.1152,0,9.685314685,-0.033,0.085,0.086448266,-0.033562268,0.273285345,1.017038428,0.004578345
Zachary Cook NA,L,0.008,0,-0.132,0.132,0.0164,0,9.682539683,-0.033,0.085,0.084894915,-0.032959202,0.268338845,0.998763711,-0.000332155
David Hensley MIA,R,0.006146789,-0.014067278,-0.133944954,0.13088685,-0.049969419,0,9.684159849,-0.033266452,0.084761097,0.085390988,-0.033513668,0.270660544,1.007431379,0.001996544
Evan Mendoza NA,R,0.0048,0,-0.132,0.132,0.0492,0,9.712230216,-0.033,0.085,0.084827709,-0.03293311,0.268110448,0.997973043,-0.000544552
Austin Barnes NYN,R,-0.005329341,-0.048103792,-0.129540918,0.126546906,0.083333333,0.026800001,9.682996877,-0.033289729,0.084788785,0.08503386,-0.03338595,0.269426511,1.002890419,0.000776511
Roberto Campos DET,R,0.006,0,-0.132,0.132,-0.0492,0,9.642857143,-0.033,0.085,0.085341444,-0.03313256,0.269641813,1.004016983,0.001078813
Brian Navarreto MIA,R,0.00372093,-0.004651163,-0.137209302,0.13255814,0.082790698,0.01425,9.676616915,-0.033469999,0.08452593,0.0838466,-0.033201003,0.266390686,0.991963053,-0.002158314
Colin Simpson NA,L,0.0072,0,-0.132,0.132,-0.1152,0,9.677419355,-0.033,0.085,0.085263007,-0.033102108,0.2693659,1.003094196,0.0008309
Adam Walker NA,R,-0.0008,0,-0.132,0.132,-0.0264,0,9.714285714,-0.033,0.085,0.084731587,-0.032895793,0.267668081,0.996842203,-0.000847919
George Lombard NYA,R,0.0116,0,-0.132,0.132,0.0492,0,9.681528662,-0.033,0.085,0.087085615,-0.033809709,0.275091162,1.024536642,0.006588162
Omar Alfonzo PIT,L,0.0044,0,-0.132,0.132,0.0824,0,9.6875,-0.033,0.085,0.083800623,-0.03253436,0.264701521,0.985889683,-0.003788479
Jared Serna MIA,R,0.009084507,0,-0.135613682,0.131690141,0.0277666,0,9.683432526,-0.03346319,0.0846013,0.084812061,-0.033546555,0.269106741,1.002491231,0.000668741
Kevin Plawecki NA,R,-0.0068,-0.02,-0.132,0.132,0.0824,0.003,9.666666667,-0.033,0.085,0.084998828,-0.032999545,0.268428298,0.999986209,-3.70E-06
Michael Moss PIT,R,0.0072,0,-0.132,0.132,-0.0824,0,9.690721649,-0.033,0.085,0.09220689,-0.035797969,0.291168749,1.084786946,0.022757749
Byung-ho Park NA,R,-0.0112,0,-0.136,0.132,-0.0824,0,9.682539683,-0.034,0.085,0.085318917,-0.034127567,0.269335762,1.003751969,0.001006762
Jared Sundstrom SEA,R,0.0128,0,-0.136,0.132,-0.0492,0,9.711538462,-0.034,0.085,0.084429509,-0.033771804,0.266511181,0.99328834,-0.001800819
Christopher Rotondo NA,R,0.008,0,-0.136,0.132,-0.0492,0,9.658119658,-0.034,0.084,0.08427781,-0.034112447,0.269189345,1.003307262,0.000887345
Thomas Sosa BAL,L,0.008,0,-0.136,0.132,-0.0492,0,9.658119658,-0.034,0.084,0.08371567,-0.033884914,0.267378881,0.996615121,-0.000908119
Daniel Edwards NA,L,0.0068,0,-0.136,0.132,-0.1152,0,9.689655172,-0.034,0.084,0.083804839,-0.033921006,0.267652701,0.99767665,-0.000623299
Geraldo Quintero ATL,B,0.013333333,0,-0.136458333,0.132291667,-0.050208333,0,9.680589681,-0.033550389,0.084516247,0.084499094,-0.03354358,0.268182561,0.999797049,-5.44E-05
Tim Lopes NA,R,0.0068,-0.032,-0.136,0.132,0.0164,0,9.696969697,-0.034,0.084,0.084090027,-0.034036439,0.268477432,1.001071748,0.000287432
MoisÃ©s Castillo NA,R,0.0068,0,-0.136,0.132,0.0492,0,9.701492537,-0.034,0.084,0.084119975,-0.034048561,0.26855302,1.001428273,0.00038302
Preston Tucker NA,L,-0.0052,0,-0.136,0.132,-0.0264,0,9.673913043,-0.034,0.084,0.08389013,-0.033955529,0.267798269,0.998692029,-0.000350731
D'Shawn Knowles NA,B,0.01,0,-0.136,0.132,-0.0492,0,9.642857143,-0.034,0.084,0.084161935,-0.034065545,0.268659925,1.001927796,0.000516925
Brett Johnson NA,L,0.0076,0,-0.136,0.132,-0.0492,0,9.661016949,-0.034,0.084,0.084203749,-0.03408247,0.268765334,1.002425579,0.000650334
Darius Hill NA,L,0.004057971,0,-0.136231884,0.130434783,-0.049710145,0,9.673024523,-0.033811053,0.08416794,0.084183587,-0.033817339,0.267998814,1.000185909,4.98E-05
Brayden Taylor TBA,L,0.009333333,0,-0.14,0.133333333,0.017,0,9.672131148,-0.0341149,0.084474991,0.084106496,-0.033966085,0.266725397,0.995637816,-0.001168603
Brady Whalen NA,L,0.0068,0,-0.136,0.132,-0.0824,0,9.660194175,-0.034,0.084,0.083734085,-0.033892368,0.267016034,0.996834341,-0.000847966
James Glowenke NA,R,0.004933333,0,-0.137333333,0.132,0.016666667,0,9.682539683,-0.03387815,0.084202003,0.084327617,-0.03392869,0.268255591,1.001491813,0.000399591
Petey Halpin CLE,L,0.007764811,-0.002154399,-0.137612208,0.131777379,0.016660682,0,9.682707562,-0.033948442,0.084129245,0.083709003,-0.033778863,0.266511042,0.995004805,-0.001337958
Gabriel Martinez NA,R,0.006363636,0,-0.138016529,0.132231405,-0.050082645,0,9.676898223,-0.033973757,0.084018932,0.08431836,-0.034094833,0.268773457,1.003563814,0.000954457
Leonel Valera NA,R,0.0096,0,-0.136,0.132,0.0492,0,9.716312057,-0.034,0.084,0.084428407,-0.034173403,0.26918289,1.005100087,0.00136589
Jacob Amaya ARI,R,0.008166667,-0.014666667,-0.133,0.127333333,0.049933333,0,9.683760684,-0.033975837,0.084130644,0.084202951,-0.034005038,0.268037172,1.00085947,0.000230172
Cole Roederer NA,L,0.005810811,0,-0.137837838,0.132432432,-0.05,0,9.683377309,-0.033977762,0.083945059,0.08371796,-0.033885841,0.267077506,0.997294665,-0.000724494
Jean Correa NA,R,0.005135135,0,-0.137837838,0.132432432,-0.116216216,0,9.685393258,-0.034168136,0.083745432,0.08426617,-0.034380597,0.269439045,1.006218098,0.001665045
James Haley NA,R,0.007380952,0,-0.138095238,0.132142857,0.016666667,0,9.681528662,-0.03404164,0.083930251,0.083654584,-0.033929831,0.266879553,0.996715528,-0.000879447
Chandler Redmond NA,L,0.0036,0,-0.138,0.132,-0.0836,0,9.684684685,-0.033935045,0.084099894,0.084189244,-0.033971098,0.268008436,1.001062422,0.000284436
Stephen Piscotty NA,R,-0.0056,-0.032,-0.136,0.132,-0.0492,0,9.700854701,-0.034,0.084,0.083936537,-0.033974313,0.267510739,0.999244486,-0.000202261
Eliezer Alfonzo LAN,B,0.003287671,0,-0.138356164,0.131506849,0.083424658,0,9.684385382,-0.034108367,0.083751237,0.085135218,-0.034672004,0.271993599,1.016524894,0.004421599
Anthony Dungan SDN,L,0.00892638,0,-0.138650307,0.13190184,0.050030675,0,9.68145565,-0.034166738,0.083905043,0.083397,-0.033959859,0.265950863,0.99394502,-0.001620137
Avisail Garcia NA,R,-0.002447552,-0.027272727,-0.138461538,0.131468531,-0.05,0,9.679937549,-0.034297149,0.083837476,0.083767019,-0.034268326,0.267252215,0.99915961,-0.000224785
Dustin Peterson NA,R,0.0024,0,-0.136,0.132,-0.0264,0,9.722222222,-0.034,0.084,0.084116554,-0.034047177,0.267834119,1.001387553,0.000371119
Gavin Collins NA,R,0.0016,0,-0.136,0.132,0.0824,0,9.661835749,-0.034,0.084,0.084090974,-0.034036823,0.267752669,1.001083025,0.000289669
Jarrod Orr NA,L,0.0096,0,-0.136,0.132,-0.0492,0,9.646017699,-0.034,0.084,0.084086842,-0.03403515,0.267657427,1.001033832,0.000276427
Landon Wallace NA,R,0.0072,0,-0.136,0.132,-0.0492,0,9.663865546,-0.034,0.084,0.084570041,-0.034230731,0.269163283,1.006786197,0.001814283
Rene Pinto PHI,R,8.40E-05,-0.029131653,-0.135014006,0.127731092,0.0832493,0.002361111,9.680968097,-0.034341189,0.083715555,0.083043176,-0.034065371,0.265198757,0.9919683,-0.002147243
Tyler Naquin NA,L,0.0024,-0.016,-0.136,0.132,-0.0492,0,9.709302326,-0.034,0.084,0.083946651,-0.033978407,0.26715722,0.999364898,-0.00016978
Stanley Consuegra NA,R,0.005862069,0,-0.14137931,0.134482759,0.016896552,0,9.583333333,-0.034349946,0.083780357,0.084066998,-0.034467469,0.268216531,1.00342134,0.000914531
Daniel Mateo NA,R,0.009,0,-0.14,0.133333333,0.017,0,9.666666667,-0.0341149,0.083662732,0.083873922,-0.034201017,0.267952693,1.002524312,0.000674693
Jonathan Davis NA,R,0.004,-0.04,-0.136,0.132,0.0164,0,9.672131148,-0.034,0.084,0.084086262,-0.034034916,0.267537461,1.001026932,0.000274461
Jacob Cozart CLE,L,0.0044,0,-0.136,0.132,0.0824,0,9.672897196,-0.034,0.084,0.082604027,-0.033434963,0.262802746,0.983381277,-0.004441254
Shane Matheny NA,L,0.0036,0,-0.136,0.132,-0.0824,0,9.672897196,-0.034,0.084,0.083805887,-0.033921431,0.266599497,0.997689133,-0.000617503
Steele Walker NA,L,0.0072,-0.028,-0.136,0.132,-0.0492,0,9.685863874,-0.034,0.084,0.084583633,-0.034236232,0.269045433,1.006948014,0.001856433
Cameron Cannon NA,R,0.0072,0,-0.136,0.132,0.0164,0,9.607843137,-0.034,0.084,0.083729132,-0.033890363,0.266326419,0.996775375,-0.000861581
Connor Caskenette MIA,R,0.0088,0,-0.136,0.132,0.0824,0,9.688888889,-0.034,0.084,0.087558151,-0.035440204,0.278502674,1.042358942,0.011317674
Jacob Gonzalez NA,R,0.0068,0,-0.136,0.132,-0.0824,0,9.660194175,-0.034,0.084,0.084050232,-0.034020332,0.267318762,1.000598003,0.000159762
Trayce Thompson NA,R,-0.0004,-0.056,-0.136,0.132,0.0164,0,9.649122807,-0.034,0.084,#N/A,#N/A,#N/A,#N/A,#N/A
Alan Trejo NA,R,0.002473958,-0.050260417,-0.1359375,0.127864583,0.049947917,0,9.700854701,-0.034529218,0.083544833,0.083141367,-0.034362465,0.265854868,0.995170668,-0.001290132
Wilderd PatiÃ±o NA,R,0.014102564,0,-0.141025641,0.133333333,0.016666667,0,9.677419355,-0.034547075,0.083541109,0.084002314,-0.034737799,0.2685786,1.005520696,0.0014746
Cristofer Torin ARI,R,0.0068,0,-0.14,0.132,0.0492,0,9.677419355,-0.035,0.084,0.089838484,-0.037432702,0.285653226,1.069505768,0.018564226
Aaron Zavala TEX,L,0.005741627,0,-0.140191388,0.131578947,-0.049904306,0,9.683933275,-0.034637102,0.083460049,0.082637796,-0.034295856,0.264399208,0.990147953,-0.002630792
Alfredo Duno CIN,R,0.0056,0,-0.14,0.132,-0.1152,0,9.671052632,-0.035,0.083,0.084014315,-0.035427723,0.270262917,1.012220663,0.003262917
Darren Baker CHA,L,0.013776435,-0.013293051,-0.141691843,0.132930514,0.016676737,0,9.68641115,-0.034637452,0.083454841,0.083608355,-0.034701167,0.267479123,1.001839495,0.000491123
Mark Coley MIA,R,0.012,0,-0.14,0.132,0.0164,0,9.622641509,-0.035,0.083,0.081577352,-0.034400088,0.262405839,0.982859665,-0.004576161
Justin Dirden NA,L,0.0068,0,-0.14,0.132,0.0164,0,9.743589744,-0.035,0.083,0.083138827,-0.035058542,0.267420546,1.00167262,0.000446546
Felix Valerio NA,R,0.0076,0,-0.14,0.132,-0.0492,0,9.6875,-0.035,0.083,0.083284411,-0.035119932,0.267886815,1.003426633,0.000914815
Eric Rataczak MIA,L,0.008,0,-0.14,0.132,-0.0492,0,9.68503937,-0.035,0.083,0.08345928,-0.035193672,0.268435209,1.005533488,0.001477209
Luis Mieses NA,L,0.005,0,-0.139130435,0.130434783,-0.049782609,0,9.68503937,-0.034492805,0.083537261,0.083592733,-0.034515709,0.267112254,1.000664034,0.000177254
Damon Gladney NYA,R,0.006551724,0,-0.137931034,0.131034483,0.016551724,0,9.591836735,-0.034362345,0.083328687,0.083911762,-0.034602788,0.268770596,1.006997284,0.001867596
Freylin Minyety NA,R,0.0076,0,-0.14,0.132,0.0164,0,9.756097561,-0.035,0.083,0.083013999,-0.035005903,0.266921012,1.000168663,4.50E-05
Aaron Shackelford NA,L,0.0068,0,-0.14,0.132,-0.0824,0,9.675925926,-0.035,0.083,0.083210207,-0.035088642,0.267540867,1.002532618,0.000675867
Tony Wolters NA,L,0.0024,-0.028,-0.14,0.132,0.0164,0,9.772727273,-0.035,0.083,0.08330117,-0.035126999,0.267821291,1.003628556,0.000968291
Christian Arroyo NYN,R,0.002131148,-0.024590164,-0.140983607,0.131967213,0.016639344,0,9.679144385,-0.034806518,0.083373753,0.082994765,-0.0346483,0.265639979,0.995454348,-0.001213021
Tyler Wade TEX,L,0.013436645,-0.029899727,-0.140200547,0.131084777,0.027775752,0,9.678714859,-0.034762789,0.083290559,0.083153217,-0.034705468,0.266375038,0.99835106,-0.000439962
Willie Garry NA,L,0.0092,0,-0.14,0.132,0.0164,0,9.777777778,-0.035,0.083,0.083052329,-0.035022066,0.266977214,1.000630466,0.000168214
AndrÃ©s Alvarez PIT,R,0.005681818,0,-0.140909091,0.131818182,0.016818182,0,9.672131148,-0.034586643,0.083119512,0.08361113,-0.034791208,0.268379017,1.005914584,0.001578017
Kevin Parada NYN,R,0.005818182,0,-0.140909091,0.131818182,0.083181818,0,9.68061674,-0.034810386,0.08309576,0.081678616,-0.034216717,0.262121134,0.982945652,-0.004547866
Judson Fabian BAL,R,0.007137871,0,-0.141361257,0.131762653,0.016666667,0,9.678953627,-0.034875033,0.083183413,0.083587787,-0.035044569,0.267955293,1.004861239,0.001296293
Edwin DÃ­az HOU,R,0.0016,0,-0.14,0.132,0.0492,0,9.63963964,-0.035,0.083,0.082914095,-0.034963775,0.266373019,0.998965003,-0.000275981
Quincy Hamilton NA,L,0.006098901,0,-0.141758242,0.131868132,-0.05010989,0,9.684106614,-0.034871563,0.083124074,0.083446099,-0.035006656,0.267668954,1.003874023,0.001032954
Jeremy Arocho NA,B,0.01260274,0,-0.142465753,0.131506849,0.016712329,0,9.710144928,-0.035121487,0.083075824,0.083276548,-0.035206346,0.267231116,1.002416157,0.000644116
Adrian Pinto TOR,R,0.0076,0,-0.14,0.132,0.0164,0,9.756097561,-0.035,0.083,0.083816692,-0.035344388,0.2691768,1.009839657,0.0026228
Jay Allen II CIN,R,0.0104,0,-0.14,0.132,0.0164,0,9.591836735,-0.035,0.083,0.082556163,-0.03481284,0.265028159,0.994652562,-0.001424841
Aidan Longwell COL,L,0.0052,0,-0.14,0.132,-0.0824,0,9.681818182,-0.035,0.083,0.090322335,-0.038087732,0.289937961,1.088220907,0.023504961
Nicholas Decolati NA,R,0.008076923,0,-0.142307692,0.130769231,-0.049615385,0,9.65034965,-0.035411113,0.083263968,0.083761687,-0.035622786,0.267996458,1.005977605,0.001592458
Keshawn Ogans ATL,R,0.008181818,0,-0.142727273,0.131818182,0.016636364,0,9.683544304,-0.035259552,0.082871177,0.08163837,-0.034735025,0.262352264,0.985123816,-0.003961736
Duncan Pastore NYA,R,0.0072,0,-0.14,0.132,0.0164,0,9.75,-0.035,0.083,0.080721753,-0.034039293,0.258981641,0.972551235,-0.007309359
Tanner Murray CHA,R,0.004717097,0,-0.142681427,0.131734317,0.01296433,0,9.681697613,-0.035193826,0.082872359,0.08499496,-0.036095242,0.27310533,1.025612896,0.00682033
Chris Owings NA,R,0.0028,-0.048,-0.14,0.132,0.0492,0,10,-0.035,0.083,0.08342611,-0.035179685,0.267635986,1.005133853,0.001366986
ArquÃ­medes Gamboa NA,B,0.008,0,-0.14,0.132,0.0492,0,9.68503937,-0.035,0.083,0.083157218,-0.035066297,0.26677136,1.001894189,0.00050436
Joseph Lampe CLE,L,0.0103,0,-0.143,0.132,-0.05,0,9.675572519,-0.03527154,0.082875786,0.081833545,-0.034827967,0.26291449,0.987424051,-0.00334851
Brandon Crawford NA,L,-0.005878378,-0.024324324,-0.140540541,0.12972973,0.049932432,0,9.705882353,-0.035193234,0.082907138,0.083461763,-0.035428667,0.268011004,1.006689719,0.001781004
Bryce Willits NA,L,0.0064,0,-0.14,0.132,0.0164,0,9.736842105,-0.035,0.083,0.083258487,-0.035109001,0.267023008,1.0031143,0.000829008
Rolando Espinosa NA,R,0.0092,0,-0.144,0.132,-0.05,0,9.705882353,-0.035501296,0.082836356,0.082729984,-0.035455707,0.265850176,0.998715874,-0.000341824
AdriÃ¡n Sugastey SFN,R,0.007297297,0,-0.143243243,0.132432432,0.084054054,0,9.675324675,-0.034996247,0.082538317,0.082023607,-0.034778009,0.26451811,0.993763985,-0.00165989
Demetrio Crisantes ARI,R,0.0084,0,-0.14,0.132,0.0164,0,9.76744186,-0.035,0.083,0.083194229,-0.035081904,0.266744754,1.002340107,0.000622754
Miguel Bleis BOS,R,0.0124,0,-0.14,0.132,-0.0492,0,9.655172414,-0.035,0.083,0.080617513,-0.033995337,0.258454889,0.971295333,-0.007638111
Mike Brosseau NA,R,0.001830986,-0.029577465,-0.143661972,0.132394366,0.016760563,0,9.693251534,-0.035364912,0.082518128,0.082608563,-0.03540367,0.266264491,1.001095942,0.000291491
Andrick Nava MIL,B,0.0056,0,-0.144,0.132,0.0824,0,9.693877551,-0.036,0.083,0.083537515,-0.036233139,0.267580725,1.006476083,0.001721725
James Govern NA,R,0.0072,0,-0.144,0.132,0.0164,0,9.666666667,-0.036,0.082,0.081862813,-0.035939771,0.265322368,0.998326986,-0.000444632
Joseph Gray Jr. NA,R,0.008,0,-0.144,0.132,0.0164,0,9.6875,-0.036,0.082,0.082212175,-0.03609315,0.26645367,1.002587502,0.00068767
Brett Auerbach SFN,R,0.0072,0,-0.144,0.132,0.0164,0,9.666666667,-0.036,0.082,0.082116534,-0.036051161,0.266132676,1.001421144,0.000377676
Oliver Dunn CHA,L,0.010550459,-0.011009174,-0.143730887,0.13088685,0.016697248,0,9.652173913,-0.035726637,0.082399306,0.083977064,-0.03641072,0.270749837,1.019147706,0.005086837
Joshua Mears SDN,R,0.0084,0,-0.144,0.132,-0.0492,0,9.705882353,-0.036,0.082,0.080555793,-0.035365958,0.260930036,0.982387714,-0.004677964
Jaeho Kim NA,R,-0.01,0,-0.144,0.132,0.0492,0,9.714285714,-0.036,0.082,0.082355709,-0.036156165,0.266743112,1.004337918,0.001152112
Johnny Ascanio CIN,B,0.006,0,-0.144,0.132,0.0164,0,9.62962963,-0.036,0.082,0.081650909,-0.035846741,0.264356768,0.995742797,-0.001130232
Colton Conn OAK,B,0.0064,0,-0.144,0.132,0.0824,0,9.696969697,-0.036,0.082,0.083636269,-0.036718362,0.270767322,1.019954503,0.005297322
Darlin Moquete NA,R,0.0108,0,-0.144,0.132,-0.0492,0,9.692307692,-0.036,0.082,0.082254634,-0.03611179,0.266260255,1.003105287,0.000824255
Jorel Ortega MIN,R,0.0079,0,-0.146,0.132,0.0167,0,9.724770642,-0.036011502,0.082135824,0.079651908,-0.034922458,0.257388434,0.969758431,-0.008026566
Matthew Dyer NA,R,0.0076,0,-0.144,0.132,-0.0492,0,9.710144928,-0.036,0.082,0.081984966,-0.0359934,0.265363338,0.999816655,-4.87E-05
Kai Murphy SDN,L,0.0068,0,-0.144,0.132,-0.0492,0,9.714285714,-0.036,0.082,0.082133142,-0.036058452,0.265793864,1.001623678,0.000430864
Lucas Ritter LAA,R,0.002506083,0,-0.145985401,0.131873479,0.016690998,0,9.675925926,-0.035969099,0.082069495,0.080934202,-0.035471527,0.261631994,0.986166686,-0.003670006
Zachary Morgan SFN,R,0.006,0,-0.144,0.132,0.0824,0,9.695431472,-0.036,0.082,0.082652433,-0.036286434,0.26741086,1.007956502,0.00211086
Branden Boissiere WAS,L,0.0044,0,-0.144,0.132,-0.0824,0,9.698275862,-0.036,0.082,0.082912934,-0.0364008,0.268228398,1.011133345,0.002953398
Miguel Hiraldo NA,R,0.00962963,0,-0.144444444,0.133333333,0.016666667,0,9.761904762,-0.035674914,0.082326723,0.082088004,-0.035571468,0.264497815,0.997100337,-0.000769185
Bligh Madris SLN,L,0.004098837,0.008139535,-0.148837209,0.134302326,-0.083284884,0,9.684210208,-0.036013049,0.082014091,0.083129487,-0.036502828,0.268845251,1.013600054,0.003607251
Randy Florentino NA,L,0.0068,0,-0.144,0.132,0.0824,0,9.698492462,-0.036,0.082,0.082191829,-0.036084218,0.265831428,1.002339375,0.000620428
Caleb Cali SEA,R,0.0068,0,-0.144,0.132,0.0164,0,9.655172414,-0.036,0.082,0.082459714,-0.036201826,0.266653598,1.005606271,0.001486598
Garrett Hampson CIN,R,0.016608969,-0.024154209,-0.146656176,0.131864673,0.027781275,0,9.678321678,-0.036137725,0.081930272,0.08013484,-0.035345798,0.259314034,0.978085854,-0.005809966
Jae-Hoon Ha NA,R,-0.0004,0,-0.144,0.132,-0.0264,0,9.7,-0.036,0.082,0.082239225,-0.036105026,0.265827262,1.002917375,0.000773262
Geonchang Seo NA,L,-0.0052,0,-0.144,0.132,0.0164,0,10,-0.036,0.082,0.082282287,-0.036123931,0.265965451,1.003442523,0.000912451
Griffin Lockwood-Powell LAN,R,0.00328125,0,-0.146875,0.13125,-0.083125,0,9.683042789,-0.036348683,0.08197788,0.082912268,-0.036762987,0.26806802,1.011398054,0.00302102
Bubba Thompson NA,R,0.02119403,-0.056716418,-0.148507463,0.132835821,0.016716418,0,9.685534591,-0.03627446,0.081845389,0.081960008,-0.03632526,0.265338069,1.001400435,0.000371069
Mason Auer TBA,R,0.01490566,0,-0.147169811,0.132075472,-0.026603774,0,9.659863946,-0.036307016,0.081923524,0.081675328,-0.03619702,0.264150297,0.996970395,-0.000802703
Frederick Bencosme BAL,L,0.010189394,0,-0.146969697,0.131818182,0.016666667,0,9.686520376,-0.036255197,0.081761076,0.081217412,-0.036014121,0.263190223,0.99335058,-0.001761777
Omar Martinez LAA,L,0.0044,0,-0.144,0.132,0.0824,0,9.689119171,-0.036,0.082,0.080801076,-0.035473643,0.261053496,0.985378976,-0.003873504
Orlando Calixte NA,R,0.0016,0,-0.144,0.132,-0.0264,0,9.684210526,-0.036,0.082,0.081238485,-0.035665676,0.262452814,0.99071323,-0.002460186
Yolbert Sanchez NA,R,0.004492754,0,-0.147826087,0.131884058,0.016666667,0,9.72972973,-0.03632211,0.081902797,0.082233639,-0.036468831,0.265947963,1.004039456,0.001069963
Duke Ellis NYA,L,0.041162791,0.006976744,-0.151162791,0.134883721,-0.050116279,0,9.691358025,-0.036496524,0.081696065,0.082831325,-0.037003685,0.268521267,1.013896138,0.003680267
Justin Farmer NA,R,0.0088,0,-0.144,0.132,-0.0492,0,9.703703704,-0.036,0.082,0.082486537,-0.036213601,0.266389264,1.005933373,0.001571264
Benjamin Cowles CHN,R,0.008776371,0,-0.147538678,0.131786217,0.016680731,0,9.677419355,-0.036367637,0.08167984,0.081306355,-0.036201344,0.26360611,0.995427446,-0.00121089
Evan Skoug NA,L,0.0032,0,-0.144,0.132,-0.1152,0,9.6875,-0.036,0.082,0.082318831,-0.036139974,0.265808508,1.003888178,0.001029508
James Jarvis ATL,L,0.0084,0,-0.144,0.132,0.0492,0,9.661016949,-0.036,0.082,0.084547663,-0.037118486,0.272958006,1.031069062,0.008225006
Jacob Morales NYA,L,0.0084,0,-0.144,0.132,-0.0492,0,9.705882353,-0.036,0.082,0.085505498,-0.037538999,0.2760472,1.042749972,0.0113172
Jae-Gyun Hwang NA,R,-0.0072,0,-0.144,0.132,0.0164,0,10,-0.036,0.082,0.081703868,-0.035869991,0.263767984,0.996388631,-0.000956016
Terry Bowens BAL,R,0.00390625,0,-0.146875,0.13125,-0.083125,0,9.681020734,-0.036348683,0.081591192,0.081172282,-0.036162059,0.263326041,0.99486575,-0.001358959
Josh Harrison NA,R,-0.0056,-0.02,-0.144,0.132,0.0164,0,9.636363636,-0.036,0.082,0.082268458,-0.03611786,0.265538504,1.003273879,0.000866504
Zyhir Hope LAN,L,0.0084,0,-0.148,0.132,-0.0492,0,9.659863946,-0.037,0.082,0.090493639,-0.040832496,0.292059391,1.103580963,0.027412391
Jackson Hornung TOR,R,0.0052,0,-0.148,0.132,-0.0824,0,9.668049793,-0.037,0.082,0.083017038,-0.037458907,0.267926354,1.012402904,0.003282354
Willy Vasquez BAL,R,0.008899083,0,-0.147706422,0.131192661,0.016605505,0,9.702970297,-0.036471962,0.081552213,0.080777722,-0.036125592,0.262061373,0.990503122,-0.002512627
Aaron Bracho NA,L,0.005376344,0,-0.148387097,0.131182796,0.016666667,0,9.782608696,-0.036644724,0.081521233,0.081817058,-0.0367777,0.265460824,1.00362881,0.000959824
Taylor Young LAN,R,0.01564433,0,-0.14871134,0.131958763,0.016675258,0,9.679487179,-0.036661487,0.081455851,0.081433622,-0.036651482,0.264427819,0.999727104,-7.22E-05
Damiano Palmegiani TOR,R,0.004102564,0,-0.148717949,0.131410256,-0.083205128,0,9.684481648,-0.036743982,0.081406927,0.081542603,-0.036805222,0.264886739,1.00166665,0.000440739
Patrick Frick NA,R,0.0076,0,-0.148,0.132,0.0164,0,9.523809524,-0.037,0.081,0.08129759,-0.037135936,0.265397487,1.003673947,0.000971487
Matt Duffy NA,R,-0.002469136,-0.032098765,-0.14691358,0.12962963,0.01654321,0,9.694915254,-0.036677563,0.081368711,0.081884259,-0.03690995,0.266026919,1.006335942,0.001674919
Grant Witherspoon NA,L,0.0068,0,-0.148,0.132,-0.0492,0,9.668874172,-0.037,0.081,0.081126498,-0.037057783,0.264757828,1.001561702,0.000412828
Marco Dinges MIL,R,0.0056,0,-0.148,0.132,-0.1152,0,9.691358025,-0.037,0.081,0.082766462,-0.037806902,0.270080248,1.021808169,0.005764248
Ethan Wilson NA,L,0.006631579,0,-0.149473684,0.131578947,-0.050105263,0,9.684385382,-0.036810187,0.081137947,0.08093949,-0.036720152,0.263626608,0.997554075,-0.000646392
Christopher Hinojosa TBA,R,0.001969697,0,-0.148484848,0.131818182,0.05,0,9.668049793,-0.036666382,0.081189845,0.081311747,-0.036721434,0.264657773,1.001501444,0.000396773
Colton Becker KCA,R,0.0216,0,-0.148,0.132,0.0164,0,9.649122807,-0.037,0.081,0.081740456,-0.037338233,0.266672687,1.009141431,0.002415687
Connor Scott KCA,L,0.006,0,-0.148,0.132,-0.0492,0,9.673202614,-0.037,0.081,0.078784323,-0.035987901,0.257018779,0.972645968,-0.007228221
Seth Gray NA,L,0.0076,0,-0.148,0.132,-0.0824,0,9.700854701,-0.037,0.081,0.080945158,-0.036974949,0.264038108,0.999322935,-0.000178892
David Calabrese LAA,L,0.009508197,0,-0.149180328,0.131147541,-0.05,0,9.674796748,-0.036854096,0.080998013,0.080739534,-0.036736488,0.263364866,0.996808825,-0.000843134
Ryan Kreidler MIN,R,0.013231177,-0.025841846,-0.146159667,0.128830874,0.036662883,0,9.683923706,-0.036872962,0.08119115,0.0830879,-0.037734371,0.270374165,1.023361538,0.006172165
Joseph Redfield LAA,L,0.0088,0,-0.148,0.132,-0.0492,0,9.657534247,-0.037,0.081,0.081227913,-0.037104108,0.264908292,1.002813741,0.000743292
Jeron Williams HOU,R,0.014,0,-0.15,0.133333333,0.050666667,0,9.66442953,-0.036551679,0.081225953,0.081277665,-0.036574949,0.264319169,1.00063664,0.000168169
Jeffrey Schwarz NA,R,0.0028,0,-0.148,0.132,0.0824,0,9.664804469,-0.037,0.081,0.081250413,-0.037114386,0.264963616,1.003091521,0.000816616
Grae Kessinger NYN,R,0.003410853,-0.008527132,-0.15503876,0.136434109,0.016744186,0,9.677419355,-0.036990481,0.081194106,0.081677942,-0.037210907,0.26569691,1.005959004,0.00157391
Zachary Kokoska COL,L,0.008219178,0,-0.150684932,0.131506849,-0.083424658,0,9.676966292,-0.037147726,0.081049584,0.080532656,-0.036910801,0.26237485,0.993622069,-0.00168415
Tim Anderson NA,R,0.010329341,0.00988024,-0.147305389,0.129341317,0.016646707,0,9.67791411,-0.037007009,0.081084463,0.080841649,-0.036896189,0.263260279,0.997005423,-0.000790721
Michael Reed NA,B,0.004,0,-0.148,0.132,-0.0264,0,9.696969697,-0.037,0.081,0.081275512,-0.037125851,0.264744443,1.003401377,0.000897443
Milan Tolentino CLE,L,0.011545455,0,-0.150909091,0.131818182,0.049909091,0,9.688149688,-0.0372808,0.080849929,0.082253191,-0.03792786,0.268361319,1.017356384,0.004578319
Miguel Palma NYA,R,0.004666667,0,-0.153333333,0.133333333,0.084333333,0,9.672897196,-0.037363938,0.081225953,0.080344412,-0.03695843,0.260916222,0.989147059,-0.002862778
Scott Kingery CHN,R,0.006082949,-0.004147465,-0.148387097,0.129493088,0.016635945,0,10,-0.037299879,0.080739179,0.079438104,-0.036698808,0.259440755,0.983885453,-0.004249245
Tyler Payne NA,R,0.002,0,-0.148,0.132,0.0824,0,9.661016949,-0.037,0.081,0.081090026,-0.037041123,0.263966056,1.001111437,0.000293056
Michael De La Cruz SDN,B,0.0028,0,-0.148,0.132,0.0824,0,9.664804469,-0.037,0.081,0.081245992,-0.037112367,0.264451692,1.003036939,0.000800692
Bryce Teodosio LAA,R,0.019894601,-0.006213018,-0.142474112,0.123982988,0.01666605,0,9.682875264,-0.037348579,0.080722374,0.07927123,-0.036677165,0.258876001,0.98202303,-0.004738999
Edward Hodo BAL,R,0.0152,0,-0.148,0.132,0.0164,0,9.75,-0.037,0.081,0.081272617,-0.037124529,0.264466111,1.003365636,0.000887111
Hun Gon Kim NA,R,-0.006,0,-0.148,0.132,-0.0264,0,9.68,-0.037,0.081,0.08154991,-0.037251193,0.265343271,1.006789011,0.001789271
Sang-soo Kim NA,R,-0.0072,0,-0.148,0.132,0.0492,0,9.701492537,-0.037,0.081,0.08251748,-0.03769317,0.268480298,1.018734317,0.004937298
Riley Mahan NA,L,0.0032,0,-0.148,0.132,-0.0824,0,9.674796748,-0.037,0.081,0.081077035,-0.037035189,0.263764615,1.00095105,0.000250615
Joshua Bissonette NA,R,0.0072,0,-0.152,0.132,0.0164,0,10,-0.038,0.081,0.081283486,-0.038132993,0.264345938,1.003499825,0.000921938
Morgan McCullough NA,L,0.008,0,-0.152,0.132,0.0492,0,9.6875,-0.038,0.081,0.08079521,-0.037903926,0.262737046,0.99747173,-0.000665954
Grant Richardson MIA,L,0.007534247,0,-0.152054795,0.131506849,-0.05,0,9.684210526,-0.037485433,0.080711878,0.08108166,-0.037657173,0.264600741,1.004581505,0.001206741
Colby Smelley NA,R,0.0052,0,-0.152,0.132,0.0824,0,9.657142857,-0.038,0.081,0.080769602,-0.037891912,0.262640808,0.997155579,-0.000749192
P.J. Higgins CIN,R,-0.001363636,-0.00430622,-0.15215311,0.131818182,-0.083301435,0,9.682136251,-0.037538481,0.080507057,0.080484347,-0.037527892,0.263302707,0.999717921,-7.43E-05
Terrell Tatum NA,L,0.014263323,0,-0.152037618,0.131661442,-0.049937304,0,9.680563075,-0.037541106,0.080500515,0.080668869,-0.037619617,0.263893737,1.00209133,0.000550737
Tyler Robertson SDN,R,0.0104,0,-0.152,0.132,0.0164,0,9.444444444,-0.038,0.08,0.080490186,-0.038232838,0.264875091,1.006127322,0.001613091
Roman Quinn COL,B,0.0044,-0.052,-0.152,0.132,0.0164,0,9.696969697,-0.038,0.08,0.080404482,-0.038192129,0.264572959,1.005056028,0.001330959
Chadwick Tromp ATL,R,0.002377622,-0.003846154,-0.146853147,0.126573427,0.083426573,0.017275862,9.683625024,-0.03766577,0.080443324,0.079254543,-0.03710915,0.259335095,0.985222129,-0.003889905
Ian Petrutz SLN,L,0.0064,0,-0.152,0.132,-0.0492,0,9.691358025,-0.038,0.08,0.08001715,-0.038008146,0.263256422,1.000214369,5.64E-05
Junior Franco ARI,L,0.0092,0,-0.152,0.132,-0.0492,0,9.677419355,-0.038,0.08,0.087545562,-0.041584142,0.288008484,1.094319524,0.024823484
Eddinson Paulino NA,L,0.008717949,0,-0.153846154,0.133333333,0.016666667,0,9.5,-0.037687718,0.080400466,0.080960243,-0.037950114,0.265002286,1.006962367,0.001832286
Kyle Datres NA,R,0.006923077,0,-0.153846154,0.133333333,-0.083589744,0,9.693094629,-0.037829128,0.080071655,0.080155033,-0.03786852,0.263244831,1.001041297,0.000273831
Jordan Nwogu CHN,R,0.01,0,-0.152,0.132,-0.0492,0,9.673202614,-0.038,0.08,0.082492462,-0.039183919,0.271155815,1.031155771,0.008192815
Collin Price HOU,R,0.0056,0,-0.152,0.132,-0.0824,0,9.68,-0.038,0.08,0.079933124,-0.037968234,0.26268023,0.999164055,-0.00021977
Gabriel Rodriguez NA,R,0.0068,0,-0.152,0.132,0.0164,0,10,-0.038,0.08,0.08014804,-0.038070319,0.263385494,1.001850498,0.000486494
Cristian Pache NYN,R,0.00701731,-0.023834887,-0.15126498,0.129560586,0.01665779,0,9.681603203,-0.037931808,0.080137623,0.080356954,-0.038035625,0.263615528,1.00273693,0.000719528
Bret Boswell NA,L,0.0032,0,-0.152,0.132,0.0164,0,10,-0.038,0.08,0.080180771,-0.038085866,0.263489049,1.002259644,0.000594049
Christian Cairo PHI,R,0.0159,0,-0.154,0.132,0.0167,0,9.724770642,-0.037984735,0.080162591,0.082128047,-0.038916059,0.269289532,1.024518374,0.006444532
Lucas Berryhill NA,R,0.0068,0,-0.152,0.132,0.0824,0,9.664804469,-0.038,0.08,0.080272877,-0.038129616,0.263690379,1.003410957,0.000896379
Joseph Rosa NA,B,0.008,0,-0.152,0.132,0.0492,0,9.6875,-0.038,0.08,0.080142485,-0.03806768,0.263240012,1.001781057,0.000468012
Brock Jones TBA,L,0.0132,0,-0.152,0.132,-0.0492,0,9.655172414,-0.038,0.08,0.078139322,-0.037116178,0.25664958,0.976741526,-0.00611142
Brady Allen NA,R,0.005068493,0,-0.154794521,0.131506849,0.016712329,0,10,-0.038160846,0.080036465,0.079981587,-0.038134681,0.262570842,0.999314339,-0.000180158
James O'Ferrall BAL,R,0.0132,0,-0.152,0.132,0.0164,0,9.6,-0.038,0.08,0.078984271,-0.037517529,0.259345841,0.987303387,-0.003335159
Jose Briceno NA,R,0.0028,0,-0.152,0.132,0.0824,0,9.702380952,-0.038,0.08,0.079735987,-0.037874594,0.261771253,0.996699842,-0.000866747
Tyler Tolbert KCA,R,0.035495549,-0.004599407,-0.155163205,0.132195846,0.006059347,0,9.683648316,-0.038150042,0.079918829,0.079082876,-0.037750991,0.259873975,0.989539964,-0.002747025
Brandon Valenzuela TOR,B,0.005204604,0,-0.154603581,0.131713555,0.083286445,0,9.682899573,-0.03815262,0.079902757,0.083006426,-0.039634585,0.272814737,1.038843081,0.010200737
Dong-Yub Kim CHN,R,-0.006,0,-0.152,0.132,-0.0264,0,9.703703704,-0.038,0.08,0.079793728,-0.037902021,0.261884013,0.997421601,-0.000676987
Justin Dean CHN,R,0.016427504,-0.010014948,-0.158295964,0.134678625,0.016681614,0,9.722222222,-0.038220297,0.079869232,0.079598311,-0.038090651,0.261660412,0.996607943,-0.000890588
Colin Barber NA,L,0.005555556,0,-0.155555556,0.133333333,-0.05,0,9.677419355,-0.038419138,0.079582499,0.079691021,-0.038471527,0.262909025,1.00136364,0.000358025
Tanner Kirwer NA,R,0.0072,0,-0.152,0.132,0.0164,0,10,-0.038,0.08,0.080174082,-0.038082689,0.263117307,1.002176026,0.000571307
Garrett Martin NYA,R,0.01,0,-0.152,0.132,-0.0492,0,9.673202614,-0.038,0.08,0.081671913,-0.038794158,0.267989026,1.020898908,0.005486026
Kendall Simmons NA,R,0.006,0,-0.152,0.132,0.0164,0,10,-0.038,0.08,0.080276888,-0.038131522,0.263375423,1.003461094,0.000908423
Kevin Padlo NA,R,0.0075,0.028571429,-0.157142857,0.135714286,-0.084642857,0,9.702970297,-0.038098973,0.079661488,0.079785049,-0.038158067,0.262871101,1.001551074,0.000407101
Adrian Placencia LAA,B,0.0056,0,-0.152,0.132,0.0164,0,10,-0.038,0.08,0.079605599,-0.037812659,0.261132236,0.995069985,-0.001293764
Alex De Jesus NA,R,0.006545455,0,-0.155454545,0.131818182,0.016636364,0,10,-0.038403716,0.079727013,0.079946619,-0.038509498,0.263136814,1.00275448,0.000722814
Andres Sosa NA,R,0.004871795,0,-0.153846154,0.130769231,0.083076923,0,9.69348659,-0.038090453,0.079989951,0.079995658,-0.038093171,0.262410722,1.000071351,1.87E-05
Maddux Houghton MIN,R,0.0104,0,-0.152,0.132,0.0164,0,9.444444444,-0.038,0.08,0.07851713,-0.037295637,0.257354615,0.981464123,-0.004860385
Monte Harrison NA,R,0.01,-0.016,-0.156,0.132,-0.0492,0,9.705882353,-0.039,0.08,0.080352577,-0.039171882,0.26333448,1.004407218,0.00115548
Tanner Allen NA,L,0.005641026,0,-0.156410256,0.130769231,-0.04974359,0,9.679715302,-0.038725294,0.07935511,0.079608072,-0.038848739,0.263004722,1.003187722,0.000835722
Rio Foster LAA,R,0.006,0,-0.156,0.132,-0.0492,0,9.710982659,-0.039,0.079,0.07866759,-0.038835899,0.260977241,0.995792281,-0.001102759
Thomas Gavello SFN,L,0.0064,0,-0.156,0.132,0.0164,0,10,-0.039,0.079,0.078695999,-0.038849924,0.260999764,0.996151888,-0.001008236
Carter Aldrete NA,R,0.0052,0,-0.156,0.132,-0.0824,0,9.69348659,-0.039,0.079,0.079077997,-0.039038505,0.262245661,1.000987305,0.000258661
Laz Rivera NA,R,0.0028,0,-0.156,0.132,0.0164,0,10,-0.039,0.079,0.079311869,-0.039153961,0.263013216,1.003947706,0.001034216
Aledmys Diaz HOU,R,-0.006780822,-0.064383562,-0.155479452,0.130821918,0.050136986,0,9.680696662,-0.038601392,0.079413437,0.079531487,-0.038658774,0.262358423,1.001486523,0.000389423
William Knight SEA,R,0.014,0,-0.156,0.132,-0.0492,0,9.673202614,-0.039,0.079,0.078946045,-0.038973364,0.261759104,0.999317029,-0.000178896
Yolmer Sanchez LAA,B,-0.002727273,-0.027272727,-0.156818182,0.131818182,0.016818182,0,9.710982659,-0.038477309,0.079185187,0.079047662,-0.038410484,0.261467107,0.99826325,-0.000454893
Livan Soto NA,L,0.004545455,0.011818182,-0.157272727,0.132272727,0.016681818,0,9.672131148,-0.038676659,0.079365398,0.07954851,-0.038765894,0.262518289,1.002307204,0.000604289
Parker Chavers CHN,L,0.01,0,-0.156,0.132,-0.0492,0,9.693251534,-0.039,0.079,0.07546199,-0.037253388,0.250183244,0.955215068,-0.011729756
Freddy Zamora MIL,R,0.0066,0,-0.158,0.132,0.0504,0,9.6875,-0.038649282,0.07925549,0.078040998,-0.03805703,0.257877846,0.984676243,-0.004013154
Alexander RamÃ­rez NA,R,0.01576087,0,-0.157391304,0.13173913,-0.049978261,0,9.683544304,-0.03883093,0.079217242,0.078449716,-0.038454702,0.259217896,0.990311117,-0.002536104
Kaden Polcovich SEA,B,0.01,0,-0.156,0.132,0.0164,0,10,-0.039,0.079,0.079337804,-0.039166764,0.262852169,1.004275995,0.001119169
Hunter Stovall PIT,R,0.005909091,0,-0.156818182,0.131818182,0.05,0,9.714285714,-0.038716822,0.079116984,0.079153544,-0.038734713,0.261844943,1.000462101,0.000120943
John Olmstead MIA,R,0.0104,0,-0.156,0.132,0.0164,0,10,-0.039,0.079,0.078502711,-0.038754503,0.260053646,0.993705206,-0.001647354
Maverick Handley BAL,R,0.00527907,-0.016744186,-0.153255814,0.127906977,0.083348837,0.021627907,9.682854057,-0.03891216,0.079182408,0.078724966,-0.038687362,0.260163285,0.994222929,-0.001511715
Andrew Knapp NA,B,-0.001111111,-0.014529915,-0.157264957,0.131623932,0.083247863,-0.017083334,9.694914915,-0.038947487,0.079165002,0.07962538,-0.039173984,0.263192728,1.005815425,0.001521728
Jacob Stallings BAL,R,-0.015625,-0.029276316,-0.154605263,0.128947368,0.083453947,-0.050366665,9.679930363,-0.038941824,0.079126472,0.07901852,-0.038888696,0.261304017,0.998635704,-0.000356983
Logan Warmoth NA,R,0.0048,0,-0.156,0.132,0.0492,0,9.74025974,-0.039,0.079,0.07917229,-0.039085055,0.262216621,1.002180889,0.000570621
Sebastian Espino NA,R,0.0072,0,-0.156,0.132,0.0492,0,9.642857143,-0.039,0.079,0.078952716,-0.038976657,0.261386458,0.999401467,-0.000156542
Kenedy Corona NYA,R,0.0103125,-0.010416667,-0.161458333,0.134375,0.016770833,0,9.708737864,-0.039156815,0.079071504,0.07951177,-0.039374838,0.262957024,1.005567948,0.001456024
Kevin Smith NA,R,0.007659574,0,-0.159574468,0.134042553,-0.117446809,0,9.680365297,-0.038970942,0.078981109,0.079196358,-0.03907715,0.262198633,1.00272532,0.000712633
Samuel Zavala CHA,L,0.0072,0,-0.156,0.132,-0.0492,0,9.705882353,-0.039,0.079,0.087136331,-0.04301667,0.2884003,1.102991536,0.0269293
Joshua Zamora NA,R,0.0052,0,-0.156,0.132,0.0164,0,10,-0.039,0.079,0.079077567,-0.039038293,0.261722724,1.000981864,0.000256724
Patrick Dorrian NA,L,0.001851852,0,-0.159259259,0.12962963,0.016666667,0,9.677419355,-0.039539372,0.079078744,0.079310026,-0.039655013,0.262138441,1.002924702,0.000764441
Jair Camargo ATL,R,0.005192308,0,-0.158653846,0.130769231,0.083365385,-0.0003,9.67642527,-0.039325252,0.07888884,0.075769971,-0.037770529,0.250948381,0.960465026,-0.010329619
Greg Deichmann NA,L,0.004,-0.032,-0.156,0.132,-0.0492,0,9.69348659,-0.039,0.079,0.079182277,-0.039089985,0.261840757,1.00230731,0.000602757
Matthew Scheffler NA,R,0.008,0,-0.156,0.132,0.0824,0,9.707602339,-0.039,0.079,0.079370226,-0.03918277,0.262446191,1.004686401,0.001224191
Nick Ward NA,L,0.004,0,-0.156,0.132,0.0164,0,10,-0.039,0.079,0.079132845,-0.039065582,0.261645239,1.001681581,0.000439239
Reivaj Garcia NA,B,0.0072,0,-0.156,0.132,0.0164,0,10,-0.039,0.079,0.079148086,-0.039073106,0.261614481,1.001874508,0.000489481
Joshua Stowers NA,R,0.0084,0,-0.156,0.132,-0.0492,0,9.700598802,-0.039,0.079,0.079217658,-0.039107451,0.26184344,1.002755166,0.00071944
Eduardo Garcia MIL,R,0.0116,0,-0.156,0.132,0.0492,0,9.684210526,-0.039,0.079,0.07807084,-0.038541301,0.258021163,0.988238487,-0.003070837
Onix Vega NYN,R,0.006,0,-0.156,0.132,-0.1152,0,9.680232558,-0.039,0.079,0.079643451,-0.039317653,0.263217574,1.008144953,0.002126574
Trevor Austin HOU,R,0.0072,0,-0.156,0.132,0.0164,0,10,-0.039,0.079,0.07971499,-0.03935297,0.263452998,1.009050511,0.002362998
Austin Deming NA,R,0.0072,0,-0.156,0.132,-0.0824,0,9.6875,-0.039,0.079,0.078978337,-0.038989306,0.261008409,0.999725789,-7.16E-05
Drew Maggi NA,R,-0.0052,-0.02,-0.156,0.132,0.0164,0,9.647058824,-0.039,0.079,0.078805089,-0.038903778,0.26042987,0.997532768,-0.00064413
Joshua Hatcher NA,L,0.007123288,0,-0.160273973,0.131506849,-0.05,0,9.685185185,-0.039511672,0.078685638,0.078642084,-0.039489802,0.260924491,0.999446472,-0.000144509
McCarthy Tatum NA,R,0.0032,0,-0.156,0.132,-0.0492,0,9.668508287,-0.039,0.079,0.079429867,-0.039212213,0.262485547,1.005441354,0.001420547
Nicholas Raposo SEA,R,0.0052,0,-0.156,0.132,0.0824,0,9.695121951,-0.039,0.079,0.078854901,-0.038928369,0.260574524,0.998163307,-0.000479476
Jacob Burke CHA,R,0.011034483,0,-0.162068966,0.134482759,-0.050689655,0,9.701492537,-0.039376768,0.078753535,0.079195345,-0.039597672,0.262518519,1.005610023,0.001464519
Trey Paige SLN,L,0.0064,0,-0.156,0.132,-0.0824,0,9.689922481,-0.039,0.079,0.078325878,-0.038667205,0.258808529,0.991466805,-0.002227471
Hayden Cantrelle CHN,B,0.0128,0,-0.156,0.132,0.0164,0,10,-0.039,0.079,0.078658271,-0.038831298,0.259895888,0.995674315,-0.001129112
Cameron Sisneros CHN,L,0.0068,0,-0.156,0.132,-0.0824,0,9.688715953,-0.039,0.079,0.079253698,-0.039125243,0.261863247,1.003211367,0.000838247
Michael Perez NA,L,0.0008,0.008,-0.156,0.132,0.0824,-0.0145,9.652777778,-0.039,0.079,0.079258795,-0.03912776,0.261867047,1.003275892,0.000855047
Joshua Morgan NA,R,0.0028,0,-0.156,0.132,0.0164,0,10,-0.039,0.079,0.079285628,-0.039141006,0.261948674,1.00361554,0.000943674
Samuel Petersen WAS,R,0.012,0,-0.16,0.132,-0.0492,0,9.702380952,-0.04,0.079,0.086125236,-0.043607714,0.284400791,1.090192857,0.023528791
Nicholas Northcut NA,R,0.004,0,-0.16,0.132,0.016666667,0,9.649122807,-0.039469689,0.078610464,0.078764291,-0.039546924,0.261378474,1.001956829,0.000510474
Eduardo Antonini DET,L,0.0072,0,-0.16,0.132,0.0824,0,9.685534591,-0.04,0.078,0.076493485,-0.039227428,0.255805,0.9806857,-0.005038
Braden Shewmake HOU,L,0.011447368,-0.045065789,-0.158223684,0.129605263,0.049967105,0,9.688311688,-0.039666059,0.078342529,0.079151981,-0.040075898,0.26339664,1.010332217,0.00269364
Joseph Naranjo NA,L,0.00375,0,-0.1625,0.134375,-0.0840625,0,9.69273743,-0.039685835,0.07860848,0.078744898,-0.039754706,0.261104338,1.00173541,0.000452338
Jeremy De La Rosa NA,L,0.007666667,0,-0.163333333,0.133333333,-0.050666667,0,9.690265487,-0.039800717,0.077976915,0.078213086,-0.039921263,0.261333119,1.003028736,0.000789119
Ronaiker Palma NA,R,0.006,0,-0.16,0.132,0.0824,0,9.679487179,-0.04,0.078,0.07821678,-0.040111169,0.26123502,1.00277923,0.00072402
Julio Rodriguez NA,R,0.0052,0,-0.16,0.132,0.0824,0,9.675324675,-0.04,0.078,0.078429183,-0.040220094,0.261908225,1.005502351,0.001433225
Manuel Palencia NYA,R,0.006,0,-0.16,0.132,0.0824,0,9.679487179,-0.04,0.078,0.076251988,-0.039103584,0.254567262,0.97758959,-0.005835738
Jesus Valdez ARI,R,0.0056,0,-0.16,0.132,0.0164,0,10,-0.04,0.078,0.077601562,-0.039795673,0.259069831,0.994891824,-0.001330169
Will Wilson SEA,R,0.003979592,-0.019387755,-0.16122449,0.131632653,0.016734694,0,9.685314685,-0.039914689,0.078061005,0.078428481,-0.040102589,0.261621825,1.004707542,0.001225825
Elio Prado NA,R,0.0076,0,-0.16,0.132,0.0164,0,10,-0.04,0.078,0.077805324,-0.039900166,0.259740108,0.997504159,-0.000649892
Micael Ramirez NA,R,0.006,0,-0.16,0.132,0.0824,0,9.679487179,-0.04,0.078,0.078187149,-0.040095974,0.261003738,1.002399341,0.000624738
Hudson Haskin NA,R,0.0092,0,-0.16,0.132,-0.0492,0,9.659090909,-0.04,0.078,0.078135732,-0.040069606,0.260822081,1.00174015,0.000453081
Ethan Murray MIL,R,0.007355111,0,-0.162170706,0.131717597,0.016659642,0,9.683042789,-0.040014702,0.078053369,0.075656955,-0.038786161,0.252295603,0.969297748,-0.007991397
Nathan George BAL,R,0.0156,0,-0.16,0.132,0.0164,0,10,-0.04,0.078,0.077369938,-0.039676891,0.258108096,0.991922278,-0.002101904
Scott Kapers NA,R,0.0064,0,-0.16,0.132,0.0824,0,9.681528662,-0.04,0.078,0.078224873,-0.040115319,0.260922071,1.002882981,0.000750071
Luis De Los Santos NA,R,0.003695652,-0.015217391,-0.16242236,0.13136646,0.016677019,0,9.68641115,-0.040140846,0.077902407,0.077926607,-0.040153316,0.26021681,1.000310645,8.08E-05
Eduardo Guerrero LAN,B,0.0064,0,-0.16,0.132,0.0164,0,10,-0.04,0.078,0.07795211,-0.039975441,0.259894335,0.999386031,-0.000159665
Yan Gomes NA,R,-0.003515152,0.006060606,-0.156363636,0.126060606,0.083212121,-0.082687503,9.691212352,-0.040289042,0.07776722,0.077611835,-0.040208541,0.259511438,0.998001923,-0.000519562
Andrew Navigato NA,R,0.006315789,0,-0.163636364,0.132057416,0.050095694,0,9.682835821,-0.040295228,0.077880542,0.078237531,-0.040479933,0.26120987,1.004583798,0.00119187
Bryson Ware PHI,R,0.0064,0,-0.16,0.132,0.0492,0,9.718309859,-0.04,0.078,0.078056093,-0.040028766,0.260195984,1.000719144,0.000186984
Michael Sandle NA,R,0.008,0,-0.16,0.132,-0.0492,0,9.664804469,-0.04,0.078,0.078099953,-0.040051258,0.260316154,1.001281445,0.000333154
Pascanel Ferreras HOU,R,0.00787037,0,-0.163888889,0.132407407,0.016759259,0,9.736842105,-0.040246788,0.077764981,0.078605479,-0.040681783,0.26277374,1.010808189,0.00280974
Elih Marrero KCA,B,0.0092,0,-0.16,0.132,-0.1152,0,9.682080925,-0.04,0.078,0.076608151,-0.039286231,0.255303539,0.982155785,-0.004638461
Samuel Praytor MIA,R,0.0076,0,-0.16,0.132,0.0824,0,9.6875,-0.04,0.078,0.078266882,-0.040136863,0.260810338,1.00342157,0.000889338
Miguel Hernandez NA,R,0.0068,0,-0.16,0.132,0.0164,0,10,-0.04,0.078,0.077980763,-0.039990135,0.259813906,0.999753369,-6.41E-05
Luis Encarnacion NA,R,0.0056,0,-0.16,0.132,-0.0824,0,9.667896679,-0.04,0.078,0.078020352,-0.040010437,0.259937806,1.000260923,6.78E-05
Devin Ortiz CHN,R,0.0072,0,-0.16,0.132,0.0164,0,10,-0.04,0.078,0.077070846,-0.039523511,0.256740774,0.988087771,-0.003095226
Zach Remillard CHA,R,0.007134146,-0.018292683,-0.161890244,0.130182927,0.016646341,0,9.684684685,-0.040391713,0.077664669,0.077948544,-0.040539351,0.260738567,1.003655147,0.000949567
Sean Keys TOR,L,0.0056,0,-0.16,0.132,-0.0824,0,9.667896679,-0.04,0.078,0.088762524,-0.045519243,0.295595136,1.137981074,0.035841136
Simon Whiteman NA,R,0.0092,0,-0.16,0.132,0.0492,0,9.743589744,-0.04,0.078,0.078148003,-0.040075899,0.26024387,1.001897471,0.00049287
Tyler McDonough BOS,B,0.0068,0,-0.164,0.132,-0.05,0,9.690721649,-0.040456431,0.077623722,0.076256573,-0.039743892,0.255153538,0.98238749,-0.004574462
Mark Kolozsvary PHI,R,0.0064,0,-0.16,0.132,0.0824,-0.001,9.677419355,-0.04,0.078,0.078163424,-0.040083807,0.260254138,1.002095175,0.000544138
Madison Stokes NA,R,0.0028,0,-0.164,0.132,0.0492,0,9.615384615,-0.041,0.078,0.077830758,-0.040911039,0.259110566,0.997830226,-0.000563434
Kobe Kato NA,L,0.0124,0,-0.164,0.132,0.0164,0,10,-0.041,0.078,0.078290294,-0.04115259,0.260595265,1.003721714,0.000966265
Jaison Chourio CLE,B,0.0084,0,-0.164,0.132,0.0164,0,9.473684211,-0.041,0.077,0.078829683,-0.041974247,0.26577786,1.023762119,0.00616886
Greg Jones MIL,B,0.020621118,-0.01242236,-0.165838509,0.132919255,-0.050124224,0,9.686495177,-0.040610216,0.077417978,0.075455326,-0.039580692,0.253022683,0.97464863,-0.006581317
Frainyer Chavez TEX,B,0.005479452,0,-0.164383562,0.131506849,0.016712329,0,9.62962963,-0.040524792,0.077334812,0.078785256,-0.041284851,0.264391474,1.018755391,0.004867474
Justin Johnson KCA,R,0.0072,0,-0.164,0.132,0.0164,0,9.545454545,-0.041,0.077,0.074701185,-0.039775956,0.251694486,0.970145259,-0.007745514
Carlos De La Cruz NA,R,0.005063291,0,-0.164556962,0.13164557,-0.049746835,0,9.684044234,-0.040799391,0.077205002,0.076947325,-0.04066322,0.258567125,0.996662433,-0.000865875
Steven Duggar NA,L,0.0044,-0.048,-0.164,0.132,0.0164,0,9.673202614,-0.041,0.077,0.077362638,-0.041193093,0.260635731,1.00470958,0.001221731
Cesar Hernandez NA,B,-0.004,-0.032,-0.164,0.132,0.0164,0,9.69924812,-0.041,0.077,0.077526838,-0.041280524,0.2611265,1.006842053,0.0017745
Dasan Brown MIL,R,0.016666667,0,-0.166666667,0.133333333,0.017,0,10,-0.040612976,0.077164655,0.077851206,-0.040974319,0.261617139,1.008897223,0.002307139
Jacob Campbell SDN,R,0.0064,0,-0.164,0.132,-0.0492,0,9.689119171,-0.041,0.077,0.076908088,-0.04095106,0.259000471,0.998806336,-0.000309529
Angel Ortiz ARI,L,0.0052,0,-0.164,0.132,-0.0492,0,9.693877551,-0.041,0.077,0.084153085,-0.044808786,0.283372947,1.092897214,0.024086947
Brandon Lewis NA,R,0.0056,0,-0.164,0.132,-0.0824,0,9.679715302,-0.041,0.077,0.077146007,-0.041077744,0.259720547,1.001896188,0.000491547
Sebastian Rivero LAA,R,0.003041475,-0.00437788,-0.162211982,0.128801843,0.083271889,-0.009604651,9.685354194,-0.040905225,0.077162129,0.07674077,-0.040681854,0.257788568,0.994539313,-0.001415432
Luke Williams ATL,R,0.012585227,-0.05625,-0.161931818,0.128693182,0.049943182,0,9.683673469,-0.040893168,0.077194822,0.077007586,-0.040793982,0.258568318,0.997574501,-0.000628682
Charles Szykowny SFN,L,0.0052,0,-0.164,0.132,-0.0824,0,9.680851064,-0.041,0.077,0.084235653,-0.04485275,0.283518611,1.093969521,0.024353611
Jackson DiChiara NA,R,0.0052,0,-0.164,0.132,-0.1152,0,9.673024523,-0.041,0.077,0.077056816,-0.041030253,0.259337215,1.000737866,0.000191215
Brycelin Ball NA,L,0.0056,0,-0.164,0.132,-0.0824,0,9.679715302,-0.041,0.077,0.076949006,-0.040972847,0.258960387,0.999337739,-0.000171613
Ryan McCarty TOR,R,0.0064,0,-0.164,0.132,0.0164,0,9.583333333,-0.041,0.077,0.075991094,-0.04046279,0.255721875,0.986897328,-0.003395125
Jax Biggers HOU,L,0.0048,0,-0.166666667,0.132,0.016666667,0,9.705882353,-0.041083504,0.076908319,0.076571068,-0.040903348,0.25791105,0.995614888,-0.00113595
Rainiel Rodriguez SLN,R,0.0056,0,-0.164,0.132,0.0824,0,9.655172414,-0.041,0.077,0.080920004,-0.043087275,0.27221279,1.050909137,0.01318679
Baron Radcliff NA,L,0.006,0,-0.164,0.132,-0.1152,0,9.671232877,-0.041,0.077,0.076917471,-0.040956056,0.258720403,0.998928189,-0.000277597
Peyton Burdick NA,R,0.0028,-0.012,-0.164,0.132,-0.0492,0,9.699570815,-0.041,0.077,0.077232652,-0.04112388,0.259766509,1.003021457,0.000782509
Nicklaus Tanielu NA,R,0.0032,0,-0.164,0.132,-0.0824,0,9.68641115,-0.041,0.077,0.076812715,-0.040900277,0.258322159,0.997567731,-0.000629841
Ryan Spikes TBA,R,0.0092,0,-0.164,0.132,-0.0492,0,9.677419355,-0.041,0.077,0.074379779,-0.039604818,0.250116981,0.965971162,-0.008811019
Justin Gonzales BOS,R,0.0072,0,-0.164,0.132,-0.0492,0,9.685863874,-0.041,0.077,0.079088877,-0.042112259,0.265943024,1.027128268,0.007024024
JesÃºs Made MIL,B,0.012,0,-0.164,0.132,0.0164,0,10,-0.041,0.077,0.085572334,-0.04556449,0.287728638,1.111329013,0.028823638
Richie Martin TEX,R,0.01,-0.008,-0.164,0.132,0.0164,0,9.714285714,-0.041,0.077,0.077328899,-0.041175128,0.259970721,1.004271419,0.001105721
Jacob Gonzalez CHA,L,0.008508772,0,-0.16754386,0.13245614,0.016666667,0,9.658119658,-0.041232719,0.076852608,0.079604879,-0.042709359,0.268118986,1.035812331,0.009269986
Andrew Thomas SDN,L,0.004473684,0,-0.167105263,0.131578947,-0.116710526,0,9.681034483,-0.041198613,0.076882451,0.076901783,-0.041208972,0.258907086,1.000251451,6.51E-05
Tomas Nido DET,R,-0.007858017,-0.015299878,-0.159608323,0.125948592,0.083329253,0.025780488,9.683258183,-0.041198592,0.076868232,0.076548004,-0.041026961,0.25775472,0.995834071,-0.00107828
Dilan Rosario NA,R,0.0076,0,-0.164,0.132,0.0164,0,9.523809524,-0.041,0.077,0.077165325,-0.04108803,0.259368691,1.002147075,0.000555691
Tyler Hardman NYA,R,0.0076,0,-0.164,0.132,-0.0824,0,9.673913043,-0.041,0.077,0.078518944,-0.041808789,0.263918488,1.019726552,0.005105488
Robert Moore PHI,B,0.007636364,0,-0.167878788,0.132121212,0.016666667,0,9.692307692,-0.041365057,0.076756821,0.07845192,-0.042278564,0.264429487,1.022084011,0.005713487
Garrett Pennington DET,R,0.006,0,-0.164,0.132,-0.0824,0,9.678571429,-0.041,0.077,0.077145988,-0.041077734,0.259195492,1.001895951,0.000490492
Jose Mujica OAK,R,0.0064,0,-0.164,0.132,0.0824,0,9.659863946,-0.041,0.077,0.077201231,-0.041107149,0.259372073,1.002613388,0.000676073
Patrick Winkel MIN,L,0.0048,0,-0.164,0.132,-0.1152,0,9.673913043,-0.041,0.077,0.077526292,-0.041280233,0.260393697,1.006834955,0.001767697
Nicholas Mitchell CLE,L,0.01,0,-0.164,0.132,0.0164,0,10,-0.041,0.077,0.086032717,-0.045809629,0.288819653,1.117308016,0.030323653
Javier D'Orazio LAA,R,0.006571429,0,-0.168571429,0.131428571,0.082857143,0,9.682539683,-0.04177047,0.0764612,0.076056797,-0.041549547,0.257119865,0.994711011,-0.001367135
Jordyn Adams MIL,R,0.012872841,-0.029513344,-0.166875981,0.130612245,0.0166719,0,9.681207648,-0.041537309,0.076549002,0.076196182,-0.041345861,0.257222951,0.995390927,-0.001191049
Joshua Breaux CHA,R,0.0048,0,-0.168,0.132,0.0824,0,9.696969697,-0.042,0.077,0.075954011,-0.041429461,0.254901662,0.986415731,-0.003510338
Kenneth Piper TBA,R,0.006716418,0,-0.168656716,0.132835821,0.08358209,0,9.681697613,-0.041440919,0.076647364,0.076381463,-0.041297155,0.257479656,0.996530854,-0.000896344
Jose Barrero BAL,R,0.010150376,0.013533835,-0.165413534,0.129323308,0.016616541,0,9.655172414,-0.041567947,0.076522812,0.078049283,-0.042397142,0.263520884,1.019947919,0.005153884
Dayan Frias CLE,B,0.008909091,0,-0.168181818,0.131818182,0.016636364,0,9.674796748,-0.04154788,0.076582849,0.075152226,-0.040771735,0.253539535,0.981319272,-0.004826465
Travis Honeyman SLN,R,0.006,0,-0.168,0.132,0.0164,0,9.714285714,-0.042,0.076,0.085590512,-0.04730002,0.290966072,1.126190948,0.032603072
Dixon Machado NA,R,0.0012,-0.04,-0.168,0.132,0.0492,0,9.696969697,-0.042,0.076,0.076454575,-0.042251213,0.259883185,1.005981253,0.001545185
Brenden Dixon NA,R,0.0084,0,-0.168,0.132,-0.0832,0,9.685314685,-0.041418178,0.076919474,0.07670026,-0.04130014,0.257552898,0.997150084,-0.000736102
Cam Eden NA,R,0.018933333,-0.02,-0.169333333,0.132,-0.05,0,9.678832117,-0.04171753,0.076536885,0.076799996,-0.041860942,0.259122733,1.003437694,0.000887733
Tyrell Schofield-Sam NA,L,0.0048,0,-0.168,0.132,-0.0824,0,9.692832765,-0.042,0.076,0.076136402,-0.04207538,0.258691459,1.001794767,0.000463459
Jancarlos Cintron NA,R,0.0032,0,-0.169142857,0.132,0.05,0,9.689655172,-0.041707303,0.076369454,0.076114778,-0.041568218,0.257338956,0.996665205,-0.000861044
Mason McCoy SDN,R,0.011984848,-0.019545455,-0.166363636,0.129621212,0.05,0,9.678249678,-0.041718309,0.076350585,0.078187507,-0.042722012,0.264388492,1.024059045,0.006211492
Gregory Barrios TBA,R,0.016,0,-0.168,0.132,0.0492,0,9.733333333,-0.042,0.076,0.075882115,-0.041934853,0.257711638,0.998448883,-0.000400362
Delvin PÃ©rez NA,R,0.01,0,-0.168,0.132,0.0164,0,9.6,-0.042,0.076,0.076186965,-0.042103323,0.258698854,1.002460064,0.000634854
Jorge Alfaro KCA,R,0.000416667,-0.008333333,-0.175,0.1375,0.084166667,-0.029,9.722222222,-0.042,0.076,0.074786529,-0.041329398,0.253939627,0.984033275,-0.004120373
Benjamin Ross MIN,R,0.0089,0,-0.17,0.132,0.0167,0,9.6875,-0.041931201,0.076216125,0.079794283,-0.043899767,0.270168994,1.046947515,0.012114994
Tsung-Che Cheng BOS,L,0.009836512,-0.007629428,-0.169209809,0.13133515,0.049972752,0,9.686346863,-0.04183154,0.076253306,0.076952977,-0.04221537,0.26041171,1.009175606,0.00236771
Paul Witt NA,R,0.004102564,0,-0.169230769,0.130769231,-0.116153846,0,9.686468647,-0.041899498,0.076180906,0.076051704,-0.041828437,0.257600371,0.998304013,-0.000437629
Cameron Masterman NA,R,0.0064,0,-0.168,0.132,-0.1152,0,9.679144385,-0.042,0.076,0.076197399,-0.042109089,0.258706211,1.002597355,0.000670211
Austin Hedges CLE,R,-0.000511204,0.006687675,-0.161519608,0.125420168,0.083326331,0.148961544,9.683007302,-0.041857676,0.076211277,0.077871925,-0.042769757,0.263636141,1.021790062,0.005622141
Jared Walsh NA,L,-0.00344086,-0.003225806,-0.168100358,0.13046595,-0.083189964,0,9.684182131,-0.041837219,0.076181204,0.076464647,-0.04199288,0.258966951,1.003720639,0.000959951
John Head NA,L,0.0064,0,-0.168,0.132,-0.0492,0,9.704433498,-0.042,0.076,0.076208582,-0.042115269,0.258691035,1.002744503,0.000708035
Lucius Fox NA,B,0.0076,-0.04,-0.168,0.132,0.0492,0,9.6,-0.042,0.076,0.076278421,-0.042153864,0.258892977,1.00366344,0.000944977
Cole Tucker NA,B,0.006656347,-0.001547988,-0.17120743,0.132817337,0.016656347,0,9.675675676,-0.041881522,0.076189531,0.07640392,-0.041999372,0.258672834,1.002813888,0.000725834
Anthony Bemboom NA,L,-0.0064,-0.004,-0.168,0.132,0.0824,0.0015,9.6875,-0.042,0.076,0.076240064,-0.042132667,0.258742725,1.00315873,0.000814725
Zavier Warren CIN,B,0.0044,0,-0.172,0.132,-0.084,0,9.676375405,-0.042073902,0.076320101,0.07642826,-0.042133528,0.258256476,1.001417172,0.000365476
Nicholas Kahle NA,R,0.0056,0,-0.168,0.132,0.0824,0,9.701492537,-0.042,0.076,0.07635051,-0.042193703,0.259052258,1.004611976,0.001189258
Ben DeLuzio NA,R,0.004,-0.04,-0.168,0.132,0.0164,0,9.652777778,-0.042,0.076,0.076038413,-0.042021228,0.257963317,1.000505432,0.000130317
Macauley Horvath TBA,R,0.0148,0,-0.168,0.132,0.0164,0,10,-0.042,0.076,0.081824094,-0.045218578,0.277558093,1.076632815,0.019756093
Jean Sio SFN,L,0.0068,0,-0.168,0.132,-0.1152,0,9.678284182,-0.042,0.076,0.076127439,-0.042070427,0.258213253,1.001676823,0.000432253
Jeral Perez CHA,R,0.0056,0,-0.168,0.132,0.0164,0,9.722222222,-0.042,0.076,0.0797589,-0.044077287,0.270449836,1.049459209,0.012745836
Kervin Pichardo WAS,R,0.006818182,0,-0.170909091,0.131818182,0.016636364,0,9.662921348,-0.042221629,0.0759091,0.078055988,-0.043415757,0.26497911,1.028282361,0.00728811
Jack Rogers WAS,L,0.0052,0,-0.168,0.132,-0.0492,0,9.661835749,-0.042,0.076,0.074416072,-0.041124671,0.252285172,0.979158844,-0.005369828
Brandon Parker NA,R,0.0076,0,-0.168,0.132,-0.0492,0,9.7,-0.042,0.076,0.075969762,-0.04198329,0.257430536,0.999602133,-0.000102464
Brooks Brannon BOS,R,0.0056,0,-0.168,0.132,0.0824,0,9.701492537,-0.042,0.076,0.07709966,-0.042607707,0.261239011,1.014469215,0.003726011
Alexander Stone TOR,R,0.0056,0,-0.168,0.132,0.0824,0,9.701492537,-0.042,0.076,0.077441832,-0.042796802,0.262394326,1.018971477,0.004885326
Michael Siani LAN,L,0.014413919,0.002472527,-0.164835165,0.126556777,0.016657509,0,9.68164794,-0.042333412,0.07572977,0.074630783,-0.041719071,0.253679405,0.985488045,-0.003735595
William Holland NA,R,0.012,0,-0.168,0.132,0.0492,0,9.692307692,-0.042,0.076,0.076123562,-0.042068284,0.257806465,1.001625814,0.000418465
Brayan Buelvas OAK,R,0.007666667,0,-0.173333333,0.133333333,0.017,0,9.583333333,-0.042237496,0.075540136,0.077080426,-0.043098733,0.26263215,1.020390351,0.00524815
Silas Ardoin BAL,R,0.005,0,-0.172,0.132,-0.1167,0,9.680918953,-0.04242451,0.075722817,0.074560074,-0.041773071,0.253354017,0.984644748,-0.003950983
John Garcia HOU,R,0.0068,0,-0.172,0.132,0.0824,0,9.68503937,-0.043,0.076,0.075314503,-0.042612153,0.254832567,0.990980303,-0.002319433
Diego Cartaya SFN,R,0.005692308,0,-0.172307692,0.131538462,0.083230769,0,9.690402477,-0.042531412,0.075569206,0.072358629,-0.040724455,0.246183743,0.957514743,-0.010923257
Nerwilian CedeÃ±o NA,B,0.0072,0,-0.172,0.132,0.0164,0,9.761904762,-0.043,0.075,0.075069375,-0.043039775,0.257339819,1.000924999,0.000237819
JosÃ© SÃ¡nchez NA,R,0.0072,0,-0.172,0.132,0.0164,0,9.761904762,-0.043,0.075,0.074899612,-0.042942444,0.256694951,0.998661491,-0.000344049
Jantzen Witte NA,R,-0.006,0,-0.172,0.132,0.0164,0,9.736842105,-0.043,0.075,0.075080338,-0.04304606,0.257310329,1.001071173,0.000275329
Dylan Rock NA,R,0.0068,0,-0.172,0.132,-0.0492,0,9.671361502,-0.043,0.075,0.075134057,-0.043076859,0.257386237,1.001787422,0.000459237
Dustin Dickerson KCA,R,0.0084,0,-0.172,0.132,0.0164,0,9.743589744,-0.043,0.075,0.074467727,-0.04269483,0.255067852,0.992903029,-0.001823148
Andrew Garriola CHN,R,0.006,0,-0.172,0.132,-0.0492,0,9.674418605,-0.043,0.075,0.078389882,-0.044943532,0.268499977,1.04519842,0.011610977
Vaun Brown NA,R,0.014102564,0,-0.171794872,0.130769231,-0.04974359,0,9.676375405,-0.042534339,0.075546065,0.075488783,-0.042502088,0.256634264,0.999241768,-0.000194736
Joshua Adamczewski MIL,L,0.0064,0,-0.172,0.132,-0.0492,0,9.672897196,-0.043,0.075,0.07842967,-0.044966344,0.268510774,1.045728939,0.011741774
Hayden Senger NYN,R,0.003652561,0.003563474,-0.166146993,0.126057906,0.083340757,0.040666666,9.683214854,-0.042867397,0.075219065,0.074211319,-0.042293082,0.253320064,0.986602524,-0.003439936
Joey Wendle NA,L,0.002894737,-0.014912281,-0.171929825,0.130701754,0.016666667,0,9.675174014,-0.042768345,0.075281016,0.075259369,-0.042756048,0.256677172,0.999712453,-7.38E-05
Jackson Glenn NA,R,0.0064,0,-0.172,0.132,0.0164,0,9.772727273,-0.043,0.075,0.075310505,-0.043178023,0.257800913,1.004140069,0.001062913
Noah Miller LAN,B,0.005714286,0,-0.173809524,0.130952381,0.049761905,0,9.636363636,-0.043093331,0.07497059,0.075841975,-0.043594206,0.259669466,1.011623018,0.002983466
Hunter Bishop NA,L,0.006990291,0,-0.174757282,0.132038835,-0.050097087,0,9.682365827,-0.042998311,0.075127604,0.075243772,-0.043064798,0.257015803,1.001546273,0.000396803
Deniel Ortiz SLN,R,0.0104,0,-0.172,0.132,0.0164,0,9.705882353,-0.043,0.075,0.074255501,-0.042573154,0.254065692,0.990073348,-0.002547308
Beau Philip NA,R,0.0072,0,-0.172,0.132,0.0492,0,9.761904762,-0.043,0.075,0.075201651,-0.043115613,0.257275877,1.002688677,0.000689877
Calvin Harris CHA,L,0.0056,0,-0.172,0.132,0.0824,0,9.677419355,-0.043,0.075,0.075927784,-0.043531929,0.259720602,1.012370451,0.003173602
Andrew Blake LAA,R,0.0084,0,-0.172,0.132,0.0164,0,9.743589744,-0.043,0.075,0.075058598,-0.043033596,0.256741436,1.000781302,0.000200436
Ronald Rosario BOS,R,0.0056,0,-0.172,0.132,-0.1152,0,9.689119171,-0.043,0.075,0.074767664,-0.042866794,0.255719368,0.996902189,-0.000794632
Garrett Wolforth NA,R,0.0068,0,-0.172,0.132,0.0824,0,9.68503937,-0.043,0.075,0.075130568,-0.043074859,0.256960566,1.001740903,0.000446566
Tucker Barnhart NA,L,-0.005170068,0.005442177,-0.169387755,0.127891156,0.083129252,-0.018533333,9.68481404,-0.043131263,0.075003361,0.075253696,-0.04327522,0.257358112,1.003337643,0.000856112
Lucas Dunn NA,R,0.0072,0,-0.172,0.132,0.0164,0,9.761904762,-0.043,0.075,0.074806554,-0.042889091,0.255821458,0.997420718,-0.000661542
Diego Hernandez NA,L,0.00754902,0,-0.175490196,0.131372549,0.016666667,0,9.666666667,-0.043305569,0.07475654,0.074856974,-0.043363749,0.256658353,1.001343481,0.000344353
John Pineda KCA,L,0.0072,0,-0.172,0.132,0.0164,0,9.761904762,-0.043,0.075,0.074483501,-0.042703874,0.254540911,0.993113353,-0.001765089
Hiroyuki Nakajima NA,R,-0.0128,0,-0.172,0.132,0.0492,0,10,-0.043,0.075,0.074944454,-0.042968154,0.256051224,0.999259385,-0.000189776
Cade Doughty TOR,R,0.005333333,0,-0.176666667,0.133333333,0.017,0,9.692307692,-0.043049755,0.074727877,0.0735485,-0.042370331,0.252100477,0.98421771,-0.004042523
Chad Wallach OAK,R,-0.0072,-0.004,-0.172,0.132,0.0824,-0.0095,9.672131148,-0.043,0.075,0.074329384,-0.042615513,0.253822952,0.991058447,-0.002290048
Brandon Martorano NA,R,0.0064,0,-0.172,0.132,0.0824,0,9.682539683,-0.043,0.075,0.075276274,-0.043158397,0.257040373,1.003683655,0.000943373
Andrew Yerzy SLN,L,0.0056,0,-0.172,0.132,0.0824,0,9.677419355,-0.043,0.075,0.072574123,-0.041609164,0.247808697,0.967654972,-0.008283303
Daniel Serretti ARI,B,0.006,0,-0.172,0.132,0.0164,0,9.777777778,-0.043,0.075,0.07936078,-0.045500181,0.270933472,1.05814374,0.014887472
Kale Emshoff NA,R,0.0056,0,-0.172,0.132,-0.1152,0,9.689119171,-0.043,0.075,0.075475092,-0.043272386,0.257659887,1.006334556,0.001621887
Hunter Dozier NA,R,-0.0016,-0.048,-0.172,0.132,0.0164,0,9.682539683,-0.043,0.075,0.075298619,-0.043171208,0.257036353,1.003981583,0.001019353
Viandel Pena WAS,B,0.0092,0,-0.172,0.132,0.0164,0,9.72972973,-0.043,0.075,0.075414105,-0.04323742,0.257427557,1.005521405,0.001413557
John Rhodes LAN,R,0.006146789,0,-0.17706422,0.132110092,-0.083669725,0,9.680928209,-0.043499324,0.074602468,0.074730386,-0.043573911,0.256442959,1.001714657,0.000438959
Christopher Miller BOS,L,0.006,0,-0.176,0.132,-0.0824,0,9.678456592,-0.044,0.075,0.074872048,-0.043924935,0.255529315,0.998293973,-0.000436685
Glenallen Hill COL,B,0.0116,0,-0.176,0.132,0.0164,0,9.756097561,-0.044,0.075,0.073127878,-0.042901688,0.249532794,0.975038367,-0.006388206
Chia Lin NA,R,0.006,0,-0.176,0.132,0.0824,0,9.652173913,-0.044,0.074,0.074206894,-0.044123018,0.256561311,1.002795865,0.000715311
Marvin Alcantara BOS,R,0.0064,0,-0.176,0.132,0.0164,0,9.636363636,-0.044,0.074,0.072668288,-0.043208171,0.251231947,0.982003889,-0.004604053
Mateo Gil NA,R,0.006,0,-0.176,0.132,-0.0824,0,9.678456592,-0.044,0.074,0.074070518,-0.04404193,0.256069789,1.000952948,0.000243789
Luis PeÃ±a MIL,R,0.0156,0,-0.176,0.132,0.0164,0,9.677419355,-0.044,0.074,0.075001277,-0.044595354,0.259279415,1.013530772,0.003461415
Jansel Luis ARI,B,0.0088,0,-0.176,0.132,0.0164,0,9.591836735,-0.044,0.074,0.078589791,-0.046729065,0.271673226,1.062024206,0.015866226
David Banuelos MIN,R,0.003278689,0,-0.180327869,0.13442623,-0.117540984,0,9.682854311,-0.043657942,0.074218502,0.074944615,-0.044085068,0.258254138,1.009783454,0.002502138
Donta' Williams NA,L,0.007027027,0,-0.175675676,0.132432432,0.016486486,0,9.733333333,-0.043547625,0.074365944,0.074637559,-0.043706679,0.256674067,1.003652409,0.000934067
Eladio Exposito ATL,R,0.0084,0,-0.176,0.132,0.0164,0,9.6,-0.044,0.074,0.074076508,-0.044045491,0.255992396,1.001033895,0.000264396
Jarryd Dale NA,R,0.008,0,-0.176,0.132,0.0164,0,9.607843137,-0.044,0.074,0.078529704,-0.046693337,0.271207638,1.061212213,0.015643638
Jacob Nottingham SEA,R,0.0024,0,-0.176,0.132,-0.1152,0,9.679012346,-0.044,0.074,0.074201893,-0.044120044,0.256255234,1.002728281,0.000697234
Brett Phillips NA,L,0.0056,-0.056,-0.176,0.132,0.0164,0,9.701492537,-0.044,0.074,0.074030575,-0.04401818,0.255522532,1.000413175,0.000105532
Matheu Nelson NA,R,0.0052,0,-0.176,0.132,0.0824,0,9.646017699,-0.044,0.074,0.073975384,-0.043985363,0.255294048,0.999667349,-8.50E-05
Max Ferguson BOS,L,0.0148,0,-0.176,0.132,0.0164,0,9.696969697,-0.044,0.074,0.075019225,-0.044606025,0.258888303,1.013773306,0.003517303
Samuel Kulasingam KCA,B,0.008,0,-0.176,0.132,-0.0824,0,9.673202614,-0.044,0.074,0.083130124,-0.049428723,0.28682926,1.123380058,0.03150226
Kevin Made WAS,R,0.0068,0,-0.176,0.132,0.0164,0,9.62962963,-0.044,0.074,0.073684417,-0.043812356,0.25418734,0.995735361,-0.00108866
Carlos Gutierrez SFN,L,0.0096,0,-0.176,0.132,-0.0492,0,9.675925926,-0.044,0.074,0.076993361,-0.045779836,0.26557195,1.040450818,0.01032495
Caleb Bonemer CHA,R,0.0088,0,-0.176,0.132,0.0164,0,9.591836735,-0.044,0.074,0.077029992,-0.045801617,0.265695178,1.040945832,0.010451178
Sheng-Ping Chen NA,L,0.0072,0,-0.176,0.132,0.0164,0,9.622641509,-0.044,0.074,0.074231869,-0.044137868,0.255995622,1.003133364,0.000799622
Samuel Ruta KCA,L,0.0052,0,-0.176,0.132,0.0164,0,9.655172414,-0.044,0.074,0.074130112,-0.044077364,0.255616653,1.001758265,0.000448653
Javier Rivas PIT,R,0.0052,0,-0.176,0.132,0.0164,0,9.655172414,-0.044,0.074,0.073905823,-0.043944003,0.254800313,0.998727341,-0.000324687
Wyatt Hendrie PIT,R,0.0072,0,-0.176,0.132,0.0824,0,9.661016949,-0.044,0.074,0.073727002,-0.043837677,0.254084172,0.99631084,-0.000940828
Maikel Franco NA,R,-0.0036,-0.032,-0.176,0.132,0.0164,0,9.693251534,-0.044,0.074,#N/A,#N/A,#N/A,#N/A,#N/A
Kody Huff CLE,R,0.0056,0,-0.18,0.132,0.0833,0,9.691943128,-0.044397743,0.073749584,0.075721742,-0.045584995,0.261731753,1.026741278,0.006816753
Zachary Humphreys LAA,R,0.008,0,-0.176,0.132,0.0824,0,9.666666667,-0.044,0.074,0.073041594,-0.043430137,0.25159473,0.987048561,-0.00330127
Phillip Sikes BOS,R,0.009387755,0,-0.179591837,0.131632653,-0.049795918,0,9.686800895,-0.044461932,0.073766387,0.073811471,-0.044489106,0.255049783,1.000611168,0.000155783
Preston Palmeiro NA,L,0.0032,0,-0.176,0.132,-0.0492,0,9.698275862,-0.044,0.074,0.073835135,-0.043901972,0.254310157,0.997772099,-0.000567843
Juan Zabala NA,R,0.0068,0,-0.176,0.132,0.0824,0,9.658119658,-0.044,0.074,0.07424434,-0.044145283,0.255701519,1.003301887,0.000841519
Nicholas Decker NA,L,0.008,0,-0.176,0.132,-0.0492,0,9.681818182,-0.044,0.074,0.074078721,-0.044046807,0.255090076,1.001063798,0.000271076
Alexander Vargas CIN,R,0.011794872,0,-0.182051282,0.133333333,0.05025641,0,9.62962963,-0.044597133,0.073491051,0.074509443,-0.045215132,0.258222376,1.013857373,0.003529376
Esteban GonzÃ¡lez CLE,L,0.0108,0,-0.18,0.132,-0.0492,0,9.686098655,-0.045,0.073,0.070872556,-0.043688562,0.247203475,0.97085693,-0.007420525
Maxwell Wagner BAL,R,0.008,0,-0.18,0.132,0.0164,0,9.672131148,-0.045,0.073,0.07522158,-0.046369467,0.262285284,1.030432602,0.007746284
Jaylen Palmer CHN,R,0.010344828,0,-0.182758621,0.134482759,-0.050689655,0,9.698113208,-0.044403589,0.073726714,0.07357615,-0.044312909,0.253988247,0.997957813,-0.000519753
Maikol Escotto NA,R,0.0104,0,-0.18,0.132,0.0492,0,9.666666667,-0.045,0.073,0.073079369,-0.045048926,0.254748675,1.001087251,0.000276675
Hogan Windish SEA,R,0.005925926,0,-0.181018519,0.131481481,-0.083240741,0,9.681978799,-0.044698446,0.073278016,0.073255209,-0.044684534,0.254337816,0.999688763,-7.92E-05
Cooper Johnson TEX,R,0.0048,0,-0.18,0.132,0.0824,0,9.702970297,-0.045,0.073,0.071892324,-0.044317186,0.250549672,0.984826351,-0.003860328
Jackson Cluff NYN,L,0.0124,0,-0.18,0.132,0.0164,0,9.6,-0.045,0.073,0.07138494,-0.044004415,0.248733489,0.977875889,-0.005627511
Jake Snider TEX,L,0.0096,0,-0.18,0.132,-0.0492,0,9.690265487,-0.045,0.073,0.077840153,-0.047983656,0.271222816,1.066303462,0.016864816
Diosbel Arias NA,R,0.0068,0,-0.18,0.132,0.0164,0,9.6875,-0.045,0.073,#N/A,#N/A,#N/A,#N/A,#N/A
Christopher Alleyne NA,B,0.0096,0,-0.18,0.132,0.0164,0,9.649122807,-0.045,0.073,0.073409973,-0.045252723,0.255727161,1.00561607,0.001428161
Jason Delay BOS,R,0.000251256,-0.026633166,-0.179899497,0.130150754,0.083366834,0.052900002,9.68573755,-0.044908544,0.073133188,0.07287375,-0.044749232,0.253247414,0.99645253,-0.000901586
Ryan Cesarini CLE,L,0.0116,0,-0.18,0.132,-0.0492,0,9.683257919,-0.045,0.073,0.074108026,-0.04568303,0.257980192,1.015178445,0.003857192
Keyber Rodriguez TEX,R,0.0077,0,-0.182,0.132,0.0167,0,9.696969697,-0.044891051,0.073009621,0.073345341,-0.045097473,0.255277468,1.004598294,0.001168468
Michael Davis SEA,R,0.0076,0,-0.18,0.132,-0.0492,0,9.696969697,-0.045,0.073,0.07171711,-0.044209178,0.249617788,0.982426168,-0.004465212
Christian Bethancourt CHN,R,-0.000246305,0.008374384,-0.174384236,0.126108374,0.083349754,-0.028200001,9.690402167,-0.044991427,0.073079296,0.073953391,-0.045529566,0.25708766,1.011960921,0.00303866
Leonard Gabrielson NYA,R,0.0096,0,-0.18,0.132,-0.0492,0,9.690265487,-0.045,0.073,0.074485927,-0.045915983,0.259137561,1.020355167,0.005169561
Jack Hurley ARI,L,0.0068,0,-0.18,0.132,0.0164,0,9.6875,-0.045,0.073,0.075406734,-0.046483603,0.262221235,1.032968954,0.008369235
Justin Riemer OAK,R,0.0068,0,-0.18,0.132,0.0164,0,9.6875,-0.045,0.073,0.075670104,-0.046645955,0.263082148,1.036576771,0.009283148
Alex De Goti NA,R,0.0024,-0.032,-0.18,0.132,0.0164,0,9.683544304,-0.045,0.073,0.073058068,-0.045035795,0.253816739,1.000795454,0.000201739
Jordan Arruda SEA,B,0.008947368,0,-0.184210526,0.131578947,0.016710526,0,9.669811321,-0.045415794,0.07266527,0.07202842,-0.045017762,0.251339742,0.99123584,-0.002222258
Joshua Crouch LAA,R,0.0052,0,-0.184,0.132,0.0824,0,9.673913043,-0.046,0.073,0.071876292,-0.04529191,0.249585994,0.984606743,-0.003902006
Ricardo GenovÃ©s NA,R,0.0052,0,-0.184,0.132,0.0824,0,9.673913043,-0.046,0.073,0.073057306,-0.046036111,0.253631949,1.000785016,0.000198949
Edward Park CHA,L,0.0076,0,-0.184,0.132,-0.0492,0,9.669421488,-0.046,0.072,0.071957315,-0.045972729,0.253190808,0.999407155,-0.000150192
Anthony Vilar SDN,L,0.0072,0,-0.184,0.132,0.0824,0,9.690721649,-0.046,0.072,0.072034521,-0.046022055,0.253410442,1.00047946,0.000121442
Drake Logan CHA,R,0.0116,0,-0.184,0.132,-0.0492,0,9.696969697,-0.046,0.072,0.071922951,-0.045950774,0.253017948,0.998929871,-0.000271052
Jean Walters ARI,B,0.005333333,0,-0.186666667,0.133333333,0.017,0,9.6875,-0.045486534,0.072291098,0.072485801,-0.045609043,0.253946119,1.002693312,0.000682119
Jan Mercado NA,R,0.0072,0,-0.184,0.132,0.0824,0,9.690721649,-0.046,0.072,0.071974795,-0.045983897,0.253089371,0.999649934,-8.86E-05
Jacob Pearson NA,L,0.0072,0,-0.184,0.132,-0.0492,0,9.670781893,-0.046,0.072,0.071971113,-0.045981544,0.253028441,0.999598787,-0.000101559
Konner Piotto NA,L,0.0068,0,-0.184,0.132,0.0824,0,9.6875,-0.046,0.072,0.071972193,-0.045982234,0.252944273,0.999613791,-9.77E-05
Izaac Pacheco DET,L,0.0044,0,-0.184,0.132,0.0164,0,9.62962963,-0.046,0.072,0.073512421,-0.046966269,0.258350213,1.021005841,0.005315213
Logan Cerny NA,R,0.0108,0,-0.184,0.132,0.0164,0,9.6875,-0.046,0.072,0.072351691,-0.046224692,0.254249873,1.004884603,0.001235873
Taylor Snyder NA,R,0.0044,0,-0.184,0.132,0.0164,0,9.62962963,-0.046,0.072,0.072055709,-0.046035592,0.253182744,1.000773731,0.000195744
David GarcÃ­a MIL,B,0.0056,0,-0.184,0.132,0.0824,0,9.677419355,-0.046,0.072,0.073017426,-0.046650022,0.256533541,1.014130911,0.003574541
Connor Hoover NA,L,0.0076,0,-0.184,0.132,0.0164,0,9.722222222,-0.046,0.072,0.072247062,-0.046157845,0.253775831,1.00343141,0.000867831
Axel Sanchez SEA,R,0.008,0,-0.184,0.132,0.0164,0,9.718309859,-0.046,0.072,0.072822987,-0.046525797,0.255738148,1.011430377,0.002890148
Pablo Aliendo NA,R,0.004814815,0,-0.185185185,0.133333333,0.083333333,0,9.702970297,-0.045737069,0.072264568,0.072450349,-0.045854651,0.253486001,1.00257084,0.000650001
Cody Roberts NA,R,0.002,0,-0.184,0.132,0.0824,0,9.642857143,-0.046,0.072,0.072095934,-0.046061291,0.253116807,1.001332412,0.000336807
Michael Trautwein CIN,L,0.006,0,-0.184,0.132,0.0824,0,9.680851064,-0.046,0.072,0.071181815,-0.045477271,0.249797751,0.988636323,-0.002871249
Agnnel Escobar PHI,R,0.008,0,-0.184,0.132,0.0164,0,9.718309859,-0.046,0.072,0.07915755,-0.050572879,0.277784731,1.099410414,0.025117731
Brett Callahan DET,L,0.008,0,-0.184,0.132,-0.0492,0,9.668049793,-0.046,0.072,0.08167357,-0.052180336,0.286581213,1.134355137,0.033943213
Seaver King WAS,R,0.0112,0,-0.184,0.132,0.0164,0,9.682539683,-0.046,0.072,0.074632861,-0.047682106,0.261850429,1.036567512,0.009237429
Bladimir Restituyo NA,R,0.011138211,0,-0.187804878,0.131707317,-0.05,0,9.684908789,-0.046301104,0.071957126,0.071691076,-0.046129913,0.251676014,0.996302656,-0.000933986
Matthew Batten NA,R,0.008989362,0.037056738,-0.186879433,0.131382979,-0.083333333,0,9.683567728,-0.046207113,0.071853375,0.071973763,-0.046284531,0.253014206,1.00167546,0.000423206
Jay Harry TOR,L,0.0068,0,-0.184,0.132,0.0164,0,9.72972973,-0.046,0.072,0.072727772,-0.046464966,0.254948216,1.010107949,0.002551216
Christopher Familia NA,L,0.006,0,-0.184,0.132,-0.0492,0,9.674796748,-0.046,0.072,0.071719904,-0.04582105,0.251412132,0.996109781,-0.000981868
Frank Rodriguez LAN,R,0.0052,0,-0.188,0.132,0.0824,0,9.634146341,-0.047,0.072,0.073178557,-0.047769336,0.256349567,1.016368847,0.004128567
Keiner Delgado PIT,B,0.0088,0,-0.188,0.132,0.0164,0,9.625,-0.047,0.072,0.078677837,-0.051359143,0.275597534,1.09274773,0.023391534
Byeong-woo Jeon NA,R,0.0016,0,-0.188,0.132,0.0164,0,9.693877551,-0.047,0.072,0.073950812,-0.048273446,0.259029151,1.027094605,0.006833151
Cody Milligan NA,L,0.0128,0,-0.189333333,0.132,0.016666667,0,9.675925926,-0.046705799,0.071374354,0.071703865,-0.046921423,0.253330165,1.004616661,0.001164165
Chuckie Robinson LAN,R,0.001486486,0.000675676,-0.182432432,0.127027027,0.083277027,0.0115,9.686028179,-0.046621042,0.071485597,0.071346876,-0.046530571,0.251634741,0.998059451,-0.000489259
Kevin Kilpatrick ATL,R,0.013,0,-0.19,0.133333333,-0.050666667,0,9.691780822,-0.046324209,0.071518076,0.07121491,-0.04612784,0.251044289,0.995760984,-0.001068711
Gilbert Lara NA,R,0.0072,0,-0.188,0.132,0.0492,0,10,-0.047,0.071,0.071013825,-0.047009152,0.252157089,1.000194714,4.91E-05
Jonah Cox SFN,R,0.0172,0,-0.188,0.132,0.0164,0,9.655172414,-0.047,0.071,0.081220176,-0.053765469,0.288389967,1.143946145,0.036288967
Michael Berglund NA,L,0.0072,0,-0.188,0.132,0.0824,0,9.655172414,-0.047,0.071,0.071294364,-0.047194861,0.2531211,1.004145972,0.0010451
Juan Chacon BOS,R,0.0076,0,-0.188,0.132,-0.0492,0,9.682539683,-0.047,0.071,0.071082862,-0.047054852,0.252330144,1.001167071,0.000294144
Pat Valaika NA,R,0.0032,-0.028,-0.188,0.132,0.0164,0,9.698795181,-0.047,0.071,0.071163663,-0.047108341,0.252583897,1.002305119,0.000580897
Oswaldo Linares SDN,R,0.006,0,-0.188,0.132,0.0824,0,9.642857143,-0.047,0.071,0.069811536,-0.04621327,0.247755242,0.983261072,-0.004217758
Tres Barrera WAS,R,0.0008,-0.008,-0.188,0.132,0.0824,0.003,9.642857143,-0.047,0.071,0.070468471,-0.046648143,0.250061837,0.992513681,-0.001886163
Julio Carreras NA,R,0.012875,0,-0.18875,0.13125,0.016625,0,9.696969697,-0.04679225,0.071272963,0.071406546,-0.04687995,0.252365107,1.001874236,0.000472107
Jacob Means NA,R,0.0032,0,-0.188,0.132,0.0164,0,9.680851064,-0.047,0.071,0.071396916,-0.047262747,0.25330017,1.005590372,0.00140817
Cade Hunter CIN,L,0.006,0,-0.188,0.132,0.0824,0,9.642857143,-0.047,0.071,0.072471445,-0.047974055,0.25709194,1.020724574,0.00521994
Dillon Lewis MIA,R,0.0084,0,-0.188,0.132,0.0164,0,9.62962963,-0.047,0.071,0.078440079,-0.051925123,0.278256789,1.104789843,0.026392789
Joshua Hood SEA,R,0.0096,0,-0.188,0.132,0.0492,0,10,-0.047,0.071,0.069989446,-0.046331042,0.248222007,0.985766848,-0.003583993
Jadiel Sanchez NA,B,0.006,0,-0.188,0.132,-0.0492,0,9.6875,-0.047,0.071,0.070634735,-0.046758205,0.250431971,0.994855423,-0.001295029
Jesus BaÃ©z SLN,R,0.0064,0,-0.188,0.132,0.0164,0,9.651162791,-0.047,0.071,0.071099775,-0.047066048,0.252044697,1.001405283,0.000353697
Carlos Jorge CIN,L,0.0132,0,-0.188,0.132,-0.0492,0,9.663865546,-0.047,0.071,0.078373045,-0.051880748,0.277804847,1.103845699,0.026134847
Dante Nori PHI,L,0.0136,0,-0.188,0.132,0.0164,0,9.701492537,-0.047,0.071,0.080687378,-0.053412772,0.286003799,1.136441947,0.034337799
Blake Wright COL,R,0.006,0,-0.188,0.132,0.0164,0,9.655172414,-0.047,0.071,0.071001497,-0.047000991,0.251658306,1.000021085,5.31E-06
Erick Brito PHI,R,0.009333333,0,-0.193333333,0.133333333,0.050666667,0,#DIV/0!,-0.047111053,0.070666579,0.070811529,-0.047207686,0.252131107,1.002051177,0.000516107
Jose Gomez NA,R,0.0072,0,-0.188,0.132,0.0164,0,9.642857143,-0.047,0.071,0.071191681,-0.047126888,0.252288278,1.002699736,0.000679278
Casey Yamauchi OAK,R,0.0076,0,-0.188,0.132,0.0164,0,9.638554217,-0.047,0.071,0.071720619,-0.04747703,0.254040495,1.01014957,0.002552495
Gavin Logan ARI,L,0.0052,0,-0.188,0.132,0.0824,0,9.634146341,-0.047,0.071,0.07302214,-0.0483386,0.258607394,1.028480843,0.007161394
Hector Nieves NA,L,0.0076,0,-0.188,0.132,0.0164,0,9.638554217,-0.047,0.071,0.071517413,-0.047342513,0.253135378,1.0072875,0.001831378
Shervyen Newton NA,B,0.006,0,-0.188,0.132,0.0492,0,10,-0.047,0.071,0.071133872,-0.04708862,0.251773833,1.001885527,0.000473833
Caleb Hamilton NA,R,0.0028,-0.004,-0.188,0.132,0.0824,0.0015,9.705882353,-0.047,0.071,0.07101628,-0.047010777,0.25134262,1.000229301,5.76E-05
Jose Salas MIN,B,0.0112,0,-0.188,0.132,-0.0824,0,9.695121951,-0.047,0.071,0.070487525,-0.046660756,0.249407699,0.992782048,-0.001813301
William Taylor PIT,R,0.0092,0,-0.188,0.132,0.0164,0,9.743589744,-0.047,0.071,0.079352566,-0.052529164,0.280746027,1.11764178,0.029551027
Emilien Pitre TBA,L,0.0072,0,-0.188,0.132,0.0164,0,9.642857143,-0.047,0.071,0.07043967,-0.046629077,0.249198685,0.992108022,-0.001982315
Austin Hendrick CIN,L,0.0065625,0,-0.191875,0.131875,-0.0499375,0,9.683840749,-0.047397472,0.070710235,0.071567434,-0.047972057,0.254208788,1.012122709,0.003044788
Jose Izarra LAN,R,0.0076,0,-0.188,0.132,0.0492,0,10,-0.047,0.071,0.070864278,-0.046910156,0.250663919,0.998088423,-0.000480081
Ashton Creal NA,R,0.0076,0,-0.188,0.132,0.0164,0,9.638554217,-0.047,0.071,0.071450951,-0.047298517,0.252707926,1.006351427,0.001594926
Kevin Maitan NA,R,0.0052,0,-0.188,0.132,-0.0824,0,9.680232558,-0.047,0.071,0.071087692,-0.047058049,0.251419143,1.001235093,0.000310143
Cutter Coffey TOR,R,0.0064,0,-0.188,0.132,0.0164,0,9.651162791,-0.047,0.071,0.073651799,-0.048755416,0.260430685,1.037349275,0.009376685
Alfredo Velasquez BAL,R,0.01,0,-0.192,0.132,0.0164,0,9.655172414,-0.048,0.071,0.069873548,-0.047238455,0.247015785,0.984134475,-0.003982215
Jack Winkler HOU,R,0.013432836,-0.001492537,-0.194527363,0.132835821,0.016666667,0,9.679767103,-0.04759306,0.070476679,0.068783873,-0.046449904,0.244931122,0.975980626,-0.006027878
Luke Mann OAK,L,0.0056,0,-0.192,0.132,-0.0824,0,9.688385269,-0.048,0.07,0.069053138,-0.047350724,0.247481516,0.986473407,-0.003393484
Anthony Garcia NA,B,0.0072,0,-0.192,0.132,-0.0492,0,9.69581749,-0.048,0.07,0.069915101,-0.047941784,0.250552751,0.998787162,-0.000304249
Jeremy Eierman OAK,R,0.004871795,0,-0.194871795,0.133333333,0.050512821,0,9.6,-0.047544391,0.070691003,0.070887339,-0.04767644,0.251493558,1.002777378,0.000696558
Benjamin Montgomery COL,R,0.0072,0,-0.192,0.132,-0.0492,0,9.69581749,-0.048,0.07,0.069532883,-0.047679691,0.249106519,0.993326896,-0.001673481
Jacob Sharp TOR,R,0.0052,0,-0.192,0.132,0.0824,0,9.718309859,-0.048,0.07,0.069240909,-0.04747948,0.248056545,0.98915584,-0.002719455
Erik Gonzalez NA,R,-0.002954545,-0.088636364,-0.195454545,0.131818182,0.050227273,0,9.685534591,-0.047957226,0.070262912,#N/A,#N/A,#N/A,#N/A,#N/A
Nick Ahmed NA,R,0.001446281,-0.020247934,-0.185123967,0.126033058,0.050041322,0,9.683908046,-0.047736251,0.070325727,0.070210303,-0.047657903,0.250276553,0.998358729,-0.000411447
Cameron Leary OAK,L,0.0124,0,-0.192,0.132,0.0164,0,9.62962963,-0.048,0.07,0.077194037,-0.052933054,0.276439566,1.102771958,0.025762566
Eric Yang CHN,R,0.003483146,0,-0.193258427,0.131460674,-0.116179775,0,9.682045491,-0.04778416,0.070287166,0.070262861,-0.047767637,0.250562328,0.99965421,-8.67E-05
Aaron Whitefield NA,R,0.0088,0,-0.192,0.132,-0.0492,0,9.691119691,-0.048,0.07,0.070271122,-0.048185912,0.251575635,1.003873167,0.000970635
Eduardo Tait MIN,L,0.0044,0,-0.192,0.132,0.0824,0,9.710144928,-0.048,0.07,0.069388632,-0.047580777,0.248380575,0.991266178,-0.002188425
Aidan Smith TBA,R,0.0132,0,-0.192,0.132,0.0164,0,9.743589744,-0.048,0.07,0.069591368,-0.047719795,0.249043646,0.994162399,-0.001462354
Korey Holland NA,R,0.008,0,-0.192,0.132,-0.0492,0,9.69348659,-0.048,0.07,0.070384869,-0.04826391,0.251794831,1.005498131,0.001376831
William Lugo PIT,R,0.0056,0,-0.192,0.132,0.0492,0,10,-0.048,0.07,0.070288494,-0.048197825,0.251367722,1.004121349,0.001031722
Luis Suisbel SEA,B,0.0052,0,-0.192,0.132,0.0164,0,9.696969697,-0.048,0.07,0.068526906,-0.046989879,0.245060049,0.978955806,-0.005267951
Yophery Rodriguez BOS,L,0.0064,0,-0.192,0.132,-0.0492,0,9.698113208,-0.048,0.07,0.071175857,-0.048806302,0.254518763,1.016797954,0.004204763
Hector Osorio TEX,L,0.0068,0,-0.192,0.132,0.0164,0,9.684210526,-0.048,0.07,0.072047347,-0.049403895,0.257533243,1.029247819,0.007318243
Stephen Paolini NA,L,0.0124,0,-0.192,0.132,-0.0492,0,9.68,-0.048,0.07,0.069998814,-0.047999187,0.25019876,0.999983054,-4.24E-06
Garrett Spain MIN,L,0.0071,0,-0.195,0.132,-0.05,0,9.680073126,-0.048097555,0.069803118,0.071448189,-0.049231084,0.256092445,1.023567303,0.005896445
Ray-Patrick Didder NA,R,0.008571429,0,-0.195238095,0.132142857,0.05,0,9.743589744,-0.048127836,0.069844055,0.069818475,-0.04811021,0.250050388,0.99963376,-9.16E-05
Nicholas Kent COL,R,0.004722222,0,-0.195833333,0.131944444,0.05,0,9.705882353,-0.048241313,0.069795942,0.06958922,-0.048098431,0.249388166,0.997038192,-0.000740834
Oliver Carrillo NA,R,0.0052,0,-0.192,0.132,-0.0824,0,9.689265537,-0.048,0.07,0.069958495,-0.047971539,0.249980691,0.99940707,-0.000148309
Jonathan Ornelas NYA,R,0.00686747,-0.041204819,-0.196626506,0.13253012,0.050024096,0,9.681928177,-0.048259455,0.069846098,0.071015773,-0.04906763,0.254257788,1.016746463,0.004187788
Caeden Trenkle NA,L,0.0064,0,-0.196,0.132,-0.05,0,9.676258993,-0.048321208,0.070016444,0.070109696,-0.048385565,0.250355996,1.001331861,0.000332996
Christopher Seise NA,R,0.0084,0,-0.192,0.132,0.0164,0,9.67032967,-0.048,0.07,0.070081327,-0.048055767,0.250305471,1.001161814,0.000290471
Andruw Jones ARI,R,0.0084,0,-0.192,0.132,0.0164,0,9.67032967,-0.048,0.07,0.074736514,-0.051247895,0.2667517,1.067664481,0.0169057
Ahbram Liendo BOS,R,0.0156,0,-0.192,0.132,0.0492,0,10,-0.048,0.07,0.067600369,-0.046354539,0.241279238,0.965719561,-0.008564762
Chris Roller NA,R,0.005886076,-0.020253165,-0.196835443,0.13164557,0.01664557,0,9.678675755,-0.048512654,0.069571202,0.069429511,-0.048413852,0.249325182,0.997963376,-0.000508818
Anthony Stephan CIN,L,0.0068,0,-0.192,0.132,-0.0492,0,9.696969697,-0.048,0.07,0.070236513,-0.04816218,0.25065204,1.003378755,0.00084404
Justin Janas NA,L,0.0064,0,-0.192,0.132,-0.0492,0,9.698113208,-0.048,0.07,0.069713895,-0.047803814,0.248782001,0.995912783,-0.001020999
Andy Lugo MIN,R,0.0084,0,-0.192,0.132,-0.0824,0,9.682080925,-0.048,0.07,0.068515123,-0.046981798,0.244476639,0.978787465,-0.005298361
Luis Verdugo SDN,R,0.0053,0,-0.197,0.132,0.0167,0,9.684684685,-0.048590863,0.069556463,0.069552743,-0.048588264,0.249690645,0.999946517,-1.34E-05
Charles Pagliarini SEA,L,0.0048,0,-0.196,0.132,-0.0824,0,9.672131148,-0.049,0.069,0.073730498,-0.052359339,0.266784723,1.068557937,0.017116723
Andrew Atwood NA,R,0.0076,0,-0.196,0.132,0.0164,0,9.708737864,-0.049,0.069,0.069405431,-0.049287915,0.25110885,1.005875814,0.00146685
Ryan Wrobleski NA,R,0.0088,0,-0.196,0.132,-0.0492,0,9.666666667,-0.049,0.069,0.068953018,-0.048966636,0.24947002,0.9993191,-0.00016998
Victor Mesa MIA,R,0.0084,0,-0.196,0.132,-0.0492,0,9.667896679,-0.049,0.069,0.068969933,-0.048978648,0.249512226,0.999564243,-0.000108774
Christopher Brito KCA,R,0.006,0,-0.196,0.132,-0.0824,0,9.696132597,-0.049,0.069,0.06893935,-0.04895693,0.249392595,0.999121016,-0.000219405
Elijah Hainline LAN,R,0.01,0,-0.196,0.132,0.0164,0,9.690721649,-0.049,0.069,0.07534908,-0.053508767,0.272532162,1.092015651,0.022964162
Henry Gatewood NA,R,0.0028,0,-0.196,0.132,0.0164,0,9.655172414,-0.049,0.069,0.069135619,-0.049096309,0.250039487,1.001965494,0.000490487
Raylin Heredia PHI,R,0.0068,0,-0.196,0.132,-0.0492,0,9.672727273,-0.049,0.069,0.075476289,-0.053599104,0.272955076,1.093859258,0.023421076
Caleb Knight NA,R,0.0032,0,-0.196,0.132,0.0824,0,9.642857143,-0.049,0.069,0.069397086,-0.049281989,0.250942881,1.005754873,0.001435881
Victor Figueroa BAL,L,0.006,0,-0.196,0.132,-0.0824,0,9.696132597,-0.049,0.069,0.073252225,-0.052019696,0.264840764,1.061626444,0.015373764
Brody Moore SLN,R,0.0088,0,-0.196,0.132,0.0492,0,10,-0.049,0.069,0.068892302,-0.048923519,0.249046669,0.998439155,-0.000389331
Ian Moller TEX,R,0.0076,0,-0.196,0.132,0.0824,0,9.701492537,-0.049,0.069,0.068675424,-0.048769504,0.248233788,0.995295994,-0.001173212
Kamren James TBA,R,0.0064,0,-0.196,0.132,-0.0492,0,9.673913043,-0.049,0.069,0.067991505,-0.048283822,0.245559695,0.985384126,-0.003642305
Julian Brock TEX,R,0.008,0,-0.196,0.132,0.0824,0,9.705882353,-0.049,0.069,0.068540633,-0.048673783,0.247462479,0.993342508,-0.001658521
Chris Okey NA,R,0.0012,-0.004,-0.196,0.132,0.0824,-0.001,9.736842105,-0.049,0.069,0.069232192,-0.04916489,0.24989109,1.003365107,0.00083809
Daniel Bautista OAK,R,0.0076,0,-0.196,0.132,-0.0824,0,9.69273743,-0.049,0.069,0.069158962,-0.049112886,0.249574649,1.002303802,0.000573649
Trevor Boone NA,R,0.006315789,0,-0.2,0.131578947,0.016578947,0,9.664804469,-0.049425693,0.068935835,0.068954572,-0.049439127,0.248904635,1.000271804,6.76E-05
Adam Zebrowski ATL,R,0.0052,0,-0.196,0.132,0.0824,0,9.672131148,-0.049,0.069,0.070189447,-0.04984468,0.253108233,1.017238366,0.004289233
Jared Wegner NA,R,0.006268657,0,-0.2,0.132835821,-0.050149254,0,9.6875,-0.049142329,0.068945954,0.06917992,-0.049309092,0.249633258,1.00339347,0.000844258
William Amick MIN,R,0.0052,0,-0.196,0.132,-0.0824,0,9.671232877,-0.049,0.069,0.078765977,-0.055935259,0.283970754,1.141535902,0.035208754
Khadim Diaw MIN,R,0.0064,0,-0.196,0.132,0.0824,0,9.6875,-0.049,0.069,0.069349091,-0.049247905,0.249938143,1.005059285,0.001258143
Caden Kendle MIN,R,0.0076,0,-0.196,0.132,-0.0492,0,9.67032967,-0.049,0.069,0.069987256,-0.049701095,0.252207699,1.01430806,0.003557699
Ryan Higgins NA,R,0.0068,0,-0.196,0.132,0.0164,0,9.714285714,-0.049,0.069,0.069238376,-0.049169281,0.24945182,1.003454723,0.00085882
Kyler Castillo NA,R,0.0076,0,-0.196,0.132,-0.0492,0,9.67032967,-0.049,0.069,0.069038899,-0.049027624,0.248705129,1.000563752,0.000140129
Andrew Swift OAK,R,0.0092,0,-0.196,0.132,0.0164,0,9.696969697,-0.049,0.069,0.069535768,-0.049380473,0.250491016,1.007764758,0.001930016
Alexis Hernandez TOR,R,0.0092,0,-0.196,0.132,-0.0492,0,9.665427509,-0.049,0.069,0.068060376,-0.048332731,0.24517419,0.986382267,-0.00338481
Brennan Orf TOR,L,0.006,0,-0.2,0.132,-0.0824,0,9.678284182,-0.05,0.069,0.066485926,-0.048178207,0.239444726,0.963564143,-0.009054274
Dom Nunez CLE,L,0.001172249,-0.00645933,-0.198803828,0.13062201,0.083349282,-0.000666667,9.673366834,-0.049508165,0.06857268,0.06734878,-0.048624532,0.244060789,0.982151781,-0.004435211
Juan Centeno ARI,L,-0.0052,0,-0.2,0.132,0.0824,0,9.583333333,-0.05,0.069,0.069219067,-0.050158745,0.249281938,1.00317489,0.000788938
Daniel Cope NA,R,0.0052,0,-0.2,0.132,0.0824,0,9.607843137,-0.05,0.069,0.069211847,-0.050153512,0.249245904,1.003070246,0.000762904
Donovan Casey LAN,R,0.0056,0,-0.2,0.132,-0.0492,0,9.6875,-0.05,0.069,0.069153957,-0.050111563,0.248993332,1.00223126,0.000554332
Chase Adkison SLN,R,0.0052,0,-0.2,0.132,-0.1152,0,9.673913043,-0.05,0.068,0.067783033,-0.049840465,0.247581515,0.996809308,-0.000792485
Edgar Alvarez CHN,L,0.0056,0,-0.2,0.132,-0.0824,0,9.679144385,-0.05,0.068,0.075382034,-0.055427966,0.275148858,1.108559322,0.026944858
Omar De Los Santos NA,R,0.022,0,-0.2,0.132,-0.0492,0,9.674796748,-0.05,0.068,0.068033393,-0.050024554,0.248262857,1.00049108,0.000121857
Marwin Gonzalez NA,B,-0.0056,-0.028,-0.2,0.132,-0.0492,0,9.69151671,-0.05,0.068,0.067987595,-0.049990878,0.248093732,0.99981757,-4.53E-05
Connor Kaiser KCA,R,0.002295082,-0.004918033,-0.204918033,0.132786885,0.016721311,0,9.672131148,-0.04988555,0.068243433,0.06817559,-0.049835957,0.247756451,0.999005863,-0.000246549
Hudson Potts NA,R,0.0068,0,-0.2,0.132,-0.0824,0,9.676549865,-0.05,0.068,0.068177032,-0.050130171,0.248644644,1.002603414,0.000645644
Nelson Medina NA,R,0.008,0,-0.2,0.132,0.0164,0,9.646017699,-0.05,0.068,0.068379036,-0.050278703,0.249325049,1.005574059,0.001382049
Adam Retzbach BAL,R,0.0052,0,-0.2,0.132,-0.0824,0,9.68,-0.05,0.068,0.067411793,-0.049567495,0.245776458,0.991349898,-0.002144542
Daniel Vellojin TBA,L,0.0052,0,-0.2,0.132,-0.1152,0,9.673913043,-0.05,0.068,0.067457067,-0.049600785,0.245884977,0.99201569,-0.001979023
Jorge Caballero NA,R,0.0064,0,-0.2,0.132,-0.0492,0,9.685314685,-0.05,0.068,0.067982002,-0.049986766,0.247753407,0.999735319,-6.56E-05
Jalen Vasquez NA,L,0.01,0,-0.2,0.132,0.0164,0,9.719626168,-0.05,0.068,0.068307813,-0.050226333,0.248938784,1.004526663,0.001121784
Cade Fergus PHI,R,0.009666667,0,-0.206666667,0.133333333,0.017,0,9.655172414,-0.050360091,0.0682298,0.067296534,-0.049671251,0.244400658,0.986321716,-0.003389342
Cody Morissette MIA,L,0.008235294,0,-0.203921569,0.133333333,0.016862745,0,9.666666667,-0.049943173,0.067711417,0.068017241,-0.050168745,0.248829808,1.004516586,0.001118808
Alexander Suarez NA,R,0.0092,0,-0.2,0.132,-0.0492,0,9.677419355,-0.05,0.068,0.067755419,-0.049820161,0.246729364,0.996403215,-0.000890636
Andrew Jenkins DET,R,0.0044,0,-0.2,0.132,-0.0824,0,9.681697613,-0.05,0.068,0.07402945,-0.054433419,0.269547758,1.088668376,0.021953758
Torin Montgomery NA,R,0.0056,0,-0.2,0.132,-0.0824,0,9.679144385,-0.05,0.068,0.067834271,-0.04987814,0.246981588,0.997562809,-0.000603412
Seby Zavala LAN,R,-0.001595442,-0.021367521,-0.19985755,0.129202279,0.083304843,0.053314286,9.684481304,-0.050295356,0.067789393,0.068337797,-0.050702236,0.249542552,1.008089812,0.002002552
Cameron Barstad CLE,L,0.0048,0,-0.2,0.132,-0.1152,0,9.67462039,-0.05,0.068,0.06720446,-0.049415044,0.244638069,0.988300876,-0.002895931
Antonio Gomez NYA,R,0.006,0,-0.2,0.132,0.0824,0,9.622641509,-0.05,0.068,0.068332431,-0.050244434,0.248743112,1.00488869,0.001210112
Antonis Macias TEX,L,0.0052,0,-0.2,0.132,-0.0824,0,9.68,-0.05,0.068,0.067968546,-0.049976872,0.247303556,0.999537447,-0.000114444
Jackson Appel CHA,B,0.0068,0,-0.2,0.132,0.0824,0,9.636363636,-0.05,0.068,0.068137471,-0.050101081,0.24788512,1.002021626,0.00050012
David Fletcher NA,R,0.004,-0.016,-0.202666667,0.130666667,0.0168,0,9.692307692,-0.050565086,0.067531003,0.067349822,-0.050429424,0.246643493,0.997317071,-0.000663507
Jesus Chirinos NA,R,0.0056,0,-0.204,0.132,-0.1152,0,9.680170576,-0.051,0.068,0.067827547,-0.05087066,0.246638914,0.997463921,-0.000627086
Jonathan Farmelo SEA,L,0.0076,0,-0.204,0.132,0.0164,0,9.677419355,-0.051,0.068,0.067423121,-0.050567341,0.245151459,0.991516483,-0.002097541
Marshall Toole TBA,L,0.0128,0,-0.204,0.132,-0.0492,0,9.678571429,-0.051,0.068,0.066068677,-0.049551508,0.240200448,0.971598191,-0.007021552
Loidel Chapelli NA,L,0.0088,0,-0.204,0.132,0.0164,0,9.669421488,-0.051,0.067,0.067130415,-0.051099271,0.247655121,1.001946487,0.000481121
Carlos Franco OAK,R,0.0052,0,-0.204,0.132,0.0824,0,9.75,-0.051,0.067,0.06682798,-0.05086906,0.246535401,0.99743254,-0.000634599
Jakob Gelof LAN,R,0.008,0,-0.204,0.132,0.0164,0,9.674796748,-0.051,0.067,0.07336568,-0.055845518,0.27063833,1.095010156,0.02348233
Joe Hudson NA,R,-0.0016,0,-0.204,0.132,0.0824,0,9.565217391,-0.051,0.067,0.067205154,-0.051156162,0.24790276,1.003061996,0.00075676
Misael Urbina NA,R,0.006,0,-0.204,0.132,-0.0492,0,9.696969697,-0.051,0.067,0.066933568,-0.050949433,0.246893957,0.999008481,-0.000245043
Tanner Murphy NA,R,0.008,0,-0.204,0.132,-0.0492,0,9.691780822,-0.051,0.067,0.067176769,-0.051134556,0.247760959,1.002638346,0.000651959
Maick Collado CLE,B,0.0048,0,-0.204,0.132,-0.0824,0,9.689119171,-0.051,0.067,0.066847367,-0.050883816,0.246539074,0.997721888,-0.000562926
Dylan Dreiling TEX,L,0.0076,0,-0.204,0.132,0.0164,0,9.677419355,-0.051,0.067,0.074579452,-0.056769433,0.275028981,1.113126142,0.027950981
Arturo De Freitas NA,R,0.0068,0,-0.204,0.132,0.0824,0,9.772727273,-0.051,0.067,0.066987476,-0.050990467,0.247027815,0.999813072,-4.62E-05
Eli Serrano NYN,L,0.0068,0,-0.204,0.132,-0.0492,0,9.694915254,-0.051,0.067,0.075090847,-0.057158705,0.276893577,1.120758916,0.029834577
Slade Caldwell ARI,L,0.008,0,-0.204,0.132,0.0164,0,9.674796748,-0.051,0.067,0.066229688,-0.050413643,0.244161183,0.988502812,-0.002839817
Kekai Rios NA,R,0.0072,0,-0.204,0.132,0.0824,0,9.777777778,-0.051,0.067,0.06717104,-0.051130195,0.247592454,1.002552838,0.000630454
William Simoneit TOR,R,0.0064,0,-0.204,0.132,-0.1152,0,9.678800857,-0.051,0.067,0.067803602,-0.051611697,0.249863357,1.011994058,0.002961357
Zachary Arnold PHI,R,0.006,0,-0.204,0.132,0.0164,0,9.6875,-0.051,0.067,0.067048656,-0.051037037,0.247035269,1.000726209,0.000179269
Nicholas Goodwin TOR,R,0.0064,0,-0.204,0.132,0.0164,0,9.68503937,-0.051,0.067,0.073158618,-0.055687903,0.269543647,1.091919673,0.022690647
Errol Robinson BAL,R,0.0056,0,-0.204,0.132,0.0492,0,9.772727273,-0.051,0.067,0.066807214,-0.050853253,0.246108803,0.9971226,-0.000710197
Michael Messina COL,R,0.0072,0,-0.204,0.132,-0.1152,0,9.677419355,-0.051,0.067,0.073788176,-0.056167119,0.271791586,1.101316053,0.025003586
Peyton Graham DET,R,0.0084,0,-0.204,0.132,0.0492,0,9.72972973,-0.051,0.067,0.072929491,-0.055513493,0.268617821,1.08849987,0.021839821
Jefrey De Los Santos NA,L,0.0072,0,-0.204,0.132,-0.0492,0,9.693877551,-0.051,0.067,0.067075763,-0.051057671,0.247056054,1.001130794,0.000279054
Anthony Scull LAA,L,0.006,0,-0.204,0.132,0.0164,0,9.6875,-0.051,0.067,0.065918879,-0.050177057,0.242767425,0.983863866,-0.003981575
Edward Florentino PIT,L,0.0112,0,-0.204,0.132,0.0164,0,9.652173913,-0.051,0.067,0.068870325,-0.05242368,0.253625765,1.027915299,0.006887765
Weston Kath CHA,L,0.0056,0,-0.204,0.132,-0.0824,0,9.6875,-0.051,0.067,0.066877761,-0.050906952,0.246215966,0.998175533,-0.000450034
Juan Benjamin CLE,B,0.0088,0,-0.204,0.132,-0.0824,0,9.680851064,-0.051,0.067,0.07159233,-0.054495654,0.263557013,1.068542244,0.016906013
Matthew Suggs WAS,R,0.006,0,-0.204,0.132,0.0824,0,9.761904762,-0.051,0.067,0.066087828,-0.05030566,0.243281131,0.986385491,-0.003357869
Axiel Plaz PIT,R,0.0052,0,-0.204,0.132,-0.0824,0,9.688311688,-0.051,0.067,0.06885432,-0.052411498,0.25346303,1.027676423,0.00682603
Maxton Martin TEX,L,0.0064,0,-0.204,0.132,-0.0492,0,9.695945946,-0.051,0.067,0.066057473,-0.050282554,0.243108263,0.985932439,-0.003468737
Dyan Jorge COL,R,0.01,0,-0.204,0.132,0.0492,0,9.696969697,-0.051,0.067,0.067002908,-0.051002214,0.246552701,1.000043404,1.07E-05
Jeremy Rivas SLN,R,0.010743802,0,-0.207438017,0.132231405,0.050082645,0,9.666666667,-0.051062353,0.066930336,0.066941954,-0.051071217,0.246572796,1.000173593,4.28E-05
Fernando Peguero BAL,B,0.0124,0,-0.204,0.132,0.0164,0,9.642857143,-0.051,0.067,0.066472455,-0.050598436,0.244577959,0.992126201,-0.001941041
Ryan Campos SLN,L,0.0072,0,-0.204,0.132,-0.1152,0,9.677419355,-0.051,0.067,0.074262505,-0.056528175,0.273231707,1.108395597,0.026720707
Jakob Christian SFN,R,0.0068,0,-0.204,0.132,-0.0824,0,9.68503937,-0.051,0.067,0.068206288,-0.051918219,0.250803682,1.018004294,0.004435682
Terone Harris NA,R,0.004418605,0,-0.209302326,0.13255814,-0.117906977,0,9.680473373,-0.051055931,0.066939999,0.067042338,-0.051133986,0.246655516,1.001528819,0.000376516
Tayden Hall MIL,L,0.006,0,-0.204,0.132,-0.0824,0,9.686684073,-0.051,0.067,0.066890951,-0.050916993,0.245849205,0.998372406,-0.000400795
Eduardo Lopez NA,B,0.0068,0,-0.204,0.132,-0.0492,0,9.694915254,-0.051,0.067,0.066767696,-0.050823172,0.245321456,0.996532775,-0.000853544
Justin Boyd NA,R,0.0064,0,-0.208,0.132,-0.0492,0,9.674267101,-0.052,0.067,0.06708145,-0.052063215,0.246290044,1.00121567,0.000299044
Modeifi Marte ARI,R,0.006,0,-0.208,0.132,-0.0824,0,9.694656489,-0.052,0.066,0.065422733,-0.051545184,0.243790877,0.991253535,-0.002151123
Eric Brown MIL,R,0.0111,0,-0.209,0.132,0.0167,0,9.68503937,-0.051550712,0.06634996,0.067006526,-0.052060833,0.248315126,1.009895503,0.002433126
Carlos Jimenez SEA,L,0.0088,0,-0.208,0.132,0.0164,0,9.694656489,-0.052,0.066,0.069336219,-0.054628536,0.258273214,1.050548774,0.012427214
Bryan Gonzalez NA,R,0.0084,0,-0.208,0.132,-0.1152,0,9.68220339,-0.052,0.066,0.066063901,-0.052050346,0.245930878,1.000968192,0.000237878
Kevin Graham NA,L,0.005074627,0,-0.210447761,0.132835821,-0.050149254,0,9.681978799,-0.051709466,0.066378818,0.06657077,-0.051858997,0.246326264,1.002891766,0.000710264
Jheremy Vargas MIL,R,0.0088,0,-0.208,0.132,0.0164,0,9.694656489,-0.052,0.066,0.065848869,-0.051880927,0.245040603,0.997710138,-0.000562397
Angel Mateo TBA,R,0.0076,0,-0.208,0.132,-0.0492,0,9.671052632,-0.052,0.066,0.064754777,-0.051018916,0.240969206,0.981132991,-0.004633794
William Hawke CLE,L,0.02,0,-0.208,0.132,-0.0492,0,9.669117647,-0.052,0.066,0.065568852,-0.051660307,0.243934011,0.993467451,-0.001603989
Alexander Mooney CLE,R,0.0132,0,-0.208,0.132,0.0164,0,9.666666667,-0.052,0.066,0.064910184,-0.051141357,0.2414531,0.98348764,-0.0040539
Fabian Pertuz NA,R,0.006666667,0,-0.213333333,0.133333333,0.050666667,0,9.714285714,-0.05198461,0.065793022,0.065899676,-0.05206888,0.245902978,1.001621059,0.000397978
Hedbert Perez TOR,L,0.0064,0,-0.208,0.132,-0.1152,0,9.685534591,-0.052,0.066,0.0656448,-0.051720145,0.244182741,0.994618177,-0.001321259
Ian Lewis MIA,B,0.0148,0,-0.208,0.132,0.0164,0,9.655172414,-0.052,0.066,0.073615081,-0.057999761,0.273826909,1.115380015,0.028325909
Logan Braunschweig ATL,L,0.0072,0,-0.208,0.132,-0.0492,0,9.672131148,-0.052,0.066,0.066340713,-0.052268441,0.246711061,1.005162322,0.001267061
Tyler Tolve ATL,L,0.0056,0,-0.212,0.132,0.0832,0,9.565217391,-0.052265796,0.066071856,0.065809444,-0.052058217,0.24442437,0.996028386,-0.00097463
Jay Thomason MIN,L,0.0104,0,-0.208,0.132,0.0164,0,9.68503937,-0.052,0.066,0.064303067,-0.050663023,0.239061267,0.974288898,-0.006308733
Arjun Nimmala TOR,R,0.0072,0,-0.208,0.132,0.0492,0,9.607843137,-0.052,0.066,0.066759931,-0.052598733,0.248152732,1.011514104,0.002824732
Adam Engel NA,R,0.0056,-0.056,-0.208,0.132,0.0164,0,9.683098592,-0.052,0.066,0.065926852,-0.051942368,0.245029132,0.998891696,-0.000271868
Karson Simas CHN,R,0.0104,0,-0.208,0.132,0.0492,0,9.761904762,-0.052,0.066,0.067217115,-0.052958939,0.249804259,1.018441131,0.004523259
Milkar Perez NA,B,0.0044,0,-0.208,0.132,-0.0824,0,9.673366834,-0.052,0.066,0.065943243,-0.051955282,0.245036098,0.999140042,-0.000210902
Bradley Zimmer NA,L,0.0048,-0.056,-0.208,0.132,0.0164,0,9.685314685,-0.052,0.066,0.066014872,-0.052011717,0.245238247,1.00022533,5.52E-05
Thomas Sacco HOU,B,0.006615385,0,-0.211794872,0.131794872,0.016666667,0,9.684763573,-0.052202023,0.065852916,0.065538712,-0.051952952,0.243987283,0.995228702,-0.001169717
Matthew Hogan CHA,L,0.0084,0,-0.208,0.132,0.0164,0,9.696969697,-0.052,0.066,0.06628971,-0.052228256,0.246188934,1.004389543,0.001075934
Dakota Jordan SFN,R,0.0084,0,-0.208,0.132,-0.0492,0,9.668874172,-0.052,0.066,0.069139945,-0.054473896,0.256742807,1.047574932,0.011659807
David Martin ARI,L,0.006,0,-0.208,0.132,0.0824,0,9.6875,-0.052,0.066,0.065767461,-0.051816788,0.24414775,0.996476689,-0.00086325
Kasen Wells SDN,L,0.0104,0,-0.208,0.132,0.0164,0,9.68503937,-0.052,0.066,0.065145687,-0.051326905,0.241815854,0.98705586,-0.003171146
Nick Dalesandro NA,R,0.0104,0,-0.208,0.132,-0.0492,0,9.695945946,-0.052,0.066,0.066259427,-0.052204397,0.245921864,1.003930715,0.000962864
Aramis Garcia ARI,R,-0.003478261,0.002898551,-0.211594203,0.131884058,0.083478261,0.008142857,9.634146341,-0.052362822,0.065632853,0.067357239,-0.053738563,0.251317892,1.026273223,0.006433892
Logan Wagner LAN,B,0.0068,0,-0.208,0.132,0.0164,0,9.705882353,-0.052,0.066,0.068628162,-0.054070673,0.254579286,1.039820635,0.009749286
Juan Matheus MIA,B,0.01,0,-0.208,0.132,0.0164,0,9.6875,-0.052,0.066,0.066690064,-0.052543687,0.247363553,1.01045552,0.002559553
Jack Costello SDN,R,0.0064,0,-0.212,0.132,-0.0824,0,9.677419355,-0.053,0.066,0.067593816,-0.054279883,0.250689077,1.024148727,0.005911077
Caleb Ketchup LAA,R,0.0156,0,-0.212,0.132,-0.0492,0,9.692832765,-0.053,0.066,0.066177449,-0.053142497,0.245413053,1.002688619,0.000658053
Lucas Shliger SFN,L,0.0076,0,-0.212,0.132,0.0824,0,9.615384615,-0.053,0.066,0.065585344,-0.052667019,0.243193438,0.993717339,-0.001537562
Adam Hall NA,R,0.0144,0,-0.212,0.132,-0.0492,0,9.695945946,-0.053,0.065,0.065384172,-0.053313248,0.246151291,1.005910345,0.001446291
Guillermo Williamson NA,L,0.0052,0,-0.212,0.132,-0.0824,0,9.679802956,-0.053,0.065,0.064805755,-0.052841615,0.24392587,0.997011612,-0.00073113
Tyler Wilson NYA,B,0.0072,0,-0.212,0.132,-0.0492,0,9.682539683,-0.053,0.065,0.064602043,-0.052675512,0.243143206,0.993877584,-0.001497794
Austin Callahan CIN,L,0.006333333,0,-0.216666667,0.133333333,0.017,0,9.677419355,-0.052796869,0.065793022,0.065603659,-0.052644912,0.243928907,0.99712184,-0.000704093
Arturo Disla TEX,R,0.0056,0,-0.212,0.132,-0.0824,0,9.679012346,-0.053,0.065,0.067213648,-0.054804975,0.252939435,1.034056126,0.008330435
Sean McLain LAN,R,0.0068,0,-0.212,0.132,0.0492,0,9.677419355,-0.053,0.065,0.064391052,-0.052503474,0.24227183,0.990631576,-0.00229117
Matt O'Neill ARI,R,0.0056,0,-0.212,0.132,0.0824,0,9.523809524,-0.053,0.065,0.065258817,-0.053211035,0.245512705,1.003981798,0.000973705
Cristian Hernandez MIA,R,0.0152,0,-0.212,0.132,0.0492,0,9.75,-0.053,0.065,0.067740251,-0.055234359,0.254797139,1.042157712,0.010307139
Nolan Sailors KCA,L,0.0124,0,-0.212,0.132,0.0164,0,9.696969697,-0.053,0.065,0.062610889,-0.051051955,0.235382264,0.963244439,-0.008981736
Tucker Mitchell TEX,R,0.006,0,-0.212,0.132,0.0824,0,9.545454545,-0.053,0.065,0.066730851,-0.054411309,0.250821762,1.026628473,0.006505762
Andrew Velazquez TEX,R,0.016944444,-0.037962963,-0.214814815,0.132407407,0.050092593,0,9.680672269,-0.052874673,0.065181709,0.065310335,-0.052979013,0.244741008,1.001973348,0.000482008
Kevyn Castillo LAA,L,0.0068,0,-0.212,0.132,0.0164,0,9.659863946,-0.053,0.065,0.064174366,-0.052326791,0.241135675,0.987297943,-0.003102325
Will Banfield CIN,R,0.003812375,-0.003592814,-0.216367265,0.132734531,0.083353293,0.00524,9.700374532,-0.052971408,0.065090328,0.065317961,-0.053156659,0.245080104,1.003497187,0.000854104
Jack Lopez NA,R,0.003809524,-0.008503401,-0.212585034,0.130272109,0.016666667,0,9.681647487,-0.053059761,0.065030043,0.065124138,-0.053136536,0.244503274,1.001446955,0.000353274
Kane Kepley CHN,L,0.01,0,-0.212,0.132,-0.0492,0,9.675324675,-0.053,0.065,0.071395348,-0.058214669,0.268158731,1.098389972,0.024020731
Bennett Hostetler MIA,R,0.0092,0,-0.212,0.132,0.0824,0,9.666666667,-0.053,0.065,0.065316194,-0.053257819,0.245239195,1.004864517,0.001187195
Griffin Doersching NA,R,0.006,0,-0.212,0.132,-0.0824,0,9.678217822,-0.053,0.065,0.064896852,-0.052915895,0.243657727,0.998413108,-0.000387273
Jack Moss CIN,L,0.0052,0,-0.212,0.132,-0.0824,0,9.679802956,-0.053,0.065,0.066268004,-0.054033911,0.24878334,1.019507751,0.00476034
Victor Rodrigues LAN,R,0.006,0,-0.212,0.132,0.0824,0,9.545454545,-0.053,0.065,0.066952039,-0.054591663,0.251207142,1.030031376,0.007324142
Israel Pineda NA,R,0.006,0,-0.212,0.132,0.0824,-0.0005,9.523809524,-0.053,0.065,0.065053511,-0.053043632,0.244080774,1.000823249,0.000200774
Jancel Villarroel SFN,R,0.0072,0,-0.212,0.132,0.0824,0,9.6,-0.053,0.065,0.065248379,-0.053202524,0.24478883,1.003821215,0.00093183
Jared McKenzie WAS,L,0.0076,0,-0.212,0.132,-0.0492,0,9.681528662,-0.053,0.065,0.0653332,-0.053271686,0.245043724,1.005126147,0.001249724
Samuel Munoz LAN,L,0.0072,0,-0.212,0.132,-0.0492,0,9.682539683,-0.053,0.065,0.064446488,-0.052548675,0.241616823,0.991484427,-0.002075177
Jose Torres COL,R,0.0072,0,-0.212,0.132,0.0164,0,9.657534247,-0.053,0.065,0.064127897,-0.052288901,0.240411541,0.986583037,-0.003269459
Kaden Hollow SDN,L,0.0052,0,-0.212,0.132,-0.0492,0,9.6875,-0.053,0.065,0.064782435,-0.052822601,0.242864365,0.996652844,-0.000815635
Johnathon Thomas WAS,R,0.0168,0,-0.212,0.132,0.0164,0,9.669421488,-0.053,0.065,0.066692611,-0.054380129,0.250004947,1.026040167,0.006344947
Leonel Espinoza CHN,R,0.0092,0,-0.216,0.132,0.0164,0,9.668874172,-0.054,0.064,0.063609503,-0.053670518,0.241790653,0.993898481,-0.001484347
Jordy Barley NA,R,0.0124,0,-0.216,0.132,0.0164,0,9.65034965,-0.054,0.064,0.06423654,-0.054199581,0.2440848,1.003695936,0.0008988
Tommy Hopfe COL,B,0.008,0,-0.216,0.132,0.0164,0,9.675324675,-0.054,0.064,0.061452143,-0.051850245,0.233379875,0.96018973,-0.009676125
Marco Vargas NYN,L,0.0124,0,-0.216,0.132,0.0492,0,9.655172414,-0.054,0.064,0.069240434,-0.058421616,0.262858326,1.081881785,0.019894326
Bryson Horne NA,L,0.004520548,0,-0.219178082,0.131506849,-0.083424658,0,9.681528662,-0.054033056,0.064164254,0.064249571,-0.054104902,0.243268036,1.001329667,0.000323036
Anthony Mulrine NA,R,0.0064,0,-0.216,0.132,0.0824,0,10,-0.054,0.064,0.064411744,-0.054347409,0.244500943,1.006433506,0.001562943
Tyresse Turner CLE,B,0.014,0,-0.216,0.132,0.0164,0,9.710144928,-0.054,0.064,0.064146675,-0.054123757,0.243477726,1.002291799,0.000556726
Casey Opitz CHN,B,0.0056,0,-0.216,0.132,0.0824,0,10,-0.054,0.064,0.064356013,-0.054300386,0.24422403,1.005562701,0.00135103
Jack Payton SFN,R,0.0056,0,-0.216,0.132,-0.1152,0,9.68,-0.054,0.064,0.064063644,-0.054053699,0.243101508,1.000994433,0.000241508
Kade Kretzschmar NA,L,0.0068,0,-0.216,0.132,-0.0492,0,9.693251534,-0.054,0.064,0.063898818,-0.053914627,0.242473049,0.998419024,-0.000383951
Walking Cabrera NA,R,0.0072,0,-0.216,0.132,0.0164,0,9.679487179,-0.054,0.064,0.063955475,-0.053962432,0.242630083,0.999304293,-0.000168917
Adam Hackenberg CHA,R,0.007,0,-0.22,0.1325,0.084,0,10,-0.053834753,0.064234649,0.063891337,-0.053547025,0.241499334,0.994655346,-0.001297666
Carlos Sanchez CIN,L,0.0072,0,-0.216,0.132,0.0164,0,9.679487179,-0.054,0.064,0.065990424,-0.055679421,0.250347048,1.031100381,0.007551048
Tyler Reichenborn NA,R,0.0072,0,-0.216,0.132,-0.0492,0,9.692307692,-0.054,0.064,0.063753729,-0.053792209,0.241845786,0.996152014,-0.000934214
Won-Bin Cho SLN,L,0.0092,0,-0.216,0.132,-0.0492,0,9.6875,-0.054,0.064,0.064028394,-0.054023957,0.242727639,1.000443653,0.000107639
Carlos Linarez SLN,R,0.0056,0,-0.216,0.132,-0.1152,0,9.68,-0.054,0.064,0.062130862,-0.052422915,0.235509946,0.970794724,-0.007085054
Shawn Ross PIT,R,0.0056,0,-0.216,0.132,0.0824,0,10,-0.054,0.064,0.066163992,-0.055825868,0.250779105,1.033812377,0.008202105
Lisbel Diaz SFN,R,0.0076,0,-0.216,0.132,-0.0492,0,9.691358025,-0.054,0.064,0.066424978,-0.056046075,0.251755855,1.037890277,0.009190855
Michael Perez NA,R,0.0092,0,-0.216,0.132,0.0164,0,9.668874172,-0.054,0.064,0.063998604,-0.053998822,0.242536711,0.999978193,-5.29E-06
Jamari Baylor NA,R,0.0076,0,-0.216,0.132,0.0164,0,9.677419355,-0.054,0.064,0.063882703,-0.053901031,0.242095482,0.998167238,-0.000444518
Yunior Garcia NA,R,0.0064,0,-0.216,0.132,-0.0492,0,9.694189602,-0.054,0.064,0.063643508,-0.05369921,0.241182046,0.994429814,-0.001350954
Ivan Brethowr PIT,R,0.0096,0,-0.216,0.132,-0.1152,0,9.673469388,-0.054,0.064,0.062890934,-0.053064226,0.238324213,0.982670849,-0.004202787
David Mershon LAA,B,0.013783784,0,-0.221621622,0.132432432,0.050540541,0,9.684210526,-0.054145136,0.064049734,0.063430367,-0.053621547,0.24015698,0.990329894,-0.00234502
Trace Willhoite NYN,R,0.0068,0,-0.216,0.132,-0.0824,0,9.684466019,-0.054,0.064,0.062300031,-0.052565651,0.236048975,0.973437977,-0.006441025
John Freethy TOR,B,0.006,0,-0.216,0.132,-0.0492,0,9.695121951,-0.054,0.064,0.062150033,-0.05243909,0.235423354,0.971094266,-0.007007646
Ethan Hearn CHN,L,0.006,0,-0.216,0.132,0.0824,0,10,-0.054,0.064,0.063787158,-0.053820415,0.241623762,0.996674347,-0.000806238
Christopher Lanzilli NA,R,0.0068,0,-0.216,0.132,-0.0492,0,9.693251534,-0.054,0.064,0.063824307,-0.053851759,0.241755504,0.997254792,-0.000665496
Caden Rose BOS,R,0.0084,0,-0.216,0.132,0.0164,0,9.673202614,-0.054,0.064,0.06402733,-0.054023059,0.242497508,1.000427024,0.000103508
Herard Gonzalez NA,B,0.0068,0,-0.216,0.132,0.0164,0,9.681528662,-0.054,0.064,0.063902492,-0.053917728,0.241949812,0.998476438,-0.000369188
Jose Sanabria NA,R,0.0068,0,-0.22,0.132,0.0164,0,9.700598802,-0.055,0.064,0.063890277,-0.054905707,0.241894578,0.998285576,-0.000415422
Nelson Taylor BOS,L,0.0104,0,-0.22,0.132,0.0164,0,9.683544304,-0.055,0.063,0.065694175,-0.057352057,0.252551349,1.04276468,0.010357349
Pierce Bennett NA,R,0.006,0,-0.22,0.132,-0.0492,0,9.675516224,-0.055,0.063,0.062916675,-0.054927256,0.241800768,0.998677389,-0.000320232
Jeffrey Wehler NA,R,0.0076,0,-0.22,0.132,0.0164,0,9.696969697,-0.055,0.063,0.062948412,-0.054954963,0.24179784,0.999181143,-0.00019816
Quinn McDaniel SFN,R,0.0088,0,-0.22,0.132,0.0164,0,9.691358025,-0.055,0.063,0.062844636,-0.054864364,0.241356319,0.997533897,-0.000596681
Jose Cordoba SLN,R,0.0084,0,-0.22,0.132,-0.0492,0,9.66966967,-0.055,0.063,0.061963565,-0.054095176,0.237853539,0.983548658,-0.003978461
Edward Duran TOR,R,0.006,0,-0.22,0.132,0.0824,0,10,-0.055,0.063,0.062122969,-0.054234338,0.238436829,0.98607887,-0.003366171
Brian Kalmer CHN,R,0.0052,0,-0.22,0.132,-0.0824,0,9.672131148,-0.055,0.063,0.062245207,-0.054341053,0.238899079,0.988019153,-0.002896921
Robert Martin NA,L,0.0072,0,-0.22,0.132,-0.0492,0,9.672619048,-0.055,0.063,0.063114762,-0.055100189,0.24221943,1.001821622,0.00044043
Anthony Gutierrez TEX,R,0.0188,0,-0.22,0.132,-0.1152,0,9.68487395,-0.055,0.063,0.062764249,-0.054794186,0.240832401,0.996257921,-0.000904599
Cade Bunnell NA,L,0.006,0,-0.22,0.132,-0.0824,0,9.693396226,-0.055,0.063,0.063183642,-0.055160323,0.242437641,1.002914956,0.000704641
Narbe Cruz HOU,R,0.0064,0,-0.22,0.132,0.0164,0,9.702380952,-0.055,0.063,0.063198407,-0.055173212,0.242466204,1.00314931,0.000761204
Blake Robertson TBA,L,0.0052,0,-0.22,0.132,-0.0824,0,9.672131148,-0.055,0.063,0.062714287,-0.054750568,0.240602864,0.995464872,-0.001096136
Marcus Smith NA,L,0.0084,0,-0.22,0.132,0.0164,0,9.693251534,-0.055,0.063,0.063002012,-0.055001757,0.241668719,1.000031941,7.72E-06
Brian Serven OAK,R,0.000522388,-0.015298507,-0.219029851,0.129104478,0.083358209,0.004074074,9.685534591,-0.055097636,0.062982136,0.06438705,-0.056326674,0.24693099,1.022306546,0.00538799
Spencer Henson NA,R,0.0064,0,-0.22,0.132,-0.0824,0,9.692671395,-0.055,0.063,0.062825467,-0.05484763,0.240871845,0.997229642,-0.000669155
Juneiker Caceres CLE,L,0.0064,0,-0.22,0.132,-0.0492,0,9.674556213,-0.055,0.063,0.065011565,-0.056756128,0.249245051,1.031929596,0.007712051
Gionti Turner NA,R,0.0084,0,-0.22,0.132,0.0164,0,9.693251534,-0.055,0.063,0.063068956,-0.0550602,0.24175432,1.001094538,0.00026432
Enmanuel Tejeda NYA,R,0.0108,0,-0.22,0.132,0.0164,0,9.681528662,-0.055,0.063,0.06312534,-0.055109424,0.241949407,1.001989518,0.000480407
Joshua Moylan NYA,L,0.0056,0,-0.22,0.132,0.0164,0,9.705882353,-0.055,0.063,0.061655339,-0.053826089,0.236258365,0.978656171,-0.005152635
Wilfredo Lara MIA,R,0.0092,0,-0.22,0.132,0.0492,0,9.736842105,-0.055,0.063,0.06284839,-0.054867642,0.240808096,0.997593494,-0.000580904
Maxwell McDowell NA,R,0.002,0,-0.22,0.132,0.0824,0,10,-0.055,0.063,0.06343904,-0.055383289,0.242795305,1.006968895,0.001680305
Johnfrank Salazar SLN,R,0.0076,0,-0.22,0.132,-0.0824,0,9.69047619,-0.055,0.063,0.063218848,-0.055191057,0.241921471,1.003473773,0.000837471
Dameury Pena MIN,R,0.0092,0,-0.224,0.132,0.0164,0,9.707602339,-0.056,0.063,0.063222562,-0.056197833,0.241914612,1.003532736,0.000851612
Jack Penney DET,L,0.006,0,-0.224,0.132,0.0164,0,9.666666667,-0.056,0.063,0.062861348,-0.055876754,0.240507517,0.997799173,-0.000530483
Carlos Luis NA,L,0.0064,0,-0.224,0.132,-0.1152,0,9.691119691,-0.056,0.062,0.061783612,-0.055804553,0.240121013,0.996509877,-0.000840987
Robert Brooks TOR,R,0.0056,0,-0.224,0.132,0.0824,0,10,-0.056,0.062,0.062113647,-0.056102649,0.241399681,1.001833021,0.000441681
Luis Ravelo NA,B,0.0052,0,-0.224,0.132,0.0164,0,9.67032967,-0.056,0.062,0.062208469,-0.056188295,0.241757162,1.003362408,0.000810162
Martin Maldonado NA,R,-0.015833333,-0.037179487,-0.210897436,0.123076923,0.083076923,-0.048812502,9.683362291,-0.055666221,0.062434151,0.061950075,-0.05523462,0.239046101,0.992246615,-0.001867899
Anderson De Los Santos BAL,R,0.0076,0,-0.224,0.132,0.0164,0,9.659090909,-0.056,0.062,0.070893539,-0.064032874,0.275416826,1.143444181,0.034550826
John Lindsly WAS,L,0.0056,0,-0.224,0.132,0.0824,0,10,-0.056,0.062,0.062384434,-0.056347231,0.242342396,1.006200549,0.001493396
Ildefonso Ruiz MIN,R,0.0048,0,-0.224,0.132,0.0824,0,10,-0.056,0.062,0.062317317,-0.056286609,0.241993217,1.005118009,0.001232217
Eric Rodriguez LAA,R,0.0088,0,-0.224,0.132,-0.0492,0,9.678362573,-0.056,0.062,0.075163465,-0.067889581,0.291818515,1.212313948,0.051106515
Jacob Wetzel TOR,L,0.0076,0,-0.224,0.132,-0.0492,0,9.68115942,-0.056,0.062,0.061832035,-0.055848289,0.240048913,0.997290884,-0.000652087
Jackie Bradley Jr. NA,L,0,-0.052,-0.224,0.132,0.0164,0,9.696048632,-0.056,0.062,0.062322784,-0.056291547,0.241901867,1.005206201,0.001252867
Rodolfo Nolasco NA,R,0.0068,0,-0.224,0.132,-0.0492,0,9.682997118,-0.056,0.062,0.061873966,-0.055886162,0.23990732,0.997967187,-0.00048868
Lance DeBarge MIN,R,0.0188,0,-0.224,0.132,0.0164,0,9.659863946,-0.056,0.062,0.065539957,-0.05919738,0.254111097,1.057096075,0.013725097
Grant Koch NA,R,0.003870968,0,-0.227419355,0.132258065,0.083870968,-0.001,9.62962963,-0.055961544,0.0619149,0.061880889,-0.055930804,0.240180992,0.999450683,-0.000132008
Emil Morales LAN,R,0.006,0,-0.224,0.132,0.0492,0,9.684210526,-0.056,0.062,0.063065913,-0.05696276,0.244405842,1.017192142,0.004130842
Bennett Thompson CLE,R,0.0064,0,-0.224,0.132,0.0824,0,10,-0.056,0.062,0.066385742,-0.059961315,0.257255457,1.070737772,0.016995457
Aeverson Arteaga SFN,R,0.005,0,-0.23,0.133333333,0.050666667,0,9.68503937,-0.056076674,0.061765611,0.062371889,-0.05662711,0.242580976,1.00981578,0.002357976
Cole Urman NA,R,0.0056,0,-0.224,0.132,-0.0824,0,9.678899083,-0.056,0.062,0.062296335,-0.056267657,0.241334997,1.004779597,0.001147997
Carter Cunningham TOR,L,0.0068,0,-0.224,0.132,-0.1152,0,9.690522244,-0.056,0.062,0.065157637,-0.05885206,0.252411229,1.050929636,0.012232229
Beau Brewer NA,R,0.0068,0,-0.224,0.132,0.0164,0,9.662921348,-0.056,0.062,0.062396235,-0.056357889,0.241685776,1.006390879,0.001534776
Aaron Parker TOR,R,0.006,0,-0.224,0.132,0.0824,0,10,-0.056,0.062,0.071591974,-0.064663718,0.277276869,1.154709254,0.037149869
Ryan Johnson HOU,R,0.0068,0,-0.224,0.132,0.0492,0,9.677419355,-0.056,0.062,0.061891336,-0.055901852,0.239632271,0.99824735,-0.000420729
Yohairo Cuevas NYN,L,0.0084,0,-0.224,0.132,-0.0492,0,9.679300292,-0.056,0.062,0.059428262,-0.05367714,0.230082266,0.958520349,-0.009956734
Philip Verdung ATL,R,0.006,0,-0.224,0.132,-0.0824,0,9.67816092,-0.056,0.062,0.062394129,-0.056355987,0.241519622,1.006356917,0.001525622
Joo-Hyung Kim NA,R,0.0032,0,-0.224,0.132,0.0164,0,9.679144385,-0.056,0.062,0.061758959,-0.055782285,0.239000198,0.99611224,-0.000932802
Elis Cuevas BAL,L,0.014,0,-0.224,0.132,-0.0492,0,9.695121951,-0.056,0.062,0.058796402,-0.053106428,0.227512678,0.948329066,-0.012396322
Isaiah Greene BAL,L,0.0084,0,-0.224,0.132,-0.0492,0,9.679300292,-0.056,0.062,0.062181747,-0.056164158,0.240572151,1.002931396,0.000703151
Pablo Nunez CIN,L,0.0068,0,-0.224,0.132,0.0164,0,9.662921348,-0.056,0.062,0.061615065,-0.055652317,0.238354897,0.993791369,-0.001489103
Dalvy Rosario NA,R,0.008666667,0,-0.233333333,0.133333333,-0.050666667,0,9.681818182,-0.056858167,0.061731724,0.062087618,-0.057185964,0.241171425,1.005765173,0.001382425
Elliot Soto NA,R,-0.0028,0,-0.228,0.132,0.0492,0,9.6875,-0.057,0.062,0.062278807,-0.057256323,0.240863288,1.004496895,0.001078288
Brandon Winokur MIN,R,0.0092,0,-0.228,0.132,0.0164,0,9.67032967,-0.057,0.062,0.060071929,-0.055227419,0.232295243,0.968902082,-0.007455757
Derek Bernard COL,L,0.0076,0,-0.228,0.132,-0.0492,0,9.690140845,-0.057,0.061,0.061980834,-0.057916517,0.243528792,1.016079241,0.003853792
Jackson Strong DET,L,0.008,0,-0.228,0.132,0.0164,0,9.675675676,-0.057,0.061,0.059012711,-0.055143025,0.231860942,0.967421494,-0.007808058
Jean Ramirez KCA,L,0.008,0,-0.228,0.132,-0.0492,0,9.689265537,-0.057,0.061,0.060846571,-0.056856632,0.239032263,0.997484771,-0.000602737
Dylan Neuse NA,R,0.0076,0,-0.228,0.132,0.0164,0,9.677419355,-0.057,0.061,0.060820914,-0.056832658,0.238900563,0.997064168,-0.000703437
Angel Zarate NA,L,0.008,0,-0.228,0.132,-0.0492,0,9.689265537,-0.057,0.061,0.060793357,-0.056806908,0.238776375,0.996612414,-0.000811625
Andy Perez COL,L,0.008,0,-0.228,0.132,0.0492,0,9.7,-0.057,0.061,0.067214246,-0.062806755,0.263965772,1.101872892,0.024404772
Luke Gold NA,R,0.0052,0,-0.228,0.132,-0.0824,0,9.686800895,-0.057,0.061,0.060636863,-0.056660675,0.23795595,0.994046938,-0.00142505
Robert Calaz COL,R,0.006,0,-0.228,0.132,-0.0492,0,9.693593315,-0.057,0.061,0.061184849,-0.057172728,0.24007029,1.003030312,0.00072529
Kevin Bruggeman LAA,R,0.0072,0,-0.228,0.132,-0.0824,0,9.683257919,-0.057,0.061,0.059803914,-0.055882346,0.234647028,0.980392028,-0.004692972
Sahid Valenzuela NA,B,0.004358974,0,-0.230769231,0.130769231,0.016666667,0,9.685534591,-0.057135679,0.060944724,0.060910115,-0.057103233,0.239188093,0.999432121,-0.000135907
Adrian Santana TBA,B,0.018,0,-0.228,0.132,0.0492,0,9.72972973,-0.057,0.061,0.061068508,-0.057064016,0.239568753,1.00112308,0.000268753
Drew Brutcher HOU,L,0.0052,0,-0.228,0.132,-0.0492,0,9.695290859,-0.057,0.061,0.061940179,-0.057878528,0.242936491,1.015412775,0.003687491
Elijah Nunez WAS,L,0.0112,0,-0.228,0.132,0.0164,0,9.661016949,-0.057,0.061,0.062182359,-0.058104828,0.243850671,1.019382942,0.004636671
Connor Pavolony BAL,R,0.0056,0,-0.228,0.132,0.0824,0,9.523809524,-0.057,0.061,#N/A,#N/A,#N/A,#N/A,#N/A
Anthony Sherwin HOU,L,0.0064,0,-0.228,0.132,0.0164,0,9.682539683,-0.057,0.061,0.061298236,-0.05727868,0.240379525,1.004889114,0.001169525
Estarling Mercado NYN,L,0.0064,0,-0.228,0.132,-0.0824,0,9.684684685,-0.057,0.061,0.060748612,-0.056765097,0.238175391,0.995878889,-0.000985609
Cortland Lawson WAS,R,0.005205479,0,-0.231506849,0.131506849,0.05,0,9.674556213,-0.057072416,0.060787188,0.061056183,-0.057324972,0.240033515,1.004425193,0.001057515
Yeremy Cabrera WAS,L,0.0104,0,-0.228,0.132,-0.0492,0,9.683908046,-0.057,0.061,0.06194233,-0.057880537,0.242655522,1.015448026,0.003691522
Cole Fontenelle LAA,B,0.0092,0,-0.228,0.132,0.0164,0,9.67032967,-0.057,0.061,0.06129733,-0.057277833,0.239938852,1.004874262,0.001163852
Trevor Cohen SFN,L,0.0076,0,-0.228,0.132,-0.0492,0,9.690140845,-0.057,0.061,0.064472214,-0.060244528,0.252305139,1.056921539,0.013588139
Johanfran Garcia BOS,R,0.0052,0,-0.228,0.132,0.0824,0,9.545454545,-0.057,0.061,0.061444505,-0.057415357,0.240394071,1.007286967,0.001739071
Ryan Hadeen DET,B,0.0108,0,-0.232,0.132,0.0164,0,9.680851064,-0.058,0.061,0.060537297,-0.057560053,0.236724651,0.992414712,-0.001809349
Danny De Andrade MIN,R,0.0076,0,-0.232,0.132,0.0164,0,9.693877551,-0.058,0.06,0.058993166,-0.057026727,0.234452608,0.983219439,-0.004001392
Omar Hernandez KCA,R,0.0088,0,-0.232,0.132,0.0824,0,9.565217391,-0.058,0.06,0.060023584,-0.058022797,0.238518715,1.000393059,9.37E-05
Jalen Battles TBA,R,0.0072,0,-0.232,0.132,0.0164,0,9.695431472,-0.058,0.06,0.060104337,-0.058100859,0.238784514,1.001738952,0.000414514
Luke Davis PHI,B,0.0052,0,-0.232,0.132,-0.0824,0,9.672489083,-0.058,0.06,0.058675992,-0.056720126,0.233084511,0.977933202,-0.005259489
Juan Baez MIL,R,0.006,0,-0.232,0.132,0.0164,0,9.7,-0.058,0.06,0.059920542,-0.05792319,0.237983419,0.998675693,-0.000315581
Kevin Watson NA,L,0.0072,0,-0.232,0.132,-0.1152,0,9.683426443,-0.058,0.06,0.059749608,-0.057757954,0.237263702,0.995826801,-0.000994298
William Turner BOS,L,0.0068,0,-0.232,0.132,0.0164,0,9.696969697,-0.058,0.06,0.07283204,-0.070404305,0.289194181,1.213867332,0.050952181
Tai Peete SLN,L,0.0108,0,-0.232,0.132,0.0164,0,9.680851064,-0.058,0.06,0.06099752,-0.05896427,0.24198428,1.016625341,0.00395728
Ryan Cermak TBA,R,0.0096,0,-0.232,0.132,-0.0492,0,9.694444444,-0.058,0.06,0.05981502,-0.057821186,0.237259266,0.996916993,-0.000733734
Trent Youngblood ARI,L,0.0084,0,-0.232,0.132,-0.0492,0,9.67032967,-0.058,0.06,0.063304227,-0.061194086,0.251098325,1.055070444,0.013106325
Jose Acosta NA,B,0.0084,0,-0.232,0.132,0.0164,0,9.690721649,-0.058,0.06,0.059872198,-0.057876458,0.237364326,0.997869963,-0.000506674
Carter Dorighi SEA,L,0.0076,0,-0.232,0.132,0.0164,0,9.693877551,-0.058,0.06,0.060440045,-0.058425377,0.239549082,1.007334085,0.001744082
Alexander Albertus CHA,R,0.0072,0,-0.232,0.132,0.0164,0,9.695431472,-0.058,0.06,0.060059455,-0.058057473,0.237968572,1.00099091,0.000235572
C.J. Stubbs TOR,R,0.0064,0,-0.232,0.132,0.0828,-0.005,9.736842105,-0.058,0.06,0.059168046,-0.057195778,0.234399145,0.9861341,-0.003295855
Justin Lavey NA,R,0.0084,0,-0.232,0.132,0.0164,0,9.690721649,-0.058,0.06,0.060107546,-0.058103961,0.238118048,1.001792437,0.000426048
Cristopher Navarro NA,R,0.0064,0,-0.232,0.132,0.0164,0,9.698492462,-0.058,0.06,0.059939201,-0.057941228,0.237446149,0.998986688,-0.000240851
Jose Mena NA,R,0.0068,0,-0.232,0.132,0.0824,0,9.642857143,-0.058,0.06,0.060146604,-0.058141717,0.238263755,1.002443402,0.000580755
Bryce Arnold NA,R,0.0064,0,-0.232,0.132,-0.0492,0,9.674796748,-0.058,0.06,0.05987238,-0.057876634,0.23714452,0.997873007,-0.00050548
Rafe Perich TEX,B,0.0056,0,-0.232,0.132,-0.1152,0,9.685767098,-0.058,0.06,0.059093117,-0.057123347,0.234039276,0.984885289,-0.003591724
Maxwell Romero WAS,L,0.0052,0,-0.232,0.132,-0.1152,0,9.686346863,-0.058,0.06,0.059924767,-0.057927275,0.237281103,0.998746114,-0.000297897
Jorge Ruiz LAA,L,0.0072,0,-0.232,0.132,-0.0492,0,9.673024523,-0.058,0.06,0.059249697,-0.057274708,0.234591277,0.987494957,-0.002970723
Alejandro Nunez HOU,L,0.0096,0,-0.232,0.132,0.0164,0,9.685863874,-0.058,0.06,0.059877159,-0.057881254,0.237016748,0.997952649,-0.000486252
Lizandro Espinoza ATL,R,0.01,0,-0.232,0.132,0.0164,0,9.684210526,-0.058,0.06,0.061356201,-0.059310995,0.242837619,1.022603356,0.005367619
Avery Owusu-Asiedu ARI,R,0.01,0,-0.232,0.132,-0.0492,0,9.693593315,-0.058,0.06,0.058136979,-0.05619908,0.230064499,0.968949654,-0.007372501
Enrique Romero NA,L,0.0068,0,-0.232,0.132,-0.0824,0,9.690949227,-0.058,0.06,0.060057097,-0.058055194,0.237654941,1.000951615,0.000225941
Cristian Santana DET,R,0.0052,0,-0.232,0.132,-0.0824,0,9.672489083,-0.058,0.06,0.060828265,-0.058800657,0.240699474,1.013804424,0.003277474
Damian Bravo SFN,R,0.0068,0,-0.232,0.132,-0.0492,0,9.673913043,-0.058,0.06,0.06042398,-0.058409847,0.239031223,1.007066336,0.001677223
Junior Tilien DET,R,0.0052,0,-0.236,0.132,-0.0492,0,9.685863874,-0.059,0.06,0.058796959,-0.05781701,0.232537073,0.979949316,-0.004757927
Titus Dumitru PIT,R,0.008,0,-0.236,0.132,-0.0492,0,9.68,-0.059,0.06,0.066768793,-0.06565598,0.264040531,1.112813219,0.026767531
Zachary Evans SDN,R,0.006,0,-0.236,0.132,0.0164,0,9.668246445,-0.059,0.059,0.057819148,-0.057819148,0.232485894,0.979985559,-0.004748106
Garret Forrester MIA,R,0.0068,0,-0.236,0.132,0.0824,0,9.736842105,-0.059,0.059,0.060980144,-0.060980144,0.245174288,1.033561769,0.007961288
Alexander Darby SFN,L,0.0064,0,-0.236,0.132,0.0164,0,9.666666667,-0.059,0.059,0.060085673,-0.060085673,0.241546444,1.018401245,0.004364444
Dominic Pitelli CIN,L,0.014358974,0,-0.238461538,0.133333333,0.016666667,0,9.697986577,-0.058415963,0.059672221,0.059591947,-0.05833738,0.23682798,0.998654758,-0.00031902
Tanner O'Tremba NA,R,0.0076,0,-0.236,0.132,-0.0492,0,9.680851064,-0.059,0.059,0.058998012,-0.058998012,0.23709201,0.999966301,-7.99E-06
Kyle Hayes KCA,R,0.0056,0,-0.236,0.132,0.0824,0,9.756097561,-0.059,0.059,0.059251541,-0.059251541,0.238052606,1.004263405,0.001010606
Freili Encarnacion BOS,R,0.0068,0,-0.236,0.132,-0.0824,0,9.676724138,-0.059,0.059,0.060093496,-0.060093496,0.241402705,1.018533838,0.004392705
Shalin Polanco PIT,L,0.0072,0,-0.236,0.132,-0.0492,0,9.681697613,-0.059,0.059,0.058495073,-0.058495073,0.234979665,0.991441913,-0.002028335
Tyler Rodriguez MIL,R,0.0084,0,-0.236,0.132,-0.0492,0,9.679144385,-0.059,0.059,0.059242685,-0.059242685,0.237955775,1.004113304,0.000974775
Derik Alcantara CHN,L,0.0072,0,-0.236,0.132,0.0164,0,9.663461538,-0.059,0.059,0.057144803,-0.057144803,0.229506122,0.968555991,-0.007450878
Lamar King SDN,R,0.0072,0,-0.236,0.132,0.0824,0,9.72972973,-0.059,0.059,0.059439633,-0.059439633,0.238569531,1.007451409,0.001764531
Alex Hall NA,B,0.0064,0,-0.236,0.132,-0.0492,0,9.683377309,-0.059,0.059,0.0591633,-0.0591633,0.2374143,1.002767793,0.0006553
Erick Torres KCA,R,0.0076,0,-0.236,0.132,-0.0492,0,9.680851064,-0.059,0.059,0.057699945,-0.057699945,0.231517606,0.977965168,-0.005216394
Carlos Rojas NA,R,0.0048,0,-0.236,0.132,0.0824,0,9.76744186,-0.059,0.059,0.059301677,-0.059301677,0.23793642,1.005113169,0.00121042
Geovanny Planchart TOR,R,0.0052,0,-0.236,0.132,0.0824,0,9.761904762,-0.059,0.059,0.059426045,-0.059426045,0.238410242,1.007221102,0.001709242
Maxwell Burt DET,R,0.009090909,0,-0.240909091,0.131818182,0.050227273,0,9.690265487,-0.059132002,0.059132002,0.059052256,-0.059052256,0.236297897,0.998651394,-0.000319103
Yosy Galan NA,R,0.01,0,-0.236,0.132,-0.0492,0,9.675675676,-0.059,0.059,0.058808315,-0.058808315,0.235848255,0.9967511,-0.000768745
Davis Diaz OAK,R,0.006,0,-0.236,0.132,0.0824,0,9.75,-0.059,0.059,0.062227503,-0.062227503,0.249504863,1.054703433,0.012940863
James Parker NA,R,0.0068,0,-0.236,0.132,0.0492,0,9.677419355,-0.059,0.059,0.059122492,-0.059122492,0.237033092,1.00207613,0.000491092
Branden Fryman NA,R,0.0072,0,-0.236,0.132,0.0492,0,9.674796748,-0.059,0.059,0.05933891,-0.05933891,0.237899747,1.005744235,0.001358747
Treylen White WAS,B,0.0052,0,-0.236,0.132,-0.1152,0,9.674502712,-0.059,0.059,0.060559413,-0.060559413,0.242777556,1.026430735,0.006251556
Micah McDowell MIA,L,0.0068,0,-0.236,0.132,-0.0492,0,9.682539683,-0.059,0.059,0.058813222,-0.058813222,0.235763266,0.996834266,-0.000748734
Karell Paz NA,L,0.0084,0,-0.236,0.132,-0.0492,0,9.679144385,-0.059,0.059,0.05891365,-0.05891365,0.236105937,0.998536434,-0.000346063
Ronald Hernandez NYN,B,0.0084,0,-0.236,0.132,0.0824,0,9.705882353,-0.059,0.059,0.059620918,-0.059620918,0.238865651,1.010524038,0.002487651
Cole Turney NA,L,0.0068,0,-0.236,0.132,-0.1152,0,9.689781022,-0.059,0.059,0.058880361,-0.058880361,0.235805867,0.997972224,-0.000479133
Jose Astudillo SFN,R,0.0076,0,-0.236,0.132,-0.0492,0,9.680851064,-0.059,0.059,0.061345275,-0.061345275,0.245660793,1.039750424,0.009391793
Theodore Gillen TBA,L,0.0108,0,-0.236,0.132,0.0164,0,9.696969697,-0.059,0.059,0.064571595,-0.064571595,0.258485567,1.094433814,0.022303567
Ariel Armas CHN,R,0.0072,0,-0.236,0.132,0.0824,0,9.72972973,-0.059,0.059,0.066272008,-0.066272008,0.265280109,1.123254375,0.029109109
Mitchell Daly LAA,R,0.006,0,-0.236,0.132,0.0164,0,9.668246445,-0.059,0.059,#N/A,#N/A,#N/A,#N/A,#N/A
Felnin Celesten SEA,B,0.0076,0,-0.236,0.132,0.0492,0,9.672131148,-0.059,0.059,0.060855767,-0.060855767,0.243579848,1.031453674,0.007427848
Caleb Lomavita WAS,R,0.0056,0,-0.24,0.132,0.0824,0,9.615384615,-0.06,0.059,0.066798,-0.06793017,0.267301822,1.132169498,0.031204822
Luiyin Alastre MIL,B,0.0072,0,-0.24,0.132,-0.0492,0,9.689922481,-0.06,0.059,0.058312822,-0.059301175,0.233289834,0.988352916,-0.002749166
Isaiah Drake ATL,L,0.0124,0,-0.24,0.132,0.0164,0,9.705882353,-0.06,0.059,0.05908112,-0.060082494,0.236353518,1.001374907,0.000324518
Luis Rodriguez LAN,R,0.0068,0,-0.24,0.132,-0.0492,0,9.690721649,-0.06,0.058,0.057956216,-0.059954706,0.235824843,0.999245107,-0.000178157
Matthew Whatley NA,R,0.0028,0,-0.24,0.132,0.0824,0,9.661016949,-0.06,0.058,0.05824924,-0.060257835,0.236990046,1.004297242,0.001014046
Samuel Infante NA,R,0.008,0,-0.24,0.132,0.0164,0,9.675925926,-0.06,0.058,0.057940838,-0.059938798,0.235702329,0.998979961,-0.000240671
John Gil ATL,R,0.0148,0,-0.24,0.132,-0.1152,0,9.68401487,-0.06,0.058,0.061212349,-0.063323119,0.248927403,1.05538532,0.013063403
Brett Roberts NA,R,0.0076,0,-0.24,0.132,-0.1152,0,9.676840215,-0.06,0.058,0.057835828,-0.059830167,0.235094665,0.997169455,-0.000667335
Sandy Leon ATL,B,-0.0112,-0.016,-0.24,0.132,0.082,0.006,9.68,-0.06,0.058,0.05677485,-0.058732603,0.230772144,0.978876718,-0.004979856
Michael Kane NA,R,0.0052,0,-0.24,0.132,-0.0824,0,9.686192469,-0.06,0.058,0.058069895,-0.060072305,0.235948996,1.001205083,0.000283996
Joseph Vetrano LAN,L,0.0084,0,-0.24,0.132,-0.0824,0,9.680851064,-0.06,0.058,0.065410015,-0.067665533,0.265710142,1.12775888,0.030101142
Kenni Gomez HOU,L,0.01,0,-0.24,0.132,0.0164,0,9.668246445,-0.06,0.058,0.057154322,-0.059125161,0.232097791,0.985419353,-0.003434209
Joshua Rivera TOR,R,0.005252525,0,-0.243434343,0.132323232,0.05,0,9.684763573,-0.060011217,0.058019143,0.058990963,-0.061016404,0.239468009,1.016749995,0.003945009
Anderdson Rojas ARI,L,0.0088,0,-0.24,0.132,0.0492,0,9.689922481,-0.06,0.058,0.063830281,-0.066031326,0.259105821,1.100522093,0.023666821
Nick Biddison PHI,R,0.0096,0,-0.24,0.132,0.0164,0,9.669811321,-0.06,0.058,0.057194297,-0.059166514,0.232160525,0.986108563,-0.003270475
Arol Vera LAA,B,0.005098039,0,-0.241176471,0.131372549,0.016470588,0,9.677419355,-0.059857065,0.057910493,0.058144395,-0.060098828,0.236317651,1.004039016,0.000950651
Yasmil Bucce BAL,L,0.0048,0,-0.24,0.132,0.0824,0,9.62962963,-0.06,0.058,0.05785572,-0.059850745,0.234688737,0.99751242,-0.000585263
Juan Corniel NA,B,0.0064,0,-0.24,0.132,0.0492,0,9.703703704,-0.06,0.058,0.058147876,-0.060152975,0.235798661,1.00254959,0.000599661
Jeffry Parra NA,R,0.0068,0,-0.24,0.132,0.0824,0,9.591836735,-0.06,0.058,0.058078425,-0.060081129,0.235470964,1.001352158,0.000317964
Lonnie White PIT,R,0.01,0,-0.24,0.132,0.0164,0,9.668246445,-0.06,0.058,0.061076824,-0.063182922,0.247577014,1.053048697,0.012472014
Michael Peabody NA,L,0.0072,0,-0.24,0.132,-0.0492,0,9.689922481,-0.06,0.058,0.058099595,-0.060103029,0.235484671,1.001717157,0.000403671
Ryan McCrystal CIN,L,0.0052,0,-0.24,0.132,0.0824,0,9.622641509,-0.06,0.058,0.059631768,-0.061688036,0.241634094,1.028133936,0.006612094
Roynier Hernandez COL,L,0.006,0,-0.24,0.132,0.0164,0,9.683257919,-0.06,0.058,0.060260456,-0.062338403,0.244059002,1.038973376,0.009155002
Raudelis Martinez BOS,L,0.0056,0,-0.24,0.132,-0.0824,0,9.685534591,-0.06,0.058,0.056559101,-0.058509415,0.229066311,0.975156921,-0.005835689
Samuel Stafura PIT,R,0.0092,0,-0.244,0.132,0.0492,0,9.710144928,-0.061,0.057,0.056427608,-0.06038744,0.232413437,0.989958031,-0.002357563
Jay Beshears MIA,R,0.006,0,-0.244,0.132,-0.0824,0,9.691358025,-0.061,0.057,0.061349009,-0.065654202,0.252659972,1.076298395,0.017910972
Rayne Doncon MIN,R,0.0056,0,-0.244,0.132,0.0164,0,9.698275862,-0.061,0.057,0.05690295,-0.060896139,0.234304385,0.998297366,-0.000399615
Robert Richardson SLN,R,0.0092,0,-0.244,0.132,0.0164,0,9.686098655,-0.061,0.057,0.056181884,-0.060124472,0.231307715,0.985647084,-0.003368285
Kyle Dernedde CLE,R,0.006,0,-0.244,0.132,0.0164,0,9.696969697,-0.061,0.057,0.057123472,-0.061132136,0.235116201,1.002166171,0.000508201
Gleider Figuereo TEX,L,0.0052,0,-0.244,0.132,-0.1152,0,9.685863874,-0.061,0.057,0.055984364,-0.059913091,0.230293153,0.982181818,-0.004177847
Ambioris Tavarez ATL,R,0.0084,0,-0.244,0.132,0.0164,0,9.688888889,-0.061,0.057,0.057719064,-0.061769524,0.237407623,1.012615155,0.002957623
Walker Janek HOU,R,0.0104,0,-0.244,0.132,0.0824,0,9.6,-0.061,0.057,0.060467026,-0.064710326,0.248706181,1.060825013,0.014260181
Yonatan Henriquez NYN,B,0.0096,0,-0.244,0.132,-0.0492,0,9.693094629,-0.061,0.057,0.056006298,-0.059936565,0.23032934,0.982566634,-0.00408666
Elijah Snell CHN,L,0.0112,0,-0.244,0.132,-0.0492,0,9.689922481,-0.061,0.057,0.055451085,-0.059342389,0.228022645,0.972826056,-0.006369355
Skyler Messinger COL,R,0.0068,0,-0.244,0.132,0.0164,0,9.694323144,-0.061,0.057,0.057091278,-0.061097683,0.234703244,1.001601362,0.000375244
Blake Mitchell KCA,L,0.008,0,-0.244,0.132,0.0824,0,9.642857143,-0.061,0.057,0.05999385,-0.064203944,0.24659893,1.052523678,0.01230593
Kodey Shojinaga PHI,R,0.0052,0,-0.244,0.132,0.0824,0,9.682539683,-0.061,0.057,0.058526149,-0.062633248,0.240559929,1.02677455,0.006272929
Ramon Ramirez KCA,R,0.006,0,-0.244,0.132,-0.1152,0,9.684763573,-0.061,0.057,0.060138978,-0.064359257,0.247056198,1.055069794,0.012895198
Carlos Aguiar NA,L,0.0064,0,-0.244,0.132,-0.0492,0,9.675,-0.061,0.057,0.057105023,-0.061112393,0.234561386,1.001842506,0.000431386
Arnaldo Lantigua CIN,R,0.006,0,-0.244,0.132,-0.0492,0,9.675810474,-0.061,0.057,0.055360876,-0.05924585,0.227247654,0.971243435,-0.006728346
Michael Curialle NA,R,0.006,0,-0.244,0.132,0.0164,0,9.696969697,-0.061,0.057,0.056841574,-0.060830456,0.23330973,0.997220593,-0.00065027
Roismar Quintana NA,R,0.0052,0,-0.244,0.132,-0.0824,0,9.692622951,-0.061,0.057,0.056946804,-0.060943071,0.233731662,0.999066732,-0.000218338
Ghordy Santos NA,B,0.0072,0,-0.244,0.132,0.0164,0,9.692982456,-0.061,0.057,0.057087833,-0.061093997,0.234257419,1.00154093,0.000360419
Carlos Dominguez NA,R,0.0068,0,-0.244,0.132,-0.0492,0,9.674185464,-0.061,0.057,0.057108885,-0.061116527,0.234307738,1.001910271,0.000446738
Kyle Hess MIN,L,0.0068,0,-0.244,0.132,-0.0492,0,9.674185464,-0.061,0.057,0.05687259,-0.060863649,0.233278393,0.997764736,-0.000522607
Quincy Scott TEX,R,0.008,0,-0.244,0.132,-0.0492,0,9.671717172,-0.061,0.057,0.057935026,-0.062000642,0.237498033,1.016403967,0.003833033
Matthew Ellis SEA,L,0.0052,0,-0.244,0.132,0.0824,0,9.682539683,-0.061,0.057,0.058318396,-0.062410915,0.239045057,1.023129746,0.005404057
Capri Ortiz LAA,B,0.01,0,-0.248,0.132,0.0492,0,9.659863946,-0.062,0.057,0.056943478,-0.061938519,0.233374351,0.999008377,-0.000231649
Joseph Olsavsky ATL,R,0.006,0,-0.248,0.132,-0.0824,0,9.67806841,-0.062,0.057,0.056057763,-0.06097511,0.229717827,0.98346952,-0.003861173
Jason Matthews CHA,R,0.004285714,0,-0.249206349,0.131746032,0.016666667,0,9.681528662,-0.061664902,0.056558891,0.055840655,-0.060881825,0.230581208,0.987301091,-0.002965792
Kyle Lodise CHA,R,0.0088,0,-0.248,0.132,0.0164,0,9.700854701,-0.062,0.056,0.057339774,-0.063483321,0.239088426,1.023924532,0.005586426
Hak-Ju Lee NA,L,-0.006,0,-0.248,0.132,0.0492,0,9.680851064,-0.062,0.056,0.056228684,-0.062253186,0.234455538,1.00408364,0.000953538
Tyler Duvall NA,L,0.0076,0,-0.248,0.132,0.0824,0,9.701492537,-0.062,0.056,0.056251876,-0.062278863,0.234547221,1.004497792,0.001050221
Peyton Stovall CIN,L,0.0076,0,-0.248,0.132,0.0164,0,9.663865546,-0.062,0.056,0.05528177,-0.061204816,0.230494377,0.987174458,-0.002994623
Yhoswar Garcia NA,R,0.0288,0,-0.248,0.132,-0.0492,0,9.6875,-0.062,0.056,0.056065814,-0.062072865,0.233711345,1.001175242,0.000274345
Brayden Jobert NA,L,0.0068,0,-0.248,0.132,-0.0824,0,9.676767677,-0.062,0.056,0.055672312,-0.061637203,0.232067052,0.994148437,-0.001365948
Jose Meza LAN,R,0.0076,0,-0.248,0.132,-0.0824,0,9.675456389,-0.062,0.056,0.05895146,-0.065267687,0.245716,1.052704636,0.012302
Cam Gallagher NA,R,0.0032,-0.008,-0.248,0.132,0.0824,0.0335,9.666666667,-0.062,0.056,0.056227241,-0.062251588,0.234346102,1.004057867,0.000947102
Yerlin Confidan CIN,L,0.0064,0,-0.248,0.132,-0.0492,0,9.682926829,-0.062,0.056,0.056160157,-0.062177316,0.233830835,1.00285994,0.000666835
Alec Makarewicz CHA,B,0.006,0,-0.248,0.132,-0.0824,0,9.67806841,-0.062,0.056,0.064444548,-0.071349321,0.26830797,1.150795496,0.03515797
Wady Mendez TEX,L,0.0092,0,-0.248,0.132,-0.1152,0,9.685863874,-0.062,0.056,0.054996804,-0.060889319,0.22896741,0.982085792,-0.00417659
Carter Graham CIN,R,0.0064,0,-0.248,0.132,0.0164,0,9.668049793,-0.062,0.056,0.05667085,-0.062742727,0.2359167,1.011979462,0.0027927
Miguel Villarroel SLN,R,0.0124,0,-0.248,0.132,0.0492,0,9.714285714,-0.062,0.056,0.056396521,-0.062439005,0.234727356,1.007080733,0.001650356
William Bartlett NA,R,0.0068,0,-0.248,0.132,-0.0824,0,9.676767677,-0.062,0.056,0.056324428,-0.062359188,0.23438405,1.005793361,0.00135005
Thomas Francisco NA,L,0.0068,0,-0.248,0.132,-0.0824,0,9.676767677,-0.062,0.056,0.056267654,-0.062296332,0.234141767,1.004779542,0.001113767
Connor Burns CIN,R,0.0048,0,-0.248,0.132,0.0824,0,9.72972973,-0.062,0.056,0.056073901,-0.062081819,0.233333516,1.001319664,0.000307516
Derlin Figueroa KCA,L,0.008,0,-0.248,0.132,0.0164,0,9.703389831,-0.062,0.056,0.056748447,-0.062828638,0.236094821,1.013365128,0.003113821
Francisco Hernandez NA,R,0.0076,0,-0.248,0.132,0.0164,0,9.663865546,-0.062,0.056,0.056223331,-0.062247259,0.233898093,1.003988054,0.000929093
Randy De Jesus LAA,R,0.0048,0,-0.248,0.132,-0.0492,0,9.685990338,-0.062,0.056,0.055898623,-0.061887761,0.232496347,0.998189693,-0.000421653
Brian Sanchez PIT,L,0.0096,0,-0.248,0.132,-0.0492,0,9.676616915,-0.062,0.056,0.054548471,-0.06039295,0.226823257,0.974079838,-0.006035743
Calvin Conley ATL,B,0.01044843,0,-0.252017937,0.131838565,0.016681614,0,9.682687369,-0.062145895,0.055953422,0.057086311,-0.063404163,0.237572677,1.020247005,0.004714677
Shane Muntz NA,R,0.0068,0,-0.248,0.132,-0.0824,0,9.676767677,-0.062,0.056,0.055846127,-0.061829641,0.232192242,0.997252276,-0.000639758
Chase Jaworsky MIA,L,0.0136,0,-0.248,0.132,0.0492,0,9.708029197,-0.062,0.056,0.053156082,-0.058851376,0.22098312,0.949215742,-0.01182288
Wade Stauss NA,L,0.006,0,-0.248,0.132,0.0824,0,9.718309859,-0.062,0.056,0.056347873,-0.062385145,0.234179748,1.006212019,0.001445748
Isaac De Leon NA,R,0.008,0,-0.248,0.132,-0.0824,0,9.674796748,-0.062,0.056,0.055908722,-0.061898942,0.232295746,0.998370027,-0.000379254
Yassel Pino NA,R,0.0064,0,-0.248,0.132,-0.0824,0,9.677419355,-0.062,0.056,0.055931996,-0.06192471,0.232372473,0.99878564,-0.000282527
Cristian Arguelles COL,L,0.0056,0,-0.248,0.132,0.0164,0,9.670781893,-0.062,0.056,0.056029124,-0.062032244,0.232646929,1.000520067,0.000120929
Jared Sprague-Lott OAK,R,0.0064,0,-0.248,0.132,-0.0824,0,9.677419355,-0.062,0.056,0.058060027,-0.064280745,0.241033093,1.036786202,0.008552093
Ethan Frey HOU,R,0.0084,0,-0.248,0.132,0.0164,0,9.70212766,-0.062,0.056,0.057134934,-0.063256534,0.237159969,1.020266678,0.004710969
Jose Devers CLE,R,0.0072,0,-0.248,0.132,0.0164,0,9.665271967,-0.062,0.056,0.058740929,-0.0650346,0.243821009,1.048945161,0.011377009
Peter Burns LAA,L,0.006,0,-0.248,0.132,0.0824,0,9.718309859,-0.062,0.056,0.055419875,-0.061357718,0.23001821,0.989640617,-0.00240779
Yeison Morrobel TEX,L,0.006,0,-0.248,0.132,-0.0492,0,9.683698297,-0.062,0.056,0.056706718,-0.062782438,0.235333894,1.012619972,0.002932894
Kendall Toman TOR,B,0.0052,0,-0.252,0.132,-0.1152,0,9.68013468,-0.063,0.056,0.05680367,-0.063904129,0.235665241,1.014351253,0.003334241
Camryn Williams NA,B,0.0064,0,-0.252,0.132,-0.1152,0,9.678510998,-0.063,0.056,0.056326117,-0.063366881,0.233668895,1.005823512,0.001352895
Alex McCoy SDN,R,0.008,0,-0.252,0.132,-0.0492,0,9.6875,-0.063,0.055,0.061965595,-0.070978773,0.261697609,1.126647189,0.029417609
Anthony Donofrio SEA,L,0.0068,0,-0.252,0.132,-0.0492,0,9.68973747,-0.063,0.055,0.05431978,-0.062220839,0.229367742,0.987632372,-0.002872258
Roldy Brito COL,B,0.01,0,-0.252,0.132,0.0164,0,9.669421488,-0.063,0.055,0.056369943,-0.064569207,0.238024646,1.024908052,0.005784646
Kai Roberts SDN,L,0.012,0,-0.252,0.132,0.0164,0,9.703389831,-0.063,0.055,0.059203373,-0.067814773,0.249943723,1.076424961,0.017745723
Osiris Johnson NA,R,0.0092,0,-0.252,0.132,0.0164,0,9.672131148,-0.063,0.055,0.055053644,-0.063061447,0.232414465,1.000975352,0.000226465
Osvaldo Tovalin NA,L,0.0064,0,-0.252,0.132,-0.0824,0,9.683794466,-0.063,0.055,0.055074648,-0.063085506,0.23249312,1.001357235,0.00031512
Leandro Emiliani NA,L,0.0068,0,-0.252,0.132,-0.0824,0,9.683168317,-0.063,0.055,0.054850115,-0.062828314,0.231421612,0.997274824,-0.000632388
Rosman Verdugo SDN,R,0.0052,0,-0.252,0.132,0.0164,0,9.68503937,-0.063,0.055,0.055992248,-0.064136575,0.236237401,1.018040866,0.004186401
Andruw Musett BOS,R,0.0048,0,-0.252,0.132,0.0824,0,9.647058824,-0.063,0.055,0.054799303,-0.062770111,0.231196268,0.996350969,-0.000846732
Joshwan Wright NA,R,0.0068,0,-0.252,0.132,0.0164,0,9.68,-0.063,0.055,0.054974348,-0.062970617,0.231908788,0.999533603,-0.000108212
Hayden Alvarez LAA,R,0.0108,0,-0.252,0.132,0.0164,0,9.666666667,-0.063,0.055,0.05507097,-0.063081293,0.232299366,1.001290371,0.000299366
Troy Schreffler NA,R,0.01,0,-0.252,0.132,-0.0492,0,9.683698297,-0.063,0.055,0.054816923,-0.062790294,0.231215788,0.996671328,-0.000772212
John Faile CIN,R,0.0048,0,-0.252,0.132,-0.0824,0,9.68627451,-0.063,0.055,0.055991803,-0.064136065,0.236159172,1.018032779,0.004183172
Jose Cerice KCA,R,0.006,0,-0.252,0.132,0.0164,0,9.682539683,-0.063,0.055,0.058828766,-0.067385677,0.248078766,1.069613923,0.016145766
Jaden Rudd NA,L,0.0076,0,-0.252,0.132,0.0164,0,9.677419355,-0.063,0.055,0.055129099,-0.063147877,0.23246638,1.002347255,0.00054438
Luis Valdez NA,B,0.0244,0,-0.252,0.132,-0.0492,0,9.679144385,-0.063,0.055,0.054939265,-0.062930431,0.231606962,0.998895736,-0.000256038
Echedry Vargas MIA,R,0.008,0,-0.252,0.132,0.0164,0,9.67611336,-0.063,0.055,0.054279699,-0.062174928,0.228746494,0.986903616,-0.003035506
Welbyn Francisca CLE,B,0.0124,0,-0.252,0.132,0.0492,0,9.668874172,-0.063,0.055,0.05510137,-0.063116115,0.232183149,1.001843098,0.000427149
Ryan Wilson NA,R,0.0056,0,-0.252,0.132,-0.0492,0,9.691943128,-0.063,0.055,0.055093829,-0.063107476,0.232137346,1.001705975,0.000395346
Esmil Valencia MIA,R,0.0168,0,-0.252,0.132,-0.0492,0,9.694656489,-0.063,0.055,0.054963017,-0.062957638,0.231477246,0.999327583,-0.000155754
Yassel Soler ARI,R,0.0052,0,-0.252,0.132,0.0164,0,9.68503937,-0.063,0.055,0.056356427,-0.064553726,0.237301545,1.024662313,0.005711545
Brock Vradenburg PHI,L,0.0076,0,-0.252,0.132,-0.0824,0,9.681908549,-0.063,0.055,0.054019887,-0.061877325,0.227462028,0.982179758,-0.004126972
Gilberto Jimenez NA,B,0.0072,0,-0.252,0.132,0.0164,0,9.678714859,-0.063,0.055,0.054978494,-0.062975366,0.23140948,0.999608985,-9.05E-05
Spencer Bramwell MIA,R,0.0072,0,-0.252,0.132,0.0824,0,9.743589744,-0.063,0.055,0.054456333,-0.062377255,0.229163142,0.990115152,-0.002287858
Harold Coll LAA,R,0.008,0,-0.252,0.132,-0.1152,0,9.676320273,-0.063,0.055,0.062938983,-0.072093744,0.264819775,1.14434514,0.033403775
Wilder Dalis COL,B,0.0076,0,-0.252,0.132,0.0164,0,9.677419355,-0.063,0.055,0.054063826,-0.061927655,0.22747404,0.982978657,-0.00393896
Joshua Kross SLN,B,0.0048,0,-0.252,0.132,-0.0824,0,9.68627451,-0.063,0.055,0.055049127,-0.063056273,0.231589677,1.000893225,0.000206677
Jose Colmenares PHI,R,0.0088,0,-0.252,0.132,0.0164,0,9.673469388,-0.063,0.055,0.056863163,-0.065134168,0.239197479,1.033875687,0.007837479
Lyle Miller-Green CHA,R,0.006,0,-0.252,0.132,-0.0824,0,9.684418146,-0.063,0.055,0.055158587,-0.063181654,0.231996012,1.002883391,0.000667012
Aiden Taurek SEA,R,0.0076,0,-0.252,0.132,-0.0492,0,9.6882494,-0.063,0.055,0.055097393,-0.063111559,0.23168654,1.001770777,0.00040954
Daniel Vazquez KCA,R,0.0088,0,-0.252,0.132,0.0492,0,9.6875,-0.063,0.055,0.059897721,-0.068610117,0.251862294,1.089049475,0.020594294
Jhonny Level SFN,B,0.0076,0,-0.252,0.132,0.0492,0,9.693251534,-0.063,0.055,0.057402039,-0.065751427,0.24136305,1.043673437,0.01010005
Ricardo Cova SEA,R,0.0092,0,-0.252,0.132,-0.0492,0,9.685230024,-0.063,0.055,0.056865478,-0.06513682,0.239104861,1.033917786,0.007843861
Mario Gomez NA,L,0.0056,0,-0.252,0.132,0.0824,0,9.638554217,-0.063,0.055,0.054998275,-0.062998024,0.231207749,0.99996864,-7.25E-06
Jose Escobar CHN,L,0.0064,0,-0.252,0.132,-0.0492,0,9.69047619,-0.063,0.055,0.056270516,-0.064455319,0.236552043,1.023100298,0.005341043
Christian Olivo CHN,R,0.0096,0,-0.256,0.132,0.0164,0,9.683794466,-0.064,0.055,0.055412191,-0.064479641,0.232842028,1.007494388,0.001732028
Gabriel Moncada NA,L,0.0052,0,-0.256,0.132,-0.0824,0,9.691714836,-0.064,0.054,0.054126892,-0.064150391,0.231555848,1.002349859,0.000542848
Jack Reinheimer NA,R,0.004,0,-0.256,0.132,0.0492,0,9.672131148,-0.064,0.054,0.054271994,-0.064322363,0.232164535,1.005036926,0.001163535
Boston Baro NYN,L,0.0096,0,-0.256,0.132,0.0492,0,9.702380952,-0.064,0.054,0.054102952,-0.064122018,0.231407345,1.001906528,0.000440345
Luis Durango NYA,L,0.0152,0,-0.256,0.132,-0.0492,0,9.681372549,-0.064,0.054,0.054448389,-0.064531424,0.232868702,1.008303502,0.001917702
Leandro Arias BAL,B,0.006,0,-0.256,0.132,0.0492,0,9.662921348,-0.064,0.054,0.054345441,-0.064409412,0.232401234,1.006397057,0.001477234
Dervy Ventura SEA,B,0.01,0,-0.256,0.132,0.0164,0,9.682539683,-0.064,0.054,0.052486818,-0.062206599,0.22444238,0.971978104,-0.00647062
Torriano McCants CHA,L,0.01,0,-0.256,0.132,-0.0492,0,9.691211401,-0.064,0.054,0.052333433,-0.062024809,0.223781635,0.969137644,-0.007126365
Cameron Decker LAN,R,0.006,0,-0.256,0.132,-0.0824,0,9.690522244,-0.064,0.054,0.05263968,-0.062387769,0.225059977,0.974808889,-0.005816023
Ricardo Cabrera CIN,R,0.0072,0,-0.256,0.132,0.0164,0,9.691119691,-0.064,0.054,0.05421145,-0.064250608,0.231738891,1.003915745,0.000903891
Jeremiah Jenkins SFN,L,0.0052,0,-0.256,0.132,-0.0824,0,9.691714836,-0.064,0.054,0.054046195,-0.06405475,0.230983429,1.000855464,0.000197429
Luis Castillo MIL,L,0.0052,0,-0.256,0.132,-0.0492,0,9.677419355,-0.064,0.054,0.053479767,-0.063383428,0.228536873,0.990366064,-0.002223127
Samuel Gil DET,R,0.0064,0,-0.256,0.132,0.0164,0,9.69348659,-0.064,0.054,0.055036078,-0.065227945,0.235117184,1.019186635,0.004426184
Luke Brown NA,L,0.0076,0,-0.256,0.132,-0.0492,0,9.672897196,-0.064,0.054,0.053845928,-0.063817396,0.230000888,0.997146818,-0.000658112
Owen Carey ATL,L,0.0072,0,-0.256,0.132,-0.0492,0,9.673659674,-0.064,0.054,0.057174385,-0.067762234,0.244215092,1.058784909,0.013559092
Caberea Weaver NA,R,0.0076,0,-0.256,0.132,-0.0492,0,9.672897196,-0.064,0.054,0.05384006,-0.063810441,0.22996286,0.997038145,-0.00068314
Casey Saucke CHA,R,0.0072,0,-0.256,0.132,-0.1152,0,9.682804674,-0.064,0.054,#N/A,#N/A,#N/A,#N/A,#N/A
Esteban Mejia TEX,R,0.0076,0,-0.256,0.132,0.0164,0,9.689922481,-0.064,0.054,0.054052575,-0.064062311,0.230822514,1.000973616,0.000224514
Eric Bitonti MIL,L,0.0068,0,-0.256,0.132,-0.0824,0,9.689320388,-0.064,0.054,0.056064674,-0.06644702,0.239307906,1.038234695,0.008812906
Jose Perez TBA,B,0.0056,0,-0.256,0.132,0.0164,0,9.69581749,-0.064,0.054,0.053537611,-0.063451984,0.228493568,0.991437247,-0.001973432
Victor Acosta CIN,B,0.0072,0,-0.256,0.132,0.0164,0,9.691119691,-0.064,0.054,0.0540558,-0.064066133,0.230700142,1.001033324,0.000238142
Kehden Hettiger PHI,L,0.0048,0,-0.256,0.132,0.0824,0,9.684210526,-0.064,0.054,0.060306529,-0.071474405,0.257300039,1.116787572,0.026907039
Rodney Green Jr. OAK,L,0.0076,0,-0.256,0.132,0.0164,0,9.689922481,-0.064,0.054,0.054900076,-0.065066756,0.234069522,1.016668065,0.003837522
Engelth Urena NYA,R,0.0056,0,-0.256,0.132,0.0824,0,9.677419355,-0.064,0.054,0.052854159,-0.062641966,0.225333918,0.978780717,-0.004885082
Ronny Hernandez BOS,L,0.0048,0,-0.256,0.132,0.0824,0,9.684210526,-0.064,0.054,0.054125859,-0.064149166,0.230678396,1.002330718,0.000536396
Eduarqui Fernandez NA,R,0.0084,0,-0.256,0.132,-0.0492,0,9.694117647,-0.064,0.054,0.05384601,-0.063817493,0.229430869,0.997148335,-0.000656131
Jeffrey Mercedes CLE,B,0.006,0,-0.256,0.132,0.0164,0,9.694656489,-0.064,0.054,0.051811622,-0.061406367,0.220714631,0.95947448,-0.009322369
Cesar Quintas SEA,R,0.006,0,-0.256,0.132,-0.0492,0,9.675925926,-0.064,0.054,0.055406717,-0.06566722,0.235944372,1.026050306,0.005990372
Enmanuel Terrero NA,L,0.0084,0,-0.256,0.132,-0.0492,0,9.694117647,-0.064,0.054,0.053987665,-0.063985381,0.229880479,0.999771581,-5.25E-05
Michael Jarvis PIT,R,0.0168,0,-0.256,0.132,0.0164,0,9.700854701,-0.064,0.054,0.053259904,-0.063122849,0.226763903,0.986294513,-0.003151097
Jaime Ferrer MIN,R,0.0056,0,-0.26,0.132,-0.0824,0,9.678638941,-0.065,0.054,0.057497179,-0.069209568,0.244707995,1.064762579,0.014883995
Yiddi Cappe MIA,R,0.0116,0,-0.26,0.132,0.0164,0,9.689922481,-0.065,0.054,0.054107386,-0.065129261,0.230265004,1.001988634,0.000457004
Colin Summerhill LAA,R,0.0052,0,-0.26,0.132,-0.0824,0,9.679245283,-0.065,0.053,0.052710215,-0.064644603,0.228457011,0.994532356,-0.001255989
Pedro Pineda OAK,R,0.0064,0,-0.26,0.132,0.0164,0,9.669117647,-0.065,0.053,0.05164599,-0.063339421,0.223842489,0.974452634,-0.005868511
Ty Southisene CHN,R,0.0116,0,-0.26,0.132,0.0492,0,9.710982659,-0.065,0.053,0.054119003,-0.066372362,0.234480281,1.021113264,0.004848281
Jesus Castillo PIT,R,0.008,0,-0.26,0.132,0.0164,0,9.700374532,-0.065,0.053,0.058921039,-0.072261652,0.255244829,1.111717716,0.025649829
Jorge Puerta NA,R,0.0064,0,-0.26,0.132,0.0824,0,9.702970297,-0.065,0.053,0.052875878,-0.064847775,0.229055311,0.997658078,-0.000537689
Jhon Diaz TBA,L,0.0084,0,-0.26,0.132,-0.0492,0,9.678899083,-0.065,0.053,0.058754883,-0.072057876,0.254496223,1.108582705,0.024927223
Noelberth Romero NA,R,0.006666667,0,-0.266666667,0.133333333,-0.050666667,0,9.690346084,-0.064980762,0.053609129,0.053864341,-0.065290111,0.230590552,1.004760617,0.001092552
Juan Alonso NA,R,0.006,0,-0.26,0.132,-0.0492,0,9.683257919,-0.065,0.053,0.052897243,-0.064873977,0.229012125,0.998061184,-0.000444875
Miguel Rodriguez BAL,R,0.0064,0,-0.26,0.132,0.0824,0,9.702970297,-0.065,0.053,0.053027922,-0.065034244,0.22953186,1.000526827,0.00012086
Luis Sanchez ATL,R,0.0068,0,-0.26,0.132,0.0164,0,9.667896679,-0.065,0.053,0.053215039,-0.065263727,0.230314687,1.004057332,0.000930687
Esmith Pineda CIN,R,0.0052,0,-0.26,0.132,-0.0492,0,9.684684685,-0.065,0.053,0.054618112,-0.066984477,0.236374822,1.030530413,0.007002822
Cody Schrier MIA,R,0.01,0,-0.26,0.132,-0.0824,0,9.690522244,-0.065,0.053,0.052295308,-0.064135755,0.226312385,0.986703922,-0.003049615
Ernny Ordonez NA,R,0.0068,0,-0.26,0.132,-0.0824,0,9.676806084,-0.065,0.053,0.053201295,-0.065246871,0.230203007,1.003798018,0.000871007
Gerardo Rodriguez BOS,R,0.006,0,-0.26,0.132,0.0824,0,9.705882353,-0.065,0.053,0.05558235,-0.068167033,0.240482805,1.048723584,0.011172805
Zachary Daudet HOU,R,0.0084,0,-0.26,0.132,-0.0824,0,9.674329502,-0.065,0.053,0.056173993,-0.068892633,0.243010813,1.059886658,0.013730813
Yordys Valdes NA,B,0.010090909,0,-0.262727273,0.131818182,0.049909091,0,9.677419355,-0.064904526,0.05300162,0.053217231,-0.065168558,0.230196649,1.004068013,0.000932649
Caleb Bartolero LAA,R,0.0056,0,-0.26,0.132,0.0164,0,9.671532847,-0.065,0.053,0.055280307,-0.067796603,0.239068555,1.043024668,0.009861555
Werner Blakely NA,L,0.0084,0,-0.26,0.132,0.0164,0,9.69924812,-0.065,0.053,0.052988319,-0.064985674,0.229107494,0.999779602,-5.05E-05
Kadon Morton NA,R,0.008,0,-0.26,0.132,-0.0264,0,9.682539683,-0.065,0.053,0.053047837,-0.065058669,0.229317794,1.000902593,0.000206794
Abrahan Ramirez MIA,L,0.0068,0,-0.26,0.132,-0.1152,0,9.68852459,-0.065,0.053,0.05303858,-0.065047315,0.229265765,1.000727917,0.000166765
Jacob Steels ATL,R,0.006,0,-0.26,0.132,-0.0492,0,9.683257919,-0.065,0.053,0.053546942,-0.065670778,0.231382398,1.010319659,0.002363398
Jackson Feltner NA,R,0.0052,0,-0.26,0.132,-0.0824,0,9.679245283,-0.065,0.053,0.053179239,-0.065219822,0.229778462,1.003381871,0.000774462
Bryce Madron NA,L,0.0068,0,-0.26,0.132,-0.0492,0,9.681818182,-0.065,0.053,0.052906138,-0.064884886,0.228597438,0.99822901,-0.000405562
Ching-Hsien Ko LAN,L,0.0056,0,-0.26,0.132,-0.0492,0,9.683972912,-0.065,0.053,0.054295061,-0.066588282,0.234577201,1.024435113,0.005595201
Walter Ahuna SFN,L,0.0072,0,-0.26,0.132,0.0492,0,9.675675676,-0.065,0.053,0.059724951,-0.073247582,0.257873183,1.126885875,0.029036183
Brandon Compton MIA,L,0.0084,0,-0.26,0.132,-0.0492,0,9.678899083,-0.065,0.053,0.055083486,-0.067555218,0.237801643,1.039311048,0.008994643
Jose Ramos SFN,R,0.0104,0,-0.26,0.132,0.0164,0,9.69348659,-0.065,0.053,0.053053299,-0.065065366,0.229028087,1.001005634,0.000230087
John Taylor TEX,L,0.0072,0,-0.26,0.132,0.0164,0,9.666666667,-0.065,0.053,0.063836251,-0.078289742,0.275511237,1.204457566,0.046768237
Jake Anchia NA,R,0.0056,0,-0.26,0.132,0.0824,0,9.708737864,-0.065,0.053,0.053088052,-0.065107988,0.229032875,1.00166136,0.000379875
Jesus Bugarin NA,R,0.0068,0,-0.264,0.132,-0.0492,0,9.688888889,-0.066,0.053,0.052704238,-0.065631693,0.22733824,0.994419589,-0.00127576
Matthew Halbach CHN,R,0.0052,0,-0.264,0.132,-0.0824,0,9.685185185,-0.066,0.053,0.056002217,-0.06973861,0.241528053,1.056645608,0.012948053
Wooyeoul Shin NA,R,0.0084,0,-0.264,0.132,-0.0492,0,9.686098655,-0.066,0.052,0.051761,-0.065696654,0.227499548,0.995403842,-0.001050452
Dereck Salom OAK,R,0.006,0,-0.264,0.132,0.0164,0,9.681978799,-0.066,0.052,0.052390917,-0.066496163,0.230151282,1.007517629,0.001717282
Benjamin Hartl TEX,R,0.0056,0,-0.264,0.132,0.0824,0,9.649122807,-0.066,0.052,0.051594888,-0.065485819,0.226654358,0.992209382,-0.001779642
Channy Ortiz NA,B,0.0072,0,-0.264,0.132,0.0492,0,9.692307692,-0.066,0.052,0.052134986,-0.066171328,0.228938758,1.002595876,0.000592758
Edward Howard CHN,R,0.0068,0,-0.264,0.132,0.0164,0,9.679715302,-0.066,0.052,0.051359995,-0.065187686,0.225533592,0.987692219,-0.002810408
Christopher Pittaro OAK,L,0.0052,0,-0.264,0.132,-0.0824,0,9.685185185,-0.066,0.052,0.051825356,-0.065778336,0.227543212,0.996641461,-0.000766788
Luis Marquez TEX,R,0.006,0,-0.264,0.132,0.0164,0,9.681978799,-0.066,0.052,0.051314618,-0.065130092,0.225284003,0.986819583,-0.003008997
Asbel Gonzalez KCA,R,0.0164,0,-0.264,0.132,0.0164,0,9.6875,-0.066,0.052,0.054390145,-0.069033645,0.238775874,1.045964325,0.010492874
Ely Brown CHA,L,0.0092,0,-0.264,0.132,-0.0492,0,9.684684685,-0.066,0.052,0.055896903,-0.070946069,0.245377728,1.074940435,0.017106728
Jace Grady NA,B,0.0072,0,-0.264,0.132,-0.0492,0,9.688195991,-0.066,0.052,0.051712225,-0.065634747,0.226830702,0.994465863,-0.001262298
Daiverson Gutierrez NYN,R,0.0052,0,-0.264,0.132,0.0824,0,9.652173913,-0.066,0.052,0.053539259,-0.067953674,0.234817011,1.029601129,0.006751011
Mason Guerra ATL,R,0.0048,0,-0.264,0.132,-0.0824,0,9.685767098,-0.066,0.052,0.053446578,-0.067836041,0.234316991,1.0278188,0.006341991
Carter Young BAL,L,0.0064,0,-0.264,0.132,0.0492,0,9.695431472,-0.066,0.052,0.052583242,-0.066740269,0.230528978,1.011216193,0.002556978
Anthony Hall NA,L,0.0068,0,-0.264,0.132,-0.0492,0,9.688888889,-0.066,0.052,0.051997039,-0.065996242,0.227941021,0.999943063,-1.30E-05
Kenny Castillo ARI,R,0.0048,0,-0.264,0.132,0.0824,0,9.655172414,-0.066,0.052,0.052150679,-0.066191247,0.228541326,1.002897679,0.000660326
Narciso Polanco TBA,L,0.0096,0,-0.264,0.132,0.0164,0,9.671532847,-0.066,0.052,0.053266652,-0.067607674,0.233414469,1.024358692,0.005550469
Jared Dupere NA,L,0.0072,0,-0.264,0.132,0.0164,0,9.678571429,-0.066,0.052,0.051852486,-0.065812771,0.227006196,0.997163196,-0.000645804
Dominic Johnson NA,R,0.0096,0,-0.264,0.132,-0.0492,0,9.683972912,-0.066,0.052,0.052045328,-0.066057532,0.227803401,1.00087169,0.000198401
Samuel Shaw TOR,L,0.0064,0,-0.264,0.132,0.0164,0,9.680851064,-0.066,0.052,0.052126691,-0.0661608,0.228147499,1.002436362,0.000554499
Estiven Machado NA,B,0.0068,0,-0.264,0.132,0.0492,0,9.693877551,-0.066,0.052,0.052210503,-0.066267176,0.228399864,1.004048128,0.000920864
Corey Collins NYN,L,0.006,0,-0.264,0.132,-0.0824,0,9.68401487,-0.066,0.052,0.053273745,-0.067616677,0.233039852,1.024495103,0.005571852
Reylin Perez HOU,B,0.0084,0,-0.264,0.132,0.0164,0,9.675090253,-0.066,0.052,0.051365236,-0.065194338,0.224665616,0.987793002,-0.002776384
Samuel Mongelli LAN,R,0.0092,0,-0.268,0.132,0.0164,0,9.684210526,-0.067,0.051,0.051184154,-0.067241928,0.228102685,1.003610867,0.000820685
Jesus Hernandez MIA,R,0.0092,0,-0.268,0.132,0.0164,0,9.684210526,-0.067,0.051,0.050388645,-0.066196847,0.224421144,0.988012644,-0.002722856
Peyton Powell NA,L,0.0056,0,-0.268,0.132,-0.0824,0,9.690346084,-0.067,0.051,0.050878191,-0.066839976,0.226516688,0.997611581,-0.000542312
Jordan Thompson LAN,R,0.0072,0,-0.268,0.132,0.0492,0,9.660194175,-0.067,0.051,0.050778851,-0.066709471,0.226059479,0.995663744,-0.000984521
Willy Montero NYA,R,0.006,0,-0.268,0.132,0.0164,0,9.692832765,-0.067,0.051,0.049880959,-0.065529888,0.222033843,0.978058027,-0.004981157
Ynmanol Marinez NA,R,0.0064,0,-0.268,0.132,0.0164,0,9.691780822,-0.067,0.051,0.051157081,-0.067206361,0.22769114,1.00308002,0.00069914
Brendan Durfee SDN,L,0.0048,0,-0.268,0.132,0.0824,0,9.682539683,-0.067,0.051,0.05108253,-0.067108422,0.227239133,1.001618238,0.000367133
Jordan Sprinkle CHA,R,0.022,0,-0.268,0.132,0.0164,0,9.682539683,-0.067,0.051,0.055863637,-0.073389484,0.248468312,1.095365427,0.021632312
Cesar Hernandez HOU,L,0.0112,0,-0.268,0.132,-0.0492,0,9.688195991,-0.067,0.051,0.054043267,-0.070998017,0.240275304,1.059671896,0.013530304
Jake DeLeo NA,R,0.008,0,-0.268,0.132,-0.0492,0,9.672489083,-0.067,0.051,0.050790105,-0.066724256,0.225791895,0.995884419,-0.000933105
Ethan Long SDN,R,0.0052,0,-0.268,0.132,-0.0824,0,9.690909091,-0.067,0.051,0.050855702,-0.066810432,0.22604163,0.99717063,-0.00064137
Jacob Vogel NA,R,0.0092,0,-0.268,0.132,0.0164,0,9.684210526,-0.067,0.051,0.050837266,-0.066786212,0.225942739,0.996809133,-0.000723261
Aiva Arquette MIA,R,0.0084,0,-0.268,0.132,0.0492,0,9.702970297,-0.067,0.051,0.05155357,-0.067727239,0.228913014,1.010854315,0.002458014
Joseph Stewart NA,R,0.01,0,-0.268,0.132,-0.0492,0,9.690265487,-0.067,0.051,0.050844866,-0.066796196,0.22572927,0.996958148,-0.00068873
Michel Triana NA,L,0.0068,0,-0.268,0.132,-0.0824,0,9.688644689,-0.067,0.051,#N/A,#N/A,#N/A,#N/A,#N/A
Lizandro Rodriguez NA,B,0.0088,0,-0.268,0.132,0.0492,0,9.701492537,-0.067,0.051,0.050936019,-0.066915946,0.226020094,0.998745466,-0.000283906
Jean Arnaez NA,R,0.0068,0,-0.268,0.132,0.0164,0,9.690721649,-0.067,0.051,0.050883844,-0.066847403,0.225732705,0.997722433,-0.000515295
Cody Miller ATL,R,0.0092,0,-0.268,0.132,0.0164,0,9.684210526,-0.067,0.051,0.047786343,-0.062778136,0.21194461,0.936987109,-0.01425339
George Wolkow CHA,L,0.0084,0,-0.272,0.132,-0.0492,0,9.678800857,-0.068,0.051,0.052356429,-0.069808572,0.232124796,1.026596654,0.006013796
Marek Houston MIN,R,0.0084,0,-0.272,0.132,0.0492,0,9.671361502,-0.068,0.05,0.052368895,-0.071221697,0.236788053,1.047377898,0.010711053
Starlyn Nunez BOS,B,0.008,0,-0.272,0.132,0.0492,0,9.672897196,-0.068,0.05,0.049070005,-0.066735207,0.221795441,0.981400099,-0.004203559
Manuel Sequera NA,R,0.0064,0,-0.272,0.132,-0.1152,0,9.68847352,-0.068,0.05,0.049936288,-0.067913352,0.225699038,0.998725759,-0.000287962
Timothy Borden NA,R,0.0064,0,-0.272,0.132,0.0164,0,9.669966997,-0.068,0.05,0.049914867,-0.067884219,0.22556229,0.998297344,-0.00038471
Jayce Easley NA,R,0.0104,0,-0.272,0.132,0.0164,0,9.691780822,-0.068,0.05,0.050280922,-0.068382054,0.227189318,1.00561844,0.001269318
Jonathan GuzmÃ¡n NA,R,0.0068,0,-0.272,0.132,0.0164,0,9.668874172,-0.068,0.05,0.049968713,-0.06795745,0.225748652,0.999374262,-0.000141348
Johan Macias LAA,B,0.0064,0,-0.272,0.132,0.0164,0,9.669966997,-0.068,0.05,0.051124474,-0.069529284,0.230968102,1.022489473,0.005080102
William Sullivan NA,L,0.0064,0,-0.272,0.132,-0.0824,0,9.677419355,-0.068,0.05,0.050196422,-0.068267134,0.226732219,1.003928442,0.000887219
Archer Brookman ATL,R,0.0052,0,-0.272,0.132,0.0824,0,9.703703704,-0.068,0.05,0.058152388,-0.079087247,0.262658053,1.163047756,0.036822053
Ruben Santana ARI,R,0.0068,0,-0.272,0.132,-0.0824,0,9.676840215,-0.068,0.05,0.049569198,-0.067414109,0.223859453,0.991383951,-0.001945547
Jorge Camarillo OAK,R,0.0076,0,-0.272,0.132,0.0492,0,9.674418605,-0.068,0.05,0.052086737,-0.070837962,0.235160158,1.041734738,0.009421158
Alfredo Alcantara CIN,R,0.006,0,-0.272,0.132,0.0164,0,9.671052632,-0.068,0.05,0.051353522,-0.06984079,0.23173893,1.027070438,0.00610793
Albertson Asigen NA,R,0.0088,0,-0.272,0.132,-0.0492,0,9.678111588,-0.068,0.05,0.05022949,-0.068312107,0.22666158,1.004589808,0.00103558
Stephen Hrustich DET,R,0.006,0,-0.272,0.132,-0.0492,0,9.682875264,-0.068,0.05,0.050662661,-0.068901219,0.22853217,1.013253216,0.00298917
Manuel Beltre TOR,R,0.0084,0,-0.272,0.132,0.0492,0,9.671361502,-0.068,0.05,0.050964137,-0.069311227,0.229859471,1.019282745,0.004348471
Braylin Morel TEX,R,0.006,0,-0.272,0.132,-0.1152,0,9.688958009,-0.068,0.05,0.049746003,-0.067654564,0.224309701,0.994920055,-0.001145299
Juan Flores LAA,R,0.0048,0,-0.272,0.132,0.0824,0,9.705882353,-0.068,0.05,0.051143675,-0.069555399,0.230603764,1.022873509,0.005156764
Steven Rivas NA,L,0.0068,0,-0.272,0.132,-0.1152,0,9.68798752,-0.068,0.05,0.049742784,-0.067650186,0.224238481,0.994855682,-0.001159519
Yoeilin Cespedes BOS,R,0.0064,0,-0.272,0.132,-0.1152,0,9.68847352,-0.068,0.05,0.054412737,-0.074001322,0.245275206,1.088254739,0.019891206
Roque Salinas NA,L,0.0068,0,-0.272,0.132,-0.0492,0,9.681528662,-0.068,0.05,0.050009702,-0.068013195,0.225419733,1.000194045,4.37E-05
Zane Zielinski SFN,R,0.01,0,-0.272,0.132,0.0492,0,9.66507177,-0.068,0.05,0.050375134,-0.068510182,0.227016547,1.007502672,0.001690547
John Spikerman PHI,B,0.012,0,-0.272,0.132,-0.0492,0,9.672489083,-0.068,0.05,0.052454379,-0.071337956,0.236377267,1.049087583,0.011060267
Dillon Head MIA,L,0.01,0,-0.272,0.132,0.0164,0,9.692832765,-0.068,0.05,0.049271924,-0.067009816,0.222009434,0.985438475,-0.003280566
Michael Salvatore NA,R,0.0072,0,-0.272,0.132,0.0164,0,9.667774086,-0.068,0.05,0.050117857,-0.068160286,0.225820038,1.002357141,0.000531038
Natanael Yuten BOS,L,0.0068,0,-0.272,0.132,-0.0492,0,9.681528662,-0.068,0.05,0.051081615,-0.069470996,0.230142086,1.021632297,0.004873086
Enrique Jimenez MIN,B,0.0056,0,-0.272,0.132,0.0824,0,9.701492537,-0.068,0.05,0.049966102,-0.067953899,0.225021341,0.99932204,-0.000152659
Brady Day PHI,L,0.0068,0,-0.272,0.132,0.0164,0,9.668874172,-0.068,0.05,0.056227821,-0.076469836,0.253121906,1.124556418,0.028035906
Brandon Pimentel WAS,L,0.0064,0,-0.272,0.132,-0.0824,0,9.677419355,-0.068,0.05,0.05010713,-0.068145696,0.225538203,1.002142591,0.000482203
Emmanuel Cedeno TBA,B,0.0064,0,-0.272,0.132,0.0164,0,9.669966997,-0.068,0.05,0.049761622,-0.067675805,0.22396213,0.995232431,-0.00107287
Camden Janik PIT,R,0.006,0,-0.272,0.132,-0.0492,0,9.682875264,-0.068,0.05,0.050927733,-0.069261716,0.229195168,1.018554653,0.004175168
Jose Sibrian NA,R,0.0064,0,-0.272,0.132,0.0824,0,9.696969697,-0.068,0.05,0.049923832,-0.067896412,0.22464027,0.99847664,-0.00034273
Justin Bench NA,R,0.0068,0,-0.272,0.132,0.0164,0,9.668874172,-0.068,0.05,0.0499294,-0.067903984,0.224660331,0.998588,-0.000317669
Stiven Acevedo NA,R,0.0092,0,-0.276,0.132,-0.0492,0,9.684210526,-0.069,0.05,0.050008785,-0.069012123,0.224938515,1.000175701,3.95E-05
Robert Hipwell SFN,L,0.0052,0,-0.276,0.132,-0.0824,0,9.684763573,-0.069,0.05,0.049646793,-0.068512574,0.223301344,0.992935853,-0.001588656
Jesus Caba MIA,B,0.0104,0,-0.276,0.132,0.0492,0,9.678899083,-0.069,0.05,0.053376454,-0.073659506,0.240063804,1.067529078,0.015185804
Austin St. Laurent SEA,R,0.0068,0,-0.276,0.132,0.0164,0,9.679487179,-0.069,0.05,0.050657136,-0.069906848,0.227817299,1.013142723,0.002955299
Javier Mogollon CHA,R,0.0092,0,-0.276,0.132,0.0164,0,9.673202614,-0.069,0.049,0.048228912,-0.067914183,0.221296888,0.984263518,-0.003538112
Brandon Eike SEA,R,0.0048,0,-0.276,0.132,-0.0824,0,9.685314685,-0.069,0.049,0.049538116,-0.069757756,0.227229318,1.010981968,0.002468318
Pedro Ibarguen MIL,R,0.0084,0,-0.276,0.132,-0.0492,0,9.685534591,-0.069,0.049,0.049568592,-0.069800671,0.227367087,1.011603927,0.002608087
Trevor Werner KCA,R,0.0088,0,-0.276,0.132,-0.0492,0,9.68487395,-0.069,0.049,0.049319612,-0.069450066,0.226155586,1.006522702,0.001465586
Ryan Leitch NA,R,0.0068,0,-0.276,0.132,0.0824,0,9.716312057,-0.069,0.049,0.048865228,-0.068810218,0.224065019,0.997249543,-0.000617981
Benjamin Metzinger NA,R,0.0064,0,-0.276,0.132,-0.0824,0,9.683098592,-0.069,0.049,0.049016872,-0.069023759,0.224736357,1.000344331,7.74E-05
John Tincher CLE,R,0.0056,0,-0.276,0.132,0.0824,0,9.655172414,-0.069,0.049,0.049667388,-0.069939791,0.227696593,1.013620165,0.003059593
Randy Guzman NYN,R,0.0064,0,-0.276,0.132,-0.0824,0,9.683098592,-0.069,0.049,0.050512908,-0.071130421,0.231571786,1.030875666,0.006935786
Hector Salas HOU,L,0.0084,0,-0.276,0.132,0.0164,0,9.675324675,-0.069,0.049,0.0496114,-0.069860951,0.227434857,1.01247755,0.002802857
Cole McConnell CHA,L,0.006,0,-0.276,0.132,-0.0492,0,9.689440994,-0.069,0.049,0.048967272,-0.068953913,0.224459978,0.999332078,-0.000150022
Ronaldo Flores NA,R,0.0064,0,-0.276,0.132,0.0824,0,9.65034965,-0.069,0.049,0.049006456,-0.069009091,0.224634593,1.000131756,2.96E-05
Christian Martin SLN,L,0.0084,0,-0.276,0.132,0.0164,0,9.675324675,-0.069,0.049,0.049630617,-0.069888012,0.227494596,1.012869744,0.002890596
Harrison Spohn NA,R,0.005064935,0,-0.276623377,0.131168831,0.016623377,0,9.68495935,-0.068657509,0.049317365,0.049473484,-0.06887485,0.225276882,1.003165582,0.000710882
Jefferson Valladares NA,R,0.006,0,-0.276,0.132,0.0824,0,9.652777778,-0.069,0.049,0.049075156,-0.069105831,0.22480828,1.001533787,0.00034428
Kevin Bazzell WAS,R,0.006,0,-0.276,0.132,0.0824,0,9.652777778,-0.069,0.049,0.047992852,-0.067581771,0.219807263,0.979445963,-0.004612737
Bryan Rincon PHI,B,0.0144,0,-0.276,0.132,0.0492,0,9.663461538,-0.069,0.049,0.056639404,-0.079757528,0.259335648,1.155906203,0.034978648
Brenny Escanio NA,B,0.0084,0,-0.276,0.132,0.0492,0,9.686098655,-0.069,0.049,0.048873688,-0.068822132,0.223748732,0.99742221,-0.000578268
Jesus Galiz LAN,R,0.006,0,-0.276,0.132,0.0824,0,9.652777778,-0.069,0.049,0.050735612,-0.071444025,0.232234497,1.035420647,0.007944497
Edgleen Perez PIT,R,0.0052,0,-0.276,0.132,0.0824,0,9.657534247,-0.069,0.049,0.049137183,-0.069193176,0.224857766,1.002799652,0.000627766
Mac Guscette ATL,R,0.0056,0,-0.276,0.132,0.0824,0,9.655172414,-0.069,0.049,0.048940914,-0.068916797,0.223876716,0.998794166,-0.000270284
Braylon Payne MIL,L,0.0112,0,-0.276,0.132,0.0164,0,9.667774086,-0.069,0.049,0.05477898,-0.077137747,0.250573586,1.11793836,0.026434586
Victor Ortega MIA,L,0.0056,0,-0.276,0.132,0.0824,0,9.655172414,-0.069,0.049,0.04964985,-0.069915095,0.227060922,1.01326224,0.002971922
Myles Smith CIN,L,0.0088,0,-0.276,0.132,-0.0492,0,9.68487395,-0.069,0.049,0.048846492,-0.068783835,0.223377001,0.996867181,-0.000701999
Chase Luttrell NA,L,0.0068,0,-0.276,0.132,-0.0492,0,9.688149688,-0.069,0.049,0.048844252,-0.068780682,0.223363768,0.996821471,-0.000712232
Devin Taylor OAK,L,0.0064,0,-0.276,0.132,-0.0492,0,9.68879668,-0.069,0.049,0.055489992,-0.078138969,0.253745543,1.132448824,0.029677543
Luis Guanipa ATL,R,0.0068,0,-0.276,0.132,-0.0492,0,9.688149688,-0.069,0.049,0.051770182,-0.072900868,0.236709119,1.056534322,0.012666119
Curtis Washington SEA,R,0.0112,0,-0.276,0.132,-0.0492,0,9.680851064,-0.069,0.049,0.048636242,-0.068487769,0.222360926,0.992576358,-0.001663074
Samuel Hernandez SLN,R,0.006,0,-0.276,0.132,-0.0824,0,9.683655536,-0.069,0.049,0.049843724,-0.070188102,0.227879405,1.017218867,0.003857405
Jack Herman NA,R,0.0072,0,-0.276,0.132,-0.0492,0,9.6875,-0.069,0.049,0.049048547,-0.069068362,0.224230938,1.000990755,0.000221938
Zachary Fascia NA,L,0.0064,0,-0.276,0.132,0.0824,0,9.65034965,-0.069,0.049,0.049104063,-0.069146538,0.224474716,1.002123742,0.000475716
Rafael Morel NA,R,0.0084,0,-0.276,0.132,-0.0492,0,9.685534591,-0.069,0.049,0.048753913,-0.06865347,0.222867072,0.994977821,-0.001124928
Dylan Shockley NA,R,0.0052,0,-0.276,0.132,0.0824,0,9.657534247,-0.069,0.049,0.049143254,-0.069201725,0.224639831,1.002923548,0.000654831
Carter Frederick KCA,R,0.008,0,-0.276,0.132,-0.0492,0,9.686192469,-0.069,0.049,0.048868496,-0.068814821,0.223337005,0.997316244,-0.000600995
Luis Caicuto PHI,R,0.0056,0,-0.276,0.132,0.0824,0,9.655172414,-0.069,0.049,0.050571243,-0.071212567,0.23110026,1.032066184,0.00718026
Bryan Broecker TBA,R,0.0056,0,-0.276,0.132,0.0824,0,9.655172414,-0.069,0.049,0.049197619,-0.06927828,0.224817054,1.004033039,0.000903054
Jommer Hernandez NA,R,0.006,0,-0.276,0.132,0.0824,0,9.652777778,-0.069,0.049,0.049082177,-0.069115719,0.224262478,1.001677087,0.000375478
Emanuel Andrews NA,R,0.0072,0,-0.276,0.132,-0.0492,0,9.6875,-0.069,0.049,0.049306279,-0.06943129,0.225241143,1.006250583,0.001399143
Jordan Dissin PHI,R,0.0056,0,-0.276,0.132,0.0824,0,9.655172414,-0.069,0.049,0.049514261,-0.069724164,0.226182155,1.010495124,0.002349155
Carlos Santiago NA,B,0.0072,0,-0.276,0.132,0.0164,0,9.678456592,-0.069,0.049,0.049206864,-0.069291298,0.224696616,1.00422171,0.000944616
Dario Laverde LAA,L,0.0048,0,-0.276,0.132,-0.1152,0,9.680365297,-0.069,0.049,0.049048375,-0.06906812,0.223941869,1.000987252,0.000220869
Luis Lameda MIL,B,0.0064,0,-0.28,0.132,0.0164,0,9.690402477,-0.07,0.049,0.049694583,-0.070992261,0.226775651,1.014175161,0.003169651
David Smith NA,B,0.0088,0,-0.28,0.132,-0.0492,0,9.691358025,-0.07,0.049,0.04907949,-0.070113557,0.223962735,1.00162225,0.000362735
Dominick Tello PHI,R,0.0048,0,-0.28,0.132,-0.0824,0,9.690721649,-0.07,0.048,0.050130275,-0.073106652,0.233517267,1.044380739,0.009923267
Wilman Diaz NA,R,0.0072,0,-0.28,0.132,0.0164,0,9.68847352,-0.07,0.048,0.048198413,-0.070289352,0.22450921,1.004133596,0.00092421
Franyerber Montilla DET,B,0.0104,0,-0.28,0.132,0.0492,0,9.692982456,-0.07,0.048,0.047786805,-0.06968909,0.222584963,0.995558432,-0.000993037
Kellum Clark NA,L,0.0064,0,-0.28,0.132,-0.0824,0,9.688581315,-0.07,0.048,0.047816433,-0.069732297,0.222691088,0.996175677,-0.000854912
Kade Kern NA,R,0.008,0,-0.28,0.132,-0.0492,0,9.692622951,-0.07,0.048,0.047789497,-0.069693017,0.222547723,0.995614523,-0.000980277
Patrick Lee DET,R,0.0152,0,-0.28,0.132,-0.1152,0,9.6875,-0.07,0.048,0.047979207,-0.069969677,0.223349205,0.999566808,-9.68E-05
Devin Saltiban PHI,R,0.01,0,-0.28,0.132,0.0164,0,9.681528662,-0.07,0.048,0.04660872,-0.06797105,0.216957766,0.971015002,-0.006476234
David McCroskey LAA,R,0.0088,0,-0.28,0.132,0.0164,0,9.684542587,-0.07,0.048,0.0481229,-0.070179228,0.223974,1.002560407,0.000572
Larry Martinez TBA,R,0.0056,0,-0.28,0.132,-0.0824,0,9.689655172,-0.07,0.048,0.047646987,-0.069485189,0.22154062,0.992645554,-0.00164138
Jordan Viars NA,L,0.0056,0,-0.28,0.132,-0.0492,0,9.676767677,-0.07,0.048,0.047959619,-0.069941111,0.22293829,0.999158726,-0.00018771
Ariel Almonte CIN,L,0.0052,0,-0.28,0.132,-0.0492,0,9.677419355,-0.07,0.048,0.047347582,-0.069048557,0.220069589,0.986407961,-0.003032411
Jesus Ordonez NA,R,0.0068,0,-0.28,0.132,0.0824,0,9.671052632,-0.07,0.048,0.048103133,-0.070150402,0.223387943,1.002148603,0.000478943
Jaron Elkins LAN,R,0.014,0,-0.28,0.132,-0.0492,0,9.682875264,-0.07,0.048,0.048558242,-0.070814102,0.225487276,1.011630032,0.002592276
Bryce Rainer DET,L,0.008,0,-0.28,0.132,0.0492,0,9.700854701,-0.07,0.048,0.043795387,-0.063868272,0.203313695,0.912403885,-0.019519305
Chase Call HOU,R,0.0092,0,-0.28,0.132,-0.0492,0,9.690721649,-0.07,0.048,0.046913053,-0.068414869,0.217758663,0.977355267,-0.005045337
John Dix ARI,B,0.0088,0,-0.28,0.132,0.0164,0,9.684542587,-0.07,0.048,0.047546912,-0.069339247,0.220674134,0.990560668,-0.002102866
Kendry Chirinos TOR,R,0.0048,0,-0.28,0.132,-0.0824,0,9.690721649,-0.07,0.048,0.049790056,-0.072610498,0.23103727,1.037292833,0.00830627
Aneudis Mordan NA,R,0.0056,0,-0.28,0.132,-0.0824,0,9.689655172,-0.07,0.048,0.04818818,-0.07027443,0.223597172,1.003920422,0.000873172
Rafhlmil Torres CIN,B,0.008,0,-0.28,0.132,0.0164,0,9.686520376,-0.07,0.048,0.046926723,-0.068434804,0.217728263,0.977640062,-0.004979737
Jean Joseph TOR,R,0.006,0,-0.28,0.132,0.0164,0,9.691358025,-0.07,0.048,0.0480677,-0.070098729,0.222810812,1.00141041,0.000313812
Cody Wilson NA,R,0.0096,0,-0.28,0.132,-0.1152,0,9.679389313,-0.07,0.048,0.048288164,-0.070420239,0.223829723,1.006003411,0.001335723
Austin Charles KCA,R,0.0096,0,-0.284,0.132,0.0164,0,9.692307692,-0.071,0.048,0.05091988,-0.07531899,0.235907563,1.060830844,0.013527563
Jong Hyoun Sim NA,R,0.0064,0,-0.284,0.132,0.0164,0,9.670658683,-0.071,0.047,0.047088407,-0.071133551,0.222756219,1.001881005,0.000418219
Andres Valor MIA,R,0.0124,0,-0.284,0.132,-0.0492,0,9.691991786,-0.071,0.047,0.045646641,-0.068955565,0.215892103,0.971205135,-0.006400897
Ryan Burrowes CHA,R,0.0128,0,-0.284,0.132,-0.1152,0,9.680365297,-0.071,0.047,0.047827403,-0.072249907,0.226176808,1.017604326,0.003912808
Nathan Flewelling TBA,L,0.0056,0,-0.284,0.132,-0.1152,0,9.688888889,-0.071,0.047,0.051765073,-0.078198302,0.24479593,1.101384537,0.02253393
Kay-Lan Nicasia MIL,B,0.0088,0,-0.284,0.132,-0.0492,0,9.67806841,-0.071,0.047,0.050859491,-0.076830295,0.240490728,1.082116837,0.018249728
Casey Cook TEX,L,0.0104,0,-0.284,0.132,0.0164,0,9.690402477,-0.071,0.047,0.047218583,-0.071330199,0.223263524,1.004650695,0.001033524
Christopher Espinola NA,L,0.0076,0,-0.284,0.132,-0.0492,0,9.68,-0.071,0.047,0.04700945,-0.071014275,0.222256677,1.000201056,4.47E-05
Garrett Frechette NA,L,0.0064,0,-0.284,0.132,-0.0824,0,9.677419355,-0.071,0.047,0.047044341,-0.071066983,0.222349572,1.000943423,0.000209572
Thomas Loftin NA,R,0.012,0,-0.284,0.132,0.0164,0,9.686520376,-0.071,0.047,0.046973436,-0.070959871,0.2219195,0.999434799,-0.0001255
Colby Jones ATL,R,0.0156,0,-0.284,0.132,0.0164,0,9.677419355,-0.071,0.047,0.048548489,-0.073339206,0.22936062,1.032946565,0.00731562
Chad Castillo NA,L,0.0064,0,-0.284,0.132,-0.0824,0,9.677419355,-0.071,0.047,0.047203579,-0.071307534,0.222994729,1.004331469,0.000961729
Eric Hartman ATL,L,0.0136,0,-0.284,0.132,-0.0492,0,9.690082645,-0.071,0.047,0.052587496,-0.079440686,0.248325989,1.118882897,0.026384989
Tyler Whitaker HOU,R,0.0076,0,-0.284,0.132,-0.0492,0,9.68,-0.071,0.047,0.053100497,-0.080215645,0.250714562,1.129797811,0.028803562
Sean Barnett SDN,R,0.0056,0,-0.284,0.132,-0.1152,0,9.688888889,-0.071,0.047,0.047029276,-0.071044225,0.222035217,1.000622888,0.000138217
Marcos Torres TEX,L,0.0084,0,-0.284,0.132,-0.0492,0,9.678714859,-0.071,0.047,0.047892466,-0.072348193,0.226006583,1.018988629,0.004211583
Cristhian Vaquero WAS,B,0.0092,0,-0.284,0.132,0.0164,0,9.693251534,-0.071,0.047,0.048445676,-0.073183893,0.228559483,1.030759059,0.006820483
Roger Lasso NA,R,0.0052,0,-0.284,0.132,-0.0824,0,9.679054054,-0.071,0.047,0.046828396,-0.070740769,0.220901502,0.99634886,-0.000809498
Colin Tuft BAL,R,0.0108,0,-0.284,0.132,0.0824,0,9.671052632,-0.071,0.047,0.048553205,-0.073346331,0.2290358,1.033046922,0.0073268
Malcolm Moore TEX,L,0.0064,0,-0.284,0.132,-0.1152,0,9.687964339,-0.071,0.047,0.048120452,-0.072692597,0.226940145,1.023839395,0.005284145
Daury Arias NA,L,0.0068,0,-0.284,0.132,-0.0492,0,9.6812749,-0.071,0.047,0.04718988,-0.071286841,0.222504302,1.004040007,0.000895302
Brailer Guerrero TBA,L,0.0072,0,-0.284,0.132,-0.0492,0,9.680638723,-0.071,0.047,0.045544327,-0.068801005,0.214691112,0.969028233,-0.006861888
Vincent Perozo NYN,L,0.006,0,-0.284,0.132,0.0824,0,9.695121951,-0.071,0.047,0.046762652,-0.070641454,0.220426209,0.994950051,-0.001118791
Nicolas Perez LAN,R,0.0136,0,-0.284,0.132,0.0164,0,9.682539683,-0.071,0.047,0.051919676,-0.078431852,0.244652143,1.104673965,0.023182143
Elio Campos ATL,R,0.0084,0,-0.284,0.132,0.0164,0,9.695121951,-0.071,0.047,0.046912753,-0.070868202,0.221050897,0.998143686,-0.000411103
Joel Dragoo PHI,R,0.006,0,-0.284,0.132,-0.0492,0,9.682539683,-0.071,0.047,0.046936343,-0.070903837,0.221150065,0.998645586,-0.000299935
Cameron Fisher NA,L,0.0096,0,-0.284,0.132,-0.0492,0,9.676767677,-0.071,0.047,0.047047409,-0.071071618,0.221636339,1.001008699,0.000223339
Haskell Ross WAS,R,0.006,0,-0.284,0.132,-0.0824,0,9.677966102,-0.071,0.047,0.047071052,-0.071107334,0.221646567,1.001511744,0.000334567
Lexer Saduy NA,L,0.0076,0,-0.284,0.132,-0.0492,0,9.68,-0.071,0.047,0.047173761,-0.07126249,0.222118155,1.00369704,0.000818155
Carlos Rodriguez SDN,L,0.0056,0,-0.284,0.132,0.0824,0,9.696969697,-0.071,0.047,0.049773064,-0.075189097,0.234352767,1.059001369,0.013056767
Miguel Briceno MIN,R,0.008,0,-0.284,0.132,-0.0492,0,9.679358717,-0.071,0.047,0.048034345,-0.072562521,0.226163071,1.022007343,0.004870071
Yasser Mercedes MIN,R,0.0104,0,-0.288,0.132,0.0164,0,9.670658683,-0.072,0.047,0.04877751,-0.074722994,0.229556303,1.037819364,0.008365303
Jake Cunningham SDN,R,0.0128,0,-0.288,0.132,-0.0492,0,9.67806841,-0.072,0.047,0.049003591,-0.07506933,0.230586917,1.042629588,0.009427917
Cade McGee SLN,R,0.0084,0,-0.288,0.132,0.0164,0,9.675516224,-0.072,0.047,0.050095354,-0.076741819,0.235679456,1.0658586,0.014562456
Demetrio Nadal MIL,R,0.0088,0,-0.288,0.132,-0.0492,0,9.684418146,-0.072,0.046,0.045881645,-0.071814748,0.220494218,0.997427059,-0.000568782
Jacob Jenkins-Cowart MIA,L,0.0124,0,-0.288,0.132,-0.0492,0,9.678714859,-0.072,0.046,0.04566821,-0.071480677,0.219427809,0.992787184,-0.001594191
Diego Mosquera NYN,R,0.0064,0,-0.288,0.132,0.0164,0,9.680232558,-0.072,0.046,0.043659337,-0.068336353,0.209769826,0.949116019,-0.011246174
Sanson Faltine CIN,R,0.01,0,-0.288,0.132,0.0164,0,9.671641791,-0.072,0.046,0.04588809,-0.071824836,0.220435409,0.997567164,-0.000537591
Devin Fitz-Gerald WAS,B,0.0072,0,-0.288,0.132,0.0492,0,9.688715953,-0.072,0.046,0.052848668,-0.082719654,0.253725306,1.148884086,0.032880306
Ricardo Rosario NA,R,0.0088,0,-0.288,0.132,-0.0492,0,9.684418146,-0.072,0.046,0.04616068,-0.072251499,0.221600365,1.003493042,0.000771365
Drew Davies CIN,L,0.0064,0,-0.288,0.132,-0.0824,0,9.682804674,-0.072,0.046,0.047034154,-0.073618676,0.225706681,1.022481612,0.004962681
Arxy Hernandez CHA,R,0.0056,0,-0.288,0.132,0.0164,0,9.682080925,-0.072,0.046,0.045974025,-0.071959344,0.220585373,0.999435336,-0.000124627
Luis Reyes NA,R,0.006,0,-0.288,0.132,-0.0824,0,9.683333333,-0.072,0.046,0.045953574,-0.071927333,0.220435297,0.998990732,-0.000222703
Eduardo Beltre MIN,R,0.0084,0,-0.288,0.132,0.0164,0,9.675516224,-0.072,0.046,0.046355635,-0.072556646,0.22236395,1.007731195,0.00170595
James Obertop COL,R,0.0064,0,-0.288,0.132,-0.0824,0,9.682804674,-0.072,0.046,0.042723019,-0.066870812,0.204885668,0.928761284,-0.015715332
Ben McCabe COL,R,0.006,0,-0.288,0.132,0.0824,0,9.657142857,-0.072,0.046,0.046223334,-0.072349566,0.221619783,1.00485508,0.001070783
Daniel Pena MIN,R,0.0052,0,-0.288,0.132,0.0824,0,9.661016949,-0.072,0.046,0.045692373,-0.071518496,0.218971756,0.993312448,-0.001474244
Mason White BOS,L,0.0068,0,-0.288,0.132,0.0492,0,9.689922481,-0.072,0.046,0.048451399,-0.075836972,0.23217489,1.053291279,0.01174689
Drew Bowser CHN,R,0.008,0,-0.288,0.132,-0.0824,0,9.680672269,-0.072,0.046,0.046405783,-0.072635139,0.222323045,1.008821371,0.001944045
Kevin Villavicencio NYN,R,0.0092,0,-0.288,0.132,0.0164,0,9.673590504,-0.072,0.046,0.045921767,-0.071877549,0.219850461,0.998299289,-0.000374539
Wilson Rodriguez NYA,L,0.0072,0,-0.288,0.132,-0.0492,0,9.686888454,-0.072,0.046,0.049676651,-0.077754757,0.237808606,1.079927187,0.017600606
Angel Tejada NA,R,0.0132,0,-0.288,0.132,-0.0492,0,9.677419355,-0.072,0.046,0.045949647,-0.071921186,0.219933988,0.998905362,-0.000241012
Blayberg Diaz MIL,R,0.0056,0,-0.288,0.132,0.0824,0,9.659090909,-0.072,0.046,0.046221964,-0.072347421,0.221232385,1.004825294,0.001062385
Bernard Moon CIN,R,0.0076,0,-0.288,0.132,0.0164,0,9.677419355,-0.072,0.046,0.04626859,-0.072420402,0.221449518,1.005838911,0.001285518
Angel Acosta KCA,L,0.0072,0,-0.288,0.132,0.0164,0,9.678362573,-0.072,0.046,0.044962611,-0.07037626,0.215187145,0.977448059,-0.004964855
Carlos Rodriguez OAK,R,0.0048,0,-0.288,0.132,0.0824,0,9.662921348,-0.072,0.046,0.046141035,-0.07222075,0.220823971,1.003065973,0.000674971
Trey Snyder NYN,R,0.0104,0,-0.288,0.132,-0.1152,0,9.687964339,-0.072,0.046,0.046046528,-0.072072826,0.220260563,1.001011475,0.000222563
Darlyn Montero NA,L,0.0064,0,-0.288,0.132,-0.0824,0,9.682804674,-0.072,0.046,0.046067967,-0.072106383,0.220361111,1.001477535,0.000325111
Anyelo EncarnaciÃ³n SLN,R,0.0076,0,-0.288,0.132,0.0164,0,9.677419355,-0.072,0.046,0.046876271,-0.073371555,0.224157235,1.01904938,0.004190235
Noah Martin MIL,R,0.006716418,0,-0.295522388,0.132835821,-0.117164179,0,9.682539683,-0.072613292,0.045474991,0.045667079,-0.072920013,0.220893134,1.004224028,0.000929134
Edwin Amparo BAL,B,0.0136,0,-0.288,0.132,0.0164,0,9.692307692,-0.072,0.046,0.044218926,-0.069212231,0.211441444,0.96128099,-0.008516556
Danyer Cueva TEX,L,0.0072,0,-0.292,0.132,0.0492,0,9.700374532,-0.073,0.046,0.045434797,-0.072103048,0.217186233,0.987712986,-0.002701767
Joendry Vargas LAN,R,0.0108,0,-0.292,0.132,0.0492,0,9.689922481,-0.073,0.046,0.046119571,-0.073189754,0.220443529,1.002599371,0.000571529
Chase Harlan LAN,R,0.006,0,-0.292,0.132,0.0164,0,9.690140845,-0.073,0.045,0.047131969,-0.076458527,0.230268995,1.047377088,0.010415995
Antonio Anderson BOS,B,0.0048,0,-0.292,0.132,0.0164,0,9.69273743,-0.073,0.045,0.045235521,-0.073382067,0.221000651,1.0052338,0.001150651
Kaeden Kent NYA,L,0.0064,0,-0.292,0.132,0.0164,0,9.689265537,-0.073,0.045,0.049458798,-0.080233161,0.241573255,1.099084397,0.021778255
Theodore Hardy TEX,B,0.0084,0,-0.292,0.132,0.0164,0,9.684813754,-0.073,0.045,0.043239989,-0.070144871,0.211184106,0.960888643,-0.008595894
Kevin Fitzer COL,R,0.0056,0,-0.292,0.132,-0.0824,0,9.68903437,-0.073,0.045,0.046515906,-0.075459137,0.22706688,1.033686808,0.00739988
JosÃ© Anderson MIL,R,0.0068,0,-0.292,0.132,0.0164,0,9.688385269,-0.073,0.045,0.042794564,-0.069422293,0.208838425,0.950990319,-0.010762575
Carlos Pacheco OAK,R,0.0084,0,-0.292,0.132,-0.0492,0,9.691119691,-0.073,0.045,0.04535529,-0.07357636,0.221333817,1.007895342,0.001733817
Everett Cooper WAS,L,0.008,0,-0.292,0.132,0.0164,0,9.685714286,-0.073,0.045,0.044927382,-0.072882198,0.219216673,0.998386276,-0.000354327
Randall Bednar NA,R,0.0068,0,-0.292,0.132,-0.0492,0,9.674952199,-0.073,0.045,0.044750939,-0.072595968,0.218274197,0.994465313,-0.001214803
Carlos Amaya NA,R,0.0064,0,-0.292,0.132,0.0824,0,9.673913043,-0.073,0.045,0.044882104,-0.072808747,0.218896006,0.997380091,-0.000574994
Carlos Colmenarez TBA,L,0.0056,0,-0.292,0.132,0.0164,0,9.691011236,-0.073,0.045,0.047357263,-0.076824004,0.230885598,1.052383613,0.011492598
Greyson Mathis CHN,R,0.0064,0,-0.292,0.132,-0.1152,0,9.682997118,-0.073,0.045,0.050028424,-0.081157222,0.243759606,1.111742761,0.024500606
Cameron Clayton MIA,R,0.0064,0,-0.292,0.132,-0.0824,0,9.688013136,-0.073,0.045,0.048224764,-0.078231283,0.234960694,1.071661417,0.015711694
Cole Roberts NA,R,0.0072,0,-0.292,0.132,0.0164,0,9.6875,-0.073,0.045,0.04503222,-0.073052268,0.219380965,1.000716003,0.000156965
Pablo Guerrero TEX,R,0.0048,0,-0.292,0.132,-0.0824,0,9.69004894,-0.073,0.045,0.045068172,-0.073110591,0.219554108,1.001514939,0.000332108
Yirer Garcia TBA,R,0.006,0,-0.292,0.132,0.0824,0,9.675675676,-0.073,0.045,0.044976859,-0.07296246,0.219076284,0.999485759,-0.000112716
David Beckles TOR,R,0.0056,0,-0.292,0.132,-0.0824,0,9.68903437,-0.073,0.045,0.044341776,-0.071932214,0.215971052,0.98537279,-0.003205948
Gavin Dugas WAS,R,0.006,0,-0.292,0.132,0.0164,0,9.690140845,-0.073,0.045,0.045133403,-0.07321641,0.219819733,1.002964516,0.000649733
Jaxx Groshans NA,R,0.0068,0,-0.292,0.132,-0.1152,0,9.682539683,-0.073,0.045,0.045160582,-0.0732605,0.219917984,1.003568487,0.000781984
Blaze O'Saben NA,R,0.0096,0,-0.292,0.132,-0.0492,0,9.689320388,-0.073,0.045,0.045200646,-0.073325492,0.220009624,1.004458798,0.000976624
Reidy Mercado NA,B,0.0104,0,-0.292,0.132,-0.0492,0,9.688109162,-0.073,0.045,0.044552686,-0.072274358,0.216826044,0.990059698,-0.002176956
Jose De La Cruz NA,R,0.0056,0,-0.292,0.132,-0.0492,0,9.676806084,-0.073,0.045,0.045099855,-0.073161987,0.219474936,1.002218997,0.000485936
Angel Diaz LAN,R,0.0052,0,-0.292,0.132,0.0824,0,9.679144385,-0.073,0.045,0.045259661,-0.073421228,0.220247592,1.005770248,0.001263592
Tony Blanco PIT,R,0.0056,0,-0.292,0.132,-0.1152,0,9.683908046,-0.073,0.045,0.046848359,-0.075998449,0.227971401,1.041074638,0.008994401
Alberth Palma TBA,R,0.0076,0,-0.292,0.132,0.0492,0,9.69924812,-0.073,0.045,0.044689169,-0.072495763,0.217459481,0.993092637,-0.001512519
Jose De Jesus NA,B,0.0084,0,-0.292,0.132,0.0164,0,9.684813754,-0.073,0.045,0.045079142,-0.073128386,0.219339078,1.001758716,0.000385078
Robert Blandford OAK,L,0.0064,0,-0.292,0.132,0.0164,0,9.689265537,-0.073,0.045,0.045049848,-0.073080865,0.219183529,1.001107737,0.000242529
Estanlin Cassiani NA,L,0.0068,0,-0.292,0.132,-0.0492,0,9.674952199,-0.073,0.045,0.045184527,-0.073299343,0.219771513,1.004100592,0.000897513
Sergio Tapia DET,R,0.0056,0,-0.292,0.132,0.0824,0,9.677419355,-0.073,0.045,0.044056892,-0.07147007,0.214276081,0.979042054,-0.004586919
Canyon Brown KCA,R,0.0072,0,-0.292,0.132,-0.1152,0,9.682080925,-0.073,0.045,0.052781333,-0.085623051,0.256605247,1.17291851,0.037830247
Cristopher Barete NA,L,0.0088,0,-0.292,0.132,0.0164,0,9.683908046,-0.073,0.045,0.045034094,-0.073055309,0.218938754,1.000757653,0.000165754
Walker Martin SFN,L,0.006,0,-0.292,0.132,0.0164,0,9.690140845,-0.073,0.045,0.047032089,-0.0762965,0.228613578,1.045157532,0.009877578
Reginald Preciado CHN,R,0.0072,0,-0.292,0.132,0.0164,0,9.6875,-0.073,0.045,0.044797938,-0.072672211,0.217733908,0.995509739,-0.000982092
Marcus Brown WAS,L,0.0068,0,-0.296,0.132,0.0164,0,9.67032967,-0.074,0.045,0.044828703,-0.073718311,0.217836614,0.996193397,-0.000832386
Yordany De Los Santos PIT,R,0.0136,0,-0.296,0.132,0.0492,0,9.69348659,-0.074,0.044,0.044923743,-0.075553567,0.223120915,1.020994152,0.004587915
William Tears SDN,L,0.006,0,-0.296,0.132,-0.1152,0,9.687943262,-0.074,0.044,0.046301121,-0.077870068,0.229948206,1.052298215,0.011428206
JosÃ© Suarez SLN,R,0.0072,0,-0.296,0.132,-0.0492,0,9.680451128,-0.074,0.044,0.045997605,-0.077359608,0.228348837,1.045400111,0.009916837
Dustin Crenshaw SEA,L,0.0064,0,-0.296,0.132,-0.0492,0,9.68164794,-0.074,0.044,0.041373969,-0.069583493,0.20534465,0.940317477,-0.01303335
Perry Morlando MIA,L,0.0064,0,-0.296,0.132,-0.0492,0,9.68164794,-0.074,0.044,0.044310193,-0.074521689,0.219895376,1.007049845,0.001539376
Luis Pineda CHA,R,0.0052,0,-0.296,0.132,0.0824,0,9.695431472,-0.074,0.044,0.044002521,-0.07400424,0.218336508,1.000057291,1.25E-05
Tevin Tucker COL,R,0.0128,0,-0.296,0.132,0.0164,0,9.683908046,-0.074,0.044,0.045040439,-0.075749829,0.223443569,1.023646334,0.005161569
Alirio Ferrebus PHI,R,0.0056,0,-0.296,0.132,0.0824,0,9.693877551,-0.074,0.044,0.045912447,-0.077216388,0.227749737,1.043464705,0.009486737
Anthony Servideo NA,L,0.006266667,0,-0.3,0.132,0.016666667,0,9.679715302,-0.074005667,0.044074486,0.044083641,-0.074021039,0.218245324,1.000207718,4.53E-05
Jesus Pinto DET,R,0.008,0,-0.296,0.132,0.0164,0,9.694444444,-0.074,0.044,0.045543499,-0.076595884,0.22578293,1.035079516,0.00765193
Yolfran Castillo TEX,R,0.0088,0,-0.296,0.132,0.0492,0,9.671532847,-0.074,0.044,0.044630494,-0.075060376,0.22116844,1.014329401,0.00312444
Cristian Gonzalez NA,R,0.0056,0,-0.296,0.132,0.0164,0,9.673024523,-0.074,0.044,0.044081161,-0.074136498,0.218427161,1.001844564,0.000402161
Yohander Martinez NA,R,0.006,0,-0.296,0.132,0.0164,0,9.672131148,-0.074,0.044,0.044244437,-0.074411098,0.219227161,1.005555377,0.001211161
Enddy Azocar BOS,R,0.0072,0,-0.296,0.132,0.0164,0,9.696132597,-0.074,0.044,0.045174829,-0.075975849,0.223813556,1.026700656,0.005820556
Nicholas Roselli NYN,L,0.0064,0,-0.296,0.132,0.0164,0,9.671232877,-0.074,0.044,0.044135097,-0.074227209,0.218662324,1.003070392,0.000669324
Luis Guevara BAL,B,0.0084,0,-0.296,0.132,0.0164,0,9.693593315,-0.074,0.044,0.044231985,-0.074390157,0.219078006,1.005272387,0.001149006
Charles Mack NA,L,0.0072,0,-0.296,0.132,-0.1152,0,9.686609687,-0.074,0.044,0.043983303,-0.073971919,0.217780326,0.999620523,-8.27E-05
Abraham Nunez CHA,L,0.0092,0,-0.296,0.132,0.0164,0,9.691876751,-0.074,0.044,0.044406819,-0.074684195,0.219798615,1.009245885,0.002013615
Derek Datil TBA,L,0.0068,0,-0.296,0.132,0.0164,0,9.67032967,-0.074,0.044,0.04232874,-0.071189244,0.209494554,0.962016816,-0.008271446
Derek Berg PIT,R,0.0064,0,-0.296,0.132,0.0824,0,9.690721649,-0.074,0.044,0.051350801,-0.086362711,0.254145618,1.16706366,0.036380618
Logan Tanner CIN,R,0.0056,0,-0.296,0.132,0.0824,0,9.693877551,-0.074,0.044,0.044243076,-0.07440881,0.218837316,1.005524461,0.001202316
Byron Chourio MIN,B,0.008,0,-0.296,0.132,0.0164,0,9.694444444,-0.074,0.044,0.043944284,-0.073906295,0.217355418,0.998733719,-0.000275582
Filippo Di Turi MIL,B,0.0056,0,-0.296,0.132,0.0164,0,9.673024523,-0.074,0.044,0.043397624,-0.072986913,0.214642674,0.986309629,-0.002979326
Mahki Backstrom NA,L,0.0072,0,-0.296,0.132,-0.0824,0,9.676375405,-0.074,0.044,0.044097571,-0.074164097,0.218099573,1.002217534,0.000482573
Slate Alford LAA,R,0.0056,0,-0.296,0.132,-0.0824,0,9.678456592,-0.074,0.044,0.044425082,-0.07471491,0.219647701,1.00966095,0.002101701
Andrew Miller NA,R,0.006,0,-0.296,0.132,0.0824,0,9.692307692,-0.074,0.044,0.043996339,-0.073993844,0.217494904,0.999916805,-1.81E-05
Anthony DePino CHA,R,0.008,0,-0.296,0.132,-0.0824,0,9.675324675,-0.074,0.044,0.051525663,-0.086656796,0.254673785,1.171037788,0.037196785
Thomas Carr NA,R,0.0052,0,-0.3,0.132,-0.0824,0,9.684044234,-0.075,0.043,0.043086341,-0.075150594,0.217808466,1.002007922,0.000436466
Harrison Owen NA,R,0.0056,0,-0.3,0.132,0.0824,0,9.661835749,-0.075,0.043,0.042921392,-0.074862892,0.216971627,0.998171897,-0.000397373
Angel Feliz WAS,R,0.008,0,-0.3,0.132,0.0164,0,9.676549865,-0.075,0.043,0.045351672,-0.079101754,0.229250593,1.054690048,0.011887593
Handelfry Encarnacion MIL,L,0.0064,0,-0.3,0.132,0.0164,0,9.68,-0.075,0.043,0.042785535,-0.074625932,0.216269932,0.995012431,-0.001084068
Wyatt Hoffman SDN,R,0.0084,0,-0.3,0.132,-0.0492,0,9.684601113,-0.075,0.043,0.043026601,-0.075046397,0.217445435,1.00061863,0.000134435
Stone Russell KCA,R,0.0056,0,-0.3,0.132,0.0164,0,9.681697613,-0.075,0.043,0.043537996,-0.075938366,0.220024833,1.012511541,0.002718833
Raylin Ramos BAL,R,0.0072,0,-0.3,0.132,-0.0492,0,9.686346863,-0.075,0.043,0.042915669,-0.074852911,0.216872836,0.998038813,-0.000426164
Hayden Gilliland TOR,L,0.006,0,-0.3,0.132,0.0824,0,9.660194175,-0.075,0.043,0.043108128,-0.075188595,0.217647924,1.002514597,0.000545924
Yeuni Munoz TOR,R,0.0064,0,-0.3,0.132,-0.0492,0,9.6875,-0.075,0.043,0.04302171,-0.075037866,0.217173592,1.000504883,0.000109592
Ismael Mena NA,L,0.0072,0,-0.3,0.132,-0.0492,0,9.686346863,-0.075,0.043,0.04312433,-0.075216855,0.217651502,1.002891395,0.000627502
Joshua Springer TEX,R,0.0068,0,-0.3,0.132,0.0824,0,9.704433498,-0.075,0.043,0.045101546,-0.078665488,0.227626456,1.048873173,0.010606456
Roderick Arias NYA,B,0.0096,0,-0.3,0.132,0.0164,0,9.673024523,-0.075,0.043,0.043734422,-0.076280968,0.220723558,1.017079574,0.003706558
Maximus Martin BOS,R,0.0076,0,-0.3,0.132,0.0492,0,9.68641115,-0.075,0.043,#N/A,#N/A,#N/A,#N/A,#N/A
Charles Hightower BAL,R,0.0076,0,-0.3,0.132,0.0164,0,9.677419355,-0.075,0.043,0.043274243,-0.07547833,0.218277293,1.006377738,0.001383293
Jakey Josepha ARI,L,0.0088,0,-0.3,0.132,0.0164,0,9.674796748,-0.075,0.043,0.042240067,-0.073674536,0.213009782,0.982327141,-0.003832218
Hans Montero NYA,R,0.0088,0,-0.3,0.132,-0.0824,0,9.679487179,-0.075,0.043,0.043426288,-0.075743525,0.218974531,1.009913668,0.002149531
Yoander Rivero WAS,R,0.006,0,-0.3,0.132,0.0164,0,9.680851064,-0.075,0.043,0.043101063,-0.075176273,0.217322578,1.002350311,0.000509578
Erick Alvarez NA,R,0.0064,0,-0.3,0.132,-0.0492,0,9.6875,-0.075,0.043,0.043006506,-0.075011347,0.216789794,1.000151294,3.28E-05
Gunner Gouldsmith OAK,B,0.0072,0,-0.3,0.132,0.0164,0,9.678284182,-0.075,0.043,0.044622016,-0.077829098,0.224918828,1.037721301,0.008175828
Elaineiker Coronado TOR,L,0.0056,0,-0.3,0.132,0.0164,0,9.681697613,-0.075,0.043,0.043049451,-0.075086251,0.216978242,1.001150017,0.000249242
Luis Torres NA,R,0.0064,0,-0.3,0.132,-0.0824,0,9.682539683,-0.075,0.043,0.043093458,-0.075163008,0.217180005,1.002173445,0.000471005
Gavin Turley OAK,R,0.006,0,-0.3,0.132,-0.0492,0,9.688073394,-0.075,0.043,0.040922363,-0.071376215,0.206234436,0.951682868,-0.010470564
Josue Gonzalez NYA,R,0.0072,0,-0.3,0.132,-0.0824,0,9.681528662,-0.075,0.043,0.04465151,-0.077880541,0.22492004,1.03840721,0.00831904
Teo Banks WAS,R,0.0072,0,-0.3,0.132,0.0164,0,9.678284182,-0.075,0.043,0.043356642,-0.075622049,0.218383371,1.008293993,0.001796371
Felix Tena NA,R,0.0068,0,-0.3,0.132,-0.0492,0,9.686924494,-0.075,0.043,0.042933146,-0.074883393,0.216249262,0.998445246,-0.000336738
Kelvin Hidalgo COL,R,0.0108,0,-0.3,0.132,0.0492,0,9.677419355,-0.075,0.043,0.044029577,-0.076795774,0.221710423,1.023943651,0.005184423
Jose Colmenares NA,R,0.0056,0,-0.3,0.132,0.0824,0,9.661835749,-0.075,0.043,0.043307444,-0.07553624,0.218041904,1.00714987,0.001547904
Alberto Mendez NA,L,0.0064,0,-0.3,0.132,0.0164,0,9.68,-0.075,0.043,0.043183992,-0.075320916,0.217419347,1.004278877,0.000926347
Jose Caguana NA,R,0.006,0,-0.3,0.132,-0.0824,0,9.683042789,-0.075,0.043,0.042778964,-0.074614472,0.215359252,0.994859622,-0.001112748
William McGillis NA,R,0.0068,0,-0.3,0.132,0.0164,0,9.679144385,-0.075,0.043,0.042946335,-0.074906398,0.216116942,0.998751968,-0.000270058
Jean Perez NA,R,0.0076,0,-0.3,0.132,0.0164,0,9.677419355,-0.075,0.043,0.043057088,-0.075099572,0.216619207,1.001327621,0.000287207
Wyatt Crenshaw NA,L,0.0068,0,-0.3,0.132,-0.0492,0,9.686924494,-0.075,0.043,0.042706792,-0.074488591,0.214826091,0.99318122,-0.001474909
Yordalin PeÃ±a SLN,R,0.0084,0,-0.3,0.132,-0.0492,0,9.684601113,-0.075,0.043,0.041642085,-0.072631544,0.209441288,0.968420583,-0.006829712
Ty Hanchey SFN,L,0.0064,0,-0.3,0.132,0.0824,0,9.705882353,-0.075,0.043,0.042969021,-0.074945967,0.216089209,0.999279563,-0.000155791
Colin Houck NYN,R,0.006,0,-0.304,0.132,0.0164,0,9.689119171,-0.076,0.043,0.042312736,-0.074785301,0.212758276,0.984017113,-0.003455724
Victor Duarte SDN,R,0.0068,0,-0.304,0.132,0.0824,0,9.672897196,-0.076,0.043,0.045491856,-0.080404211,0.228726705,1.057950143,0.012528705
Joshua Caron SEA,R,0.0072,0,-0.304,0.132,0.0824,0,9.671361502,-0.076,0.043,0.043685717,-0.077211964,0.219639592,1.015946899,0.003447592
Colton Bender NA,R,0.0064,0,-0.304,0.132,-0.1152,0,9.682758621,-0.076,0.042,0.042045188,-0.076081768,0.216358529,1.001075896,0.000232529
Juan Montero BOS,R,0.0056,0,-0.304,0.132,-0.1152,0,9.683631362,-0.076,0.042,0.042098612,-0.07617844,0.216630434,1.002347894,0.000507434
Yeiker Reyes COL,L,0.0108,0,-0.304,0.132,0.0164,0,9.679144385,-0.076,0.042,0.042091381,-0.076165356,0.216503032,1.002175742,0.000470032
Luis Merejo CLE,R,0.006,0,-0.304,0.132,-0.0824,0,9.68798752,-0.076,0.042,0.041923215,-0.075861056,0.215628064,0.998171787,-0.000394936
Justin Miknis NA,L,0.0064,0,-0.304,0.132,-0.0824,0,9.6875,-0.076,0.042,0.041951714,-0.075912626,0.215716713,0.998850337,-0.000248287
Juan Jerez NA,R,0.0076,0,-0.304,0.132,-0.0824,0,9.686028257,-0.076,0.042,0.041961403,-0.075930157,0.215621665,0.999081017,-0.000198335
Connor Hujsak TBA,R,0.0092,0,-0.304,0.132,-0.0492,0,9.689213894,-0.076,0.042,0.0453509,-0.082063532,0.232991326,1.079783322,0.017215326
Edinson Duran NYA,R,0.0072,0,-0.304,0.132,-0.1152,0,9.681881051,-0.076,0.042,0.041900166,-0.075819348,0.215176308,0.997623003,-0.000512692
Jhoneiker Betancourt NA,R,0.0064,0,-0.304,0.132,-0.0824,0,9.6875,-0.076,0.042,0.042234576,-0.076424471,0.216892649,1.005585146,0.001204649
Eddy Rodriguez NA,R,0.0068,0,-0.304,0.132,-0.0492,0,9.675090253,-0.076,0.042,0.042015308,-0.0760277,0.215722597,1.000364476,7.86E-05
John Bay NYN,R,0.0076,0,-0.304,0.132,-0.0492,0,9.691470054,-0.076,0.042,0.045771876,-0.082825299,0.234967746,1.089806572,0.019362746
Edwin Sanchez HOU,R,0.0056,0,-0.304,0.132,-0.0824,0,9.68847352,-0.076,0.042,0.04177536,-0.075593508,0.214420985,0.994651419,-0.001153015
Jhonny Severino PIT,R,0.0068,0,-0.304,0.132,0.0164,0,9.6875,-0.076,0.042,0.043814972,-0.079284234,0.224882428,1.043213609,0.009315428
Jair Casanova NA,R,0.0068,0,-0.304,0.132,-0.0492,0,9.675090253,-0.076,0.042,0.042115445,-0.0762089,0.216097354,1.002748679,0.000592354
Manolfi Jimenez PHI,L,0.0064,0,-0.304,0.132,-0.0492,0,9.675675676,-0.076,0.042,0.041191808,-0.074537557,0.211345357,0.980757323,-0.004146643
Benjamin Newton OAK,B,0.006,0,-0.304,0.132,0.0164,0,9.689119171,-0.076,0.042,0.04216635,-0.076301015,0.216251132,1.003960724,0.000853132
Nathan Rombach WAS,R,0.0056,0,-0.304,0.132,0.0824,0,9.677419355,-0.076,0.042,0.041026767,-0.074238912,0.210356935,0.976827794,-0.004990065
Wyatt Sanford PIT,L,0.012,0,-0.304,0.132,0.0492,0,9.685314685,-0.076,0.042,0.044377143,-0.080301497,0.227524781,1.056598638,0.012187781
Elian Rayo NA,R,0.0052,0,-0.304,0.132,0.0164,0,9.690721649,-0.076,0.042,0.041868394,-0.075761857,0.214565553,0.996866535,-0.000674447
Aldrin Lucas NA,R,0.006,0,-0.304,0.132,-0.0824,0,9.68798752,-0.076,0.042,0.042053322,-0.076096488,0.215474215,1.001269581,0.000273215
Wilber Sanchez CHA,R,0.0096,0,-0.304,0.132,0.0492,0,9.691780822,-0.076,0.042,0.042070415,-0.076127418,0.215553783,1.001676555,0.000360783
Kleyver Salazar BOS,R,0.0052,0,-0.304,0.132,0.0824,0,9.678899083,-0.076,0.042,0.042212702,-0.076384889,0.216254666,1.005064327,0.001089666
Jamison Hobson COL,R,0.0124,0,-0.304,0.132,0.0164,0,9.675675676,-0.076,0.042,0.041317762,-0.074765474,0.211668927,0.983756237,-0.003495073
Barrett Riebock NA,L,0.0072,0,-0.304,0.132,-0.1152,0,9.681881051,-0.076,0.042,0.041995532,-0.075991915,0.215139112,0.999893624,-2.29E-05
Chandler Seagle NA,R,0.0016,0,-0.304,0.132,-0.1152,0,9.687924016,-0.076,0.042,0.041875413,-0.075774556,0.214505804,0.997033633,-0.000638196
Owen Cobb NYA,R,0.0104,0,-0.304,0.132,0.0164,0,9.68,-0.076,0.042,0.042653557,-0.077182627,0.218473551,1.015560885,0.003347551
Carlos Renzullo COL,B,0.0072,0,-0.304,0.132,-0.0492,0,9.674502712,-0.076,0.042,0.042726336,-0.077314322,0.218824965,1.017293717,0.003719965
Ricardo Hurtado DET,R,0.0048,0,-0.304,0.132,0.0824,0,9.680365297,-0.076,0.042,0.045524922,-0.08237843,0.233126622,1.083926714,0.018050622
Sergio Campana NA,R,0.0096,0,-0.308,0.132,0.0164,0,9.689922481,-0.077,0.041,0.041068465,-0.07712858,0.215239823,1.001669868,0.000358823
Marco Argudin TEX,L,0.0068,0,-0.308,0.132,0.0164,0,9.670886076,-0.077,0.041,0.040790521,-0.076606588,0.213761231,0.994890747,-0.001097769
Jorge Lara ARI,B,0.0072,0,-0.308,0.132,0.0164,0,9.694656489,-0.077,0.041,0.041001485,-0.077002789,0.21480378,1.00003622,7.78E-06
Ryan McCarthy NA,L,0.0072,0,-0.308,0.132,-0.0492,0,9.680284192,-0.077,0.041,0.041145165,-0.077272627,0.215506333,1.003540615,0.000760333
Jose Pastrano NA,B,0.0072,0,-0.308,0.132,0.0164,0,9.694656489,-0.077,0.041,0.040902366,-0.076816638,0.214143837,0.997618676,-0.000511163
Hyungchan Um KCA,R,0.0056,0,-0.308,0.132,0.0824,0,9.691629956,-0.077,0.041,0.041581408,-0.078091912,0.217641144,1.014180673,0.003043144
Nolan Beltran PHI,L,0.006,0,-0.308,0.132,0.0492,0,9.679487179,-0.077,0.041,0.043194532,-0.081121438,0.226023291,1.053525175,0.011483291
Richard Ramirez PIT,R,0.0056,0,-0.308,0.132,0.0824,0,9.691629956,-0.077,0.041,0.041340647,-0.077639752,0.216286199,1.008308465,0.001782199
Luis Mendez COL,L,0.0072,0,-0.308,0.132,-0.0824,0,9.67642527,-0.077,0.041,0.040781469,-0.076589588,0.213341789,0.994669972,-0.001143211
Carlos Virahonda ARI,R,0.0052,0,-0.308,0.132,0.0824,0,9.692982456,-0.077,0.041,0.041676539,-0.078270574,0.218021159,1.01650096,0.003539159
Devin Hurdle NA,R,0.0072,0,-0.308,0.132,0.0164,0,9.694656489,-0.077,0.041,0.041137974,-0.077259122,0.215188728,1.003365217,0.000721728
Jose Ortiz SFN,R,0.0068,0,-0.308,0.132,-0.0492,0,9.680851064,-0.077,0.041,0.041245285,-0.077460658,0.215732962,1.005982569,0.001282962
Daneurys De La Cruz NA,R,0.0068,0,-0.308,0.132,-0.0824,0,9.676923077,-0.077,0.041,0.040973297,-0.076949851,0.214297339,0.999348708,-0.000139661
Kalae Harrison NA,L,0.0084,0,-0.308,0.132,0.0164,0,9.692307692,-0.077,0.041,0.041004281,-0.077008041,0.214444391,1.000104425,2.24E-05
Jesus Fernandez OAK,R,0.0068,0,-0.308,0.132,0.0492,0,9.677419355,-0.077,0.041,0.040685162,-0.076408719,0.212766528,0.992321025,-0.001646472
Justin Williams NA,R,0.0064,0,-0.308,0.132,-0.0824,0,9.677419355,-0.077,0.041,0.040903985,-0.076819679,0.213874964,0.997658163,-0.000502036
Randal Diaz WAS,R,0.0092,0,-0.308,0.132,0.0164,0,9.690721649,-0.077,0.041,0.043262665,-0.081249395,0.226177213,1.055186953,0.011829213
Dillon Tatum NA,R,0.0068,0,-0.308,0.132,0.0824,0,9.6875,-0.077,0.041,0.041140889,-0.077264596,0.215050449,1.003436308,0.000736449
Alexis Hernandez CHN,R,0.008,0,-0.308,0.132,0.0164,0,9.693094629,-0.077,0.041,0.040190141,-0.075479045,0.2100474,0.98024734,-0.0042326
Rafael Cruz NA,R,0.0068,0,-0.308,0.132,-0.0824,0,9.676923077,-0.077,0.041,0.041137486,-0.077258205,0.214917276,1.003353312,0.000718276
Enyervert Perez ARI,R,0.0056,0,-0.308,0.132,-0.0824,0,9.678407351,-0.077,0.041,0.039851768,-0.074843564,0.208181748,0.971994341,-0.005998252
Elijah Green WAS,R,0.0096,0,-0.308,0.132,0.0164,0,9.689922481,-0.077,0.041,0.039539533,-0.074257172,0.206464833,0.964378853,-0.007626167
Elis Barreat NA,R,0.0072,0,-0.308,0.132,0.0164,0,9.694656489,-0.077,0.041,0.04092851,-0.076865739,0.213692743,0.998256346,-0.000373257
Luis Chevalier NA,B,0.0068,0,-0.312,0.132,0.0164,0,9.679012346,-0.078,0.041,0.041048797,-0.078092834,0.213984377,1.001190179,0.000254377
Ryan Stafford BAL,R,0.0104,0,-0.312,0.132,0.0824,0,9.688888889,-0.078,0.041,0.04042574,-0.076907505,0.21072755,0.985993655,-0.00299345
Bryan Andrade OAK,R,0.0056,0,-0.312,0.132,0.0164,0,9.681372549,-0.078,0.04,0.040920903,-0.07979576,0.21853092,1.023022569,0.00491792
Benjamin Blackwell NA,R,0.0088,0,-0.312,0.132,0.0164,0,9.675,-0.078,0.04,0.039972273,-0.077945931,0.213460929,0.999306813,-0.000148071
German Ortiz OAK,L,0.0056,0,-0.312,0.132,-0.0824,0,9.683257919,-0.078,0.04,0.040043586,-0.078084993,0.213762675,1.00108966,0.000232675
Geraldi Diaz WAS,L,0.0068,0,-0.312,0.132,0.0824,0,9.700854701,-0.078,0.04,0.040077935,-0.078151973,0.213943031,1.001948377,0.000416031
Max Durrington OAK,L,0.0068,0,-0.312,0.132,0.0164,0,9.679012346,-0.078,0.04,0.040208347,-0.078406277,0.214623111,1.005208682,0.001112111
Miguel Sosa PIT,R,0.0068,0,-0.312,0.132,-0.0492,0,9.68641115,-0.078,0.04,0.040308092,-0.07860078,0.215135373,1.007702306,0.001644373
Angel Cepeda CHN,R,0.0084,0,-0.312,0.132,0.0164,0,9.675810474,-0.078,0.04,0.039947528,-0.07789768,0.213148026,0.998688204,-0.000279974
Jeremy Celedonio NA,R,0.0068,0,-0.312,0.132,-0.1152,0,9.677852349,-0.078,0.04,0.039957687,-0.077917491,0.213200235,0.998942186,-0.000225765
Diosfran Cabeza ARI,B,0.006,0,-0.312,0.132,-0.0824,0,9.682779456,-0.078,0.04,0.040046918,-0.07809149,0.213666325,1.001172944,0.000250325
Alvaro Aguero NA,R,0.0076,0,-0.312,0.132,0.0164,0,9.677419355,-0.078,0.04,0.039897889,-0.077800883,0.21286521,0.997447214,-0.00054479
Stanley Tucker BOS,R,0.0088,0,-0.312,0.132,-0.0492,0,9.683655536,-0.078,0.04,0.040898256,-0.079751598,0.218197306,1.02245639,0.004792306
Jeral Toledo NA,B,0.0064,0,-0.312,0.132,0.0164,0,9.679802956,-0.078,0.04,0.039763941,-0.077539685,0.212103843,0.994098522,-0.001259157
Alexander Benua ARI,R,0.0064,0,-0.312,0.132,-0.0492,0,9.686956522,-0.078,0.04,0.040043164,-0.07808417,0.213551196,1.001079106,0.000230196
Jarrod Belbin NA,L,0.0068,0,-0.312,0.132,-0.0824,0,9.681818182,-0.078,0.04,0.039932681,-0.077868728,0.212848179,0.99831703,-0.000358821
Jeremy Rodriguez NYN,L,0.01,0,-0.312,0.132,0.0492,0,9.679487179,-0.078,0.04,0.039811337,-0.077632107,0.212200398,0.995283425,-0.001005602
Anthony Quirion NA,R,0.0068,0,-0.312,0.132,0.0824,0,9.700854701,-0.078,0.04,0.040063644,-0.078124106,0.213544232,1.001591107,0.000339232
John McHenry NA,B,0.0076,0,-0.312,0.132,-0.0492,0,9.685314685,-0.078,0.04,0.039999728,-0.077999471,0.213162553,0.999993212,-1.45E-06
Angel Galarraga NA,L,0.0068,0,-0.312,0.132,0.0824,0,9.700854701,-0.078,0.04,0.039905899,-0.077816503,0.212643571,0.997647475,-0.000501429
Hudson White BOS,R,0.0052,0,-0.312,0.132,0.0824,0,9.665271967,-0.078,0.04,0.040164891,-0.078321538,0.214001554,1.004122286,0.000878554
Robert Lopez NA,L,0.0056,0,-0.312,0.132,-0.0824,0,9.683257919,-0.078,0.04,0.04017335,-0.078338032,0.214042603,1.004333743,0.000923603
Juan Sulbaran TEX,R,0.006,0,-0.312,0.132,0.0824,0,9.703389831,-0.078,0.04,0.039020092,-0.07608918,0.207863934,0.975502309,-0.005220066
Jorgelys Mota WAS,R,0.0092,0,-0.312,0.132,0.0164,0,9.674185464,-0.078,0.04,0.040299821,-0.07858465,0.21462274,1.007495517,0.00159674
Carlos Gutierrez NA,L,0.0076,0,-0.312,0.132,-0.0492,0,9.685314685,-0.078,0.04,0.039950121,-0.077902735,0.212725403,0.998753013,-0.000265597
Keoni Cavaco NA,R,0.0064,0,-0.312,0.132,-0.0824,0,9.682299546,-0.078,0.04,0.040388559,-0.078757689,0.215025657,1.009713966,0.002068657
Nehomar Ochoa HOU,R,0.0072,0,-0.312,0.132,-0.0492,0,9.685863874,-0.078,0.04,0.040809694,-0.079578903,0.217242242,1.02024234,0.004310242
Enzo Paulino NA,L,0.0068,0,-0.312,0.132,-0.0824,0,9.681818182,-0.078,0.04,0.040225508,-0.078439741,0.214128424,1.005637699,0.001200424
Luis Arana MIA,B,0.0088,0,-0.312,0.132,0.0492,0,9.682539683,-0.078,0.04,0.040132318,-0.07825802,0.213614295,1.003307947,0.000704295
Alberto Rios LAA,R,0.006,0,-0.312,0.132,0.0824,0,9.703389831,-0.078,0.04,0.039874962,-0.077756176,0.212206572,0.996874046,-0.000665428
Fernando Gonzalez SFN,R,0.006,0,-0.312,0.132,0.0824,0,9.703389831,-0.078,0.04,0.041147808,-0.080238226,0.218963946,1.028695202,0.006107946
Simon Juan NYN,R,0.0076,0,-0.312,0.132,-0.0492,0,9.685314685,-0.078,0.04,0.038454112,-0.074985518,0.204611446,0.9613528,-0.008225554
Miguel Pabon NA,R,0.0056,0,-0.312,0.132,0.0824,0,9.663865546,-0.078,0.04,0.040080037,-0.078156073,0.21325185,1.00200093,0.00042585
Andrew Salas MIA,B,0.0112,0,-0.312,0.132,0.0164,0,9.694656489,-0.078,0.04,0.03835883,-0.074799719,0.204066099,0.958970751,-0.008730901
Nikau Pouaka-Grego PHI,L,0.0056,0,-0.312,0.132,0.0164,0,9.681372549,-0.078,0.04,0.041047918,-0.080043441,0.218218944,1.026197961,0.005570944
Alexander Ramirez CHN,R,0.0068,0,-0.312,0.132,-0.0492,0,9.68641115,-0.078,0.04,0.040937657,-0.079828432,0.217620492,1.02344143,0.004984492
Fadriel Cruz NA,L,0.0076,0,-0.312,0.132,-0.0492,0,9.685314685,-0.078,0.04,0.04014341,-0.078279649,0.213388316,1.003585244,0.000762316
Jhonny Perdomo NA,R,0.0108,0,-0.312,0.132,0.0164,0,9.670886076,-0.078,0.04,0.039833681,-0.077675678,0.211679168,0.995842023,-0.000883832
Yerald Nin ARI,L,0.0092,0,-0.312,0.132,0.0164,0,9.674185464,-0.078,0.04,0.040816892,-0.079592939,0.21689178,1.020422299,0.00434078
John Cruz MIA,L,0.0076,0,-0.316,0.132,-0.0492,0,9.690721649,-0.079,0.04,0.04034152,-0.079674502,0.214272976,1.008538005,0.001813976
Garrett Howe CLE,L,0.0112,0,-0.316,0.132,0.0164,0,9.678217822,-0.079,0.04,0.038849116,-0.076727004,0.206327656,0.971227904,-0.006112344
Dariel Ramon TOR,R,0.0076,0,-0.316,0.132,0.0492,0,9.695121951,-0.079,0.04,0.041632198,-0.082223591,0.221094031,1.040804944,0.008668031
Caden Powell HOU,R,0.0104,0,-0.316,0.132,-0.1152,0,9.678284182,-0.079,0.039,0.040227371,-0.081486212,0.219061757,1.031471042,0.006683757
Jacob Friend CIN,L,0.0064,0,-0.316,0.132,0.0824,0,9.674796748,-0.079,0.039,0.04113112,-0.083316883,0.223965274,1.054644092,0.011604274
Braylin Tavera BAL,R,0.008,0,-0.316,0.132,0.0164,0,9.684466019,-0.079,0.039,0.040489968,-0.08201814,0.220464759,1.038204298,0.008112759
Albert Feliz NA,R,0.0048,0,-0.316,0.132,-0.0824,0,9.688888889,-0.079,0.039,0.039108776,-0.079220341,0.212907173,1.002789125,0.000592173
Ronny Ugarte COL,L,0.0052,0,-0.316,0.132,-0.0824,0,9.6884273,-0.079,0.039,0.039380763,-0.079771289,0.214338385,1.009763151,0.002072385
Isaac Pena NA,B,0.0072,0,-0.316,0.132,0.0164,0,9.685990338,-0.079,0.039,0.039114946,-0.079232839,0.212875571,1.002947331,0.000625571
Robert Robertis NA,L,0.0068,0,-0.316,0.132,-0.0492,0,9.675213675,-0.079,0.039,0.039052941,-0.07910724,0.212503076,1.001357472,0.000288076
Luis Cova MIA,R,0.0104,0,-0.316,0.132,0.0164,0,9.679802956,-0.079,0.039,0.038835071,-0.078665913,0.21129266,0.995771054,-0.00089734
Breyson Guedez OAK,L,0.0056,0,-0.316,0.132,-0.0492,0,9.676870748,-0.079,0.039,0.041086206,-0.083225905,0.223520551,1.053492471,0.011349551
Paulino Santana TEX,R,0.0072,0,-0.316,0.132,-0.0492,0,9.691252144,-0.079,0.039,0.040657104,-0.082356698,0.221127733,1.042489843,0.009012733
Yhoangel Aponte TOR,R,0.0064,0,-0.316,0.132,0.0164,0,9.6875,-0.079,0.039,0.038801797,-0.078598512,0.210851951,0.994917878,-0.001077049
Juan Santander NA,R,0.0068,0,-0.316,0.132,-0.0824,0,9.686567164,-0.079,0.039,0.039244301,-0.079494865,0.213225354,1.006264118,0.001327354
Max Holy HOU,R,0.0132,0,-0.316,0.132,0.0492,0,9.681528662,-0.079,0.039,0.041083168,-0.083219751,0.223200638,1.053414564,0.011317638
Angel Del Rosario NA,R,0.0172,0,-0.316,0.132,0.0492,0,9.671052632,-0.079,0.039,0.039096213,-0.079194892,0.212337545,1.002466988,0.000522545
Luis Pino SLN,R,0.0056,0,-0.316,0.132,-0.0492,0,9.676870748,-0.079,0.039,0.038201672,-0.077382873,0.20747132,0.979530044,-0.00433568
Angelo DiSpigna NA,L,0.0068,0,-0.316,0.132,-0.0492,0,9.675213675,-0.079,0.039,0.038944743,-0.07888807,0.211471953,0.99858316,-0.000300047
Cristian Garcia NA,B,0.006,0,-0.316,0.132,0.0164,0,9.6882494,-0.079,0.039,0.039024693,-0.079050019,0.211871062,1.000633153,0.000134062
Diego Omana CIN,R,0.0052,0,-0.316,0.132,0.0824,0,9.678714859,-0.079,0.039,0.038418414,-0.077821916,0.208454376,0.985087548,-0.003155624
Nicholas Schwartz OAK,R,0.0056,0,-0.316,0.132,0.0824,0,9.677419355,-0.079,0.039,0.039136697,-0.0792769,0.21229852,1.00350506,0.00074152
Clayton Campbell DET,R,0.0056,0,-0.316,0.132,-0.0824,0,9.687964339,-0.079,0.039,0.040960015,-0.082970287,0.222161871,1.050256799,0.010630871
Owen Ayers CHN,B,0.0064,0,-0.316,0.132,0.0824,0,9.674796748,-0.079,0.039,0.050404175,-0.102100764,0.273372858,1.292414739,0.061851858
Adrian De Leon ARI,R,0.0052,0,-0.316,0.132,0.0824,0,9.678714859,-0.079,0.039,0.043034045,-0.087171528,0.233341628,1.103437059,0.021873628
Santiago Gomez NYA,R,0.0108,0,-0.316,0.132,0.0164,0,9.679012346,-0.079,0.039,0.037890521,-0.076752595,0.20540646,0.971551833,-0.00601454
Brian Friedrick NA,L,0.006,0,-0.316,0.132,-0.0824,0,9.6875,-0.079,0.039,0.038908259,-0.078814165,0.210899722,0.997647658,-0.000497278
Waner Luciano HOU,R,0.0068,0,-0.316,0.132,0.0164,0,9.686746988,-0.079,0.039,0.039031332,-0.079063467,0.211445736,1.000803385,0.000169736
Christian Gonzalez CHA,L,0.0068,0,-0.32,0.132,-0.0492,0,9.680672269,-0.08,0.039,0.03888126,-0.079756431,0.210604832,0.996955389,-0.000643168
Jared Thomas NA,L,0.0068,0,-0.32,0.132,0.0824,0,9.68627451,-0.08,0.038,0.038156962,-0.080330446,0.211907701,1.00413058,0.000871701
Henry Ramos KCA,L,0.0092,0,-0.32,0.132,-0.0492,0,9.677419355,-0.08,0.038,0.039236005,-0.082602117,0.21786618,1.032526457,0.00686318
Marcos De La Rosa NA,B,0.008,0,-0.32,0.132,0.0164,0,9.691943128,-0.08,0.038,0.038008581,-0.080018066,0.211022643,1.000225823,4.76E-05
Nicholas Lucky NA,L,0.008,0,-0.32,0.132,0.0492,0,9.674556213,-0.08,0.038,0.038162908,-0.080342964,0.211846319,1.00428705,0.000904319
Addison Kopack NA,R,0.0072,0,-0.32,0.132,0.0824,0,9.68503937,-0.08,0.038,0.037958531,-0.079912697,0.210674841,0.998908708,-0.000230159
Enderso Lira NA,R,0.006,0,-0.32,0.132,0.0824,0,9.688715953,-0.08,0.038,0.03789174,-0.079772083,0.210288186,0.997151042,-0.000600814
Jose Monzon TBA,L,0.0068,0,-0.32,0.132,0.0164,0,9.694117647,-0.08,0.038,0.036822035,-0.077520073,0.204242137,0.969000916,-0.006533863
Marco Soto NA,R,0.0072,0,-0.32,0.132,0.0164,0,9.693396226,-0.08,0.038,0.038321133,-0.08067607,0.212485641,1.008450872,0.001780641
D'Angelo Ortiz BOS,R,0.0064,0,-0.32,0.132,-0.0824,0,9.677419355,-0.08,0.038,0.038342331,-0.080720697,0.212563829,1.00900871,0.001897829
Mairoshendrick Martinus LAN,R,0.0076,0,-0.32,0.132,0.0164,0,9.692671395,-0.08,0.038,0.038284677,-0.080599319,0.212230097,1.007491488,0.001578097
Beycker Barroso TEX,R,0.0072,0,-0.32,0.132,0.0824,0,9.68503937,-0.08,0.038,0.038164224,-0.080345734,0.211551322,1.004321675,0.000910322
Dionmy Salon NA,R,0.006,0,-0.32,0.132,0.0824,0,9.688715953,-0.08,0.038,0.038033746,-0.080071045,0.210802038,1.000888056,0.000187038
Kyle Battle NA,R,0.008,0,-0.32,0.132,-0.0492,0,9.679054054,-0.08,0.038,0.038100818,-0.080212247,0.211136683,1.002653093,0.000558683
Jack Alexander NA,R,0.0068,0,-0.32,0.132,0.0824,0,9.68627451,-0.08,0.038,0.038041007,-0.08008633,0.210788222,1.001079127,0.000227222
Ichiro Cano CIN,L,0.006,0,-0.32,0.132,-0.0824,0,9.677891654,-0.08,0.038,0.03883398,-0.081755747,0.215045208,1.021946841,0.004618208
Julio Henriquez MIA,R,0.0092,0,-0.32,0.132,-0.0824,0,9.6884273,-0.08,0.038,0.039467745,-0.083089989,0.218553675,1.038624861,0.008127675
Jose Escorche NA,R,0.0076,0,-0.32,0.132,0.0164,0,9.692671395,-0.08,0.038,0.037908882,-0.079808173,0.20991046,0.997602167,-0.00050454
Wesley Zapata NA,B,0.0072,0,-0.32,0.132,0.0164,0,9.693396226,-0.08,0.038,0.037949205,-0.079893063,0.210088795,0.998663284,-0.000281205
Josmir Reyes NYN,L,0.006,0,-0.32,0.132,0.0824,0,9.688715953,-0.08,0.038,0.0379979,-0.079995579,0.210346376,0.999944742,-1.16E-05
Odalys Peguero NA,B,0.0088,0,-0.32,0.132,-0.0492,0,9.677966102,-0.08,0.038,0.038123092,-0.08025914,0.21099225,1.00323925,0.00068125
Jason Hinchman NA,R,0.0064,0,-0.32,0.132,-0.0824,0,9.677419355,-0.08,0.038,0.038001566,-0.080003298,0.210241666,1.000041221,8.67E-06
Jose Rodriguez NA,R,0.0056,0,-0.32,0.132,-0.0492,0,9.682274247,-0.08,0.038,0.037984041,-0.079966402,0.210123716,0.999580024,-8.83E-05
Leosdany Molina NA,R,0.0076,0,-0.32,0.132,0.0492,0,9.675516224,-0.08,0.038,0.038019421,-0.080040886,0.210311429,1.00051107,0.000107429
Javier Francisco NA,R,0.0064,0,-0.32,0.132,0.0164,0,9.672131148,-0.08,0.038,0.038217706,-0.080458329,0.211378111,1.005729115,0.001204111
Braden Barry TOR,R,0.0088,0,-0.32,0.132,0.0164,0,9.69047619,-0.08,0.038,0.037854156,-0.07969296,0.209334479,0.996162001,-0.000806521
Frederik Jimenez BOS,B,0.0068,0,-0.32,0.132,-0.0824,0,9.676945668,-0.08,0.038,0.037533147,-0.079017152,0.207536574,0.987714399,-0.002581426
Yeniel Laboy NA,L,0.0064,0,-0.32,0.132,0.0164,0,9.672131148,-0.08,0.038,0.038063734,-0.080134177,0.210401297,1.001677213,0.000352297
Gregory Duran MIN,L,0.0064,0,-0.324,0.132,-0.0824,0,9.682080925,-0.081,0.038,0.038151738,-0.081323441,0.210819474,1.003993095,0.000838474
Cole Foster SFN,B,0.006,0,-0.324,0.132,0.0164,0,9.680365297,-0.081,0.038,0.03792132,-0.080832287,0.209542236,0.997929468,-0.000434764
Carlos Sanchez MIA,B,0.0056,0,-0.324,0.132,0.0824,0,9.665427509,-0.081,0.038,0.039698006,-0.084619434,0.219315814,1.044684374,0.009380814
Nicolas Deschamps TOR,L,0.0056,0,-0.324,0.132,0.0824,0,9.665427509,-0.081,0.037,0.036898969,-0.080778823,0.209340814,0.997269425,-0.000573186
Renny Hidalgo NA,R,0.008,0,-0.324,0.132,-0.0492,0,9.684385382,-0.081,0.037,0.03721706,-0.081475185,0.21111528,1.005866479,0.00123128
Dylan Grego SDN,B,0.0064,0,-0.324,0.132,0.0164,0,9.679633867,-0.081,0.037,0.03637059,-0.079622101,0.206287103,0.982988907,-0.003569897
Matthew Clayton NA,R,0.0064,0,-0.324,0.132,0.0824,0,9.69924812,-0.081,0.037,0.037184915,-0.081404815,0.21089877,1.004997713,0.00104877
Kale Fountain SDN,R,0.008,0,-0.324,0.132,-0.0824,0,9.680232558,-0.081,0.037,0.03708865,-0.081194072,0.210291644,1.00239595,0.000502644
Anthony Huezo HOU,L,0.008,0,-0.324,0.132,-0.0492,0,9.684385382,-0.081,0.037,0.037333504,-0.081730104,0.211584105,1.009013634,0.001890105
Ricardo Gonzalez TBA,B,0.008,0,-0.324,0.132,0.0492,0,9.683908046,-0.081,0.037,0.037125887,-0.08127559,0.210325173,1.003402348,0.000713173
Cristhian Rodriguez NA,L,0.0072,0,-0.324,0.132,0.0164,0,9.67816092,-0.081,0.037,0.037169608,-0.081371305,0.210567841,1.004584012,0.000960841
Jefferson Encarnacion NA,L,0.0064,0,-0.324,0.132,-0.0492,0,9.686468647,-0.081,0.037,0.037122616,-0.081268429,0.210178218,1.003313943,0.000694218
Brennon McNair KCA,R,0.0068,0,-0.324,0.132,-0.0492,0,9.685950413,-0.081,0.037,0.037071699,-0.081156963,0.209886936,1.001937818,0.000405936
Yaxson Lucena SLN,L,0.0056,0,-0.324,0.132,-0.0492,0,9.6875,-0.081,0.037,0.036900396,-0.080781947,0.20886721,0.997307992,-0.00056379
James Jackson NYA,L,0.0068,0,-0.324,0.132,0.0492,0,9.686609687,-0.081,0.037,0.038035527,-0.083266966,0.215250246,1.02798723,0.005860246
Diego Gonzalez NA,R,0.0056,0,-0.324,0.132,0.0492,0,9.689265537,-0.081,0.037,0.036888756,-0.080756465,0.208670717,0.996993392,-0.000629283
Alberto Hernandez HOU,R,0.0084,0,-0.324,0.132,0.0164,0,9.675925926,-0.081,0.037,0.037217767,-0.081476733,0.210529844,1.005885599,0.001231844
Cristian Feliz NA,L,0.006,0,-0.324,0.132,-0.0824,0,9.682539683,-0.081,0.037,0.037124003,-0.081271467,0.209967343,1.003351443,0.000701343
Ethan Lege NA,R,0.0064,0,-0.324,0.132,-0.0824,0,9.682080925,-0.081,0.037,0.036959772,-0.080911932,0.208761776,0.998912747,-0.000227224
Chandler Pollard TEX,R,0.0132,0,-0.324,0.132,0.0164,0,9.68973747,-0.081,0.037,0.038938417,-0.085243561,0.219868402,1.052389646,0.010945402
Juan Mateo ATL,L,0.0068,0,-0.324,0.132,0.0164,0,9.678899083,-0.081,0.037,0.037560638,-0.082227342,0.212088679,1.015152372,0.003165679
Angel Abreu CLE,R,0.006,0,-0.324,0.132,-0.0492,0,9.686985173,-0.081,0.037,0.037030065,-0.081065818,0.209015701,1.000812565,0.000169701
Enderson Delgado DET,B,0.0052,0,-0.324,0.132,0.0824,0,9.666666667,-0.081,0.037,0.037122201,-0.081267521,0.209506665,1.003302724,0.000689665
Dylan Fien OAK,B,0.0048,0,-0.324,0.132,0.0824,0,9.667896679,-0.081,0.037,0.038956008,-0.085282071,0.219844545,1.052865076,0.011038545
Hunter Haas TBA,R,0.0064,0,-0.328,0.132,0.0164,0,9.686800895,-0.082,0.037,0.036965505,-0.081923551,0.208523411,0.999067694,-0.000194589
Elvis Rijo NA,R,0.0064,0,-0.328,0.132,0.0164,0,9.686800895,-0.082,0.036,0.036298556,-0.082680045,0.210396516,1.008293234,0.001730516
Jayvhon Blackmon NA,L,0.008,0,-0.328,0.132,-0.0492,0,9.689542484,-0.082,0.036,0.036010814,-0.082024632,0.208725681,1.000300393,6.27E-05
Marlon Quintero LAA,R,0.0064,0,-0.328,0.132,0.0824,0,9.675090253,-0.082,0.036,0.036140561,-0.082320167,0.209467681,1.003904478,0.000814681
Deivis Nadal NA,L,0.0084,0,-0.328,0.132,-0.0492,0,9.68903437,-0.082,0.036,0.036190493,-0.082433902,0.209753063,1.005291485,0.001104063
Noah Williams NA,B,0.0068,0,-0.328,0.132,-0.0492,0,9.675324675,-0.082,0.036,0.036122741,-0.082279576,0.209337303,1.003409465,0.000711303
Chase Valentine NA,R,0.0076,0,-0.328,0.132,0.0164,0,9.684684685,-0.082,0.036,0.036168674,-0.082384202,0.209509055,1.004685396,0.000977055
Ian Farrow NA,R,0.0056,0,-0.328,0.132,-0.0492,0,9.676898223,-0.082,0.036,0.035980269,-0.081955056,0.208400714,0.999451905,-0.000114286
Douglas Glod ATL,R,0.0052,0,-0.328,0.132,-0.0492,0,9.677419355,-0.082,0.036,0.036156347,-0.082356124,0.209393459,1.004342979,0.000905459
Anderson Suriel NA,L,0.0068,0,-0.328,0.132,-0.0492,0,9.675324675,-0.082,0.036,0.035946111,-0.081877252,0.208166922,0.998503072,-0.000312078
Moises Gallardo NA,R,0.0072,0,-0.328,0.132,-0.0492,0,9.690553746,-0.082,0.036,0.036110032,-0.082250628,0.209089122,1.003056445,0.000637122
Jose Hernandez NA,R,0.0072,0,-0.328,0.132,0.0824,0,9.672727273,-0.082,0.036,0.036006774,-0.082015429,0.208486222,1.000188163,3.92E-05
Carlos Garces CLE,B,0.0068,0,-0.328,0.132,0.0164,0,9.686098655,-0.082,0.036,0.035874414,-0.081713944,0.207684957,0.996511511,-0.000727043
Abel Bastidas NA,B,0.0052,0,-0.328,0.132,0.0164,0,9.688888889,-0.082,0.036,0.036129363,-0.08229466,0.20911073,1.00359341,0.00074873
Jose Alpuria ARI,R,0.0092,0,-0.328,0.132,0.0164,0,9.681818182,-0.082,0.036,0.035776631,-0.081491215,0.207060232,0.993795299,-0.001292768
Eriel Dihigo COL,R,0.0064,0,-0.328,0.132,0.0164,0,9.686800895,-0.082,0.036,0.035789402,-0.081520304,0.207087421,0.994150053,-0.001218579
George Feliz SEA,R,0.0056,0,-0.328,0.132,0.0164,0,9.688195991,-0.082,0.036,0.035955478,-0.08189859,0.208041394,0.998763287,-0.000257606
Weston Eberly NA,R,0.0064,0,-0.328,0.132,0.0824,0,9.675090253,-0.082,0.036,0.035915505,-0.081807539,0.20780312,0.99765291,-0.00048888
Junior Garcia ATL,L,0.0064,0,-0.328,0.132,0.0164,0,9.686800895,-0.082,0.036,0.035457318,-0.080763891,0.205134373,0.984925497,-0.003139627
Rafael Ramirez Jr. WAS,L,0.0072,0,-0.328,0.132,0.0164,0,9.685393258,-0.082,0.036,0.036169846,-0.082386871,0.209208398,1.004717941,0.000982398
Carlos Arroyo NA,R,0.0076,0,-0.328,0.132,0.0164,0,9.684684685,-0.082,0.036,0.035943591,-0.081871514,0.207875767,0.998433094,-0.000326233
Joel Mendez NA,R,0.0056,0,-0.328,0.132,-0.0492,0,9.676898223,-0.082,0.036,0.036193347,-0.0824404,0.209275962,1.005370738,0.001117962
Juan Gonzalez CHA,R,0.0064,0,-0.328,0.132,0.0824,0,9.675090253,-0.082,0.036,0.035449139,-0.080745262,0.204966924,0.984698317,-0.003185076
Alain Camou NA,L,0.0068,0,-0.328,0.132,0.0164,0,9.686098655,-0.082,0.036,0.035840752,-0.081637269,0.207196384,0.99557645,-0.000920616
Jose Contreras NA,R,0.0064,0,-0.328,0.132,-0.0492,0,9.675850891,-0.082,0.036,0.035938772,-0.081860536,0.207650231,0.99829922,-0.000353769
Junior Sanchez NA,L,0.0076,0,-0.328,0.132,0.0164,0,9.684684685,-0.082,0.036,0.036035838,-0.082081631,0.208081939,1.000995497,0.000206939
Luis Morejon COL,R,0.0064,0,-0.328,0.132,-0.0492,0,9.675850891,-0.082,0.036,0.035860034,-0.08168119,0.207020975,0.996112068,-0.000808025
Dakota Kotowski NA,R,0.0068,0,-0.328,0.132,-0.0824,0,9.686162625,-0.082,0.036,0.036182756,-0.082416277,0.208771486,1.005076551,0.001054486
Josueth Quinonez DET,R,0.006,0,-0.328,0.132,0.0164,0,9.6875,-0.082,0.036,0.035796892,-0.081537365,0.206485423,0.994358115,-0.001171577
Luis Freitez OAK,R,0.0056,0,-0.328,0.132,-0.0492,0,9.676898223,-0.082,0.036,0.036178234,-0.082405978,0.208612744,1.004950955,0.001027744
Jeffry Rosa NA,R,0.006,0,-0.328,0.132,-0.0492,0,9.676375405,-0.082,0.036,0.036189184,-0.082430919,0.208675882,1.00525511,0.001090882
Caleb Pendleton LAA,R,0.0064,0,-0.328,0.132,-0.0824,0,9.686609687,-0.082,0.036,0.036034512,-0.082078611,0.207773995,1.000958666,0.000198995
Brock Tibbitts TOR,R,0.0064,0,-0.328,0.132,0.0824,0,9.675090253,-0.082,0.036,0.036208516,-0.082474953,0.208755169,1.005792106,0.001202169
Nicholas Clarno NA,R,0.0068,0,-0.332,0.132,0.0824,0,9.685314685,-0.083,0.036,0.035874524,-0.082710708,0.206808658,0.996514552,-0.000723342
Dixon Williams ATL,L,0.0072,0,-0.332,0.132,0.0164,0,9.692307692,-0.083,0.035,0.039877006,-0.094565471,0.23633848,1.13934302,0.02890448
Tyson Lewis CIN,L,0.0084,0,-0.332,0.132,0.0164,0,9.690265487,-0.083,0.035,0.034010668,-0.08065387,0.201551107,0.971733379,-0.005862893
Juan Martinez MIL,B,0.0076,0,-0.332,0.132,0.0164,0,9.691629956,-0.083,0.035,0.03495766,-0.082899593,0.20711115,0.99879028,-0.00025085
Yoiber Ocopio SDN,R,0.006,0,-0.332,0.132,0.0824,0,9.6875,-0.083,0.035,0.035200385,-0.083475199,0.208422486,1.005725289,0.001186486
Johan Benitez NA,B,0.0068,0,-0.332,0.132,-0.0824,0,9.676966292,-0.083,0.035,0.035261066,-0.0836191,0.208697155,1.00745904,0.001545155
Richard Paz NA,L,0.0072,0,-0.332,0.132,0.0824,0,9.684210526,-0.083,0.035,0.03498694,-0.082969029,0.207067706,0.99962686,-7.73E-05
Jose Mejia ARI,R,0.0088,0,-0.332,0.132,0.0164,0,9.689578714,-0.083,0.035,0.042209869,-0.10009769,0.24977871,1.205996263,0.04266471
Byungyong Choi NA,L,0.0064,0,-0.332,0.132,0.0164,0,9.672489083,-0.083,0.035,0.034805512,-0.082538787,0.205941234,0.994443214,-0.001150766
Nomar Fana NA,B,0.0068,0,-0.332,0.132,-0.0492,0,9.680511182,-0.083,0.035,0.035022696,-0.083053821,0.207214281,1.00064845,0.000134281
Juan Castillo COL,R,0.0056,0,-0.332,0.132,0.0824,0,9.688581315,-0.083,0.035,0.03373179,-0.07999253,0.199351985,0.963765416,-0.007495015
Bryan Acuna MIN,R,0.0072,0,-0.332,0.132,0.0164,0,9.692307692,-0.083,0.035,0.035819307,-0.084942929,0.211649123,1.02340878,0.004841123
Malvin Valdez CIN,R,0.0076,0,-0.332,0.132,-0.0492,0,9.679487179,-0.083,0.035,0.03514315,-0.083339471,0.207598622,1.004090011,0.000845622
Griffin Burkholder PHI,R,0.006,0,-0.332,0.132,-0.0492,0,9.681528662,-0.083,0.035,0.033995012,-0.080616742,0.200746371,0.971286045,-0.005934629
Luke Dickerson WAS,R,0.0088,0,-0.332,0.132,0.0492,0,9.673024523,-0.083,0.035,0.035737631,-0.08474924,0.211006207,1.02107518,0.004355207
Jesus Lopez TEX,L,0.006,0,-0.332,0.132,0.0824,0,9.6875,-0.083,0.035,0.034889193,-0.08273723,0.20596586,0.996834092,-0.00065414
Xavier Guillen NA,B,0.0076,0,-0.332,0.132,-0.0492,0,9.679487179,-0.083,0.035,0.035177854,-0.083421768,0.207660902,1.00508154,0.001049902
Alex Lodise ATL,R,0.0068,0,-0.332,0.132,0.0492,0,9.677419355,-0.083,0.035,0.035596956,-0.084415639,0.210104422,1.017055886,0.003523422
Daniel Perez NA,L,0.0068,0,-0.332,0.132,-0.0824,0,9.676966292,-0.083,0.035,0.035019785,-0.083046919,0.206636744,1.000565291,0.000116744
Johan De Los Santos PIT,L,0.0104,0,-0.332,0.132,0.0164,0,9.686800895,-0.083,0.035,0.03527087,-0.083642348,0.208098131,1.007739133,0.001598131
Yosander Asencio NA,B,0.0064,0,-0.332,0.132,-0.0492,0,9.681020734,-0.083,0.035,0.035224932,-0.083533411,0.207803952,1.006426633,0.001326952
Kellon Lindsey LAN,R,0.008,0,-0.332,0.132,0.0492,0,9.674796748,-0.083,0.035,0.035107666,-0.083255321,0.206962698,1.00307616,0.000634698
Thomas Specht NA,L,0.0068,0,-0.332,0.132,-0.0492,0,9.680511182,-0.083,0.035,0.034849828,-0.082643877,0.205439735,0.995709366,-0.000885265
Manuel Mejias NA,B,0.006,0,-0.332,0.132,0.0824,0,9.6875,-0.083,0.035,0.034947426,-0.082875325,0.205988117,0.998497887,-0.000309883
Jordan McCants NA,L,0.0096,0,-0.336,0.132,0.0164,0,9.673913043,-0.084,0.035,0.034819632,-0.083567116,0.20522293,0.994846621,-0.00106307
Abdias De La Cruz ARI,R,0.0064,0,-0.336,0.132,-0.0492,0,9.686028257,-0.084,0.034,0.034331643,-0.084819353,0.208204248,1.009754201,0.002011248
Keduar Trujillo HOU,R,0.006,0,-0.336,0.132,-0.0824,0,9.682320442,-0.084,0.034,0.034044968,-0.084111097,0.206429661,1.001322589,0.000272661
Jorge Hernandez KCA,L,0.0064,0,-0.336,0.132,0.0164,0,9.679487179,-0.084,0.034,0.034121798,-0.084300912,0.206886482,1.00358229,0.000738482
Luis Almeyda BAL,R,0.0096,0,-0.336,0.132,0.0164,0,9.673913043,-0.084,0.034,0.033859676,-0.083653316,0.205279263,0.995872813,-0.000850737
Edgardo Ordonez MIL,L,0.006,0,-0.336,0.132,0.0824,0,9.697986577,-0.084,0.034,0.034078859,-0.084194829,0.206503855,1.002319392,0.000477855
Kyle Henley CIN,R,0.0152,0,-0.336,0.132,0.0164,0,9.685393258,-0.084,0.034,0.034030042,-0.08407422,0.206159997,1.000883575,0.000181997
Brenner Cox WAS,L,0.0084,0,-0.336,0.132,-0.0492,0,9.683544304,-0.084,0.034,0.033922114,-0.083807575,0.205468239,0.997709231,-0.000471761
Nelson Beltran NA,R,0.0064,0,-0.336,0.132,-0.0492,0,9.686028257,-0.084,0.034,0.033947451,-0.083870173,0.205589756,0.998454436,-0.000318244
Alexey Lumpuy CHN,L,0.0096,0,-0.336,0.132,-0.1152,0,9.687108886,-0.084,0.034,0.033830919,-0.08358227,0.204820342,0.99502702,-0.001023658
Kevin Guerrero NA,R,0.0068,0,-0.336,0.132,-0.0492,0,9.685534591,-0.084,0.034,0.034133946,-0.084330925,0.206650924,1.003939584,0.000810924
Rabel Colon NA,L,0.0072,0,-0.336,0.132,-0.0492,0,9.68503937,-0.084,0.034,0.034084617,-0.084209054,0.20633524,1.00248874,0.00051224
Caleb Farmer WAS,R,0.0056,0,-0.336,0.132,0.0824,0,9.698996656,-0.084,0.034,0.034370507,-0.08491537,0.208004243,1.010897265,0.002242243
Juan Sanchez TOR,R,0.0052,0,-0.336,0.132,0.0164,0,9.681528662,-0.084,0.034,0.03634075,-0.08978303,0.21991498,1.068845589,0.01416498
Carson Rucker DET,R,0.006,0,-0.336,0.132,0.0164,0,9.680170576,-0.084,0.034,0.033611442,-0.083040032,0.203373936,0.988571812,-0.002351064
Carlos Monteverde ATL,L,0.0056,0,-0.336,0.132,-0.0824,0,9.682758621,-0.084,0.034,0.034081532,-0.084201432,0.206217327,1.002398004,0.000493327
Fraymi De Leon BOS,R,0.0096,0,-0.336,0.132,0.0164,0,9.673913043,-0.084,0.034,0.033882289,-0.083709185,0.205009774,0.99653792,-0.000712226
Ronny Polanco NA,R,0.0068,0,-0.336,0.132,-0.0824,0,9.681440443,-0.084,0.034,0.033816572,-0.083546824,0.204563404,0.994605048,-0.001109596
Iverson Espinoza NA,R,0.0064,0,-0.336,0.132,0.0164,0,9.679487179,-0.084,0.034,0.034183279,-0.084452807,0.206735445,1.005390562,0.001108445
Daniel Guilarte MIL,R,0.0096,0,-0.336,0.132,-0.0492,0,9.682034976,-0.084,0.034,0.034486609,-0.085202211,0.208533425,1.014312032,0.002942425
Braylon Bishop PIT,L,0.01,0,-0.336,0.132,0.0164,0,9.673202614,-0.084,0.034,0.033934998,-0.083839407,0.205163014,0.99808818,-0.000392986
Luis Escudero NYA,B,0.0084,0,-0.336,0.132,0.0164,0,9.676025918,-0.084,0.034,0.03466852,-0.085651638,0.209576302,1.019662354,0.004041302
Carter Mathison PHI,L,0.0068,0,-0.336,0.132,-0.0492,0,9.685534591,-0.084,0.034,0.03501617,-0.086510538,0.211674808,1.029887356,0.006142808
Jairo Diaz CHN,L,0.0072,0,-0.336,0.132,0.0824,0,9.694915254,-0.084,0.034,0.034115903,-0.084286349,0.206138321,1.003408917,0.000700321
Eddy Isturiz NA,B,0.0084,0,-0.336,0.132,-0.0492,0,9.683544304,-0.084,0.034,#N/A,#N/A,#N/A,#N/A,#N/A
Diorland Zambrano CIN,R,0.0056,0,-0.336,0.132,-0.0824,0,9.682758621,-0.084,0.034,0.034066417,-0.084164088,0.205560765,1.001953427,0.000400765
Robert Gonzalez NA,L,0.008,0,-0.336,0.132,-0.0492,0,9.684044234,-0.084,0.034,0.034052063,-0.084128627,0.205419073,1.001531279,0.000314073
Jefferson Pena NA,R,0.0076,0,-0.34,0.132,-0.0492,0,9.689440994,-0.085,0.034,0.033893318,-0.084733294,0.204404618,0.996862286,-0.000643382
Riquelmin Cabral NA,B,0.0068,0,-0.34,0.132,-0.0824,0,9.68579235,-0.085,0.033,0.033103635,-0.085266939,0.2055495,1.003140464,0.0006435
Kelvin Diaz NA,R,0.0104,0,-0.34,0.132,0.0164,0,9.679487179,-0.085,0.033,0.033027809,-0.08507163,0.205004614,1.00084271,0.000172614
Jackson Nicklaus LAN,L,0.0052,0,-0.34,0.132,-0.0824,0,9.6875,-0.085,0.033,0.033134626,-0.085346764,0.205628468,1.004079573,0.000835468
Milo Rushford KCA,L,0.0068,0,-0.34,0.132,-0.0492,0,9.690402477,-0.085,0.033,0.033164105,-0.085422695,0.205808396,1.00497288,0.001018396
Austin Green NYA,B,0.0072,0,-0.34,0.132,0.0164,0,9.68487395,-0.085,0.033,0.034228423,-0.08816412,0.212412259,1.037224944,0.007623259
Xavier Casserilla NA,R,0.0068,0,-0.34,0.132,-0.0824,0,9.68579235,-0.085,0.033,0.03297227,-0.084928574,0.204574949,0.99915969,-0.000172051
Giovanny Cueto LAN,R,0.006,0,-0.34,0.132,0.0824,0,9.676375405,-0.085,0.033,0.033163659,-0.085421547,0.205725234,1.004959377,0.001015234
Caleb McNeely NA,R,0.0084,0,-0.34,0.132,0.0164,0,9.682875264,-0.085,0.033,0.032867952,-0.084659877,0.203730508,0.995998553,-0.000818492
Angel Brachi MIA,R,0.0068,0,-0.34,0.132,0.0164,0,9.685534591,-0.085,0.033,0.033182054,-0.085468926,0.205636226,1.005516782,0.001128226
Josue Brito BOS,R,0.0064,0,-0.34,0.132,-0.0824,0,9.68622101,-0.085,0.033,0.032845213,-0.084601305,0.203547754,0.995309471,-0.000959246
Elorky Rodriguez TEX,L,0.006,0,-0.34,0.132,0.0164,0,9.686847599,-0.085,0.033,0.033143056,-0.085368477,0.205364417,1.004335024,0.000886417
Christian Molfetta NA,R,0.0068,0,-0.34,0.132,0.0824,0,9.674267101,-0.085,0.033,0.033047945,-0.085123494,0.204755051,1.001452871,0.000297051
Erick De La Cruz ARI,R,0.0068,0,-0.34,0.132,0.0164,0,9.685534591,-0.085,0.033,0.032830527,-0.084563478,0.203397052,0.994864449,-0.001049948
Joseph Delossantos NA,R,0.0084,0,-0.34,0.132,-0.1152,0,9.680196802,-0.085,0.033,#N/A,#N/A,#N/A,#N/A,#N/A
Roni Cabrera KCA,R,0.0088,0,-0.34,0.132,-0.0492,0,9.68798752,-0.085,0.033,0.034068219,-0.087751474,0.211051586,1.032370281,0.006617586
Daniel Flames TEX,B,0.0064,0,-0.34,0.132,0.0164,0,9.686192469,-0.085,0.033,0.037058724,-0.095454288,0.229513659,1.122991623,0.025136659
Luis Rodriguez NA,R,0.0068,0,-0.34,0.132,0.0824,0,9.674267101,-0.085,0.033,0.033126506,-0.085325848,0.205126351,1.00383351,0.000783351
Maikol Hernandez BAL,R,0.0064,0,-0.34,0.132,0.0492,0,9.694656489,-0.085,0.033,0.032303045,-0.083204813,0.200011646,0.978880158,-0.004315354
Jonathan Linares LAA,B,0.006,0,-0.34,0.132,0.0824,0,9.676375405,-0.085,0.033,0.034705307,-0.089392458,0.214859506,1.05167598,0.010557506
Alvaro Gonzalez NA,B,0.0068,0,-0.34,0.132,0.0164,0,9.685534591,-0.085,0.033,0.033039197,-0.085100962,0.204473583,1.001187787,0.000242583
Reece Walling NA,L,0.0048,0,-0.34,0.132,-0.0492,0,9.67791411,-0.085,0.033,0.033055329,-0.085142514,0.204553388,1.001676638,0.000342388
Joseph Rodriguez NA,R,0.0064,0,-0.34,0.132,0.0164,0,9.686192469,-0.085,0.033,0.033179313,-0.085461868,0.205281418,1.005433742,0.001109418
Christian Pregent NA,R,0.006,0,-0.34,0.132,0.0824,0,9.676375405,-0.085,0.033,0.033135395,-0.085348745,0.204941414,1.004102879,0.000837414
Oswaldo Osorio LAN,L,0.006,0,-0.34,0.132,-0.1152,0,9.682539683,-0.085,0.033,0.033130873,-0.085337096,0.204765861,1.003965841,0.000808861
Kevin Alvarez HOU,L,0.0064,0,-0.34,0.132,0.0164,0,9.686192469,-0.085,0.033,0.037728707,-0.097180002,0.233134825,1.143294142,0.029219825
Solomon Maguire NA,L,0.0072,0,-0.34,0.132,-0.0492,0,9.689922481,-0.085,0.033,0.03309079,-0.085233852,0.204410832,1.002751199,0.000560832
Yandel Ricardo KCA,B,0.0096,0,-0.34,0.132,0.0492,0,9.688311688,-0.085,0.033,0.032800926,-0.084487234,0.202602374,0.993967454,-0.001229626
Juan Ortuno MIL,R,0.0076,0,-0.34,0.132,0.0164,0,9.684210526,-0.085,0.033,0.035921752,-0.092525726,0.221875602,1.088537951,0.018046602
Frank Hernandez NA,R,0.0068,0,-0.344,0.132,0.0824,0,9.684542587,-0.086,0.032,0.032019499,-0.086052404,0.203814119,1.000609352,0.000124119
Willmer De La Cruz NA,B,0.0076,0,-0.344,0.132,0.0164,0,9.690721649,-0.086,0.032,0.031959187,-0.085890315,0.203366294,0.998724593,-0.000259706
Yendry Rojas NA,L,0.008,0,-0.344,0.132,0.0164,0,9.690082645,-0.086,0.032,0.032020397,-0.086054816,0.203736778,1.000637395,0.000129778
Robert Arias CLE,L,0.0112,0,-0.344,0.132,0.0164,0,9.68487395,-0.086,0.032,0.038570087,-0.103657109,0.245404589,1.205315218,0.041802589
Adari Grant NA,R,0.0076,0,-0.344,0.132,0.0164,0,9.690721649,-0.086,0.032,0.032081588,-0.086219268,0.2041171,1.002549632,0.0005191
Edgar Montero OAK,B,0.0056,0,-0.344,0.132,0.0492,0,9.679802956,-0.086,0.032,0.03350148,-0.090035228,0.213117573,1.046921259,0.009551573
Ricardo Romero CLE,L,0.0056,0,-0.344,0.132,0.0164,0,9.67413442,-0.086,0.032,0.0324549,-0.087222543,0.206430405,1.014215622,0.002893405
Donovan Antonia NA,R,0.0072,0,-0.344,0.132,-0.0492,0,9.679878049,-0.086,0.032,0.031908367,-0.085753736,0.202912284,0.99713646,-0.000582716
Yeiferth Castillo CLE,L,0.0056,0,-0.344,0.132,-0.0492,0,9.681818182,-0.086,0.032,0.037277393,-0.100182993,0.23692113,1.164918527,0.03354113
Kevin Rivas CLE,B,0.0064,0,-0.344,0.132,-0.0824,0,9.677419355,-0.086,0.032,0.032286552,-0.086770108,0.205065006,1.008954739,0.001820006
Joshua Liranzo BAL,R,0.008,0,-0.344,0.132,0.0164,0,9.690082645,-0.086,0.032,0.03240784,-0.08709607,0.20582118,1.012745004,0.00259018
Raynerd Ortega LAN,R,0.006,0,-0.344,0.132,0.0164,0,9.673469388,-0.086,0.032,0.031968934,-0.08591651,0.203031702,0.999029184,-0.000197298
Nazzan Zanetello BOS,R,0.0076,0,-0.344,0.132,0.0164,0,9.690721649,-0.086,0.032,0.031961199,-0.085895723,0.202781824,0.998787478,-0.000246176
Jacob Lojewski NA,R,0.0064,0,-0.344,0.132,0.0824,0,9.685534591,-0.086,0.032,#N/A,#N/A,#N/A,#N/A,#N/A
Juan Torres NYA,R,0.0068,0,-0.344,0.132,0.0164,0,9.691991786,-0.086,0.032,0.031857647,-0.085617426,0.202084006,0.995551469,-0.000902994
Yohander Linarez BOS,B,0.0064,0,-0.344,0.132,0.0164,0,9.692622951,-0.086,0.032,0.032052904,-0.08614218,0.203193375,1.00165325,0.000335375
Adrian Gil CHA,R,0.0076,0,-0.344,0.132,-0.0824,0,9.689189189,-0.086,0.032,0.032045824,-0.086123153,0.203120455,1.001432012,0.000290455
Daniel McElveny NA,R,0.0064,0,-0.344,0.132,-0.0492,0,9.680851064,-0.086,0.032,0.032057117,-0.086153502,0.20319103,1.001784903,0.00036203
Sebastian Blanco COL,R,0.0056,0,-0.344,0.132,0.0492,0,9.679802956,-0.086,0.032,0.031880738,-0.085679482,0.201994361,0.996273051,-0.000755639
Victor Torres NA,R,0.0072,0,-0.344,0.132,0.0824,0,9.683544304,-0.086,0.032,0.032286555,-0.086770115,0.204562565,1.00895483,0.001815565
Karim Ayubi NA,L,0.006,0,-0.344,0.132,-0.0492,0,9.681335357,-0.086,0.032,0.031918425,-0.085780766,0.202214192,0.99745077,-0.000516808
Dayro Perez NA,R,0.008,0,-0.344,0.132,0.0164,0,9.690082645,-0.086,0.032,0.032052964,-0.08614234,0.203060533,1.001655114,0.000335533
Nathan Archer CHA,L,0.0084,0,-0.348,0.132,-0.0492,0,9.683257919,-0.087,0.032,0.031557778,-0.08579771,0.199702552,0.986180572,-0.002798448
Alberto Barriga ARI,R,0.0068,0,-0.348,0.132,0.0824,0,9.694189602,-0.087,0.032,0.034798125,-0.094607403,0.220199274,1.087441413,0.017706274
Jonathan Mejia SLN,B,0.0084,0,-0.348,0.132,0.0164,0,9.67611336,-0.087,0.031,0.031693916,-0.088947443,0.206892774,1.022384398,0.004529774
Elian Pena NYN,L,0.0072,0,-0.348,0.132,0.0492,0,9.684466019,-0.087,0.031,0.036534084,-0.10253114,0.238485075,1.178518853,0.036125075
Felix Amparo BAL,R,0.008,0,-0.348,0.132,0.0164,0,9.676767677,-0.087,0.031,0.033419239,-0.093789478,0.218131686,1.078039972,0.015790686
Satchell Norman NA,R,0.0076,0,-0.348,0.132,-0.0824,0,9.680426099,-0.087,0.031,0.030969509,-0.086914428,0.202068053,0.999016414,-0.000198947
Jude Warwick DET,L,0.0088,0,-0.348,0.132,0.0492,0,9.681372549,-0.087,0.031,0.030747017,-0.086290016,0.200600482,0.991839259,-0.001650518
Reyli Mariano LAN,B,0.0072,0,-0.348,0.132,0.0164,0,9.67806841,-0.087,0.031,0.031070798,-0.087198692,0.202708896,1.002283821,0.000461896
Jose Pirela CLE,L,0.0072,0,-0.348,0.132,-0.0492,0,9.684684685,-0.087,0.031,0.03239935,-0.090927208,0.211363953,1.045140322,0.009128953
Javier Herrera LAN,B,0.0068,0,-0.348,0.132,-0.0492,0,9.685157421,-0.087,0.031,0.031017217,-0.08704832,0.202343319,1.0005554,0.000112319
Ricardo Pena MIN,R,0.0064,0,-0.348,0.132,0.0824,0,9.695121951,-0.087,0.031,0.030536988,-0.085700579,0.199178982,0.98506413,-0.003020018
Colin Burgess ATL,R,0.0056,0,-0.348,0.132,0.0824,0,9.696969697,-0.087,0.031,0.033679432,-0.094519698,0.219633357,1.086433305,0.017473357
Ezequiel Pena CHN,L,0.0072,0,-0.348,0.132,0.0164,0,9.67806841,-0.087,0.031,0.030963214,-0.086896762,0.201855186,0.99881336,-0.000239814
Jorge Quintana SDN,B,0.0088,0,-0.348,0.132,0.0492,0,9.681372549,-0.087,0.031,0.030873032,-0.08664367,0.20113581,0.99590425,-0.00082719
Hector Campusano BAL,B,0.0068,0,-0.348,0.132,0.0164,0,9.678714859,-0.087,0.031,0.031150668,-0.087422844,0.202923493,1.004860272,0.000981493
Aldalay Kolokie COL,R,0.0064,0,-0.348,0.132,-0.0492,0,9.685628743,-0.087,0.031,0.031068777,-0.087193019,0.202330899,1.002218607,0.000447899
Victor Diaz NA,R,0.0068,0,-0.348,0.132,-0.0824,0,9.6812749,-0.087,0.031,0.030959493,-0.086886318,0.201600226,0.998693308,-0.000263774
Tayler Aguilar NA,L,0.0068,0,-0.348,0.132,-0.0824,0,9.6812749,-0.087,0.031,0.030983118,-0.086952622,0.201710095,0.999455431,-0.000109905
Eli Lovich CHN,L,0.0076,0,-0.348,0.132,-0.0492,0,9.684210526,-0.087,0.031,0.031793753,-0.089227631,0.206888107,1.025604948,0.005165107
Edwardo Espinal LAA,R,0.0064,0,-0.348,0.132,0.0164,0,9.679358717,-0.087,0.031,0.030879583,-0.086662054,0.200910533,0.996115566,-0.000783467
Edrick Felix NA,R,0.0068,0,-0.348,0.132,0.0164,0,9.678714859,-0.087,0.031,0.030997682,-0.086993494,0.201572924,0.999925214,-1.51E-05
Nauris De La Cruz WAS,L,0.0076,0,-0.348,0.132,0.0164,0,9.677419355,-0.087,0.031,0.030979012,-0.086941097,0.201338593,0.999322958,-0.000136407
Grant Magill CHA,R,0.006,0,-0.348,0.132,0.0824,0,9.696048632,-0.087,0.031,0.033474003,-0.093943171,0.217484919,1.07980656,0.016073919
Yael Romero CIN,L,0.006,0,-0.348,0.132,-0.0824,0,9.682119205,-0.087,0.031,0.031094455,-0.087265083,0.202001615,1.003046929,0.000613615
Jesus Superlano OAK,R,0.0064,0,-0.352,0.132,0.0164,0,9.685658153,-0.088,0.031,0.030911279,-0.087748147,0.200742831,0.99713803,-0.000576169
Tayshaun Walton PHI,R,0.0088,0,-0.352,0.132,-0.0492,0,9.6875,-0.088,0.031,0.030928257,-0.087796344,0.200835134,0.997685724,-0.000465866
Myles-Jaxon Naylor OAK,R,0.006,0,-0.352,0.132,0.0164,0,9.68627451,-0.088,0.031,0.031124551,-0.088353564,0.202076648,1.004017767,0.000808648
Geury Estevez NA,B,0.006,0,-0.352,0.132,-0.0824,0,9.68627451,-0.088,0.03,0.0299043,-0.08771928,0.200579105,0.99681,-0.000641895
Jose Marcano TEX,R,0.0056,0,-0.352,0.132,0.0824,0,9.677419355,-0.088,0.03,0.029797444,-0.087405835,0.199842515,0.99324812,-0.001358485
Heriberto Rincon NYN,R,0.0096,0,-0.352,0.132,0.0164,0,9.680638723,-0.088,0.03,0.030000733,-0.088002151,0.201127915,1.000024438,4.91E-06
Erick PeÃ±a NA,L,0.0068,0,-0.352,0.132,-0.0492,0,9.689807976,-0.088,0.03,0.029966579,-0.087901966,0.200762096,0.998885972,-0.000223904
Angel Guzman SFN,L,0.0064,0,-0.352,0.132,-0.0824,0,9.685863874,-0.088,0.03,0.029931957,-0.087800407,0.200493227,0.997731897,-0.000455773
Juan Villavicencio PHI,L,0.008,0,-0.352,0.132,0.0492,0,9.69047619,-0.088,0.03,0.031036951,-0.091041724,0.207878258,1.034565044,0.006945258
Isaias Dipre NA,R,0.006,0,-0.352,0.132,-0.0492,0,9.676470588,-0.088,0.03,0.029861748,-0.087594462,0.199954267,0.995391612,-0.000925733
Brayan Hernandez NA,L,0.0068,0,-0.352,0.132,-0.0824,0,9.685452163,-0.088,0.03,0.03013269,-0.088389225,0.201746397,1.00442301,0.000888397
Cesar Gonzalez OAK,R,0.006,0,-0.352,0.132,-0.0824,0,9.68627451,-0.088,0.03,0.029080646,-0.085303229,0.194685232,0.96935487,-0.006154768
Yeral Martinez NA,L,0.0068,0,-0.352,0.132,-0.0824,0,9.685452163,-0.088,0.03,0.030104723,-0.088307187,0.201464819,1.00349076,0.000700819
Edryn Rodriguez NA,R,0.0068,0,-0.352,0.132,0.0164,0,9.68503937,-0.088,0.03,0.030026776,-0.088078543,0.200923171,1.000892535,0.000179171
Maikel Hernandez NA,B,0.0064,0,-0.352,0.132,-0.0824,0,9.685863874,-0.088,0.03,0.030057255,-0.088167947,0.201113092,1.001908494,0.000383092
Jose Serrano NA,R,0.0064,0,-0.352,0.132,0.0164,0,9.685658153,-0.088,0.03,0.030243141,-0.088713213,0.202314515,1.008104695,0.001626515
Yanki Baptiste NA,B,0.0072,0,-0.352,0.132,-0.0824,0,9.68503937,-0.088,0.03,0.030203459,-0.088596814,0.201977581,1.006781983,0.001360581
Bennett Lee DET,R,0.0052,0,-0.352,0.132,0.0824,0,9.678362573,-0.088,0.03,0.033929534,-0.099526634,0.226869832,1.130984481,0.026274832
Carlos Caro PIT,R,0.0076,0,-0.352,0.132,0.0164,0,9.683794466,-0.088,0.03,0.030171077,-0.088501826,0.201713764,1.005702568,0.001143764
Dario Reynoso SFN,R,0.0072,0,-0.352,0.132,0.0164,0,9.684418146,-0.088,0.03,0.030636295,-0.089866465,0.20480261,1.021209829,0.00425361
Gabriel Davalillo LAA,R,0.0056,0,-0.352,0.132,-0.1152,0,9.682726204,-0.088,0.03,0.032882271,-0.096454663,0.219805928,1.096075716,0.019266928
Franklin Primera BOS,R,0.0056,0,-0.352,0.132,0.0824,0,9.677419355,-0.088,0.03,0.030102333,-0.088300176,0.201203991,1.003411086,0.000683991
Angel Salio CIN,L,0.0068,0,-0.352,0.132,0.0164,0,9.68503937,-0.088,0.03,0.029930442,-0.087795962,0.200049085,0.997681384,-0.000464915
Giullianno Allende NA,L,0.0084,0,-0.352,0.132,-0.0492,0,9.687964339,-0.088,0.03,0.029948393,-0.08784862,0.20006525,0.998279776,-0.00034475
Robert Boser OAK,R,0.006,0,-0.352,0.132,0.0492,0,9.694117647,-0.088,0.03,0.033603526,-0.098570343,0.224449151,1.120117532,0.024069151
Jason Schiavone HOU,R,0.0064,0,-0.352,0.132,-0.0824,0,9.685863874,-0.088,0.03,0.034281578,-0.100559295,0.228858101,1.142719266,0.028583101
Jeremiah Boyd ARI,R,0.006,0,-0.352,0.132,0.0824,0,9.676470588,-0.088,0.03,0.029885329,-0.087663631,0.199507481,0.996177623,-0.000765519
Robert Honeycutt BAL,R,0.0112,0,-0.352,0.132,0.0164,0,9.67806841,-0.088,0.03,0.02988333,-0.087657767,0.199494135,0.996110984,-0.000778865
Luis Rodriguez LAA,R,0.0064,0,-0.352,0.132,0.0492,0,9.693396226,-0.088,0.03,0.029980625,-0.087943165,0.200058709,0.999354152,-0.000129291
Andres Nolaya BAL,R,0.0088,0,-0.352,0.132,0.0824,0,9.66966967,-0.088,0.03,0.030434186,-0.089273611,0.203005148,1.014472852,0.002896148
Ramon Peralta NA,R,0.006,0,-0.356,0.132,0.0164,0,9.692307692,-0.089,0.03,0.030245175,-0.089727354,0.201632486,1.008172512,0.001634486
Dauri Fernandez CLE,B,0.008,0,-0.356,0.132,0.0164,0,9.689320388,-0.089,0.029,0.032364094,-0.099324289,0.22318391,1.11600325,0.02319891
Colton Vincent SDN,R,0.0056,0,-0.356,0.132,0.0824,0,9.686609687,-0.089,0.029,0.028995524,-0.088986264,0.199776162,0.999845661,-3.08E-05
Fran Alduey NA,B,0.0088,0,-0.356,0.132,0.0164,0,9.688109162,-0.089,0.029,0.028886454,-0.088651532,0.198887221,0.996084625,-0.000781779
Adrian Rodriguez ARI,R,0.006,0,-0.356,0.132,0.0492,0,9.678899083,-0.089,0.029,0.030455142,-0.093465781,0.209675251,1.050177309,0.010018251
Omar Reyes KCA,L,0.0052,0,-0.356,0.132,-0.0824,0,9.678663239,-0.089,0.029,0.029098673,-0.089302823,0.200272116,1.003402504,0.000679116
Antonio Pimentel PIT,L,0.0076,0,-0.356,0.132,-0.0492,0,9.679300292,-0.089,0.029,0.032126563,-0.098595314,0.221087251,1.107812513,0.021516251
Kleiver Chauran TBA,B,0.0072,0,-0.356,0.132,0.0164,0,9.690522244,-0.089,0.029,0.028947535,-0.088838986,0.199163033,0.998190859,-0.000360967
Nikolas McClaughry NA,R,0.006,0,-0.356,0.132,0.0492,0,9.678899083,-0.089,0.029,0.029221807,-0.089680717,0.200952319,1.007648508,0.001525319
Victor Santana ARI,R,0.0052,0,-0.356,0.132,0.0164,0,9.674952199,-0.089,0.029,0.028791874,-0.088361269,0.197991791,0.99282325,-0.001431209
Adriander Mejia BAL,R,0.0056,0,-0.356,0.132,-0.1152,0,9.68641115,-0.089,0.029,0.028872249,-0.088607938,0.198443948,0.995594806,-0.000878052
Yunior Amparo NYN,R,0.0072,0,-0.356,0.132,-0.0824,0,9.689119171,-0.089,0.029,0.029323342,-0.089992324,0.201517081,1.011149708,0.002222081
Cris Rodriguez DET,R,0.0064,0,-0.356,0.132,0.0164,0,9.691714836,-0.089,0.029,0.028971878,-0.088913695,0.198975863,0.999030286,-0.000193137
John Mabry NA,R,0.0068,0,-0.356,0.132,0.0164,0,9.691119691,-0.089,0.029,0.028954387,-0.088860015,0.198799821,0.998427129,-0.000313179
Moises Polanco MIL,R,0.0068,0,-0.356,0.132,0.0164,0,9.691119691,-0.089,0.029,0.029118588,-0.089363943,0.199874006,1.004089249,0.000814006
Darwin De Leon HOU,R,0.0068,0,-0.356,0.132,0.0164,0,9.691119691,-0.089,0.029,0.029162722,-0.089499387,0.200083421,1.005611086,0.001116421
Nicholas Gile NA,R,0.0064,0,-0.356,0.132,-0.0824,0,9.677419355,-0.089,0.029,0.029036281,-0.089111346,0.199209916,1.001251079,0.000248916
Ryan Reckley SFN,B,0.0064,0,-0.356,0.132,0.0164,0,9.691714836,-0.089,0.029,0.02882717,-0.088469591,0.197745441,0.994040351,-0.001185559
Harold Gonzalez LAN,R,0.0064,0,-0.356,0.132,0.0164,0,9.691714836,-0.089,0.029,0.029039774,-0.089122066,0.199124732,1.001371533,0.000272732
Luke Scherrer PIT,R,0.0068,0,-0.36,0.132,-0.0824,0,9.681122449,-0.09,0.028,0.026983066,-0.086731285,0.191527732,0.963680939,-0.007218268
Jose Hernandez LAN,R,0.0068,0,-0.36,0.132,-0.0492,0,9.684813754,-0.09,0.028,0.030893121,-0.099299318,0.219280477,1.103325754,0.020535477
Yan Contreras NA,R,0.0084,0,-0.36,0.132,-0.0824,0,9.679487179,-0.09,0.028,0.028150002,-0.090482148,0.199765482,1.005357205,0.001064482
Cal Stark TEX,R,0.0068,0,-0.36,0.132,0.0824,0,9.69273743,-0.09,0.028,0.027213755,-0.087472783,0.193121438,0.971919809,-0.005579562
Logun Clark CLE,R,0.0056,0,-0.36,0.132,0.0824,0,9.695290859,-0.09,0.028,0.028603074,-0.091938453,0.202957199,1.021538364,0.004279199
Jaset Martinez CIN,L,0.0052,0,-0.36,0.132,-0.0824,0,9.682741117,-0.09,0.028,0.027852628,-0.089526303,0.197604445,0.994736698,-0.001045555
Gery Holguin MIL,R,0.006,0,-0.36,0.132,0.0164,0,9.679849341,-0.09,0.028,0.028111144,-0.09035725,0.199319057,1.003969441,0.000788057
Starlin Gill NA,R,0.0072,0,-0.36,0.132,0.0164,0,9.678030303,-0.09,0.028,0.027928707,-0.089770845,0.197982616,0.997453831,-0.000505384
Stiven Flores CHA,R,0.006,0,-0.36,0.132,0.0824,0,9.694444444,-0.09,0.028,0.032611816,-0.104823695,0.231161871,1.164707722,0.032689871
Armando Cruz WAS,R,0.0068,0,-0.36,0.132,0.0164,0,9.678638941,-0.09,0.028,0.028079263,-0.090254773,0.199014784,1.002830816,0.000561784
Nicandro Aybar TBA,B,0.0068,0,-0.36,0.132,-0.0492,0,9.684813754,-0.09,0.028,0.032353943,-0.103994817,0.229287772,1.155497964,0.030855772
Alex Rodriguez TEX,L,0.0052,0,-0.36,0.132,-0.0492,0,9.686609687,-0.09,0.028,0.027897887,-0.089671781,0.197699376,0.996353124,-0.000723624
Anderson Fermin BOS,B,0.0084,0,-0.36,0.132,-0.0492,0,9.682997118,-0.09,0.028,0.030838205,-0.099122801,0.218531635,1.101364461,0.020112635
Eduardo Rojas LAN,B,0.006,0,-0.36,0.132,0.0824,0,9.694444444,-0.09,0.028,0.028001308,-0.090004206,0.198408271,1.000046729,9.27E-06
Nickolas Monistere HOU,R,0.0072,0,-0.36,0.132,0.0164,0,9.678030303,-0.09,0.028,0.02868322,-0.092196065,0.203181688,1.024400722,0.004839688
Leiker Figueroa NA,R,0.0072,0,-0.36,0.132,0.0164,0,9.678030303,-0.09,0.028,0.027896273,-0.089666593,0.197576353,0.99629548,-0.000734647
Carlos Tavares WAS,L,0.0056,0,-0.36,0.132,-0.0824,0,9.682337992,-0.09,0.028,0.028017793,-0.09005719,0.198428011,1.00063545,0.000126011
Peyton Holt NA,R,0.0064,0,-0.36,0.132,0.0164,0,9.679245283,-0.09,0.028,0.028285173,-0.090916626,0.200321653,1.010184733,0.002019653
Angel Arevalo NA,R,0.0072,0,-0.36,0.132,0.0492,0,9.683972912,-0.09,0.028,0.027976871,-0.089925657,0.198017295,0.999173962,-0.000163705
Diego Benitez NA,R,0.006,0,-0.36,0.132,-0.0824,0,9.681933842,-0.09,0.028,0.0279226,-0.089751213,0.197586299,0.997235704,-0.000547701
Yojancel Cabrera LAA,L,0.0064,0,-0.36,0.132,-0.0492,0,9.685264664,-0.09,0.028,0.028036245,-0.090116503,0.19822827,1.001294476,0.00025627
Yorman Licourt TOR,B,0.0056,0,-0.36,0.132,-0.0492,0,9.686162625,-0.09,0.028,0.027854763,-0.089533166,0.19692223,0.994812957,-0.00102677
Francisco Garcia NA,R,0.0064,0,-0.36,0.132,-0.1152,0,9.67816092,-0.09,0.028,0.028178772,-0.090574623,0.199210832,1.006384699,0.001263832
Diwarys Encarnacion MIA,R,0.0072,0,-0.36,0.132,0.0492,0,9.683972912,-0.09,0.028,0.028082008,-0.090263597,0.198336202,1.002928857,0.000579202
Browm Martinez WAS,R,0.0084,0,-0.36,0.132,0.0164,0,9.676190476,-0.09,0.028,0.028011662,-0.090037487,0.19769731,1.000416517,8.23E-05
Alfredo Benzan ARI,B,0.0068,0,-0.364,0.132,0.0164,0,9.684601113,-0.091,0.028,0.027856783,-0.090534546,0.196548509,0.994885118,-0.001010491
Moises Valdez SDN,R,0.0068,0,-0.364,0.132,0.0164,0,9.684601113,-0.091,0.027,0.026882291,-0.090603278,0.196649934,0.995640415,-0.000861066
Kenly Hunter SLN,R,0.008,0,-0.364,0.132,0.0164,0,9.682835821,-0.091,0.027,0.027361354,-0.092217897,0.200129051,1.013383485,0.002643051
Efrenyer Narvaez NA,R,0.0068,0,-0.364,0.132,0.0824,0,9.674796748,-0.091,0.027,0.026918349,-0.090724805,0.196882797,0.996975881,-0.000597203
Diego Contreras SEA,B,0.0064,0,-0.364,0.132,0.0164,0,9.685185185,-0.091,0.027,0.027077454,-0.09126105,0.197944215,1.002868683,0.000566215
Christopher Paciolla CHN,R,0.0068,0,-0.364,0.132,0.0164,0,9.684601113,-0.091,0.027,0.027084931,-0.09128625,0.197795234,1.003145602,0.000620234
Anthony Marquez SFN,R,0.006,0,-0.364,0.132,0.0492,0,9.692982456,-0.091,0.027,0.027243885,-0.091821984,0.198952004,1.009032789,0.001781004
Darling Fernandez OAK,L,0.0064,0,-0.364,0.132,-0.0492,0,9.689703808,-0.091,0.027,0.026884046,-0.090609192,0.196179853,0.995705404,-0.000846147
Yaikel Mijares CLE,B,0.008,0,-0.364,0.132,0.0164,0,9.682835821,-0.091,0.027,0.02615589,-0.088155038,0.190845001,0.96873668,-0.006158999
Nicholas Peoples WAS,B,0.0072,0,-0.364,0.132,-0.0492,0,9.688826025,-0.091,0.027,0.027590936,-0.092991672,0.201229891,1.021886507,0.004309891
Yannic Walther MIL,R,0.0052,0,-0.364,0.132,0.0824,0,9.678284182,-0.091,0.027,0.026207046,-0.08832745,0.191090129,0.970631319,-0.005781871
Yulian Barreto SFN,R,0.0056,0,-0.364,0.132,0.0164,0,9.686346863,-0.091,0.027,0.026977362,-0.090923702,0.196698942,0.999161563,-0.000165058
Isaac Garcia CIN,R,0.006,0,-0.364,0.132,-0.0492,0,9.676511955,-0.091,0.027,0.026819445,-0.090391464,0.195531637,0.993312795,-0.001316363
Justin Ramirez NYN,L,0.006,0,-0.364,0.132,0.0164,0,9.685767098,-0.091,0.027,0.027001697,-0.09100572,0.196793369,1.000062857,1.24E-05
Willy Fanas NA,L,0.0068,0,-0.364,0.132,-0.0492,0,9.689265537,-0.091,0.027,0.027072834,-0.091245477,0.197163428,1.002697553,0.000530428
Bailey-Jay Cooke OAK,R,0.0068,0,-0.364,0.132,0.0492,0,9.691629956,-0.091,0.027,0.026891567,-0.09063454,0.195783555,0.99598396,-0.000789445
Jirvin Morillo CIN,B,0.006,0,-0.364,0.132,0.0824,0,9.676549865,-0.091,0.027,0.027174027,-0.091586536,0.197739357,1.006445451,0.001266357
Kevin Garcia MIL,R,0.0056,0,-0.364,0.132,0.0824,0,9.677419355,-0.091,0.027,0.026378398,-0.088904971,0.191915546,0.976977703,-0.004522454
Jordan Sanchez BAL,L,0.006,0,-0.364,0.132,-0.0492,0,9.676511955,-0.091,0.027,0.029833935,-0.100551409,0.216972261,1.104960537,0.020610261
Colby Shelton CHA,L,0.0072,0,-0.368,0.132,-0.1152,0,9.684684685,-0.092,0.027,0.03453723,-0.117682415,0.251088224,1.279156685,0.054796224
Jack Lines TBA,L,0.0068,0,-0.368,0.132,0.0164,0,9.690346084,-0.092,0.026,0.025777208,-0.091211659,0.194538606,0.991431077,-0.001681394
Diomedes Hernandez NYA,R,0.0064,0,-0.368,0.132,0.0824,0,9.684210526,-0.092,0.026,0.026040796,-0.092144355,0.196503847,1.001569079,0.000307847
Edward Lantigua NYN,R,0.0072,0,-0.368,0.132,0.0164,0,9.689781022,-0.092,0.026,0.025647772,-0.090753654,0.193521317,0.986452765,-0.002657683
Yovanny Duran MIN,B,0.0088,0,-0.368,0.132,0.0164,0,9.6875,-0.092,0.026,0.025999825,-0.091999379,0.196053677,0.999993252,-1.32E-06
Miguel Welch BOS,L,0.0076,0,-0.368,0.132,0.0164,0,9.689213894,-0.092,0.026,0.026086916,-0.092307548,0.196695345,1.003342915,0.000655345
John Cristino NYA,R,0.0064,0,-0.368,0.132,0.0824,0,9.684210526,-0.092,0.026,0.026062729,-0.092221965,0.196509972,1.002412667,0.000472972
Fernando Caldera HOU,R,0.006,0,-0.368,0.132,0.0824,0,9.68503937,-0.092,0.026,0.026128941,-0.092456252,0.196922773,1.004959265,0.000971773
David Guzman TOR,L,0.0064,0,-0.368,0.132,-0.0492,0,9.680555556,-0.092,0.026,0.026179937,-0.0926367,0.197287978,1.006920656,0.001355978
Arnold Prado NA,R,0.0072,0,-0.368,0.132,-0.0492,0,9.679665738,-0.092,0.026,0.026021587,-0.092076384,0.196085668,1.000830265,0.000162668
Yahil Melendez CHN,L,0.0068,0,-0.368,0.132,0.0492,0,9.677419355,-0.092,0.026,0.025919293,-0.091714423,0.195308854,0.9968959,-0.000608146
Javier Mora NA,R,0.0068,0,-0.368,0.132,0.0164,0,9.690346084,-0.092,0.026,0.025958486,-0.091853106,0.195407499,0.998403326,-0.000312501
Esteban Romero HOU,L,0.006,0,-0.368,0.132,-0.0492,0,9.680998613,-0.092,0.026,0.026010887,-0.092038525,0.195781949,1.000418748,8.19E-05
Juan Sierra HOU,R,0.006,0,-0.368,0.132,-0.0492,0,9.680998613,-0.092,0.026,0.029495479,-0.104368617,0.221872931,1.134441484,0.026293931
Eriandys Ramon CHN,B,0.0064,0,-0.368,0.132,0.0492,0,9.678111588,-0.092,0.026,0.02606448,-0.092228159,0.196042982,1.002479991,0.000484982
Connor Dykstra SEA,R,0.0056,0,-0.368,0.132,0.0824,0,9.685863874,-0.092,0.026,0.025648909,-0.090757679,0.192902487,0.98649651,-0.002640513
Angel Ramirez KCA,R,0.0068,0,-0.368,0.132,-0.0492,0,9.680111266,-0.092,0.026,0.026002452,-0.092008677,0.195542441,1.000094316,1.84E-05
Josuar Gonzalez SFN,B,0.0092,0,-0.368,0.132,0.0492,0,9.673202614,-0.092,0.026,0.025982448,-0.091937892,0.195351031,0.999324908,-0.000131969
Andreimi Antunez TBA,R,0.0064,0,-0.368,0.132,0.0492,0,9.678111588,-0.092,0.026,0.026232856,-0.092823953,0.19722164,1.008956009,0.00175064
Julio Zayas NYN,R,0.0056,0,-0.368,0.132,0.0824,0,9.685863874,-0.092,0.026,0.028113679,-0.099479171,0.21127754,1.081295338,0.01588454
Marconi German WAS,B,0.0084,0,-0.368,0.132,0.0164,0,9.688073394,-0.092,0.026,0.026087929,-0.092311133,0.195994597,1.003381884,0.000660597
Kyle Sinzza ARI,R,0.0076,0,-0.368,0.132,0.0164,0,9.689213894,-0.092,0.026,0.026289038,-0.093022749,0.197466063,1.011116839,0.002171063
Adolfo Sanchez CIN,L,0.0064,0,-0.368,0.132,0.0164,0,9.690909091,-0.092,0.026,0.026024636,-0.092087175,0.195364944,1.000947556,0.000184944
Eybert Sanchez ARI,L,0.0068,0,-0.368,0.132,0.0492,0,9.677419355,-0.092,0.026,0.026547725,-0.093938103,0.199269264,1.021066336,0.004111264
Raimel Medina KCA,R,0.0068,0,-0.368,0.132,-0.0492,0,9.680111266,-0.092,0.026,0.026059598,-0.092210884,0.195591312,1.002292215,0.000447312
Stiven Martinez BAL,R,0.0064,0,-0.368,0.132,0.0164,0,9.690909091,-0.092,0.026,0.026479089,-0.093695239,0.198717418,1.018426513,0.003595418
Diego Guzman KCA,R,0.008,0,-0.372,0.132,0.0164,0,9.676840215,-0.093,0.026,0.025657211,-0.091773868,0.19248138,0.986815789,-0.00257162
Santiago Almao TEX,B,0.0064,0,-0.372,0.132,0.0164,0,9.679144385,-0.093,0.025,0.025081577,-0.093303465,0.195567073,1.003263067,0.000636073
Yoiber Ruiz NA,R,0.0064,0,-0.372,0.132,0.0824,0,9.692307692,-0.093,0.025,0.025019029,-0.093070789,0.195050353,1.000761167,0.000148353
Zachary MacDonald DET,R,0.0088,0,-0.372,0.132,0.0164,0,9.675675676,-0.093,0.025,0.026851983,-0.099889377,0.20931443,1.074079321,0.01443643
Edgar Lugo DET,B,0.0064,0,-0.372,0.132,0.0164,0,9.679144385,-0.093,0.025,0.02505095,-0.093189536,0.195252118,1.002038018,0.000397118
Sandy Luciano KCA,B,0.0056,0,-0.372,0.132,-0.0492,0,9.68579235,-0.093,0.025,0.025039205,-0.093145841,0.194938221,1.001568187,0.000305221
Junior Gonzalez NA,R,0.0068,0,-0.372,0.132,0.0824,0,9.69151671,-0.093,0.025,0.025102767,-0.093382293,0.195428053,1.004110678,0.000800053
Jesus Alexander SFN,L,0.0056,0,-0.372,0.132,-0.0824,0,9.682151589,-0.093,0.025,0.025008413,-0.093031298,0.19466449,1.000336538,6.55E-05
Pier-Olivier Boucher NA,L,0.0076,0,-0.372,0.132,-0.0492,0,9.683631362,-0.093,0.025,0.024979195,-0.092922604,0.19436711,0.999167785,-0.00016189
Gabriel Silva KCA,R,0.006,0,-0.372,0.132,0.0824,0,9.693094629,-0.093,0.025,0.025140335,-0.093522048,0.195611922,1.005613418,0.001091922
Kelvin Diaz NA,R,0.0084,0,-0.372,0.132,0.0164,0,9.676258993,-0.093,0.025,0.024973755,-0.092902369,0.194282829,0.998950207,-0.000204171
Heriberto Caraballo SLN,R,0.0064,0,-0.372,0.132,0.0824,0,9.692307692,-0.093,0.025,0.025323108,-0.09420196,0.196906407,1.012924303,0.002512407
Rosnel Alarcon TEX,R,0.006,0,-0.372,0.132,0.0164,0,9.679715302,-0.093,0.025,0.024895769,-0.09261226,0.193532737,0.995830758,-0.000810263
Taishi Nakawake NA,R,0.0064,0,-0.372,0.132,0.0492,0,9.68487395,-0.093,0.025,0.025121293,-0.093451209,0.195213547,1.004851712,0.000942547
Daniel Lopez KCA,L,0.0072,0,-0.372,0.132,0.0164,0,9.677996422,-0.093,0.025,0.027776994,-0.103330419,0.215827247,1.111079779,0.021577247
Ryan Picollo LAA,R,0.0056,0,-0.372,0.132,-0.0492,0,9.68579235,-0.093,0.025,0.02420007,-0.090024259,0.187846749,0.968002788,-0.006209251
Juan Macero LAN,R,0.0064,0,-0.372,0.132,0.0164,0,9.679144385,-0.093,0.025,0.025074824,-0.093278344,0.194612728,1.00299295,0.000580728
Yimy Tovar SDN,R,0.0068,0,-0.372,0.132,0.0492,0,9.684210526,-0.093,0.025,0.025084808,-0.093315486,0.194682192,1.003392323,0.000658192
Darius Perry NA,R,0.006,0,-0.372,0.132,0.0824,0,9.693094629,-0.093,0.025,0.025201884,-0.093751009,0.195587791,1.008075368,0.001566791
Queni Pineda NYA,R,0.006,0,-0.372,0.132,0.0824,0,9.693094629,-0.093,0.025,0.025035874,-0.09313345,0.194184245,1.001434948,0.000278245
Anderson Areinamo HOU,R,0.0064,0,-0.376,0.132,0.0492,0,9.691358025,-0.094,0.025,0.024922282,-0.09370778,0.193244383,0.996891275,-0.000602617
Jacob Hinderleider COL,R,0.0072,0,-0.376,0.132,-0.0824,0,9.684466019,-0.094,0.025,0.024036487,-0.090377192,0.186365461,0.961459486,-0.007470539
Jonathan Rangel MIL,L,0.006,0,-0.376,0.132,-0.0824,0,9.685610641,-0.094,0.025,0.024770837,-0.093138348,0.192045329,0.990833492,-0.001776671
JosÃ© Castro MIA,R,0.006,0,-0.376,0.132,-0.0492,0,9.676549865,-0.094,0.024,0.023858997,-0.093447739,0.19257392,0.994124886,-0.00113808
Alexander Rincon BAL,L,0.008,0,-0.376,0.132,0.0164,0,9.682539683,-0.094,0.024,0.023868287,-0.093484124,0.192644923,0.994511961,-0.001063077
Gabriel Terrero NA,B,0.0076,0,-0.376,0.132,0.0164,0,9.683098592,-0.094,0.024,0.024042953,-0.094168234,0.194009604,1.001789728,0.000346604
Jaeden Calderon PHI,R,0.0064,0,-0.376,0.132,-0.0824,0,9.685230024,-0.094,0.024,0.027052105,-0.105954078,0.218276672,1.127171041,0.024626672
Yeremi Villahermosa LAA,B,0.0068,0,-0.376,0.132,0.0824,0,9.675,-0.094,0.024,0.023786293,-0.093162979,0.191874111,0.991095523,-0.001723889
Sandro Pereira HOU,L,0.0072,0,-0.376,0.132,0.0164,0,9.683655536,-0.094,0.024,0.024094458,-0.094369962,0.194340881,1.003935763,0.000761881
Yerlin Luis CLE,B,0.0084,0,-0.376,0.132,-0.0492,0,9.68707483,-0.094,0.024,0.023604521,-0.092451041,0.190373413,0.983521711,-0.003189587
Leandro Romero SEA,R,0.006,0,-0.376,0.132,0.0492,0,9.691991786,-0.094,0.024,0.024468622,-0.095835436,0.197310889,1.019525913,0.003778889
Samuel Escudero PIT,R,0.006,0,-0.376,0.132,-0.1152,0,9.682017544,-0.094,0.024,0.022852919,-0.089507267,0.184247852,0.952204965,-0.009248148
Rafael Flores TOR,R,0.0064,0,-0.376,0.132,-0.0492,0,9.689189189,-0.094,0.024,0.023867451,-0.093480849,0.192414417,0.994477122,-0.001068583
Juan Garcia NA,R,0.0064,0,-0.376,0.132,0.0824,0,9.675810474,-0.094,0.024,#N/A,#N/A,#N/A,#N/A,#N/A
Eddson Martinez SDN,L,0.0064,0,-0.376,0.132,-0.0492,0,9.689189189,-0.094,0.024,0.023832825,-0.093345229,0.192068733,0.993034356,-0.001347267
Ramiro Dominguez MIN,R,0.0076,0,-0.376,0.132,0.0164,0,9.683098592,-0.094,0.024,0.028452222,-0.111437868,0.229032086,1.185509237,0.035839086
Robert Puason OAK,R,0.0068,0,-0.376,0.132,0.0492,0,9.690721649,-0.094,0.024,0.02387869,-0.09352487,0.192184653,0.994945424,-0.000976347
Yoneiker Lugo MIL,R,0.0056,0,-0.376,0.132,0.0824,0,9.677419355,-0.094,0.024,0.023996174,-0.093985017,0.193123212,0.999840604,-3.08E-05
Cesar Franco OAK,L,0.006,0,-0.376,0.132,-0.0492,0,9.676549865,-0.094,0.024,0.024111962,-0.094438518,0.194018911,1.00466508,0.000900911
Junior Suriel LAA,R,0.0064,0,-0.376,0.132,0.0164,0,9.684763573,-0.094,0.024,0.024073516,-0.094287939,0.193697518,1.003063178,0.000591518
Cameron Magee NA,L,0.0092,0,-0.376,0.132,0.0164,0,9.680851064,-0.094,0.024,0.023991707,-0.093967521,0.192992293,0.999654474,-6.67E-05
Jeremy Ciriaco COL,R,0.0068,0,-0.376,0.132,0.0164,0,9.684210526,-0.094,0.024,0.026251513,-0.102818428,0.2110742,1.09381306,0.0181032
Fredderick Ovalle PIT,R,0.0084,0,-0.376,0.132,0.0164,0,9.681978799,-0.094,0.024,0.024024476,-0.094095864,0.193058687,1.001019833,0.000196687
Kelvin Alcantara SEA,L,0.0056,0,-0.376,0.132,-0.0492,0,9.676985195,-0.094,0.024,0.023907984,-0.093639603,0.192110611,0.996165989,-0.000739389
Elias Medina LAN,R,0.0076,0,-0.376,0.132,-0.0492,0,9.687924016,-0.094,0.024,0.023656391,-0.092654197,0.19003573,0.98568295,-0.00276027
Juan Alva MIA,L,0.0068,0,-0.376,0.132,-0.0824,0,9.684848485,-0.094,0.024,0.024040564,-0.094158874,0.193113841,1.001690152,0.000325841
Jose Gonzalez LAN,L,0.0064,0,-0.376,0.132,-0.0824,0,9.685230024,-0.094,0.024,0.024113541,-0.094444703,0.193638768,1.004730878,0.000911768
Albert Jimenez SFN,R,0.0052,0,-0.38,0.132,-0.1152,0,9.686147186,-0.095,0.024,0.023975621,-0.0949035,0.192408354,0.998984206,-0.000195646
Starlin Aguilar LAA,L,0.006,0,-0.38,0.132,-0.1152,0,9.685466377,-0.095,0.023,0.023568001,-0.097346093,0.197295937,1.024695712,0.004754937
Nomar Velasquez CLE,L,0.0064,0,-0.38,0.132,-0.0492,0,9.680426099,-0.095,0.023,0.023065801,-0.095271786,0.19305975,1.002860905,0.00055075
Santiago Camacho SFN,B,0.006,0,-0.38,0.132,0.0824,0,9.684466019,-0.095,0.023,0.023085294,-0.0953523,0.193100451,1.003708416,0.000713451
Ashly Andujar COL,B,0.0064,0,-0.38,0.132,0.0492,0,9.67806841,-0.095,0.023,0.023111429,-0.095460252,0.19330902,1.004844758,0.00093202
Juan Machado NA,L,0.008,0,-0.38,0.132,-0.0492,0,9.678714859,-0.095,0.023,0.023036692,-0.095151553,0.192655854,1.001595298,0.000306854
Richard Matic NYA,R,0.006,0,-0.38,0.132,0.0164,0,9.690721649,-0.095,0.023,0.022810636,-0.094217846,0.19073659,0.991766795,-0.00158341
Sebastian Dos Santos SLN,B,0.0068,0,-0.38,0.132,0.0492,0,9.677419355,-0.095,0.023,0.022961118,-0.094839402,0.191985898,0.998309499,-0.000325102
Andry Javier NA,B,0.0072,0,-0.38,0.132,-0.0824,0,9.6882494,-0.095,0.023,0.023130827,-0.095540372,0.193354605,1.005688127,0.001093605
Alexander Martinez NA,R,0.0064,0,-0.38,0.132,0.0824,0,9.683698297,-0.095,0.023,0.023109461,-0.095452122,0.193123757,1.004759179,0.000914757
Ivan Torres TBA,R,0.006,0,-0.38,0.132,0.0824,0,9.684466019,-0.095,0.023,0.022952805,-0.094805063,0.191744737,0.997948032,-0.000394263
Luis Leones NA,L,0.0096,0,-0.38,0.132,-0.0492,0,9.676985195,-0.095,0.023,0.0231239,-0.095511759,0.192958888,1.005386938,0.001033888
Yensi De La Cruz HOU,L,0.0068,0,-0.38,0.132,0.0164,0,9.689655172,-0.095,0.023,0.0230469,-0.095193716,0.19224421,1.002039113,0.00039121
Luis Quesada HOU,R,0.0056,0,-0.38,0.132,-0.0492,0,9.6812749,-0.095,0.023,0.022897144,-0.094575161,0.190930327,0.995528015,-0.000857673
Juarlin Soto TOR,L,0.0052,0,-0.38,0.132,0.0164,0,9.675213675,-0.095,0.023,0.022985609,-0.094940557,0.191621025,0.999374286,-0.000119975
Jjam Alvarez NA,R,0.0056,0,-0.38,0.132,-0.0824,0,9.678188319,-0.095,0.023,0.022991667,-0.094965581,0.191669531,0.99963769,-6.95E-05
Armando Sierra NA,R,0.0064,0,-0.38,0.132,-0.0492,0,9.680426099,-0.095,0.023,0.023033253,-0.095137349,0.191955125,1.001445784,0.000277125
Edrei Campos BAL,L,0.0072,0,-0.38,0.132,0.0164,0,9.689119171,-0.095,0.023,0.02299232,-0.094968278,0.191498035,0.999666087,-6.40E-05
Yeferson Portolatin SLN,B,0.0076,0,-0.38,0.132,0.0164,0,9.688581315,-0.095,0.023,0.023058082,-0.095239906,0.191993625,1.002525325,0.000483625
Heison Sanchez NA,L,0.0068,0,-0.38,0.132,0.0164,0,9.689655172,-0.095,0.023,0.0230585,-0.095241631,0.191941963,1.002543485,0.000486963
Greylin De La Paz LAA,R,0.006,0,-0.38,0.132,0.0164,0,9.690721649,-0.095,0.023,0.022907269,-0.094616981,0.1906572,0.995968218,-0.0007718
Almen Tolentino MIA,L,0.008,0,-0.38,0.132,-0.1152,0,9.683751363,-0.095,0.023,0.022915702,-0.094651811,0.190727385,0.996334855,-0.000701615
Oswaldo Patino NA,L,0.0068,0,-0.38,0.132,0.0164,0,9.689655172,-0.095,0.023,0.023175436,-0.095724627,0.192860941,1.007627656,0.001459941
Joyner Perez MIN,R,0.006,0,-0.38,0.132,-0.0492,0,9.680851064,-0.095,0.023,0.022947087,-0.094781448,0.190960673,0.997699453,-0.000440327
German Ramirez HOU,R,0.0068,0,-0.384,0.132,0.0492,0,9.683794466,-0.096,0.023,0.022539208,-0.094076695,0.187495833,0.979965572,-0.003833167
Gabriel Rodriguez CLE,L,0.0072,0,-0.384,0.132,0.0164,0,9.677966102,-0.096,0.023,0.022694039,-0.094722947,0.188782833,0.986697363,-0.002545167
Darwin Almanzar MIN,B,0.0064,0,-0.384,0.132,0.0164,0,9.679054054,-0.096,0.023,0.022935838,-0.095732192,0.190791268,0.997210338,-0.000533732
Dawson Dimon NA,R,0.0068,0,-0.384,0.132,0.0824,0,9.69047619,-0.096,0.022,0.021995728,-0.095981358,0.191252854,0.999805813,-3.71E-05
Diego Villegas SFN,L,0.0056,0,-0.384,0.132,-0.0824,0,9.681978799,-0.096,0.022,0.022004475,-0.096019527,0.191310906,1.000203407,3.89E-05
Alessander De La Cruz COL,R,0.006,0,-0.384,0.132,-0.0492,0,9.68503937,-0.096,0.022,0.022037957,-0.096165631,0.191477793,1.001725328,0.000329793
Steven Cruz CLE,B,0.0064,0,-0.384,0.132,-0.0492,0,9.684625493,-0.096,0.022,0.021907146,-0.095594821,0.190328293,0.995779386,-0.000806707
Felix Cotes TBA,B,0.0072,0,-0.384,0.132,0.0164,0,9.677966102,-0.096,0.022,0.022035165,-0.096153446,0.191353371,1.001598399,0.000305371
Daniel Campos CHN,R,0.006,0,-0.384,0.132,0.0824,0,9.691943128,-0.096,0.022,0.021959047,-0.095821298,0.190636472,0.998138519,-0.000355528
Andrew Patrick NA,R,0.0072,0,-0.384,0.132,-0.0492,0,9.683794466,-0.096,0.022,0.022026368,-0.096115061,0.1912089,1.001198555,0.0002289
Gabriel Araujo NA,R,0.0068,0,-0.384,0.132,-0.0492,0,9.684210526,-0.096,0.022,0.021997821,-0.095990494,0.190955089,0.999900976,-1.89E-05
Javier Sanchez TEX,R,0.006,0,-0.384,0.132,-0.0824,0,9.681603774,-0.096,0.022,0.022041296,-0.0961802,0.191326462,1.001877079,0.000358462
Karniel Pratt HOU,R,0.0088,0,-0.384,0.132,-0.0492,0,9.682119205,-0.096,0.022,0.022044106,-0.09619246,0.19134985,1.002004797,0.00038285
Oliver Tejada SFN,R,0.0064,0,-0.384,0.132,-0.0492,0,9.684625493,-0.096,0.022,0.02226151,-0.097141134,0.19319955,1.011886817,0.00226955
Yosneiker Rivas SFN,L,0.0056,0,-0.384,0.132,0.0164,0,9.68013468,-0.096,0.022,0.022048434,-0.096211346,0.191289203,1.002201526,0.000420203
Wesly Castillo TEX,L,0.0064,0,-0.384,0.132,-0.0492,0,9.684625493,-0.096,0.022,0.021912697,-0.095619039,0.190106587,0.996031661,-0.000757413
Ricardo Crespo SFN,L,0.006,0,-0.384,0.132,-0.0492,0,9.68503937,-0.096,0.022,0.021915467,-0.09563113,0.190099744,0.996157604,-0.000733256
Bairon Ledesma COL,R,0.0064,0,-0.384,0.132,0.0164,0,9.679054054,-0.096,0.022,0.022212567,-0.096927564,0.192631417,1.009662122,0.001843417
Nathaniel Ochoa Leyva WAS,R,0.0068,0,-0.384,0.132,-0.0492,0,9.684210526,-0.096,0.022,0.022132537,-0.096578344,0.191925315,1.006024421,0.001149315
Randy Soto TOR,B,0.0052,0,-0.384,0.132,0.0824,0,9.693396226,-0.096,0.022,0.02205039,-0.096219884,0.191187907,1.002290457,0.000436907
Yeisy Celesten TEX,L,0.006,0,-0.384,0.132,-0.0824,0,9.681603774,-0.096,0.022,0.021934807,-0.095715521,0.190173778,0.997036673,-0.000565222
Jhon Imbert NA,R,0.0072,0,-0.384,0.132,-0.0824,0,9.680473373,-0.096,0.022,0.021999994,-0.095999976,0.190720952,0.999999748,-4.80E-08
Christopher Alvarado BOS,R,0.0072,0,-0.384,0.132,0.0164,0,9.677966102,-0.096,0.022,0.022072339,-0.096315663,0.191317019,1.003288159,0.000627019
Jesus Moreno NA,R,0.0064,0,-0.384,0.132,0.0824,0,9.691211401,-0.096,0.022,0.022032764,-0.096142969,0.190953957,1.001489259,0.000283957
Freiker Betencourt CHN,L,0.0068,0,-0.384,0.132,0.0164,0,9.678510998,-0.096,0.022,0.021950019,-0.0957819,0.190236821,0.997728122,-0.000433179
Andres Torres TBA,L,0.006,0,-0.384,0.132,-0.0824,0,9.681603774,-0.096,0.022,0.022178722,-0.096779879,0.192127214,1.008123739,0.001548214
Angel Cruz NA,R,0.0068,0,-0.384,0.132,-0.0824,0,9.680851064,-0.096,0.022,0.022088964,-0.096388204,0.191337614,1.004043796,0.000770614
Luis Ogando NA,R,0.0072,0,-0.384,0.132,0.0164,0,9.677966102,-0.096,0.022,0.022026302,-0.096114774,0.190768804,1.001195564,0.000227804
Diego Munoz CIN,R,0.006,0,-0.384,0.132,-0.0492,0,9.68503937,-0.096,0.022,0.021966804,-0.095855146,0.190230529,0.998491108,-0.000287471
Willian Berti DET,L,0.0052,0,-0.384,0.132,-0.0492,0,9.685863874,-0.096,0.022,0.021894959,-0.095541638,0.189603376,0.995225397,-0.000909624
Aldo Gaxiola TOR,R,0.0056,0,-0.384,0.132,0.0164,0,9.68013468,-0.096,0.022,0.024592527,-0.107312844,0.21289974,1.117842126,0.02244374
Javier Osorio DET,R,0.0084,0,-0.384,0.132,0.0164,0,9.676320273,-0.096,0.022,0.024200258,-0.105601126,0.209485134,1.100011731,0.019046134
Joaquin Arias TEX,L,0.006,0,-0.384,0.132,-0.0492,0,9.68503937,-0.096,0.022,0.021932761,-0.095706593,0.189813091,0.996943675,-0.000581909
Santiago Pinto DET,L,0.008,0,-0.384,0.132,-0.0492,0,9.682959049,-0.096,0.022,0.021940105,-0.095738642,0.189819809,0.997277522,-0.000518191
Franyer Noria NA,R,0.0076,0,-0.384,0.132,0.0164,0,9.677419355,-0.096,0.022,0.022144683,-0.096631345,0.191494136,1.006576515,0.001251136
Carter Johnson MIA,L,0.0064,0,-0.388,0.132,0.0164,0,9.684385382,-0.097,0.022,0.022076189,-0.097335922,0.190790449,1.003463115,0.000658449
Osmar Torrealba CLE,L,0.0064,0,-0.388,0.132,-0.0492,0,9.688715953,-0.097,0.022,0.021898747,-0.096553567,0.189234041,0.995397593,-0.000874959
Alejandro Blasco CLE,B,0.006,0,-0.388,0.132,-0.0492,0,9.689119171,-0.097,0.022,0.022020594,-0.097090803,0.190269947,1.00093611,0.000177947
Jhorman Bravo BOS,L,0.0076,0,-0.388,0.132,0.0492,0,9.688715953,-0.097,0.022,0.022106954,-0.09747157,0.190996044,1.004861547,0.000924044
Anthony Santa Cruz de Oviedo LAA,L,0.0056,0,-0.388,0.132,-0.0824,0,9.685681024,-0.097,0.021,0.020838967,-0.096256181,0.188552959,0.992331767,-0.001457041
Maikol Orozco DET,R,0.0064,0,-0.388,0.132,-0.0492,0,9.688715953,-0.097,0.021,0.02121492,-0.097992725,0.191941483,1.010234283,0.001944483
Adolfo Miranda NYN,R,0.0064,0,-0.388,0.132,-0.0492,0,9.688715953,-0.097,0.021,0.020892452,-0.096503229,0.18893243,0.99487865,-0.00097257
Warel Solano TBA,R,0.0056,0,-0.388,0.132,0.0164,0,9.685430464,-0.097,0.021,0.02102025,-0.097093537,0.1900621,1.000964298,0.0001831
Israfell Bautista TBA,B,0.0128,0,-0.388,0.132,0.0164,0,9.675767918,-0.097,0.021,0.021072256,-0.097333753,0.190489178,1.003440749,0.000653178
Darlyn De Leon CHN,L,0.008,0,-0.388,0.132,0.0164,0,9.682274247,-0.097,0.021,0.020967061,-0.096847853,0.189484323,0.998431479,-0.000297677
Robert Cumbest NA,R,0.0064,0,-0.388,0.132,-0.0492,0,9.688715953,-0.097,0.021,0.021025986,-0.097120029,0.190004823,1.001237408,0.000234823
Darian Castillo SDN,B,0.0064,0,-0.388,0.132,0.0164,0,9.684385382,-0.097,0.021,0.021270437,-0.09824916,0.192207769,1.012877938,0.002443769
Yoffry Solano MIA,B,0.0072,0,-0.388,0.132,0.0164,0,9.683333333,-0.097,0.021,0.021182727,-0.097844023,0.191375848,1.008701268,0.001650848
Roybert Herrera NYN,L,0.006,0,-0.388,0.132,-0.0824,0,9.685314685,-0.097,0.021,0.020954374,-0.096789254,0.189272882,0.997827356,-0.000412118
Gabriel Lara NYA,L,0.0076,0,-0.388,0.132,-0.0492,0,9.6875,-0.097,0.021,0.021079232,-0.097365978,0.190367551,1.003772968,0.000715551
Guillermo Rosario PHI,R,0.0056,0,-0.388,0.132,-0.0824,0,9.685681024,-0.097,0.021,0.020128825,-0.092976002,0.181707698,0.958515488,-0.007864302
Agustin Acosta LAN,L,0.0068,0,-0.388,0.132,0.0164,0,9.683860233,-0.097,0.021,0.021043927,-0.097202899,0.189842273,1.002091746,0.000396273
Mario Baez ATL,R,0.0084,0,-0.388,0.132,0.0164,0,9.681742044,-0.097,0.021,0.021118064,-0.097545344,0.190407506,1.005622104,0.001064506
Haritzon Castillo MIN,B,0.0068,0,-0.388,0.132,0.0492,0,9.689922481,-0.097,0.021,0.020978398,-0.096900219,0.189128249,0.998971329,-0.000194751
Eliomar Garces TBA,R,0.0064,0,-0.388,0.132,0.0492,0,9.690522244,-0.097,0.021,0.021132817,-0.09761349,0.190484172,1.006324639,0.001197172
Dashyll Tejeda WAS,R,0.0172,0,-0.388,0.132,0.0164,0,9.68641115,-0.097,0.021,0.021033776,-0.097156014,0.189588442,1.001608387,0.000304442
John Wimmer LAA,R,0.006,0,-0.388,0.132,0.0492,0,9.691119691,-0.097,0.021,0.021082734,-0.097382152,0.190019684,1.003939706,0.000745684
Cesar Lugo CHN,L,0.0072,0,-0.388,0.132,-0.0492,0,9.687906372,-0.097,0.021,0.020719176,-0.09570286,0.186681748,0.986627423,-0.002530252
Juan Perez SFN,R,0.0056,0,-0.388,0.132,0.0824,0,9.677419355,-0.097,0.021,0.021209481,-0.097967605,0.191070158,1.009975304,0.001887158
Sami Manzueta HOU,R,0.006,0,-0.388,0.132,0.0164,0,9.684908789,-0.097,0.021,0.021204298,-0.097943661,0.190921478,1.009728467,0.001839478
Dilan Granadillo CHN,L,0.0056,0,-0.388,0.132,0.0824,0,9.677419355,-0.097,0.021,0.020783572,-0.096000308,0.187127363,0.989693896,-0.001948637
Jeremy Almonte MIA,R,0.006,0,-0.388,0.132,0.0824,0,9.676674365,-0.097,0.021,0.02044347,-0.09442936,0.18401167,0.973498553,-0.00500933
Carlos Cauro HOU,R,0.0064,0,-0.388,0.132,-0.1152,0,9.681528662,-0.097,0.021,0.02077705,-0.095970182,0.186964756,0.989383323,-0.002006244
Roosbert Tapia NA,R,0.006,0,-0.388,0.132,-0.0824,0,9.685314685,-0.097,0.021,0.021031093,-0.097143618,0.189233765,1.001480598,0.000279765
Angel Guzman TOR,B,0.006,0,-0.392,0.132,0.0164,0,9.69004894,-0.098,0.021,0.021118452,-0.098552777,0.189969528,1.005640579,0.001065528
Andres Villafane NA,L,0.0072,0,-0.392,0.132,-0.0492,0,9.679487179,-0.098,0.021,0.021033204,-0.098154954,0.189165629,1.00158116,0.000298629
Roy Rivero KCA,L,0.0068,0,-0.392,0.132,0.0164,0,9.68903437,-0.098,0.021,0.02118939,-0.09888382,0.190555175,1.00901857,0.001703175
Kleimir Lemos TEX,B,0.006,0,-0.392,0.132,-0.0824,0,9.677790564,-0.098,0.02,0.020035217,-0.098172565,0.18911442,1.001760867,0.00033242
Jesus Perez MIA,R,0.0068,0,-0.392,0.132,-0.0492,0,9.679897567,-0.098,0.02,0.019908981,-0.097554007,0.187910917,0.995449049,-0.000859083
Peson Revierre CIN,B,0.0068,0,-0.392,0.132,-0.0492,0,9.679897567,-0.098,0.02,#N/A,#N/A,#N/A,#N/A,#N/A
Cleudis Valenzuela NA,L,0.0068,0,-0.392,0.132,0.0164,0,9.68903437,-0.098,0.02,0.020065031,-0.098318653,0.189347681,1.003251566,0.000613681
Guillermo Batista DET,B,0.006,0,-0.392,0.132,0.0164,0,9.69004894,-0.098,0.02,0.020082503,-0.098404263,0.189509541,1.004125136,0.000778541
Francisco Perez TEX,R,0.006,0,-0.392,0.132,0.0824,0,9.683972912,-0.098,0.02,0.019996279,-0.097981768,0.188625901,0.999813957,-3.51E-05
Deinys Gonzalez TBA,R,0.0052,0,-0.392,0.132,0.0824,0,9.685393258,-0.098,0.02,0.020033212,-0.098162741,0.188967283,1.001660622,0.000313283
Edgar Basabe NA,R,0.008,0,-0.392,0.132,-0.0492,0,9.678663239,-0.098,0.02,0.020106493,-0.098521815,0.189632376,1.005324639,0.001004376
Kennew Blanco TOR,R,0.0056,0,-0.392,0.132,0.0492,0,9.679245283,-0.098,0.02,0.019962131,-0.097814441,0.188205963,0.998106537,-0.000357037
Jorge Corona CHA,R,0.006,0,-0.392,0.132,0.0824,0,9.683972912,-0.098,0.02,0.026025252,-0.127523737,0.245333548,1.30126262,0.056798548
Louis Andujar BOS,R,0.0064,0,-0.392,0.132,0.0164,0,9.689542484,-0.098,0.02,0.020052325,-0.098256392,0.18900018,1.002616242,0.00049318
Roiner Quintana HOU,R,0.0072,0,-0.392,0.132,0.0164,0,9.68852459,-0.098,0.02,0.019911571,-0.097566699,0.187637687,0.995578561,-0.000833313
Adbiel Feliz PIT,B,0.0068,0,-0.392,0.132,0.0164,0,9.68903437,-0.098,0.02,0.020000958,-0.098004695,0.188467028,1.000047905,9.03E-06
Jose Verdugo SDN,R,0.0064,0,-0.392,0.132,0.0492,0,9.678030303,-0.098,0.02,0.023251405,-0.113931887,0.219058466,1.162570272,0.030632466
Juan Rojas HOU,L,0.006,0,-0.392,0.132,0.0164,0,9.69004894,-0.098,0.02,0.02036994,-0.099812706,0.191884834,1.018496996,0.003484834
Adriel Radney ARI,R,0.0064,0,-0.392,0.132,-0.0492,0,9.680306905,-0.098,0.02,0.019893318,-0.097477257,0.187371181,0.994665886,-0.001004819
Samil Dishmey LAA,L,0.0064,0,-0.392,0.132,-0.0492,0,9.680306905,-0.098,0.02,0.020020667,-0.09810127,0.188566657,1.001033365,0.000194657
Ramcell Medina KCA,R,0.006,0,-0.392,0.132,0.0492,0,9.678638941,-0.098,0.02,0.019963349,-0.09782041,0.188023805,0.998167453,-0.000345195
Avinson Pinto BOS,L,0.0088,0,-0.392,0.132,0.0164,0,9.686468647,-0.098,0.02,0.023243588,-0.113893582,0.218844194,1.162179411,0.030539194
Eduardo Ponce SEA,R,0.0056,0,-0.392,0.132,-0.1152,0,9.685534591,-0.098,0.02,0.019955682,-0.097782841,0.187827867,0.997784095,-0.000417133
Jhon GIl LAN,R,0.0064,0,-0.392,0.132,0.0824,0,9.683257919,-0.098,0.02,0.019925594,-0.097635413,0.187517777,0.996279724,-0.000700223
Michael Guzman TEX,R,0.0064,0,-0.392,0.132,0.0164,0,9.689542484,-0.098,0.02,0.02006585,-0.098322665,0.188821655,1.0032925,0.000619655
Samuel Gonzalez OAK,R,0.0064,0,-0.392,0.132,0.0164,0,9.689542484,-0.098,0.02,0.0203951,-0.099935989,0.191883218,1.019754993,0.003717218
Anyelo Marquez LAA,L,0.0064,0,-0.392,0.132,0.0164,0,9.689542484,-0.098,0.02,0.023431291,-0.114813326,0.220337317,1.171564553,0.032266317
Pascual Archila TOR,L,0.006,0,-0.392,0.132,0.0164,0,9.69004894,-0.098,0.02,0.019971233,-0.097859042,0.187773527,0.99856165,-0.000270473
Jandaniel Gonzalez TBA,L,0.0056,0,-0.392,0.132,0.0824,0,9.684684685,-0.098,0.02,0.021195729,-0.103859073,0.199265289,1.059786458,0.011241289
Victor Hurtado WAS,L,0.0056,0,-0.392,0.132,-0.0492,0,9.681122449,-0.098,0.02,0.020011152,-0.098054644,0.188111831,1.000557591,0.000104831
Luis De Leon SDN,B,0.0072,0,-0.392,0.132,0.0164,0,9.68852459,-0.098,0.02,0.020260535,-0.099276622,0.19040243,1.013026751,0.00244843
Carlos Matias TBA,R,0.0072,0,-0.392,0.132,-0.0492,0,9.679487179,-0.098,0.02,0.019909303,-0.097555587,0.187062838,0.995465173,-0.000852162
Darvin Cruz NA,L,0.006,0,-0.392,0.132,0.0164,0,9.69004894,-0.098,0.02,0.020045166,-0.098221315,0.188301286,1.002258318,0.000424286
Merphy Hernandez MIN,L,0.0104,0,-0.392,0.132,0.0164,0,9.684385382,-0.098,0.02,0.020450531,-0.100207602,0.192104108,1.02252655,0.004232108
Roiber Niazoa NA,R,0.006,0,-0.392,0.132,-0.0824,0,9.677790564,-0.098,0.02,0.01999408,-0.09797099,0.187809389,0.999703984,-5.56E-05
Luis Leon CHN,R,0.0076,0,-0.392,0.132,0.0164,0,9.688013136,-0.098,0.02,0.020009911,-0.098048564,0.187891063,1.000495548,9.31E-05
Alfredo Guanchez ARI,B,0.0072,0,-0.392,0.132,0.0164,0,9.68852459,-0.098,0.02,0.019930803,-0.097660936,0.187089453,0.996540159,-0.000649547
Harold Rivas BOS,R,0.0072,0,-0.392,0.132,0.0164,0,9.68852459,-0.098,0.02,0.019977753,-0.09789099,0.187517184,0.998887655,-0.000208816
Cristian Jauregui PIT,L,0.0072,0,-0.392,0.132,-0.0492,0,9.679487179,-0.098,0.02,0.023528528,-0.115289786,0.220837586,1.176426393,0.033118586
Ewry Espinal NA,L,0.0072,0,-0.396,0.132,-0.0492,0,9.683544304,-0.099,0.02,0.020035432,-0.099175387,0.187993457,1.001771583,0.000332457
Reminton Batista NA,B,0.0068,0,-0.396,0.132,-0.0492,0,9.683944374,-0.099,0.02,0.019911471,-0.098561781,0.186788513,0.995573545,-0.000830487
Brando Mayea NYA,R,0.008,0,-0.396,0.132,0.0164,0,9.676898223,-0.099,0.019,0.021578878,-0.112437314,0.213011924,1.135730447,0.025456924
Carlos Concepcion SFN,R,0.0052,0,-0.396,0.132,-0.0492,0,9.685534591,-0.099,0.019,0.018897143,-0.098464061,0.186519774,0.994586472,-0.001015226
Isaac Ponce SDN,R,0.0052,0,-0.396,0.132,0.0824,0,9.692307692,-0.099,0.019,0.018924096,-0.098604501,0.186719076,0.996005057,-0.000748924
Dorian Soto BOS,B,0.0056,0,-0.396,0.132,0.0492,0,9.685185185,-0.099,0.019,0.019052029,-0.099271099,0.187930218,1.002738375,0.000513218
Oscar Colina NA,R,0.0072,0,-0.396,0.132,-0.0492,0,9.683544304,-0.099,0.019,0.019093795,-0.09948872,0.188331142,1.004936566,0.000925142
Ediel Rivera NYA,R,0.008,0,-0.396,0.132,0.0824,0,9.6875,-0.099,0.019,0.018474911,-0.096264009,0.182198599,0.972363732,-0.005178401
Roinny Aguiar NA,R,0.0072,0,-0.396,0.132,0.0164,0,9.677938808,-0.099,0.019,0.019164786,-0.099858624,0.18898295,1.008672968,0.00162495
Manni Ramirez TEX,R,0.0056,0,-0.396,0.132,-0.0492,0,9.685138539,-0.099,0.019,0.018945869,-0.098717948,0.186815241,0.997150991,-0.000533759
Nicholas Montgomery ATL,R,0.0052,0,-0.396,0.132,0.0824,0,9.692307692,-0.099,0.019,0.01976866,-0.103005121,0.194901296,1.040455769,0.007578296
Mason Dinesen NA,R,0.0076,0,-0.396,0.132,0.0164,0,9.677419355,-0.099,0.019,0.018998026,-0.098989712,0.187288535,0.99989608,-1.95E-05
Oliver Guerrero TEX,L,0.0056,0,-0.396,0.132,-0.1152,0,9.678756477,-0.099,0.019,0.018957672,-0.098779446,0.186848806,0.997772185,-0.000417194
Luis Aguilera DET,L,0.0064,0,-0.396,0.132,0.0492,0,9.68401487,-0.099,0.019,0.019096906,-0.099504929,0.188213071,1.005100295,0.000955071
Alcides Hernandez SDN,L,0.0064,0,-0.396,0.132,-0.1152,0,9.678089304,-0.099,0.019,0.019037849,-0.099197212,0.187605975,1.001992037,0.000372975
Francisco Espinoza LAN,R,0.006,0,-0.396,0.132,0.0824,0,9.690949227,-0.099,0.019,0.018564971,-0.096733271,0.182941181,0.977103751,-0.004286819
Alan Espinal COL,R,0.0068,0,-0.396,0.132,0.0824,0,9.689578714,-0.099,0.019,0.020684692,-0.107778132,0.203731153,1.088668004,0.016593153
Alfonzo Martinez TBA,R,0.0068,0,-0.396,0.132,-0.0492,0,9.683944374,-0.099,0.019,0.019114488,-0.099596541,0.188244505,1.006025668,0.001127505
Ariel Lebron HOU,R,0.0072,0,-0.396,0.132,0.0164,0,9.677938808,-0.099,0.019,0.019014285,-0.099074434,0.187221659,1.000751861,0.000140659
Fernando Hernandez NA,R,0.0068,0,-0.396,0.132,0.0164,0,9.678456592,-0.099,0.019,0.019116633,-0.099607718,0.188202244,1.00613857,0.001148244
Toby Simmons NA,B,0.0088,0,-0.396,0.132,-0.0492,0,9.681933842,-0.099,0.019,0.018925967,-0.098614249,0.18627634,0.996103527,-0.00072866
Gabriel Gomes NA,R,0.0064,0,-0.396,0.132,0.0824,0,9.690265487,-0.099,0.019,0.018926942,-0.098619328,0.186254056,0.996154824,-0.000718944
Alan Angulo KCA,R,0.0064,0,-0.396,0.132,0.0164,0,9.678972713,-0.099,0.019,0.019032101,-0.099167262,0.187222783,1.001689519,0.000315783
Anderson Araujo PHI,R,0.0068,0,-0.396,0.132,0.0824,0,9.689578714,-0.099,0.019,0.01901864,-0.099097126,0.187060339,1.000981068,0.000183339
Eduarlin Tejeda SDN,B,0.0056,0,-0.396,0.132,0.0164,0,9.68,-0.099,0.019,0.019020042,-0.099104431,0.187067121,1.001054856,0.000197121
Liberts Aponte CIN,R,0.006,0,-0.396,0.132,0.0492,0,9.684601113,-0.099,0.019,0.019064169,-0.099334356,0.187474032,1.003377338,0.000631032
Jostin Ogando BOS,R,0.0056,0,-0.396,0.132,-0.0824,0,9.681818182,-0.099,0.019,0.019039953,-0.099208175,0.187209834,1.002102774,0.000392834
Manuel Campos ATL,B,0.0064,0,-0.396,0.132,0.0492,0,9.68401487,-0.099,0.019,0.019178496,-0.099930059,0.188542786,1.009394533,0.001754786
Fidel Montero CHA,R,0.0072,0,-0.396,0.132,-0.0264,0,9.685362517,-0.099,0.019,0.018924688,-0.098607583,0.186017728,0.996036197,-0.000740272
Edward Guribe SLN,R,0.0056,0,-0.396,0.132,0.0164,0,9.68,-0.099,0.019,0.019063496,-0.099330848,0.187362059,1.003341896,0.000624059
Pablo Martinez HOU,R,0.0068,0,-0.396,0.132,0.0492,0,9.683426443,-0.099,0.019,0.019057952,-0.099301959,0.187307567,1.003050086,0.000569567
Luis De La Cruz CLE,B,0.0076,0,-0.396,0.132,-0.0824,0,9.68,-0.099,0.019,0.021838895,-0.113792139,0.214636111,1.149415541,0.027901111
Justin Capellan NYA,R,0.0068,0,-0.396,0.132,0.0824,0,9.689578714,-0.099,0.019,0.018939585,-0.098685205,0.186137243,0.996820255,-0.000593757
Yorvin Morla SDN,B,0.0072,0,-0.396,0.132,0.0164,0,9.677938808,-0.099,0.019,0.018999029,-0.098994941,0.186717459,0.999948904,-9.54E-06
Jemone Nuel BAL,B,0.01,0,-0.396,0.132,0.0492,0,9.678638941,-0.099,0.019,0.019067664,-0.099352565,0.18737091,1.003561267,0.00066491
Ramon Ramirez NA,L,0.0068,0,-0.396,0.132,-0.1152,0,9.687825182,-0.099,0.019,0.019198234,-0.100032904,0.188649931,1.01043337,0.001947931
Leni Done NYA,R,0.0068,0,-0.396,0.132,0.0164,0,9.678456592,-0.099,0.019,0.018942737,-0.098701629,0.186076499,0.996986155,-0.000562501
Ramiro Altagracia NA,R,0.0064,0,-0.396,0.132,-0.0492,0,9.684343434,-0.099,0.019,0.018958359,-0.098783028,0.186222971,0.997808366,-0.000409029
Adrian Hoyte DET,L,0.006,0,-0.396,0.132,-0.0492,0,9.684741488,-0.099,0.019,0.019039551,-0.099206081,0.187010477,1.002081625,0.000388477
Dayber Cruceta PHI,L,0.0064,0,-0.396,0.132,0.0164,0,9.678972713,-0.099,0.019,0.018995453,-0.098976307,0.186557341,0.999760672,-4.47E-05
Kevin Robledo MIA,R,0.006,0,-0.4,0.132,0.0824,0,9.676724138,-0.1,0.019,0.019011248,-0.1000592,0.186497341,1.000591999,0.000110341
Edgar Walker PIT,R,0.0072,0,-0.4,0.132,-0.0492,0,9.6875,-0.1,0.019,0.018910701,-0.099530006,0.185462222,0.995300057,-0.000875778
Gian Zapata ARI,L,0.0064,0,-0.4,0.132,-0.0492,0,9.688279302,-0.1,0.018,0.017937671,-0.099653728,0.185688778,0.996537283,-0.000645222
Jorge Julio NA,R,0.0064,0,-0.4,0.132,-0.0492,0,9.688279302,-0.1,0.018,0.018040576,-0.100225425,0.186752038,1.002254245,0.000420038
Eliesbert Alejos ARI,R,0.0064,0,-0.4,0.132,0.0164,0,9.684044234,-0.1,0.018,0.019908766,-0.110604258,0.206088913,1.106042575,0.019758913
Roderick Flores MIL,R,0.0064,0,-0.4,0.132,0.0164,0,9.684044234,-0.1,0.018,0.018052832,-0.100293509,0.186801676,1.002935094,0.000546676
Angel Gonzalez MIL,L,0.0072,0,-0.4,0.132,-0.0492,0,9.6875,-0.1,0.018,0.018110354,-0.10061308,0.18738985,1.006130804,0.00114185
Newremberg Rondon DET,R,0.006,0,-0.4,0.132,-0.0824,0,9.68503937,-0.1,0.018,0.017212339,-0.095624105,0.178059733,0.956241048,-0.008148267
Alan Escobar CHA,L,0.006,0,-0.4,0.132,-0.0492,0,9.688667497,-0.1,0.018,0.01792409,-0.09957828,0.185400817,0.995782803,-0.000785183
Victor Leal MIN,R,0.0064,0,-0.4,0.132,0.0824,0,9.676025918,-0.1,0.018,0.018113955,-0.100633083,0.187327478,1.006330832,0.001178478
Johan Machado MIA,B,0.0076,0,-0.4,0.132,0.0492,0,9.688073394,-0.1,0.018,0.01806183,-0.100343501,0.186777386,1.003435011,0.000639386
Yensi Reyes NA,R,0.0064,0,-0.4,0.132,-0.0492,0,9.688279302,-0.1,0.018,0.017926686,-0.099592701,0.185344009,0.995927013,-0.000757991
Ryan Castillo NA,L,0.0064,0,-0.4,0.132,-0.0824,0,9.684684685,-0.1,0.018,0.018085757,-0.100476429,0.186982616,1.004764294,0.000886616
Heribert Silva CLE,L,0.0072,0,-0.4,0.132,0.0164,0,9.683042789,-0.1,0.018,0.018047241,-0.100262449,0.186583405,1.002624493,0.000488405
Adrian Meza NA,B,0.0068,0,-0.4,0.132,0.0492,0,9.689213894,-0.1,0.018,0.018084408,-0.100468933,0.186837051,1.004689329,0.000872051
Michael Martinez ATL,R,0.006,0,-0.4,0.132,-0.0492,0,9.688667497,-0.1,0.018,0.018121803,-0.100676683,0.187111643,1.006766833,0.001257643
Abraham Bastidas SDN,R,0.0056,0,-0.4,0.132,0.0164,0,9.68503937,-0.1,0.018,0.018112811,-0.10062673,0.18699264,1.006267301,0.00116464
Jhostin Genao TEX,L,0.0068,0,-0.4,0.132,0.0164,0,9.683544304,-0.1,0.018,0.018075688,-0.100420488,0.186609384,1.004204878,0.000781384
Emiliano Galan NA,R,0.006,0,-0.4,0.132,-0.0492,0,9.688667497,-0.1,0.018,0.018043566,-0.100242033,0.186237668,1.002420329,0.000449668
Christian Astudillo BAL,R,0.0052,0,-0.4,0.132,0.0824,0,9.678111588,-0.1,0.018,0.018120689,-0.100670497,0.187000482,1.006704972,0.001245482
Erick Bautista NA,R,0.0064,0,-0.4,0.132,-0.0492,0,9.688279302,-0.1,0.018,0.017929358,-0.099607546,0.185021016,0.996075456,-0.000728984
Anielson Buten CIN,R,0.0068,0,-0.4,0.132,-0.0492,0,9.687890137,-0.1,0.018,0.017931083,-0.099617125,0.185026856,0.996171252,-0.000711144
Franco Willias SFN,R,0.0064,0,-0.4,0.132,-0.0824,0,9.684684685,-0.1,0.018,0.018037976,-0.100210978,0.186123853,1.002109776,0.000391853
John Estevez ATL,L,0.0064,0,-0.4,0.132,-0.0492,0,9.688279302,-0.1,0.018,0.017850992,-0.099172177,0.184187525,0.991721766,-0.001537475
Johan Rodriguez ATL,L,0.006,0,-0.4,0.132,-0.0824,0,9.68503937,-0.1,0.018,0.01809591,-0.100532833,0.186714604,1.00532833,0.000989604
Rodny Rosario CLE,B,0.0056,0,-0.4,0.132,0.0164,0,9.68503937,-0.1,0.018,0.018020848,-0.100115821,0.1859331,1.001158208,0.0002151
Djean Macares SFN,L,0.006,0,-0.4,0.132,0.0164,0,9.684542587,-0.1,0.018,0.017932847,-0.099626927,0.18502414,0.99626927,-0.00069286
Antoni Urena LAN,B,0.006,0,-0.4,0.132,0.0492,0,9.690346084,-0.1,0.018,0.018038386,-0.100213254,0.186105032,1.002132541,0.000396032
Estivenzon Montero NYA,R,0.006,0,-0.4,0.132,-0.0492,0,9.688667497,-0.1,0.018,0.017945617,-0.099697873,0.185144932,0.99697873,-0.000561068
Axell De Paula NA,R,0.0068,0,-0.4,0.132,-0.1152,0,9.681069959,-0.1,0.018,0.018081196,-0.100451088,0.186474387,1.004510884,0.000837387
Miguel Rivera NA,R,0.0056,0,-0.4,0.132,-0.0824,0,9.685393258,-0.1,0.018,0.017907508,-0.099486156,0.184674161,0.994861556,-0.000953839
Deward Tovar TEX,L,0.0056,0,-0.4,0.132,-0.0492,0,9.677018634,-0.1,0.018,0.021343953,-0.118577518,0.220034814,1.18577518,0.034472814
Aniel Mendoza NA,R,0.0064,0,-0.4,0.132,-0.1152,0,9.681397739,-0.1,0.018,0.01803128,-0.100173777,0.18585341,1.001737769,0.00032241
Jose Monserrate MIA,R,0.0088,0,-0.4,0.132,0.0164,0,9.681020734,-0.1,0.018,0.020731879,-0.115177105,0.213631646,1.151771049,0.028150646
Thomas Takayoshi OAK,B,0.0056,0,-0.4,0.132,-0.1152,0,9.682051282,-0.1,0.018,0.018001856,-0.100010309,0.18548912,1.000103089,1.91E-05
Luis Frias SFN,R,0.0068,0,-0.4,0.132,0.0164,0,9.683544304,-0.1,0.018,0.018111144,-0.100617466,0.186609178,1.006174665,0.001145178
Victor Cardoza PHI,R,0.0068,0,-0.4,0.132,0.0164,0,9.683544304,-0.1,0.018,0.018114282,-0.100634898,0.186623393,1.00634898,0.001177393
Ruben Vizcaya NA,R,0.0072,0,-0.4,0.132,-0.0492,0,9.6875,-0.1,0.018,0.018095124,-0.100528468,0.186418985,1.005284676,0.000979985
Yilber Herrera MIN,B,0.0076,0,-0.4,0.132,0.0164,0,9.682539683,-0.1,0.018,0.017755136,-0.098639646,0.182831543,0.98639646,-0.002521457
Alonso Gallegos NA,R,0.006,0,-0.4,0.132,0.0492,0,9.690346084,-0.1,0.018,0.018020975,-0.100116529,0.185553973,1.001165293,0.000215973
Robin Ortiz CHN,R,0.0064,0,-0.4,0.132,0.0164,0,9.684044234,-0.1,0.018,0.017893408,-0.099407823,0.184166909,0.994078229,-0.001097091
Carlos Done MIL,R,0.0068,0,-0.4,0.132,-0.0492,0,9.687890137,-0.1,0.018,0.017939158,-0.099661986,0.184619843,0.996619862,-0.000626157
Franklin Rojas TOR,R,0.0052,0,-0.4,0.132,0.0824,0,9.678111588,-0.1,0.018,0.017921969,-0.099566494,0.184430999,0.995664937,-0.000803001
Yovanny Rodriguez NYN,R,0.0052,0,-0.4,0.132,0.0824,0,9.678111588,-0.1,0.018,0.017896649,-0.099425826,0.184167451,0.994258256,-0.001063549
Angel Herrera NA,L,0.0076,0,-0.4,0.132,-0.0492,0,9.687108886,-0.1,0.018,0.018030383,-0.100168796,0.185531643,1.001687964,0.000312643
Jose Riera CLE,R,0.0076,0,-0.4,0.132,0.0164,0,9.682539683,-0.1,0.018,0.018166229,-0.100923497,0.186914353,1.009234968,0.001710353
Edgardo De Leon MIA,R,0.0064,0,-0.404,0.132,-0.0824,0,9.688195991,-0.101,0.018,0.017760595,-0.09965667,0.182703238,0.986699707,-0.002462762
Enmanuel Ramirez WAS,R,0.0068,0,-0.404,0.132,-0.0492,0,9.679802956,-0.101,0.018,0.01794868,-0.10071204,0.18463309,0.997148914,-0.00052791
Yorber Semprun NYN,L,0.0068,0,-0.404,0.132,0.0164,0,9.68847352,-0.101,0.018,0.018054271,-0.101304521,0.185667115,1.003015061,0.000558115
Darwin NuÃ±ez TOR,R,0.0056,0,-0.404,0.132,-0.0824,0,9.678135405,-0.101,0.017,0.016991224,-0.100947859,0.184954468,0.99948375,-9.55E-05
Juan Cabada CHN,L,0.0072,0,-0.404,0.132,0.0164,0,9.68798752,-0.101,0.017,0.017224997,-0.102336749,0.187483964,1.013235139,0.002448964
Jayson Bass MIN,B,0.0072,0,-0.404,0.132,-0.0824,0,9.6875,-0.101,0.017,0.019536826,-0.116071728,0.212580199,1.149225033,0.027603199
Yairo Padilla SLN,B,0.01,0,-0.404,0.132,0.0492,0,9.690346084,-0.101,0.017,0.017090717,-0.101538963,0.185890698,1.005336272,0.000986698
Aaron Pinero TBA,R,0.006,0,-0.404,0.132,0.0164,0,9.689440994,-0.101,0.017,0.017133645,-0.10179401,0.186349558,1.00786149,0.001453558
Herlinton Herrera COL,L,0.0064,0,-0.404,0.132,-0.0824,0,9.688195991,-0.101,0.017,0.017015422,-0.101091626,0.184955637,1.000907186,0.000167637
Jefer Lista MIL,R,0.0056,0,-0.404,0.132,-0.0824,0,9.678135405,-0.101,0.017,0.017076779,-0.101456155,0.185561299,1.004516389,0.000834299
Athanael Duarte LAA,R,0.006,0,-0.404,0.132,-0.0824,0,9.677777778,-0.101,0.017,0.018817336,-0.111797112,0.204434856,1.106902101,0.019743856
Jhonael Cuello NYN,L,0.0068,0,-0.404,0.132,0.0164,0,9.68847352,-0.101,0.017,0.016961174,-0.100769331,0.184258218,0.997716147,-0.000421782
Robert Perez MIA,R,0.0076,0,-0.404,0.132,-0.0492,0,9.679012346,-0.101,0.017,0.016996788,-0.100980918,0.184586119,0.999811067,-3.49E-05
Jose Ferrer NA,R,0.0068,0,-0.404,0.132,-0.1152,0,9.684317719,-0.101,0.017,0.016963837,-0.100785149,0.184167397,0.997872762,-0.000392603
Santiago Martinez HOU,R,0.0072,0,-0.404,0.132,0.0492,0,9.676840215,-0.101,0.017,0.017141346,-0.101839763,0.186075364,1.008314488,0.001534364
Ronald Ramirez DET,R,0.0068,0,-0.404,0.132,0.0164,0,9.68847352,-0.101,0.017,0.017125964,-0.101748373,0.185896293,1.007409638,0.001367293
Jose Castro NYA,R,0.008,0,-0.404,0.132,-0.0492,0,9.678615575,-0.101,0.017,0.01700885,-0.101052581,0.184610058,1.0005206,9.61E-05
Yoelvis Betancourt ATL,R,0.0056,0,-0.404,0.132,0.0824,0,9.684210526,-0.101,0.017,0.016854015,-0.100132675,0.182926534,0.99141262,-0.001584466
Yojanser Calzado CIN,B,0.0116,0,-0.404,0.132,0.0164,0,9.682539683,-0.101,0.017,0.016941739,-0.100653862,0.183874675,0.996572894,-0.000632325
Moises De La Rosa NA,R,0.0064,0,-0.404,0.132,-0.0492,0,9.680196802,-0.101,0.017,0.017105258,-0.101625358,0.185638338,1.006191668,0.001142338
Josi Novas KCA,R,0.0068,0,-0.404,0.132,0.0492,0,9.677419355,-0.101,0.017,0.017039118,-0.101232406,0.184875431,1.00230105,0.000424431
Luis Marinez NA,R,0.0068,0,-0.404,0.132,0.0824,0,9.68220339,-0.101,0.017,0.016948577,-0.100694489,0.183873121,0.996975134,-0.000557879
Santiago Mendoza TBA,R,0.006,0,-0.404,0.132,-0.0824,0,9.677777778,-0.101,0.017,0.016959068,-0.100756815,0.183957005,0.997592231,-0.000443995
Jose Ramirez DET,R,0.006,0,-0.404,0.132,-0.0492,0,9.680589681,-0.101,0.017,0.017105182,-0.101624903,0.185534875,1.006187159,0.001140875
Danny Cancro COL,R,0.0076,0,-0.404,0.132,-0.1152,0,9.683673469,-0.101,0.017,0.01704371,-0.101259691,0.184849065,1.0025712,0.000474065
Jerffson Pena NA,L,0.0072,0,-0.404,0.132,0.0164,0,9.68798752,-0.101,0.017,0.016984441,-0.100907561,0.184166289,0.999084759,-0.000168711
Leandro Alsinois CHA,R,0.0068,0,-0.404,0.132,-0.0492,0,9.679802956,-0.101,0.017,0.017133718,-0.101794443,0.18576982,1.007865777,0.00144982
Justin Trimble HOU,L,0.0076,0,-0.404,0.132,-0.0824,0,9.687150838,-0.101,0.017,0.017011687,-0.101069436,0.184439712,1.000687483,0.000126712
Liordanys Menendez LAA,R,0.0064,0,-0.404,0.132,0.0164,0,9.688958009,-0.101,0.017,0.017092017,-0.101546689,0.185301594,1.005412764,0.000997594
Carlos Torres TEX,R,0.0056,0,-0.404,0.132,0.0824,0,9.684210526,-0.101,0.017,0.017019809,-0.101117687,0.184499732,1.001165217,0.000214732
Derwin Laya NA,R,0.0064,0,-0.404,0.132,-0.0824,0,9.688195991,-0.101,0.017,0.016935437,-0.100616417,0.183562201,0.996202152,-0.000699799
Reiner Herrera CLE,L,0.0056,0,-0.404,0.132,0.0824,0,9.684210526,-0.101,0.017,0.017146006,-0.101867446,0.18583648,1.008588579,0.00158248
Yojackson Laya LAN,R,0.0068,0,-0.404,0.132,0.0492,0,9.677419355,-0.101,0.017,0.017058623,-0.101348292,0.184830185,1.003448438,0.000635185
Anthony Millan HOU,R,0.0064,0,-0.404,0.132,0.0164,0,9.688958009,-0.101,0.017,0.016924064,-0.100548853,0.183334408,0.995533203,-0.000822592
Dauwin Gonzalez NA,R,0.0064,0,-0.404,0.132,-0.0492,0,9.680196802,-0.101,0.017,0.017049847,-0.101296148,0.184621757,1.002932155,0.000539757
Yosmar Gimenez NA,L,0.0064,0,-0.404,0.132,-0.0824,0,9.688195991,-0.101,0.017,0.01693587,-0.100618992,0.183362671,0.996227641,-0.000694329
Rainer Reyes NA,R,0.006,0,-0.404,0.132,-0.0492,0,9.680589681,-0.101,0.017,0.016926989,-0.100566227,0.18321673,0.995705218,-0.00079027
David Carrera NYA,R,0.0068,0,-0.404,0.132,-0.0492,0,9.679802956,-0.101,0.017,0.016911708,-0.100475441,0.182983684,0.994806343,-0.000955316
Raudy De Los Santos NA,R,0.0072,0,-0.408,0.132,0.0164,0,9.67791411,-0.102,0.017,#N/A,#N/A,#N/A,#N/A,#N/A
Hendry Arvelo LAN,L,0.0064,0,-0.408,0.132,0.0164,0,9.678899083,-0.102,0.017,0.017032477,-0.102194864,0.184255336,1.001910432,0.000351336
Javier Acevedo PIT,L,0.006,0,-0.408,0.132,-0.0824,0,9.681318681,-0.102,0.017,0.016992167,-0.101953001,0.183810265,0.999539221,-8.47E-05
Erny Orellana LAN,R,0.006,0,-0.408,0.132,-0.0492,0,9.684466019,-0.102,0.016,0.015917682,-0.101475222,0.18289715,0.994855121,-0.00094585
Luis Cruz PIT,L,0.0064,0,-0.408,0.132,-0.0492,0,9.684082625,-0.102,0.016,0.016023527,-0.102149984,0.184060251,1.001470434,0.000270251
Angel Garcia BAL,R,0.0056,0,-0.408,0.132,-0.0492,0,9.684848485,-0.102,0.016,0.015944913,-0.101648821,0.183141278,0.996557065,-0.000632722
Frederi Montero MIL,L,0.006,0,-0.408,0.132,0.0164,0,9.679389313,-0.102,0.016,0.017534055,-0.111779603,0.201357804,1.095878459,0.017616804
Vladi Gomez NYN,L,0.0092,0,-0.408,0.132,0.0164,0,9.690402477,-0.102,0.016,0.016054654,-0.102348417,0.184338529,1.003415849,0.000627529
Ismael Javier NA,B,0.0064,0,-0.408,0.132,0.0164,0,9.678899083,-0.102,0.016,0.016036437,-0.102232287,0.184096294,1.002277322,0.000418294
Matthew Moses MIL,R,0.0064,0,-0.408,0.132,-0.0824,0,9.680968097,-0.102,0.016,0.015911122,-0.1014334,0.182587082,0.994445103,-0.001019918
Anthuan Valencia CIN,R,0.0068,0,-0.408,0.132,-0.0492,0,9.683698297,-0.102,0.016,0.017317331,-0.110397987,0.198702307,1.08233321,0.015115307
Williams Wong NA,L,0.006,0,-0.408,0.132,0.0164,0,9.679389313,-0.102,0.016,0.016105214,-0.102670736,0.184772095,1.006575845,0.001207095
Anibal Salas DET,B,0.0064,0,-0.408,0.132,0.0164,0,9.678899083,-0.102,0.016,0.018523193,-0.118085358,0.21244019,1.157699589,0.02893819
Yohendry Sanchez SFN,R,0.0056,0,-0.408,0.132,0.0824,0,9.690721649,-0.102,0.016,0.016087426,-0.102557341,0.184423236,1.005464129,0.001002236
Starlin Mieses BAL,R,0.0064,0,-0.408,0.132,-0.0492,0,9.684082625,-0.102,0.016,0.015989892,-0.10193556,0.183300124,0.999368234,-0.000115876
Joswa Lugo LAA,R,0.0064,0,-0.408,0.132,0.0492,0,9.683655536,-0.102,0.016,0.016051271,-0.10232685,0.183870314,1.003204411,0.000587314
Jonathan Martinez CLE,B,0.0084,0,-0.408,0.132,0.0164,0,9.67642527,-0.102,0.016,0.017946023,-0.114405899,0.205520103,1.121626461,0.022286103
Kendrick Herrera PIT,R,0.006,0,-0.408,0.132,0.0492,0,9.684210526,-0.102,0.016,0.016057036,-0.102363604,0.183837005,1.003564749,0.000653005
Luis Vicioso NA,R,0.0064,0,-0.408,0.132,-0.0492,0,9.684082625,-0.102,0.016,0.01591157,-0.101436261,0.182155657,0.994473145,-0.001012343
Leny Carela NA,R,0.0076,0,-0.408,0.132,0.0164,0,9.677419355,-0.102,0.016,0.016047433,-0.102302383,0.183685934,1.002964536,0.000542934
Neurelin Montero TEX,R,0.006,0,-0.408,0.132,0.0824,0,9.690082645,-0.102,0.016,0.016027301,-0.102174044,0.183448487,1.001706311,0.000312487
Curley Martha TEX,R,0.0068,0,-0.408,0.132,0.0164,0,9.678407351,-0.102,0.016,0.0160554,-0.102353178,0.183760079,1.003462529,0.000634079
Sandy Presbot MIA,B,0.0084,0,-0.408,0.132,0.0164,0,9.67642527,-0.102,0.016,0.01596321,-0.101765466,0.182608152,0.997700649,-0.000420848
Juan Hernandez DET,L,0.0064,0,-0.408,0.132,0.0164,0,9.678899083,-0.102,0.016,0.018678964,-0.119078396,0.213672172,1.167435253,0.030645172
Felix Morrobel LAA,B,0.0072,0,-0.408,0.132,0.0164,0,9.67791411,-0.102,0.016,0.015758884,-0.100462883,0.180238291,0.984930223,-0.002757709
Railin Tea NA,B,0.0076,0,-0.408,0.132,-0.0492,0,9.682926829,-0.102,0.016,0.01608006,-0.102510384,0.183888554,1.005003766,0.000915554
Irvin Nunez MIN,R,0.0064,0,-0.408,0.132,0.0824,0,9.689440994,-0.102,0.016,0.018921485,-0.120624469,0.216296229,1.182592832,0.033396229
Luis De Leon HOU,R,0.0064,0,-0.408,0.132,0.0824,0,9.689440994,-0.102,0.016,0.016046969,-0.102299429,0.18340382,1.002935576,0.00053682
Nestor Urbina NA,B,0.006,0,-0.408,0.132,-0.1152,0,9.67839196,-0.102,0.016,0.015929462,-0.101550322,0.182018997,0.995591396,-0.000806003
Cristian Perez DET,R,0.0056,0,-0.408,0.132,0.0164,0,9.679878049,-0.102,0.016,0.016072078,-0.102459498,0.183631529,1.004504885,0.000823529
Alexander Requena MIA,R,0.006,0,-0.408,0.132,0.0824,0,9.690082645,-0.102,0.016,0.015979719,-0.101870706,0.182575276,0.998732412,-0.000231724
Miguel Hernandez SLN,R,0.0068,0,-0.408,0.132,0.0492,0,9.683098592,-0.102,0.016,0.016012259,-0.102078149,0.18294606,1.000766167,0.00014006
Edwin Darville BOS,L,0.0068,0,-0.408,0.132,0.0164,0,9.678407351,-0.102,0.016,0.016092207,-0.102587822,0.183800164,1.005762962,0.001053164
Luis Santos CHN,L,0.008,0,-0.408,0.132,0.0164,0,9.676923077,-0.102,0.016,0.01606502,-0.102414503,0.183448473,1.004063758,0.000742473
Alexander Frias MIL,L,0.0064,0,-0.412,0.132,-0.0492,0,9.68787515,-0.103,0.016,0.016155069,-0.103998258,0.184416173,1.009691825,0.001770173
Yorvit Diaz OAK,R,0.0064,0,-0.412,0.132,0.0164,0,9.68373494,-0.103,0.016,0.016096996,-0.103624413,0.183726084,1.006062261,0.001107084
Luis King KCA,R,0.0068,0,-0.412,0.132,0.0492,0,9.688581315,-0.103,0.016,0.016057436,-0.103369743,0.183269537,1.003589741,0.000655537
Cristofer Lebron SLN,R,0.0064,0,-0.412,0.132,-0.0492,0,9.68787515,-0.103,0.015,0.015037092,-0.103254699,0.183036497,1.002472804,0.000451497
Yordani Martinez MIA,R,0.0092,0,-0.412,0.132,0.0164,0,9.680365297,-0.103,0.015,0.015010971,-0.103075332,0.182716538,1.000731382,0.000133538
Rashawn Pinder TEX,L,0.0068,0,-0.412,0.132,0.0164,0,9.683257919,-0.103,0.015,0.014992356,-0.102947509,0.182419988,0.999490382,-9.30E-05
Jhonson Pena NA,R,0.0076,0,-0.412,0.132,0.0164,0,9.682299546,-0.103,0.015,0.015015542,-0.103106723,0.182690097,1.001036142,0.000189097
Jhon Simon TEX,R,0.0056,0,-0.412,0.132,0.0164,0,9.684684685,-0.103,0.015,#N/A,#N/A,#N/A,#N/A,#N/A
Josias Ramirez CHN,L,0.006,0,-0.412,0.132,-0.0824,0,9.684782609,-0.103,0.015,0.014958615,-0.102715822,0.181959582,0.997240986,-0.000503418
Nixson Cueche NA,R,0.0064,0,-0.412,0.132,-0.0824,0,9.684439608,-0.103,0.015,0.01508385,-0.103575771,0.183475931,1.005590011,0.001019931
Carlos Tirado NA,L,0.006,0,-0.412,0.132,-0.0824,0,9.684782609,-0.103,0.015,0.014950605,-0.102660823,0.181786404,0.996707024,-0.000600596
Hyun Seung Lee PIT,L,0.0068,0,-0.412,0.132,0.0164,0,9.683257919,-0.103,0.015,0.015109667,-0.103753046,0.183691243,1.00731113,0.001333243
Brayan Guedez NA,L,0.0076,0,-0.412,0.132,-0.0492,0,9.686746988,-0.103,0.015,0.015099768,-0.103685075,0.183555803,1.006651218,0.001212803
John Santana TBA,L,0.006,0,-0.412,0.132,-0.0492,0,9.6882494,-0.103,0.015,0.015072836,-0.103500143,0.183226404,1.004855759,0.000885404
Misael Mojica WAS,L,0.0068,0,-0.412,0.132,0.0164,0,9.683257919,-0.103,0.015,0.015118467,-0.103813476,0.183779081,1.007897822,0.001440081
Jose Camacho LAA,R,0.006,0,-0.412,0.132,-0.0824,0,9.684782609,-0.103,0.015,0.015041813,-0.103287119,0.182808172,1.002787559,0.000508172
Ire Garcia HOU,R,0.0064,0,-0.412,0.132,-0.0824,0,9.684439608,-0.103,0.015,0.014923964,-0.102477884,0.181352027,0.994930912,-0.000923973
Enyel Rosario NA,B,0.0076,0,-0.412,0.132,0.0164,0,9.682299546,-0.103,0.015,0.015127594,-0.103876144,0.183788162,1.00850625,0.001550162
Branny De Oleo NYN,R,0.008,0,-0.412,0.132,0.0164,0,9.681818182,-0.103,0.015,0.016876953,-0.115888411,0.205040353,1.125130204,0.022803353
Juan Frances NA,B,0.0068,0,-0.412,0.132,-0.0492,0,9.6875,-0.103,0.015,0.01498713,-0.102911626,0.182078643,0.999142003,-0.000156357
Andy Encarnacion ARI,R,0.0072,0,-0.412,0.132,-0.0492,0,9.687123947,-0.103,0.015,0.015099468,-0.103683015,0.183439413,1.006631215,0.001208413
Evan Estevez SFN,R,0.006,0,-0.412,0.132,-0.0824,0,9.684782609,-0.103,0.015,0.015077692,-0.103533486,0.183147721,1.005179475,0.000943721
Yeycol Soriano CIN,L,0.0064,0,-0.412,0.132,0.0164,0,9.68373494,-0.103,0.015,0.015021247,-0.103145899,0.18244006,1.001416496,0.00025806
Jhon Diaz NA,R,0.0064,0,-0.412,0.132,0.0164,0,9.68373494,-0.103,0.015,0.015105813,-0.103726579,0.183453044,1.00705417,0.001285044
Sandy Sanchez NA,B,0.0068,0,-0.412,0.132,0.0164,0,9.683257919,-0.103,0.015,0.015082856,-0.103568942,0.183058607,1.005523705,0.001005607
Pedro Dalmagro CLE,L,0.0064,0,-0.412,0.132,0.0824,0,9.67611336,-0.103,0.015,0.014956583,-0.102701868,0.181517076,0.997105513,-0.000526924
Wanderly De La Cruz CIN,L,0.0068,0,-0.412,0.132,0.0164,0,9.683257919,-0.103,0.015,0.015096055,-0.103659574,0.183188609,1.006403636,0.001165609
Joswuill Rondon NA,L,0.0068,0,-0.412,0.132,-0.0492,0,9.6875,-0.103,0.015,0.014974491,-0.102824839,0.18166254,0.998299409,-0.00030946
Raymond Mola PIT,R,0.0072,0,-0.412,0.132,-0.0824,0,9.683751363,-0.103,0.015,0.015080288,-0.103551311,0.182945006,1.005352534,0.000974006
Miguel Blanco SFN,R,0.0064,0,-0.412,0.132,0.0164,0,9.68373494,-0.103,0.015,0.015074181,-0.103509379,0.182845801,1.004945429,0.000899801
Wilberson De Pena NYA,R,0.0072,0,-0.412,0.132,-0.0492,0,9.687123947,-0.103,0.015,0.014910604,-0.10238615,0.180738394,0.994040292,-0.001083606
Ilan Fernandez BOS,R,0.0076,0,-0.412,0.132,0.0164,0,9.682299546,-0.103,0.015,0.017001456,-0.116743335,0.206076921,1.133430433,0.024259921
Pedro Roque KCA,R,0.0068,0,-0.412,0.132,0.0164,0,9.683257919,-0.103,0.015,0.015095664,-0.10365689,0.182950386,1.006377576,0.001159386
Frankeli Mesta PIT,B,0.0056,0,-0.412,0.132,0.0164,0,9.684684685,-0.103,0.015,0.015056349,-0.103386932,0.18245786,1.003756622,0.00068286
Hugo Sanchez NA,L,0.0064,0,-0.412,0.132,-0.1152,0,9.6812749,-0.103,0.015,0.014972147,-0.102808742,0.181413512,0.99814313,-0.000337488
Dariel Garcia COL,B,0.0076,0,-0.412,0.132,0.0164,0,9.682299546,-0.103,0.015,0.014887645,-0.102228497,0.180380694,0.992509679,-0.001361306
Brayan Cortesia WAS,R,0.0088,0,-0.412,0.132,0.0492,0,9.685863874,-0.103,0.015,0.015056855,-0.103390403,0.182424837,1.003790317,0.000688837
Anderson Tovar NA,R,0.0064,0,-0.412,0.132,-0.0492,0,9.68787515,-0.103,0.015,0.015042768,-0.10329367,0.182234103,1.002851169,0.000518103
Yorfran Medina NA,R,0.006,0,-0.412,0.132,-0.0824,0,9.684782609,-0.103,0.015,0.015001982,-0.103013611,0.181721011,1.000132149,2.40E-05
Anyelo Gonzalez NA,L,0.0064,0,-0.412,0.132,0.0824,0,9.67611336,-0.103,0.015,0.014978645,-0.102853359,0.18143033,0.998576303,-0.00025867
Emilio Taveras NA,R,0.0064,0,-0.412,0.132,-0.0824,0,9.684439608,-0.103,0.015,0.014996732,-0.102977557,0.181542435,0.999782109,-3.96E-05
Deivis Mosquera NA,R,0.006,0,-0.412,0.132,-0.0492,0,9.6882494,-0.103,0.015,0.015001577,-0.103010826,0.181596085,1.000105107,1.91E-05
Kevin Novoa NA,R,0.0064,0,-0.412,0.132,-0.0824,0,9.684439608,-0.103,0.015,0.014948825,-0.102648601,0.180957525,0.996588362,-0.000619475
Josnaider Orellana ATL,R,0.0064,0,-0.412,0.132,-0.1152,0,9.6812749,-0.103,0.015,0.014994009,-0.10295886,0.181480485,0.999600585,-7.25E-05
Erick Arosemena NA,R,0.0064,0,-0.416,0.132,-0.1152,0,9.684418146,-0.104,0.015,0.014991376,-0.103940209,0.181343683,0.999425086,-0.000104317
Joseph Tailor MIA,L,0.0068,0,-0.416,0.132,0.0164,0,9.687964339,-0.104,0.015,0.015062924,-0.104436274,0.182186067,1.00419494,0.000761067
Darison Garcia KCA,B,0.0076,0,-0.416,0.132,0.0164,0,9.687034277,-0.104,0.015,0.015063703,-0.104441673,0.182190465,1.004246858,0.000770465
Enmanuel Figuereo BOS,R,0.0064,0,-0.416,0.132,-0.0492,0,9.680094787,-0.104,0.015,0.014930967,-0.103521368,0.180559183,0.995397769,-0.000834817
Steven Madero DET,L,0.006,0,-0.416,0.132,-0.0824,0,9.688172043,-0.104,0.015,0.015204578,-0.105418408,0.183864908,1.013638538,0.002473908
Givian Sirvania BOS,R,0.0072,0,-0.416,0.132,0.0164,0,9.6875,-0.104,0.015,0.015005864,-0.10404066,0.181451913,1.000390962,7.09E-05
Daje Morales NA,R,0.0072,0,-0.416,0.132,0.0164,0,9.6875,-0.104,0.015,0.015050434,-0.104349679,0.18198885,1.003362297,0.00060985
Adrian Garcia NA,B,0.0068,0,-0.416,0.132,0.0164,0,9.687964339,-0.104,0.014,0.014076719,-0.10456991,0.18233272,1.005479902,0.00099372
Antony Peguero NA,R,0.0068,0,-0.416,0.132,-0.0492,0,9.679715302,-0.104,0.014,0.014105128,-0.104780952,0.182610027,1.007509156,0.001361027
Jayden Felicia NA,B,0.0064,0,-0.416,0.132,-0.0824,0,9.687836383,-0.104,0.014,0.014055544,-0.104412609,0.181898813,1.003967397,0.000718813
Nayerich Waterfort CIN,R,0.006,0,-0.416,0.132,0.0164,0,9.688888889,-0.104,0.014,0.014020206,-0.104150101,0.181429476,1.001443279,0.000261476
Joshua Francis SEA,B,0.0064,0,-0.416,0.132,-0.0492,0,9.680094787,-0.104,0.014,0.01410463,-0.10477725,0.182507865,1.007473558,0.001353865
Yeider Mindiola NYN,R,0.0064,0,-0.416,0.132,0.0824,0,9.682539683,-0.104,0.014,0.014130503,-0.104969454,0.182821462,1.00932167,0.001688462
Juan Ortega BAL,R,0.0072,0,-0.416,0.132,0.0824,0,9.6812749,-0.104,0.014,0.015412714,-0.114494448,0.199373366,1.100908155,0.018274366
Tavano Baker BOS,L,0.0072,0,-0.416,0.132,-0.0492,0,9.679334917,-0.104,0.014,0.013992029,-0.103940791,0.18093693,0.999430678,-0.00010307
Miguel Tamares NA,B,0.0072,0,-0.416,0.132,0.0164,0,9.6875,-0.104,0.014,0.014044397,-0.104329808,0.181601078,1.003171229,0.000574078
Rayner Arias SFN,R,0.0064,0,-0.416,0.132,-0.0492,0,9.680094787,-0.104,0.014,0.014000592,-0.104004395,0.181024649,1.000042256,7.65E-06
Richard Meran NYA,R,0.006,0,-0.416,0.132,-0.0492,0,9.680473373,-0.104,0.014,0.014039111,-0.104290539,0.181485594,1.002793646,0.000505594
Junior Aybar BAL,L,0.0076,0,-0.416,0.132,-0.0492,0,9.678953627,-0.104,0.014,0.015362343,-0.11412026,0.198469398,1.097310197,0.017600398
Winder Linares NA,L,0.0068,0,-0.416,0.132,0.0164,0,9.687964339,-0.104,0.014,#N/A,#N/A,#N/A,#N/A,#N/A
Remy Veldhuisen NA,L,0.0056,0,-0.416,0.132,-0.0824,0,9.678111588,-0.104,0.014,0.013966467,-0.103750901,0.180411843,0.997604816,-0.000433157
Jamesson Val NA,B,0.008,0,-0.416,0.132,-0.0824,0,9.686486486,-0.104,0.014,0.014008659,-0.104064324,0.18095385,1.000618496,0.00011185
Raimundo De Los Santos TOR,B,0.008,0,-0.416,0.132,0.0492,0,9.675767918,-0.104,0.014,0.015259449,-0.113355905,0.197096489,1.08996062,0.016267489
David Leon CLE,L,0.0064,0,-0.416,0.132,0.0824,0,9.682539683,-0.104,0.014,0.014031986,-0.104237611,0.181145925,1.002284724,0.000412925
Ricardo Paez MIN,L,0.0072,0,-0.416,0.132,-0.0492,0,9.679334917,-0.104,0.014,0.013956935,-0.10368009,0.180167086,0.996923944,-0.000555914
Angel Requena WAS,R,0.0088,0,-0.416,0.132,-0.0824,0,9.685807151,-0.104,0.014,0.01401579,-0.104117297,0.180894794,1.001127859,0.000203794
Alex Acosta NYN,R,0.0064,0,-0.416,0.132,-0.0492,0,9.680094787,-0.104,0.014,0.014032485,-0.104241319,0.181052136,1.002320373,0.000419136
Abraham Cohen NA,L,0.0064,0,-0.416,0.132,0.0164,0,9.6884273,-0.104,0.014,0.014048889,-0.104363178,0.181260777,1.003492094,0.000630777
Jairo Mendez NA,L,0.0068,0,-0.416,0.132,-0.0492,0,9.679715302,-0.104,0.014,0.014038789,-0.104288148,0.181097371,1.00277065,0.000500371
Enry Torres CIN,L,0.006,0,-0.416,0.132,0.0824,0,9.683168317,-0.104,0.014,0.013921375,-0.103415925,0.179582748,0.994383893,-0.001014252
Yelserth Ayala NA,B,0.0076,0,-0.416,0.132,-0.0824,0,9.686825054,-0.104,0.014,0.014049156,-0.104365157,0.181226081,1.003511125,0.000634081
Fabian Alcantara SDN,R,0.0064,0,-0.416,0.132,-0.0492,0,9.680094787,-0.104,0.014,0.013897162,-0.10323606,0.179237654,0.992654427,-0.001326346
Saul Gomez BAL,R,0.0064,0,-0.416,0.132,-0.0824,0,9.687836383,-0.104,0.014,#N/A,#N/A,#N/A,#N/A,#N/A
Yosweld Vasquez HOU,R,0.0064,0,-0.416,0.132,0.0824,0,9.682539683,-0.104,0.014,0.015534332,-0.115397895,0.200330745,1.10959514,0.019786745
Jose Mendoza CHA,R,0.0056,0,-0.416,0.132,0.0824,0,9.683794466,-0.104,0.014,0.013915633,-0.103373277,0.179443087,0.993973816,-0.001087913
Marcos Terrero NA,L,0.006,0,-0.416,0.132,0.0824,0,9.683168317,-0.104,0.014,0.01396716,-0.103756046,0.180095554,0.997654286,-0.000423446
Jarol Capellan NA,L,0.0056,0,-0.416,0.132,-0.0824,0,9.678111588,-0.104,0.014,0.014002542,-0.104018887,0.18053478,1.000181605,3.28E-05
Feliz Genao ARI,L,0.0056,0,-0.416,0.132,-0.0824,0,9.678111588,-0.104,0.014,0.013964417,-0.103735672,0.180034257,0.997458389,-0.000458743
Pedro Catuy ARI,R,0.0068,0,-0.416,0.132,0.0164,0,9.687964339,-0.104,0.014,0.015761127,-0.117082657,0.20318907,1.125794775,0.02270407
Eduardo Acevedo NA,L,0.0068,0,-0.416,0.132,-0.0492,0,9.679715302,-0.104,0.014,0.013937852,-0.103538328,0.179678821,0.995560843,-0.000801179
Brailyn Antunez MIL,R,0.0072,0,-0.416,0.132,0.0164,0,9.6875,-0.104,0.014,0.013975935,-0.103821229,0.180140814,0.998281051,-0.000310186
Carlos Villarroel NYA,R,0.006,0,-0.416,0.132,0.0824,0,9.683168317,-0.104,0.014,0.013976149,-0.103822823,0.180047743,0.998296377,-0.000307257
Jesus Correa NA,B,0.0068,0,-0.416,0.132,-0.0492,0,9.679715302,-0.104,0.014,0.014108202,-0.104803785,0.181695501,1.007728705,0.001393501
Reinaldo De La Cruz NA,R,0.0068,0,-0.416,0.132,-0.0492,0,9.679715302,-0.104,0.014,0.014030028,-0.104223066,0.18060755,1.002144867,0.00038655
Johan Rodriguez CLE,R,0.0064,0,-0.42,0.132,0.0492,0,9.683333333,-0.105,0.014,0.0142969,-0.107226752,0.184009276,1.021207161,0.003821276
Wilian Trinidad TBA,L,0.0072,0,-0.42,0.132,0.0164,0,9.677891654,-0.105,0.014,0.014046024,-0.105345182,0.1807623,1.003287451,0.0005923
Spence Coffman NA,R,0.0072,0,-0.42,0.132,-0.0492,0,9.683098592,-0.105,0.014,0.013992535,-0.104944016,0.180068939,0.999466817,-9.61E-05
Sebastian Castro NYN,L,0.0072,0,-0.42,0.132,-0.0492,0,9.683098592,-0.105,0.014,0.013991389,-0.10493542,0.180048193,0.999384949,-0.000110807
Teilon Serrano MIN,L,0.0072,0,-0.42,0.132,0.0164,0,9.677891654,-0.105,0.013,0.01291657,-0.10432614,0.17893026,0.993582288,-0.00115574
Maykel Minoso TOR,R,0.006,0,-0.42,0.132,0.0824,0,9.689320388,-0.105,0.013,0.012967918,-0.104740878,0.179636591,0.997532172,-0.000444409
Jose Barrios MIN,B,0.0068,0,-0.42,0.132,0.0164,0,9.678362573,-0.105,0.013,0.013122246,-0.105987369,0.181771366,1.009403514,0.001693366
Efren Teran BOS,B,0.0064,0,-0.42,0.132,0.0492,0,9.683333333,-0.105,0.013,0.013152963,-0.106235474,0.182170568,1.011766423,0.002118568
Jose Rivas LAN,R,0.0064,0,-0.42,0.132,0.0824,0,9.688715953,-0.105,0.013,#N/A,#N/A,#N/A,#N/A,#N/A
Emdys Rosillo CIN,L,0.0056,0,-0.42,0.132,-0.0824,0,9.681528662,-0.105,0.013,0.012978563,-0.104826853,0.179630297,0.998350981,-0.000296703
Jose Urbina ARI,R,0.0052,0,-0.42,0.132,0.0824,0,9.690522244,-0.105,0.013,0.01300847,-0.105068415,0.179989199,1.000651569,0.000117199
Wilfri De La Cruz BAL,B,0.0072,0,-0.42,0.132,0.0492,0,9.682274247,-0.105,0.013,0.013004456,-0.10503599,0.179885637,1.000342763,6.16E-05
Jhorvic Abreus CLE,B,0.0064,0,-0.42,0.132,0.0164,0,9.678832117,-0.105,0.013,0.01273909,-0.102892648,0.176120856,0.979929983,-0.003607144
Elias Perez SEA,B,0.0056,0,-0.42,0.132,-0.0492,0,9.684579439,-0.105,0.013,0.013042194,-0.105340801,0.180299309,1.003245727,0.000583309
Railin Tejada NA,R,0.0064,0,-0.42,0.132,-0.0492,0,9.683840749,-0.105,0.013,0.013000265,-0.105002144,0.179657668,1.000020417,3.67E-06
Yimmy Diaz NA,B,0.0064,0,-0.42,0.132,-0.0492,0,9.683840749,-0.105,0.013,0.013012996,-0.105104966,0.179827589,1.000999672,0.000179589
Manuel German KCA,R,0.006,0,-0.42,0.132,-0.0824,0,9.681190223,-0.105,0.013,0.013068979,-0.105557139,0.180581122,1.005306088,0.000953122
Raynier Ramirez NA,R,0.0064,0,-0.42,0.132,0.0164,0,9.678832117,-0.105,0.013,0.01305063,-0.105408936,0.180314534,1.00389463,0.000699534
Jose Medina NA,B,0.0064,0,-0.42,0.132,-0.0824,0,9.680851064,-0.105,0.013,0.013046829,-0.105378238,0.18024496,1.003602267,0.00064696
Miguel Caraballo MIN,B,0.006,0,-0.42,0.132,0.0824,0,9.689320388,-0.105,0.013,0.013074441,-0.105601256,0.180608319,1.005726245,0.001028319
Jose Marcano CLE,L,0.0056,0,-0.42,0.132,-0.0824,0,9.681528662,-0.105,0.013,0.013054038,-0.105436462,0.180324466,1.004156779,0.000746466
Juanfel Peguero TBA,B,0.0068,0,-0.42,0.132,0.0492,0,9.682804674,-0.105,0.013,0.013049566,-0.105400342,0.180200456,1.003812785,0.000684456
Jeury Ramirez CHN,L,0.0064,0,-0.42,0.132,-0.0492,0,9.683840749,-0.105,0.013,0.013034966,-0.105282415,0.179996832,1.002689662,0.000482832
Cristian Montilla MIL,L,0.0068,0,-0.42,0.132,0.0164,0,9.678362573,-0.105,0.013,0.013033824,-0.105273196,0.179930942,1.00260187,0.000466942
Esterling Rodriguez PHI,L,0.0068,0,-0.42,0.132,-0.1152,0,9.687194526,-0.105,0.013,0.01314547,-0.106174948,0.181469166,1.011189986,0.002008166
Gustavo Baptista CLE,L,0.0056,0,-0.42,0.132,0.0824,0,9.689922481,-0.105,0.013,0.012967564,-0.104738019,0.178989294,0.99750494,-0.000447706
Juan Pablo Cabrera SLN,R,0.0056,0,-0.42,0.132,0.0824,0,9.689922481,-0.105,0.013,0.012943531,-0.1045439,0.178656565,0.995656195,-0.000779435
Jose Ramos OAK,L,0.0064,0,-0.42,0.132,0.0164,0,9.678832117,-0.105,0.013,0.013041617,-0.105336139,0.179994382,1.003201326,0.000574382
Brandon Vasquez SFN,L,0.0064,0,-0.42,0.132,-0.0492,0,9.683840749,-0.105,0.013,0.01301988,-0.105160568,0.179667332,1.001529224,0.000274332
Jefrank Silva CHA,L,0.0064,0,-0.42,0.132,0.0164,0,9.678832117,-0.105,0.013,0.013052568,-0.105424589,0.180072227,1.004043709,0.000725227
Abel Lorenzo LAN,L,0.0072,0,-0.42,0.132,-0.0492,0,9.683098592,-0.105,0.013,0.012956881,-0.104651732,0.178725224,0.996683159,-0.000594776
Albert Carpio NA,R,0.0064,0,-0.42,0.132,0.0164,0,9.678832117,-0.105,0.013,0.013154365,-0.106246795,0.181351137,1.01187424,0.002128137
Maykel Coret TBA,R,0.0064,0,-0.42,0.132,0.0164,0,9.678832117,-0.105,0.013,0.012960939,-0.104684506,0.17866056,0.996995296,-0.00053844
Keiver Garcia NA,B,0.0072,0,-0.42,0.132,0.0492,0,9.682274247,-0.105,0.013,0.013051966,-0.105419725,0.17987617,1.003997377,0.00071617
Jesus Machado NA,R,0.0068,0,-0.42,0.132,-0.0492,0,9.683470106,-0.105,0.013,0.013014752,-0.105119151,0.179354296,1.001134775,0.000203296
Yoxander Benitez SFN,R,0.008,0,-0.42,0.132,-0.0492,0,9.682352941,-0.105,0.013,0.013031682,-0.105255893,0.179586603,1.002437081,0.000436603
Jose Ochoa NA,R,0.0064,0,-0.42,0.132,-0.0492,0,9.683840749,-0.105,0.013,0.013018309,-0.105147881,0.179398307,1.001408388,0.000252307
Jose Paulino KCA,L,0.0068,0,-0.42,0.132,0.0164,0,9.678362573,-0.105,0.013,0.012979178,-0.104831824,0.178793172,0.998398325,-0.000286828
Frank Mieses CHA,R,0.006,0,-0.42,0.132,0.0164,0,9.679300292,-0.105,0.013,0.012950637,-0.104601295,0.178399999,0.996202809,-0.000680001
Manuel Almeida SEA,B,0.0056,0,-0.42,0.132,0.0824,0,9.689922481,-0.105,0.013,0.013008688,-0.105070174,0.179199683,1.000668321,0.000119683
Bracewell Taveras SLN,B,0.0064,0,-0.42,0.132,0.0164,0,9.678832117,-0.105,0.013,0.013032924,-0.105265922,0.179480402,1.00253259,0.000453402
Dencer Diaz MIN,R,0.0064,0,-0.42,0.132,-0.0824,0,9.680851064,-0.105,0.013,#N/A,#N/A,#N/A,#N/A,#N/A
Rainer Espinoza SFN,R,0.006,0,-0.42,0.132,-0.0492,0,9.684210526,-0.105,0.013,0.013007144,-0.105057702,0.179073354,1.00054954,9.84E-05
Diego Tornes ATL,B,0.0084,0,-0.424,0.132,0.0164,0,9.68115942,-0.106,0.012,0.011960832,-0.10565402,0.178291159,0.996736039,-0.000583841
Euri Rosa LAN,R,0.0064,0,-0.424,0.132,0.0824,0,9.676190476,-0.106,0.012,0.011944286,-0.105507862,0.178034563,0.995357186,-0.000830437
Edgar Alfonso LAA,B,0.0064,0,-0.424,0.132,0.0492,0,9.68852459,-0.106,0.012,0.012025678,-0.106226825,0.179145528,1.002139861,0.000382528
Andres Lacruz NA,B,0.0072,0,-0.424,0.132,-0.0492,0,9.686774942,-0.106,0.012,0.011963146,-0.105674454,0.178197038,0.996928815,-0.000548962
Lennyn Nunez NA,B,0.0064,0,-0.424,0.132,0.0824,0,9.676190476,-0.106,0.012,0.012006586,-0.10605818,0.178834103,1.000548871,9.81E-05
Juan Garcia NA,R,0.0064,0,-0.424,0.132,-0.0824,0,9.684210526,-0.106,0.012,0.01206614,-0.106584236,0.179709066,1.00551166,0.000985066
Wuinder Torres CLE,R,0.0056,0,-0.424,0.132,0.0824,0,9.677419355,-0.106,0.012,0.011910481,-0.105209252,0.177379822,0.992540117,-0.001333178
Adan Sanchez NA,R,0.0068,0,-0.424,0.132,0.0824,0,9.675572519,-0.106,0.012,0.011953173,-0.105586361,0.177982745,0.996097745,-0.000697255
Andry Batista TEX,R,0.0064,0,-0.424,0.132,-0.0492,0,9.6875,-0.106,0.012,0.011965211,-0.105692695,0.178148029,0.997100898,-0.000517971
Sebastian Baquera TEX,R,0.006,0,-0.424,0.132,0.0824,0,9.676806084,-0.106,0.012,0.011950802,-0.105565416,0.177916566,0.995900151,-0.000732434
Jancel Santana NA,B,0.0068,0,-0.424,0.132,0.0164,0,9.682997118,-0.106,0.012,0.012074869,-0.106661339,0.179739449,1.006239043,0.001114449
Frandy Lafond MIL,R,0.0068,0,-0.424,0.132,-0.0492,0,9.687137891,-0.106,0.012,0.012050407,-0.106445263,0.179329138,1.004200595,0.000750138
Kevin Dume OAK,L,0.0056,0,-0.424,0.132,-0.0824,0,9.68487395,-0.106,0.012,0.011966991,-0.10570842,0.178064837,0.99724925,-0.000491163
Lisandro Bonifacio NA,B,0.0072,0,-0.424,0.132,0.0492,0,9.6875,-0.106,0.012,0.0120326,-0.106287969,0.179012002,1.002716687,0.000485002
Eric Martinez MIL,R,0.006,0,-0.424,0.132,0.0824,0,9.676806084,-0.106,0.012,0.011662305,-0.103017024,0.173368904,0.971858713,-0.005020096
Jesus Gamez TEX,R,0.0068,0,-0.424,0.132,-0.0264,0,9.677018634,-0.106,0.012,0.012073106,-0.106645772,0.179473768,1.006092193,0.001086768
Ivan Cespedes CHN,R,0.006,0,-0.424,0.132,0.0824,0,9.676806084,-0.106,0.012,0.011957494,-0.105624534,0.177726232,0.996457866,-0.000631768
Danny Puerta NA,L,0.0064,0,-0.424,0.132,-0.0492,0,9.6875,-0.106,0.012,0.012095073,-0.106839815,0.179751942,1.007922788,0.001412942
Argenis Valdez BAL,R,0.0064,0,-0.424,0.132,-0.0492,0,9.6875,-0.106,0.012,0.011940017,-0.105470146,0.177441581,0.995001379,-0.000891419
Saul Ramirez NA,R,0.006,0,-0.424,0.132,-0.0824,0,9.684542587,-0.106,0.012,0.011966708,-0.105705923,0.177819301,0.997225686,-0.000494699
Angelo Mora NA,R,0.006,0,-0.424,0.132,0.0824,0,9.676806084,-0.106,0.012,0.012012693,-0.106112119,0.178488592,1.001057723,0.000188592
Alejandro Cruz CHA,R,0.0072,0,-0.424,0.132,0.0164,0,9.682539683,-0.106,0.012,0.012009995,-0.106088293,0.178419491,1.000832951,0.000148491
Robinson Chacon KCA,L,0.0056,0,-0.424,0.132,-0.0492,0,9.688221709,-0.106,0.012,0.011965629,-0.105696387,0.177726481,0.997135729,-0.000510519
Luis Colon NA,B,0.0072,0,-0.424,0.132,0.0164,0,9.682539683,-0.106,0.012,0.012113652,-0.107003927,0.179898838,1.009471009,0.001687838
Niurby Asigen NA,L,0.0068,0,-0.424,0.132,-0.0824,0,9.683877766,-0.106,0.012,0.012021461,-0.106189573,0.178521702,1.001788421,0.000318702
Yassel Garcia ATL,B,0.0064,0,-0.424,0.132,0.0164,0,9.683453237,-0.106,0.012,0.012041232,-0.106364217,0.178815307,1.003436008,0.000612307
Jose Tovar TBA,L,0.0056,0,-0.424,0.132,-0.0824,0,9.68487395,-0.106,0.012,0.012033151,-0.106292833,0.178675244,1.002762576,0.000492244
Carlos Vasquez NA,L,0.0068,0,-0.424,0.132,0.0164,0,9.682997118,-0.106,0.012,0.012028232,-0.106249386,0.178599203,1.002352694,0.000419203
Winder Diaz NA,B,0.0068,0,-0.424,0.132,0.0164,0,9.682997118,-0.106,0.012,0.012039779,-0.106351383,0.178760622,1.003314935,0.000590622
Carlos Gonzalez SEA,R,0.006,0,-0.424,0.132,-0.0824,0,9.684542587,-0.106,0.012,0.01195286,-0.105583598,0.177451166,0.996071681,-0.000699834
Hector Ramos BOS,B,0.0056,0,-0.424,0.132,0.0492,0,9.689542484,-0.106,0.012,0.012018612,-0.106164402,0.178420294,1.001550959,0.000276294
Moises Molero NA,L,0.0064,0,-0.424,0.132,-0.0492,0,9.6875,-0.106,0.012,0.011997319,-0.105976315,0.178090198,0.999776556,-3.98E-05
Ricardo Chirinos BAL,R,0.0056,0,-0.424,0.132,0.0824,0,9.677419355,-0.106,0.012,0.011947536,-0.10553657,0.177351219,0.995628019,-0.000778781
Naibel Mariano CIN,R,0.0064,0,-0.424,0.132,0.0492,0,9.68852459,-0.106,0.012,0.011984079,-0.105859362,0.177890666,0.998673228,-0.000236334
Santiago Leon MIN,R,0.0064,0,-0.424,0.132,0.0492,0,9.68852459,-0.106,0.012,0.012046738,-0.106412851,0.178812742,1.003894823,0.000693742
Kevin Verde NYA,R,0.0072,0,-0.424,0.132,0.0164,0,9.682539683,-0.106,0.012,0.01184426,-0.104624299,0.17575303,0.987021689,-0.00231097
Pedro Blanco ARI,L,0.006,0,-0.424,0.132,-0.0824,0,9.684542587,-0.106,0.012,0.013263502,-0.11716093,0.196809362,1.105291793,0.018748362
Yordani Soto CHA,B,0.0076,0,-0.424,0.132,0.0492,0,9.686985173,-0.106,0.012,0.012121127,-0.107069954,0.17985631,1.010093901,0.00179731
Daniel Rodriguez TEX,R,0.006,0,-0.424,0.132,0.0492,0,9.68903437,-0.106,0.012,0.012033585,-0.106296672,0.178554341,1.002798788,0.000498341
Adrian Bello MIA,B,0.0056,0,-0.424,0.132,0.0824,0,9.677419355,-0.106,0.012,0.012037007,-0.106326892,0.178604101,1.003083884,0.000549101
Rafael Alvarez NA,R,0.0064,0,-0.424,0.132,-0.0824,0,9.684210526,-0.106,0.012,0.011955576,-0.105607588,0.177382888,0.996297997,-0.000659112
Jhoan De La Cruz SDN,B,0.006,0,-0.424,0.132,0.0492,0,9.68903437,-0.106,0.012,0.011938229,-0.105454352,0.177082728,0.994852376,-0.000916272
Geuri Lubo CHN,R,0.0068,0,-0.424,0.132,-0.0492,0,9.687137891,-0.106,0.012,0.011737354,-0.103679956,0.174097231,0.978112797,-0.003895769
Enderson Asencio NA,R,0.0064,0,-0.424,0.132,-0.0824,0,9.684210526,-0.106,0.012,0.012071507,-0.106631641,0.179051627,1.00595888,0.001060627
Isael Arias NYA,R,0.0088,0,-0.424,0.132,0.0164,0,9.680696662,-0.106,0.012,0.011981509,-0.10583666,0.177670797,0.998459058,-0.000274203
Darell Morel PIT,L,0.008,0,-0.424,0.132,0.0492,0,9.686468647,-0.106,0.012,0.012037492,-0.106331182,0.178481905,1.003124361,0.000555905
Dalton McIntyre ATL,L,0.008,0,-0.424,0.132,0.0164,0,9.681620839,-0.106,0.012,0.014754834,-0.130334366,0.218755168,1.229569495,0.040843168
Jehancarlos Mendez NA,R,0.006,0,-0.424,0.132,0.0164,0,9.683908046,-0.106,0.012,0.012040621,-0.106358823,0.178466091,1.00338512,0.000602091
Byron Castillo LAA,R,0.006,0,-0.424,0.132,0.0164,0,9.683908046,-0.106,0.012,0.011909746,-0.105202752,0.176521286,0.992478795,-0.001337714
Jose Dickson DET,R,0.0072,0,-0.424,0.132,0.0492,0,9.6875,-0.106,0.012,0.012064054,-0.10656581,0.178794307,1.005337834,0.000949307
Grenyerbert Velasquez NA,B,0.0068,0,-0.424,0.132,0.0164,0,9.682997118,-0.106,0.012,0.012025716,-0.106227156,0.178225117,1.002142985,0.000381117
Santiago Contreras SDN,L,0.0068,0,-0.424,0.132,-0.0492,0,9.687137891,-0.106,0.012,0.01202854,-0.106252102,0.178241911,1.002378323,0.000422911
Luis Martinez NA,L,0.006,0,-0.424,0.132,-0.0824,0,9.684542587,-0.106,0.012,0.011993915,-0.105946252,0.177664868,0.999492943,-9.01E-05
Marco Marcelino NA,R,0.0064,0,-0.424,0.132,-0.0492,0,9.6875,-0.106,0.012,0.011939203,-0.10546296,0.176847455,0.994933586,-0.000900545
Luis Fragoza MIN,R,0.0076,0,-0.424,0.132,-0.0492,0,9.68641115,-0.106,0.012,0.012083355,-0.106736299,0.178980662,1.006946215,0.001234662
Nathanael Cijntje PHI,R,0.0068,0,-0.428,0.132,0.0164,0,9.6875,-0.107,0.012,0.012009277,-0.107082719,0.177842379,1.000773073,0.000137379
Jonathan Moya DET,R,0.0056,0,-0.428,0.132,-0.0492,0,9.680729761,-0.107,0.012,0.012023298,-0.107207739,0.178031977,1.001941487,0.000344977
Geomaikel Martinez BOS,R,0.006,0,-0.428,0.132,0.0164,0,9.688385269,-0.107,0.012,0.011940045,-0.106465405,0.176795258,0.995003788,-0.000887742
Johan Barrios NA,R,0.0068,0,-0.428,0.132,-0.0824,0,9.68717414,-0.107,0.011,0.010990967,-0.106912131,0.177467143,0.999178793,-0.000145857
Ronnyel Espinoza CHN,B,0.0064,0,-0.428,0.132,0.0164,0,9.687943262,-0.107,0.011,0.01104495,-0.107437239,0.178262477,1.004086343,0.000725477
Moises Lopez NA,L,0.0064,0,-0.428,0.132,0.0164,0,9.687943262,-0.107,0.011,0.010951968,-0.106532784,0.176754814,0.995633493,-0.000775186
Deuri Castillo SEA,L,0.0072,0,-0.428,0.132,-0.0824,0,9.686847599,-0.107,0.011,0.010979978,-0.106805238,0.177173919,0.998179795,-0.000323081
Michell Ojeda PIT,L,0.0068,0,-0.428,0.132,0.0164,0,9.6875,-0.107,0.011,0.011089932,-0.107874793,0.178944118,1.008175635,0.001451118
Gustavo Marquez NA,R,0.0064,0,-0.428,0.132,-0.0492,0,9.68,-0.107,0.011,0.011070486,-0.107685633,0.178617253,1.006407781,0.001137253
Edwin Brito BOS,R,0.006,0,-0.428,0.132,-0.0492,0,9.680365297,-0.107,0.011,0.011049034,-0.107476969,0.178249046,1.004457652,0.000791046
Juan Brima ARI,B,0.0064,0,-0.428,0.132,0.0164,0,9.687943262,-0.107,0.011,0.011052284,-0.107508577,0.17825324,1.004753058,0.00084324
Anthony Longo KCA,R,0.0064,0,-0.428,0.132,0.0824,0,9.682242991,-0.107,0.011,0.010939141,-0.106408006,0.176408563,0.994467349,-0.000981437
Samuell Sanchez DET,L,0.006,0,-0.428,0.132,-0.0492,0,9.680365297,-0.107,0.011,0.011031714,-0.10730849,0.17790143,1.002883082,0.00051143
Alexi Quiroz HOU,R,0.006,0,-0.428,0.132,0.0824,0,9.682835821,-0.107,0.011,0.010962923,-0.106639345,0.176770162,0.996629392,-0.000597838
Brayan Amoroso SLN,R,0.0056,0,-0.428,0.132,-0.0824,0,9.678089304,-0.107,0.011,0.010924686,-0.106267398,0.176142681,0.99315325,-0.001214319
Leonard Rijo MIL,R,0.0068,0,-0.428,0.132,0.0492,0,9.677419355,-0.107,0.011,0.011008171,-0.107079482,0.177452718,1.000742822,0.000131718
Claudiel Lantigua NA,B,0.0064,0,-0.428,0.132,0.0164,0,9.687943262,-0.107,0.011,0.011025501,-0.107248056,0.177731077,1.002318278,0.000411077
Albert Gutierrez CHN,L,0.0056,0,-0.428,0.132,-0.0824,0,9.678089304,-0.107,0.011,0.010958101,-0.106592437,0.176629645,0.996190999,-0.000675355
Jancory De La Cruz MIA,L,0.0064,0,-0.428,0.132,-0.0492,0,9.68,-0.107,0.011,0.011082872,-0.107806119,0.178623656,1.007533821,0.001335656
Stiven Marinez NYA,L,0.0072,0,-0.428,0.132,0.0492,0,9.676898223,-0.107,0.011,0.01108282,-0.10780561,0.17853818,1.007529063,0.00133418
Ezequiel Surun NA,R,0.0064,0,-0.428,0.132,0.0492,0,9.677938808,-0.107,0.011,0.011034146,-0.107332144,0.177713943,1.003104146,0.000549943
Sandy Ruiz NA,R,0.0068,0,-0.428,0.132,-0.0824,0,9.68717414,-0.107,0.011,0.011090816,-0.107883392,0.17860146,1.008256002,0.00146246
Leonel Vivas CHN,R,0.0068,0,-0.428,0.132,-0.0824,0,9.68717414,-0.107,0.011,0.011085742,-0.107834033,0.178461293,1.007794698,0.001380293
Gregori Cano NA,L,0.0068,0,-0.428,0.132,-0.0824,0,9.68717414,-0.107,0.011,0.010998704,-0.106987389,0.176983139,0.999882144,-2.09E-05
Randy Perea NA,R,0.008,0,-0.428,0.132,-0.0492,0,9.678530425,-0.107,0.011,0.010982852,-0.106833194,0.176722072,0.998441067,-0.000275928
Adrian Reyes NA,B,0.0064,0,-0.428,0.132,-0.0492,0,9.68,-0.107,0.011,0.010975693,-0.106763559,0.176558989,0.997790274,-0.000391011
Frandy Duran NA,L,0.0064,0,-0.428,0.132,-0.0492,0,9.68,-0.107,0.011,0.010984403,-0.10684828,0.176675129,0.998582057,-0.000250871
Lisandro Sanchez BAL,R,0.0064,0,-0.428,0.132,0.0164,0,9.687943262,-0.107,0.011,0.010995612,-0.106957314,0.176740464,0.999601066,-7.05E-05
Yoerny Junco SLN,B,0.0068,0,-0.428,0.132,0.0164,0,9.6875,-0.107,0.011,0.011041449,-0.107403191,0.177472229,1.003768136,0.000666229
Alen Pineda ATL,R,0.0064,0,-0.428,0.132,0.0824,0,9.682242991,-0.107,0.011,0.011049864,-0.10748504,0.177603458,1.004533082,0.000801458
Geyber Blanco NA,R,0.0064,0,-0.428,0.132,0.0164,0,9.687943262,-0.107,0.011,0.01103984,-0.107387539,0.177430308,1.003621856,0.000640308
Jose Gerardo MIA,R,0.0088,0,-0.428,0.132,-0.0264,0,9.679012346,-0.107,0.011,0.011006937,-0.107067479,0.176845457,1.000630648,0.000111457
Luis Garcia CLE,B,0.006,0,-0.428,0.132,0.0492,0,9.678456592,-0.107,0.011,0.011042287,-0.107411338,0.177396349,1.003844276,0.000679349
Danny Gonzalez NA,R,0.0068,0,-0.428,0.132,-0.0492,0,9.679633867,-0.107,0.011,0.010977416,-0.106780323,0.176345209,0.997946946,-0.000362791
Luis Puello NYA,R,0.006,0,-0.428,0.132,-0.0492,0,9.680365297,-0.107,0.011,0.011165729,-0.108612089,0.179339875,1.01506625,0.002661875
Antony Gomez NA,L,0.0068,0,-0.428,0.132,0.0164,0,9.6875,-0.107,0.011,0.011037,-0.107359909,0.177251209,1.003363631,0.000594209
Manuel De Cesare NA,R,0.0056,0,-0.428,0.132,-0.0824,0,9.678089304,-0.107,0.011,0.010978109,-0.106787062,0.176297455,0.998009924,-0.000351545
Dariel Arias CLE,L,0.006,0,-0.428,0.132,-0.0492,0,9.680365297,-0.107,0.011,0.010971677,-0.106724498,0.176191175,0.997425218,-0.000454825
Sebastian Rojas OAK,R,0.006,0,-0.428,0.132,-0.0492,0,9.680365297,-0.107,0.011,0.011031928,-0.107310573,0.177110584,1.002902547,0.000512584
Jose Sabino CIN,L,0.0056,0,-0.428,0.132,0.0824,0,9.683426443,-0.107,0.011,0.010950938,-0.106522756,0.175769517,0.99553978,-0.000787483
Luis Suarez NA,R,0.0072,0,-0.428,0.132,0.0164,0,9.687055477,-0.107,0.011,0.011052241,-0.10750816,0.177389468,1.004749155,0.000838468
Adan Chacon NA,L,0.006,0,-0.428,0.132,-0.0824,0,9.687825182,-0.107,0.011,0.011007086,-0.107068924,0.176664725,1.000644148,0.000113725
Carlos Silva MIN,R,0.006,0,-0.428,0.132,-0.1152,0,9.684512428,-0.107,0.011,0.011070054,-0.107681433,0.177659269,1.006368533,0.001124269
Andru Arthur SLN,L,0.0072,0,-0.428,0.132,0.0164,0,9.687055477,-0.107,0.011,0.010949219,-0.106506043,0.17572004,0.995383578,-0.00081496
Gustavo Antunez BOS,R,0.0064,0,-0.432,0.132,-0.0492,0,9.683615819,-0.108,0.011,0.010945555,-0.107465447,0.175608491,0.995050436,-0.000873509
Armstrong Muhoozi PIT,R,0.0096,0,-0.432,0.132,0.0164,0,9.688826025,-0.108,0.011,0.010959344,-0.107600829,0.175828721,0.99630397,-0.000652279
Andrews Sosa HOU,R,0.006,0,-0.432,0.132,0.0824,0,9.688644689,-0.108,0.011,0.011021964,-0.108215647,0.176798315,1.00199673,0.000352315
Enmanuel Santos KCA,R,0.0068,0,-0.432,0.132,-0.0492,0,9.683257919,-0.108,0.011,0.010981168,-0.1078151,0.176139925,0.998287964,-0.000302075
Angel Arredondo TEX,R,0.0064,0,-0.432,0.132,0.0164,0,9.67877095,-0.108,0.01,0.010992364,-0.118717535,0.193896514,1.099236439,0.017504514
Eduardo Herrera CHA,R,0.0052,0,-0.432,0.132,-0.0824,0,9.681724846,-0.108,0.01,0.010028266,-0.108305268,0.17680133,1.002826554,0.00049833
Johan Estrada NA,R,0.0068,0,-0.432,0.132,-0.0824,0,9.680412371,-0.108,0.01,#N/A,#N/A,#N/A,#N/A,#N/A
Angel Feliz NA,L,0.0064,0,-0.432,0.132,-0.0492,0,9.683615819,-0.108,0.01,0.010001491,-0.108016103,0.176250275,1.0001491,2.63E-05
Lucas Ramirez LAA,L,0.0064,0,-0.432,0.132,-0.0492,0,9.683615819,-0.108,0.01,0.012111003,-0.130798836,0.213371656,1.211100329,0.037191656
Jose Aular NYN,R,0.006,0,-0.432,0.132,-0.0824,0,9.681069959,-0.108,0.01,0.009977179,-0.107753535,0.17573105,0.997717918,-0.00040195
Kenny Fenelon MIL,R,0.0072,0,-0.432,0.132,0.0164,0,9.677871148,-0.108,0.01,0.009946405,-0.107421171,0.175127343,0.994640475,-0.000943657
Rafy Peguero LAN,R,0.0056,0,-0.432,0.132,-0.0492,0,9.6843292,-0.108,0.01,0.009982099,-0.107806668,0.175741838,0.998209887,-0.000315162
Charles Nova NA,R,0.0068,0,-0.432,0.132,0.0164,0,9.678321678,-0.108,0.01,0.010099189,-0.109071239,0.17778107,1.00991888,0.00174607
Jesus Castro SDN,B,0.0064,0,-0.432,0.132,0.0824,0,9.688073394,-0.108,0.01,0.009958957,-0.107556735,0.175299552,0.995895695,-0.000722448
Leonardo Pineda TBA,R,0.0064,0,-0.432,0.132,0.0164,0,9.67877095,-0.108,0.01,0.009961703,-0.107586388,0.175335927,0.996170257,-0.000674073
Victor Izturis CLE,L,0.0064,0,-0.432,0.132,0.0824,0,9.688073394,-0.108,0.01,0.010071575,-0.108773008,0.177215402,1.007157483,0.001259402
Eyke Ugueto NA,R,0.0064,0,-0.432,0.132,-0.0492,0,9.683615819,-0.108,0.01,0.01006388,-0.108689899,0.177069935,1.006387954,0.001123935
Eddy Marmolejos WAS,R,0.006,0,-0.432,0.132,0.0164,0,9.679218968,-0.108,0.01,0.01001654,-0.108178627,0.176234002,1.001653956,0.000291002
Pedro Tovar NA,L,0.0064,0,-0.432,0.132,-0.0492,0,9.683615819,-0.108,0.01,0.010052441,-0.108566364,0.176856618,1.005244114,0.000922618
Omar Urbina BAL,R,0.006,0,-0.432,0.132,-0.0824,0,9.681069959,-0.108,0.01,0.009954522,-0.107508836,0.175116962,0.995452185,-0.000800038
Adrian Ibarra NA,R,0.0064,0,-0.432,0.132,-0.0824,0,9.680741504,-0.108,0.01,0.010024071,-0.108259961,0.176293328,1.002407051,0.000423328
Romeli Espinosa PHI,R,0.0068,0,-0.432,0.132,0.0492,0,9.682539683,-0.108,0.01,0.010024062,-0.108259871,0.17629318,1.002406209,0.00042318
Sebastian Cadiz CLE,L,0.0056,0,-0.432,0.132,-0.0824,0,9.681397739,-0.108,0.01,0.010021204,-0.108229002,0.176197818,1.002120392,0.000372818
Francisco Vilorio NYA,R,0.006,0,-0.432,0.132,0.0164,0,9.679218968,-0.108,0.01,0.010008553,-0.10809237,0.175973378,1.000855281,0.000150378
Daniel Bruzual NA,R,0.0064,0,-0.432,0.132,0.0824,0,9.688073394,-0.108,0.01,0.010019886,-0.108214773,0.176067439,1.001988635,0.000349439
Joan Gutierrez NA,L,0.0064,0,-0.432,0.132,0.0164,0,9.67877095,-0.108,0.01,0.010094027,-0.109015491,0.177333884,1.009402694,0.001651884
Ricson Gonzalez KCA,R,0.0056,0,-0.432,0.132,0.0824,0,9.689213894,-0.108,0.01,0.010005236,-0.108056553,0.175740976,1.000523635,9.20E-05
Elvin Garcia BAL,B,0.0064,0,-0.432,0.132,0.0164,0,9.67877095,-0.108,0.01,0.010130535,-0.109409776,0.177930687,1.013053479,0.002292687
Moises Bolivar LAN,R,0.0056,0,-0.432,0.132,0.0164,0,9.679665738,-0.108,0.01,0.010007607,-0.108082152,0.175750586,1.000760667,0.000133586
Luis Corobo MIL,R,0.0064,0,-0.432,0.132,0.0824,0,9.688073394,-0.108,0.01,0.010017051,-0.108184149,0.175875372,1.001705085,0.000299372
Randy Martinez CLE,B,0.0056,0,-0.432,0.132,-0.0824,0,9.681397739,-0.108,0.01,0.009910563,-0.107034078,0.173992813,0.991056276,-0.001570187
Samuel Rojas NA,R,0.0064,0,-0.432,0.132,0.0824,0,9.688073394,-0.108,0.01,0.01005629,-0.10860793,0.17649392,1.005628981,0.00098792
Yensi Rivas NA,B,0.008,0,-0.432,0.132,0.0164,0,9.676966292,-0.108,0.01,0.010023298,-0.10825162,0.175914896,1.002329812,0.000408896
Yoander Santana PIT,L,0.006,0,-0.432,0.132,0.0164,0,9.679218968,-0.108,0.01,0.010032473,-0.108350706,0.176051838,1.003247273,0.000569838
Angel Rodriguez NA,R,0.0064,0,-0.432,0.132,-0.0492,0,9.683615819,-0.108,0.01,0.009986712,-0.107856493,0.175237839,0.998671228,-0.000233161
John Zorrilla NA,R,0.0072,0,-0.432,0.132,0.0164,0,9.677871148,-0.108,0.01,0.010050493,-0.10854532,0.176320816,1.005049255,0.000885816
Gabriel Cesa ATL,R,0.0064,0,-0.432,0.132,-0.0492,0,9.683615819,-0.108,0.01,0.009955985,-0.107524642,0.174621015,0.995598542,-0.000771985
Junior Quezada NA,R,0.0068,0,-0.432,0.132,-0.0492,0,9.683257919,-0.108,0.01,0.010018466,-0.108199429,0.175682812,1.001846566,0.000323812
Yemil Rosario NA,R,0.0068,0,-0.432,0.132,-0.0824,0,9.680412371,-0.108,0.01,0.010054366,-0.108587148,0.176296262,1.005436556,0.000953262
Iverson Allen PIT,R,0.0064,0,-0.432,0.132,-0.0492,0,9.683615819,-0.108,0.01,0.010050216,-0.108542335,0.17618431,1.00502162,0.00088031
Juan Obispo WAS,R,0.01,0,-0.432,0.132,-0.0492,0,9.680365297,-0.108,0.01,0.010068987,-0.108745057,0.17646,1.006898677,0.001209
JosÃ© PeÃ±a BAL,R,0.0064,0,-0.436,0.132,0.0492,0,9.68798752,-0.109,0.01,0.010072332,-0.109788421,0.176506542,1.007233219,0.001267542
Juan Martinez NA,R,0.0064,0,-0.436,0.132,-0.0492,0,9.687150838,-0.109,0.01,0.010006253,-0.109068157,0.175331565,1.000625292,0.000109565
Carlos Avila LAN,L,0.006,0,-0.436,0.132,0.0824,0,9.676840215,-0.109,0.01,0.010046524,-0.109507109,0.176032176,1.00465238,0.000815176
Carlos Caripa CLE,L,0.006,0,-0.436,0.132,-0.0492,0,9.6875,-0.109,0.01,0.009954826,-0.108507602,0.17438864,0.995482589,-0.00079136
Sandor Feliciano CIN,B,0.0068,0,-0.436,0.132,0.0164,0,9.682758621,-0.109,0.009,0.009028372,-0.109343619,0.175705164,1.003152467,0.000552164
Francisco Caldera NA,R,0.0064,0,-0.436,0.132,-0.1152,0,9.681050657,-0.109,0.009,0.008960742,-0.108524539,0.174384995,0.995637971,-0.000764005
Miguel Flores NA,R,0.0056,0,-0.436,0.132,0.0824,0,9.677419355,-0.109,0.009,0.008999773,-0.108997247,0.175106578,0.999974747,-4.42E-06
Estiven Giron NA,L,0.006,0,-0.436,0.132,0.0824,0,9.676840215,-0.109,0.009,0.008993331,-0.108919235,0.174933284,0.999259032,-0.000129716
Jhonayker Ugarte KCA,R,0.0064,0,-0.436,0.132,0.0492,0,9.68798752,-0.109,0.009,0.009098427,-0.110192065,0.176974522,1.010936376,0.001914522
Jorge Garcia NA,L,0.0068,0,-0.436,0.132,-0.0492,0,9.686800895,-0.109,0.009,0.009006746,-0.109081706,0.175190224,1.000749599,0.000131224
Raul Pereira TEX,R,0.0056,0,-0.436,0.132,0.0492,0,9.688958009,-0.109,0.009,0.00905607,-0.109679069,0.176057043,1.006229992,0.001090043
Keiberg Camacaro SFN,R,0.006,0,-0.436,0.132,0.0164,0,9.683631362,-0.109,0.009,0.009042407,-0.109513592,0.175740178,1.00471185,0.000824178
Miguel Vargas NA,L,0.0068,0,-0.436,0.132,-0.0824,0,9.683673469,-0.109,0.009,0.008951105,-0.108407828,0.17395876,0.994567232,-0.00095024
Joan Sierra NA,R,0.0064,0,-0.436,0.132,-0.0824,0,9.683995923,-0.109,0.009,0.009005338,-0.109064654,0.175009746,1.000593153,0.000103746
Yandro Hernandez MIN,B,0.0072,0,-0.436,0.132,-0.0492,0,9.686450168,-0.109,0.009,0.009001743,-0.109021108,0.174911866,1.000193655,3.39E-05
Alexander Garcia NA,L,0.006,0,-0.436,0.132,-0.0824,0,9.684317719,-0.109,0.009,0.009063663,-0.109771029,0.176060645,1.007073657,0.001236645
Francisco Loreto PIT,R,0.006,0,-0.436,0.132,0.0164,0,9.683631362,-0.109,0.009,0.008986021,-0.108830699,0.174509526,0.998446776,-0.000271474
Eduardo Oviedo NA,R,0.0068,0,-0.436,0.132,0.0164,0,9.682758621,-0.109,0.009,0.009078027,-0.109944997,0.176286212,1.008669699,0.001515212
Juan Monso CHN,L,0.0068,0,-0.436,0.132,0.0164,0,9.682758621,-0.109,0.009,0.009024469,-0.10929635,0.175237145,1.002718812,0.000475145
Andrew Jemison NA,R,0.006,0,-0.436,0.132,0.0164,0,9.683631362,-0.109,0.009,0.009060774,-0.109736039,0.175917944,1.006752647,0.001179944
Angel Mata PHI,R,0.006,0,-0.436,0.132,0.0824,0,9.676840215,-0.109,0.009,0.008852207,-0.107210068,0.171847904,0.98357861,-0.002869096
Jhoan Peguero BOS,R,0.008,0,-0.436,0.132,-0.0492,0,9.685746352,-0.109,0.009,0.00903509,-0.109424984,0.175390179,1.003898935,0.000681179
Brayan Cota OAK,L,0.0056,0,-0.436,0.132,-0.0824,0,9.684638861,-0.109,0.009,0.008943293,-0.108313212,0.173594281,0.993699196,-0.001100719
Jose Robledo HOU,B,0.0064,0,-0.436,0.132,0.0492,0,9.68798752,-0.109,0.009,0.009055551,-0.109672783,0.175770255,1.00617232,0.001078255
Yonaiker Hernandez SDN,R,0.006,0,-0.436,0.132,0.0164,0,9.683631362,-0.109,0.009,0.009038834,-0.109470321,0.175424683,1.004314872,0.000753683
Luis Ariza NA,R,0.006,0,-0.436,0.132,-0.0824,0,9.684317719,-0.109,0.009,0.00896446,-0.108569575,0.173973282,0.99605115,-0.000689718
Leandro Morgado NA,R,0.0076,0,-0.436,0.132,-0.0492,0,9.686098655,-0.109,0.009,0.009033866,-0.10941016,0.175310208,1.003762936,0.000657208
Daniel Hernandez WAS,L,0.006,0,-0.436,0.132,-0.1152,0,9.681349578,-0.109,0.009,0.008926546,-0.10811039,0.173133335,0.991838443,-0.001424665
Jason Hernandez NA,R,0.0068,0,-0.436,0.132,-0.0492,0,9.686800895,-0.109,0.009,0.009021748,-0.109263392,0.174942719,1.002416437,0.000421719
Luis Galan CLE,R,0.0056,0,-0.436,0.132,0.0164,0,9.684065934,-0.109,0.009,0.009031686,-0.109383755,0.175113356,1.003520685,0.000614356
Breyias Dean MIA,R,0.006,0,-0.436,0.132,0.0164,0,9.683631362,-0.109,0.009,0.009012429,-0.109150527,0.17471795,1.001380984,0.00024095
Andrew Tess BAL,R,0.0072,0,-0.436,0.132,0.0824,0,9.675090253,-0.109,0.009,0.008991426,-0.108896158,0.17427881,0.999047322,-0.00016619
Albert Alberto NA,R,0.0064,0,-0.436,0.132,-0.0492,0,9.687150838,-0.109,0.009,0.008984154,-0.108808084,0.174114896,0.998239305,-0.000307104
Andy Mata DET,L,0.0064,0,-0.436,0.132,0.0164,0,9.683195592,-0.109,0.009,0.008949914,-0.108393407,0.173430446,0.994434929,-0.000970554
Jesus Torres CIN,R,0.0068,0,-0.436,0.132,-0.0492,0,9.686800895,-0.109,0.009,0.008989031,-0.108867149,0.174181445,0.998781179,-0.000212555
Yidel Diaz NA,R,0.0064,0,-0.436,0.132,0.0824,0,9.676258993,-0.109,0.009,0.008986273,-0.108833746,0.174127004,0.998474732,-0.000265996
Yunior Quezada LAN,L,0.006,0,-0.436,0.132,0.0164,0,9.683631362,-0.109,0.009,0.009024687,-0.109298987,0.174854314,1.002743004,0.000478314
Elian Garcia NA,L,0.0068,0,-0.436,0.132,-0.0492,0,9.686800895,-0.109,0.009,0.009024172,-0.109292748,0.174784171,1.00268576,0.000468171
Cristian Benavides NA,R,0.0068,0,-0.436,0.132,-0.0492,0,9.686800895,-0.109,0.009,0.008969682,-0.10863281,0.17368692,0.996631282,-0.00058708
Yancel Guerrero SLN,R,0.0092,0,-0.436,0.132,0.0492,0,9.684542587,-0.109,0.009,0.008970798,-0.108646328,0.173699563,0.996755304,-0.000565437
Yorfran John NA,B,0.0068,0,-0.436,0.132,-0.1152,0,9.680751174,-0.109,0.009,0.009055337,-0.109670192,0.175297237,1.006148548,0.001071237
Steven Herrera MIA,R,0.0068,0,-0.436,0.132,0.0164,0,9.682758621,-0.109,0.009,0.009050342,-0.1096097,0.175194513,1.005593577,0.000974513
Kashon Conliffe NA,R,0.0076,0,-0.436,0.132,0.0164,0,9.681881051,-0.109,0.009,0.009044095,-0.109534034,0.175043425,1.004899391,0.000853425
Nestor Miranda DET,R,0.0056,0,-0.436,0.132,-0.1152,0,9.68164794,-0.109,0.009,0.008967874,-0.108610913,0.173568211,0.996430398,-0.000621789
Bryan Martinez LAA,L,0.0072,0,-0.436,0.132,-0.0492,0,9.686450168,-0.109,0.009,0.00897341,-0.108677967,0.173669385,0.997045567,-0.000514615
Jose Torrez NA,R,0.0064,0,-0.436,0.132,0.0824,0,9.676258993,-0.109,0.009,0.009008663,-0.109104924,0.17434066,1.000962606,0.00016766
Angelo Hernandez CHA,R,0.006,0,-0.436,0.132,-0.1152,0,9.681349578,-0.109,0.009,0.008977537,-0.108727944,0.173662466,0.99750407,-0.000434534
Mayki De La Rosa ARI,R,0.0068,0,-0.436,0.132,-0.0492,0,9.686800895,-0.109,0.009,0.008981087,-0.108770945,0.173730151,0.997898579,-0.000365849
Enmanuel Bonilla TOR,R,0.0064,0,-0.436,0.132,0.0164,0,9.683195592,-0.109,0.009,0.010537993,-0.127626807,0.203828207,1.170888138,0.029748207
Sebastian De Andrade SEA,R,0.0056,0,-0.44,0.132,-0.1152,0,9.684601113,-0.11,0.009,0.009057726,-0.110705543,0.175094906,1.006414027,0.001115906
Estuar Suero PIT,B,0.0072,0,-0.44,0.132,-0.0492,0,9.67920354,-0.11,0.009,0.010060423,-0.122960729,0.194448979,1.117824809,0.020495979
Yelinson Betances LAA,R,0.0068,0,-0.44,0.132,0.0164,0,9.68707483,-0.11,0.009,0.008993943,-0.109925971,0.173818942,0.999327005,-0.000117058
Erubiel Fuentes NA,R,0.0064,0,-0.44,0.132,0.0164,0,9.6875,-0.11,0.008,0.008040745,-0.110560246,0.174790723,1.005093143,0.000885723
Romano Donato MIL,R,0.0068,0,-0.44,0.132,0.0164,0,9.68707483,-0.11,0.008,0.008039223,-0.11053931,0.174756619,1.004902814,0.000852619
Elvis Rojas NA,L,0.0068,0,-0.44,0.132,-0.0492,0,9.679558011,-0.11,0.008,0.007996777,-0.109955678,0.173825932,0.99959707,-7.01E-05
Raily Liriano ARI,R,0.0076,0,-0.44,0.132,0.0164,0,9.68622101,-0.11,0.008,0.008020896,-0.110287315,0.174322135,1.002611953,0.000454135
Liosward Marin BOS,L,0.006,0,-0.44,0.132,-0.1152,0,9.684308264,-0.11,0.008,0.008002453,-0.110033732,0.173873303,1.000306656,5.33E-05
Aneudi Escanio NA,B,0.0068,0,-0.44,0.132,0.0492,0,9.677419355,-0.11,0.008,0.007968287,-0.10956394,0.173104053,0.996035818,-0.000688947
Domingo Batista TBA,L,0.0056,0,-0.44,0.132,-0.0492,0,9.68061674,-0.11,0.008,0.008011148,-0.110153284,0.174027168,1.001393492,0.000242168
Tony Ruiz NA,R,0.0056,0,-0.44,0.132,-0.0824,0,9.687814703,-0.11,0.008,0.008044841,-0.110616557,0.174732931,1.005605068,0.000973931
Wandi Feliz COL,R,0.006,0,-0.44,0.132,0.0164,0,9.687924016,-0.11,0.008,0.008011004,-0.110151305,0.173927909,1.001375499,0.000238909
Joan Delgado CHN,R,0.008,0,-0.44,0.132,-0.0492,0,9.678492239,-0.11,0.008,0.008075691,-0.111040753,0.175315179,1.009461393,0.001643179
Marcelo Alcala CHA,R,0.0072,0,-0.44,0.132,0.0164,0,9.686648501,-0.11,0.008,0.008701069,-0.119639696,0.188886064,1.087633598,0.015219064
Jhomnardo Reyes MIN,L,0.0064,0,-0.44,0.132,-0.0492,0,9.6799117,-0.11,0.008,0.007980865,-0.109736894,0.173239639,0.997608125,-0.000415361
Renair Manrique NA,B,0.0064,0,-0.44,0.132,0.0164,0,9.6875,-0.11,0.008,0.008051276,-0.110705039,0.174739852,1.006409441,0.001112852
Jesus Mujica NA,R,0.006,0,-0.44,0.132,0.0164,0,9.687924016,-0.11,0.008,0.008020452,-0.110281219,0.174030781,1.002556534,0.000443781
Daniel Gaitor NA,B,0.0072,0,-0.44,0.132,-0.0492,0,9.67920354,-0.11,0.008,0.007997188,-0.109961333,0.173490994,0.999648486,-6.10E-05
Saivel Zayas TEX,R,0.0064,0,-0.44,0.132,-0.0492,0,9.6799117,-0.11,0.008,0.007968519,-0.10956713,0.172778399,0.996064816,-0.000682601
Carlos Mota COL,R,0.0056,0,-0.44,0.132,-0.0492,0,9.68061674,-0.11,0.008,0.007971787,-0.109612065,0.172832318,0.996473317,-0.000611682
Ruben Castillo NYA,L,0.008,0,-0.44,0.132,0.0164,0,9.68579235,-0.11,0.008,0.007982275,-0.109756276,0.173055714,0.997784329,-0.000384286
Hansel Jimenez CIN,R,0.0068,0,-0.44,0.132,0.0492,0,9.677419355,-0.11,0.008,0.008082121,-0.111129162,0.175125416,1.010265111,0.001779416
Gilberto Rojas NA,R,0.0068,0,-0.44,0.132,0.0824,0,9.681415929,-0.11,0.008,0.007990441,-0.109868569,0.173063971,0.998805172,-0.000207029
Estivel Morillo CLE,L,0.0068,0,-0.44,0.132,0.0164,0,9.68707483,-0.11,0.008,0.007942626,-0.109211114,0.171959849,0.99282831,-0.001242151
Rafael Ramirez NA,R,0.0068,0,-0.44,0.132,0.0164,0,9.68707483,-0.11,0.008,0.007973235,-0.10963198,0.172560737,0.996654366,-0.000579263
Jose Rivera NA,B,0.0084,0,-0.44,0.132,0.0164,0,9.685362517,-0.11,0.008,0.008027366,-0.110376282,0.173730261,1.003420745,0.000592261
Juan Rujano SLN,R,0.0056,0,-0.44,0.132,-0.1152,0,9.684601113,-0.11,0.008,0.007982351,-0.109757322,0.172685186,0.997793837,-0.000381814
Rafael Castillo NA,B,0.0064,0,-0.44,0.132,0.0164,0,9.6875,-0.11,0.008,0.00806133,-0.110843282,0.174345399,1.007666204,0.001326399
Angel Nieblas NA,R,0.0072,0,-0.44,0.132,0.0164,0,9.686648501,-0.11,0.008,0.008057269,-0.110787454,0.174202193,1.007158675,0.001238193
Brayan Sanchez NA,R,0.0064,0,-0.44,0.132,0.0824,0,9.681978799,-0.11,0.008,0.007963662,-0.109500351,0.172154461,0.995457737,-0.000785539
Donte Grant SDN,L,0.0072,0,-0.44,0.132,0.0164,0,9.686648501,-0.11,0.008,0.007977657,-0.109692783,0.172382209,0.997207121,-0.000482791
Jesus Lizardo PIT,B,0.0056,0,-0.44,0.132,0.0824,0,9.683098592,-0.11,0.008,0.007965567,-0.10952655,0.172114003,0.995695906,-0.000743997
Cherif Neymour NA,B,0.0092,0,-0.44,0.132,0.0164,0,9.684499314,-0.11,0.008,0.008033985,-0.110467288,0.173510969,1.004248071,0.000733969
Justin Rodriguez NA,R,0.0064,0,-0.444,0.132,0.0164,0,9.678714859,-0.111,0.008,0.008054611,-0.111757723,0.173928243,1.006826338,0.001179243
Engel Paulino MIL,R,0.0076,0,-0.444,0.132,0.0164,0,9.677419355,-0.111,0.008,0.008007538,-0.111104583,0.172886739,1.000942191,0.000162739
Sheng-En Lin CIN,L,0.0064,0,-0.444,0.132,-0.1152,0,9.686924494,-0.111,0.008,0.00801779,-0.11124683,0.173091048,1.002223697,0.000384048
Juan Alvarez ARI,B,0.0056,0,-0.444,0.132,-0.0824,0,9.6812749,-0.111,0.008,0.008022779,-0.111316057,0.173194748,1.002847362,0.000491748
Amauri Ramirez HOU,L,0.006,0,-0.444,0.132,-0.0492,0,9.683751363,-0.111,0.007,0.007016524,-0.111262024,0.173058556,1.002360577,0.000407556
Rafael Martinez NA,R,0.0068,0,-0.444,0.132,0.0164,0,9.678284182,-0.111,0.007,0.00703387,-0.111537085,0.173469308,1.004838607,0.000835308
Fernando Roquez NA,L,0.0064,0,-0.444,0.132,-0.0824,0,9.680638723,-0.111,0.007,0.006989072,-0.110826715,0.172325557,0.998438871,-0.000269443
Leider Padilla LAN,R,0.006,0,-0.444,0.132,-0.0492,0,9.683751363,-0.111,0.007,0.007007533,-0.111119446,0.17276371,1.001076093,0.00018571
Carlos Blanco NA,L,0.0064,0,-0.444,0.132,-0.0824,0,9.680638723,-0.111,0.007,0.006990524,-0.11084973,0.172343368,0.998646216,-0.000233632
Fernando Pena SFN,R,0.0056,0,-0.444,0.132,-0.0824,0,9.6812749,-0.111,0.007,0.007007342,-0.111116423,0.172670917,1.001048855,0.000180917
Idalberto Santiesteban NA,L,0.0068,0,-0.444,0.132,-0.1152,0,9.686635945,-0.111,0.007,0.006971782,-0.110552547,0.171786707,0.995968895,-0.000695293
Wilton Lara HOU,R,0.0064,0,-0.444,0.132,0.0164,0,9.678714859,-0.111,0.007,0.007026414,-0.111418857,0.173111779,1.003773485,0.000650779
Rony Bello WAS,R,0.0068,0,-0.444,0.132,0.0164,0,9.678284182,-0.111,0.007,#N/A,#N/A,#N/A,#N/A,#N/A
Jhosman Theran LAN,R,0.0076,0,-0.444,0.132,0.0164,0,9.677419355,-0.111,0.007,0.006979253,-0.110671007,0.171942863,0.997036097,-0.000511137
Jord Diaz TEX,R,0.0068,0,-0.444,0.132,-0.0824,0,9.68031968,-0.111,0.007,0.00697902,-0.110667319,0.171911212,0.997002877,-0.000516788
Roiner Cespede NA,R,0.006,0,-0.444,0.132,0.0164,0,9.679144385,-0.111,0.007,0.0070455,-0.111721505,0.17353168,1.006500049,0.00112068
Ramses Velazquez NA,L,0.0064,0,-0.444,0.132,-0.0492,0,9.683406114,-0.111,0.007,0.006977988,-0.110650949,0.171828961,0.996855393,-0.000542039
Wagnel Luna DET,R,0.0064,0,-0.444,0.132,0.0164,0,9.678714859,-0.111,0.007,0.007055576,-0.11188128,0.173738525,1.007939462,0.001368525
Larry Suero COL,L,0.006,0,-0.444,0.132,0.0164,0,9.679144385,-0.111,0.007,0.007023216,-0.111368144,0.172891519,1.003316614,0.000571519
Edwilmin Matos HOU,R,0.0056,0,-0.444,0.132,-0.0492,0,9.684095861,-0.111,0.007,0.006977545,-0.110643935,0.171763246,0.996792207,-0.000552754
Ramon Landaeta OAK,R,0.0056,0,-0.444,0.132,0.0824,0,9.688581315,-0.111,0.007,0.007012645,-0.111200513,0.17260223,1.001806421,0.00031123
Luis Parababire ATL,R,0.0064,0,-0.444,0.132,0.0824,0,9.6875,-0.111,0.007,#N/A,#N/A,#N/A,#N/A,#N/A
Brayan Rijo NA,R,0.0068,0,-0.444,0.132,-0.0492,0,9.683060109,-0.111,0.007,0.006968823,-0.110505628,0.17144998,0.9955462,-0.00076702
Marcos Belen CLE,R,0.0072,0,-0.444,0.132,0.0164,0,9.677852349,-0.111,0.007,0.007047771,-0.111757515,0.173339933,1.006824459,0.001174933
Brahian Silva NA,R,0.0068,0,-0.444,0.132,-0.1152,0,9.686635945,-0.111,0.007,0.007016768,-0.111265899,0.172562383,1.002395486,0.000412383
Lazaro Morales SFN,R,0.0068,0,-0.444,0.132,0.0164,0,9.678284182,-0.111,0.007,0.007016313,-0.111258672,0.172534135,1.002330378,0.000401135
Moises MarchÃ¡n KCA,R,0.0064,0,-0.444,0.132,0.0824,0,9.6875,-0.111,0.007,0.006961218,-0.11038503,0.171128619,0.994459729,-0.000953381
Yorger Bautista SEA,L,0.006,0,-0.444,0.132,0.0164,0,9.679144385,-0.111,0.007,0.007034691,-0.111550103,0.172928789,1.004955886,0.000852789
Paris Johnson NA,R,0.0064,0,-0.444,0.132,-0.0492,0,9.683406114,-0.111,0.007,0.006991393,-0.110863515,0.17183645,0.998770401,-0.00021155
Juan Elejandro ATL,B,0.006,0,-0.444,0.132,0.0164,0,9.679144385,-0.111,0.007,0.007067706,-0.112073622,0.173661611,1.009672269,0.001663611
Romtres Cabrera SLN,R,0.008,0,-0.444,0.132,-0.0492,0,9.682017544,-0.111,0.007,0.00703178,-0.111503945,0.172729656,1.004540044,0.000780656
Diego Campos NA,R,0.0056,0,-0.444,0.132,0.0824,0,9.688581315,-0.111,0.007,0.007019532,-0.111309717,0.172397693,1.002790243,0.000479693
Omar Mejia KCA,R,0.006,0,-0.444,0.132,0.0164,0,9.679144385,-0.111,0.007,0.007015706,-0.111249047,0.172289696,1.002243671,0.000385696
Giomar Ubiera NYN,R,0.0072,0,-0.444,0.132,0.0492,0,9.681818182,-0.111,0.007,0.007048124,-0.111763103,0.173081779,1.006874805,0.001181779
Jensy De Leon NA,R,0.0068,0,-0.444,0.132,-0.0824,0,9.68031968,-0.111,0.007,0.007018587,-0.111294735,0.172305306,1.002655273,0.000456306
Carlos Altuve NA,R,0.0064,0,-0.444,0.132,-0.0824,0,9.680638723,-0.111,0.007,0.006992002,-0.110873172,0.171606699,0.998857406,-0.000196301
Daniel Rojas SLN,R,0.0076,0,-0.444,0.132,-0.0492,0,9.682365827,-0.111,0.007,0.007044292,-0.111702338,0.172888048,1.006327367,0.001087048
Henniel Alcala CHN,R,0.006,0,-0.444,0.132,0.0824,0,9.688041594,-0.111,0.007,0.007082318,-0.112305323,0.173805134,1.011759665,0.002020134
Jesus Morales KCA,R,0.006,0,-0.444,0.132,0.0824,0,9.688041594,-0.111,0.007,0.00699069,-0.110852372,0.171523573,0.998670018,-0.000228427
Ramy Peralta ARI,R,0.006,0,-0.444,0.132,-0.0824,0,9.680957129,-0.111,0.007,#N/A,#N/A,#N/A,#N/A,#N/A
Jose Marchan NA,R,0.0068,0,-0.444,0.132,-0.0492,0,9.683060109,-0.111,0.007,0.006992017,-0.110873419,0.171466242,0.998859631,-0.000195758
Railin Familia NA,R,0.006,0,-0.444,0.132,-0.0824,0,9.680957129,-0.111,0.007,0.00696874,-0.110504303,0.170856576,0.995534258,-0.000766424
Greyber Altamirano NA,L,0.0068,0,-0.444,0.132,0.0164,0,9.678284182,-0.111,0.007,0.007019401,-0.111307644,0.172049529,1.002771568,0.000475529
Vicente Guaylupo NA,R,0.006,0,-0.444,0.132,-0.0492,0,9.683751363,-0.111,0.007,#N/A,#N/A,#N/A,#N/A,#N/A
Nicolas Barrios MIL,L,0.0072,0,-0.444,0.132,-0.0492,0,9.682713348,-0.111,0.007,#N/A,#N/A,#N/A,#N/A,#N/A
Sebastian Pena SDN,L,0.0064,0,-0.444,0.132,0.0164,0,9.678714859,-0.111,0.007,0.007008215,-0.111130267,0.171721292,1.001173577,0.000201292
Haniel German NA,R,0.006,0,-0.448,0.132,-0.0492,0,9.687162891,-0.112,0.007,0.006986582,-0.111785314,0.171166272,0.998083163,-0.000328728
Bryant Mendez SEA,R,0.0072,0,-0.448,0.132,0.0164,0,9.682119205,-0.112,0.007,0.007031324,-0.112501185,0.172245341,1.004474866,0.000767341
Victor Marquez PIT,R,0.0068,0,-0.448,0.132,0.0824,0,9.675767918,-0.112,0.007,0.00701789,-0.112286238,0.171896194,1.002555693,0.000438194
Jurdrick Profar CHA,R,0.0068,0,-0.448,0.132,0.0164,0,9.682539683,-0.112,0.007,0.007022859,-0.112365741,0.1720169,1.003265542,0.0005599
Erick Lara TBA,L,0.0064,0,-0.448,0.132,0.0164,0,9.682959049,-0.112,0.007,0.007039722,-0.112635556,0.172408832,1.005674607,0.000972832
Isais Chavez MIL,R,0.0064,0,-0.448,0.132,0.0824,0,9.676320273,-0.112,0.006,0.006039375,-0.112734995,0.172538897,1.006562457,0.001124897
Cruzmel Arias COL,R,0.006,0,-0.448,0.132,-0.0824,0,9.684106614,-0.112,0.006,0.006013119,-0.112244887,0.171786791,1.002186492,0.000374791
Jhosmmel Zue KCA,R,0.006,0,-0.448,0.132,0.0824,0,9.676870748,-0.112,0.006,0.005979284,-0.111613302,0.170802235,0.996547341,-0.000591765
Jeison Lopez OAK,R,0.006,0,-0.448,0.132,0.0164,0,9.683377309,-0.112,0.006,0.005970792,-0.111454779,0.170551686,0.995131959,-0.000834314
Sebastian De Los Santos CLE,B,0.0064,0,-0.448,0.132,-0.0492,0,9.686825054,-0.112,0.006,0.006023889,-0.112445933,0.172058341,1.003981544,0.000682341
Jonatan Yan NA,R,0.0064,0,-0.448,0.132,0.0164,0,9.682959049,-0.112,0.006,0.005976204,-0.11155581,0.170670429,0.996034018,-0.000679571
Abel Valdes TEX,L,0.0056,0,-0.448,0.132,0.0824,0,9.677419355,-0.112,0.006,0.005985594,-0.111731096,0.170938601,0.997599072,-0.000411399
Israel Alvarez CLE,B,0.0056,0,-0.448,0.132,0.0164,0,9.683794466,-0.112,0.006,0.006085069,-0.113587963,0.173705406,1.014178238,0.002428406
Daniel Mielcarek LAN,B,0.0068,0,-0.448,0.132,-0.1152,0,9.680656934,-0.112,0.006,0.006008681,-0.112162049,0.171432682,1.001446867,0.000247682
Freider Rojas MIL,B,0.0064,0,-0.448,0.132,0.0824,0,9.676320273,-0.112,0.006,0.006041215,-0.11276934,0.172359882,1.006869112,0.001175882
July Vittini NA,R,0.0068,0,-0.448,0.132,-0.0824,0,9.683481701,-0.112,0.006,0.006012472,-0.112232804,0.171538822,1.002078606,0.000355822
Carlos Bello NYA,R,0.0064,0,-0.448,0.132,0.0164,0,9.682959049,-0.112,0.006,0.006022331,-0.112416854,0.171793027,1.003721909,0.000637027
Ludwing Espinoza CHN,R,0.008,0,-0.448,0.132,0.0492,0,9.685628743,-0.112,0.006,0.006911297,-0.129010885,0.197079101,1.1518829,0.025986101
Arnaldo Montano NA,R,0.0064,0,-0.448,0.132,0.0824,0,9.676320273,-0.112,0.006,0.005988303,-0.111781664,0.170638702,0.99805057,-0.000333298
Heins Brito CLE,B,0.0064,0,-0.448,0.132,0.0492,0,9.6875,-0.112,0.006,0.005997197,-0.111947686,0.170847162,0.999532912,-7.98E-05
Jose Guerra NA,B,0.006,0,-0.448,0.132,-0.0824,0,9.684106614,-0.112,0.006,0.006015143,-0.112282671,0.171339346,1.002523849,0.000431346
Luis Sanchez CHN,L,0.0068,0,-0.448,0.132,0.0164,0,9.682539683,-0.112,0.006,0.005986433,-0.11174674,0.170521535,0.997738754,-0.000386465
Jonierbis Garces WAS,R,0.0108,0,-0.448,0.132,0.0164,0,9.678284182,-0.112,0.006,0.005982455,-0.111672487,0.170390279,0.997075774,-0.000499721
Nelson Marin NA,R,0.0056,0,-0.448,0.132,-0.0824,0,9.684418146,-0.112,0.006,0.00602902,-0.112541706,0.171672324,1.00483666,0.000826324
Jhoanjel Saez NA,R,0.0072,0,-0.448,0.132,0.0164,0,9.682119205,-0.112,0.006,0.006024365,-0.112454814,0.171529738,1.004060842,0.000693738
Joseph Sequera NA,R,0.006,0,-0.448,0.132,0.0824,0,9.676870748,-0.112,0.006,0.005989699,-0.111807719,0.170519749,0.998283204,-0.000293251
Wilmer Feliciano NA,L,0.0068,0,-0.448,0.132,-0.0824,0,9.683481701,-0.112,0.006,0.005982495,-0.111673236,0.170309662,0.997082467,-0.000498338
Fraimy Santa TEX,R,0.0056,0,-0.448,0.132,0.0164,0,9.683794466,-0.112,0.006,0.005984017,-0.111701644,0.170309103,0.997336107,-0.000454897
Dayquer Alfonzo SDN,R,0.006,0,-0.448,0.132,-0.0824,0,9.684106614,-0.112,0.006,0.006014892,-0.112277977,0.171174793,1.002481936,0.000423793
Carlos Martinez MIA,B,0.006,0,-0.448,0.132,0.0824,0,9.676870748,-0.112,0.006,0.006018491,-0.112345166,0.171235097,1.003081835,0.000526097
Alejandro Pereira OAK,R,0.0056,0,-0.448,0.132,0.0824,0,9.677419355,-0.112,0.006,0.005967957,-0.111401862,0.169773453,0.994659478,-0.000911547
Dayker Baldallo NA,L,0.0064,0,-0.448,0.132,-0.0492,0,9.686825054,-0.112,0.006,0.006040694,-0.112759615,0.171810416,1.006782277,0.001157416
Emilio Sanchez BAL,L,0.0072,0,-0.448,0.132,0.0492,0,9.686567164,-0.112,0.006,0.006011978,-0.11222359,0.170954604,1.001996343,0.000340604
Luis Maldonado NA,R,0.006,0,-0.448,0.132,0.0164,0,9.683377309,-0.112,0.006,0.006033185,-0.112619456,0.171519431,1.005530854,0.000943431
Keegan Pieternella TOR,B,0.0056,0,-0.448,0.132,-0.0492,0,9.6875,-0.112,0.006,0.005970946,-0.111457653,0.16971816,0.995157613,-0.00082584
Juan Brown CIN,R,0.0056,0,-0.448,0.132,-0.0492,0,9.6875,-0.112,0.006,0.005954988,-0.111159769,0.169260598,0.992497936,-0.001279402
Jorge Rodriguez BOS,R,0.0072,0,-0.448,0.132,0.0824,0,9.675213675,-0.112,0.006,0.006008915,-0.112166407,0.17074331,1.001485776,0.00025331
Jesus Premoli NA,L,0.006,0,-0.448,0.132,-0.0824,0,9.684106614,-0.112,0.006,0.005990059,-0.111814443,0.170196558,0.998343245,-0.000282442
Andres Arias TOR,R,0.0068,0,-0.448,0.132,-0.0492,0,9.686486486,-0.112,0.006,0.006090561,-0.113690472,0.173045019,1.015093499,0.002573019
Phillando Williams NA,B,0.0064,0,-0.448,0.132,-0.0492,0,9.686825054,-0.112,0.006,0.00598447,-0.111710102,0.169967918,0.997411627,-0.000441082
Kevin Tamburini NA,L,0.0056,0,-0.448,0.132,-0.0824,0,9.684418146,-0.112,0.006,0.006029154,-0.112544201,0.171194803,1.00485894,0.000827803
Justin Barry BOS,R,0.0068,0,-0.448,0.132,0.0164,0,9.682539683,-0.112,0.006,0.006012392,-0.112231323,0.170648729,1.002065386,0.000351729
Alfredo Rodriguez TBA,R,0.006,0,-0.448,0.132,0.0824,0,9.676870748,-0.112,0.006,0.006010474,-0.112195513,0.170585263,1.001745649,0.000297263
Santiago Ustariz CLE,L,0.0056,0,-0.448,0.132,-0.1152,0,9.681528662,-0.112,0.006,0.006005041,-0.112094105,0.17043108,1.000840224,0.00014308
Kadil Rubio TBA,R,0.006,0,-0.452,0.132,-0.0492,0,9.680170576,-0.113,0.006,0.006017001,-0.113320178,0.17074944,1.002833432,0.00048244
Jhonny Osta BOS,L,0.006,0,-0.452,0.132,-0.0492,0,9.680170576,-0.113,0.006,0.005977314,-0.112572756,0.169580396,0.996219076,-0.000643604
Johan Fernandez ARI,R,0.006,0,-0.452,0.132,0.0824,0,9.682274247,-0.113,0.006,0.005970101,-0.112436905,0.16935187,0.995016863,-0.00084813
Reynaldo De La Paz OAK,R,0.006,0,-0.452,0.132,-0.0492,0,9.680170576,-0.113,0.005,0.005005252,-0.113118688,0.170350738,1.001050337,0.000178738
Gabriel Guanchez SEA,R,0.0056,0,-0.452,0.132,0.0824,0,9.682804674,-0.113,0.005,0.005028152,-0.113636239,0.171113047,1.005630437,0.000958047
Jesmaylin Arias SDN,L,0.006,0,-0.452,0.132,-0.0492,0,9.680170576,-0.113,0.005,0.004992019,-0.112819626,0.169824488,0.998403772,-0.000271512
Diover De Aza NYN,B,0.006,0,-0.452,0.132,0.0164,0,9.6875,-0.113,0.005,0.005011892,-0.113268756,0.170498547,1.002378373,0.000404547
Jorge Ramirez SFN,R,0.006,0,-0.452,0.132,0.0824,0,9.682274247,-0.113,0.005,0.005013702,-0.113309657,0.170548081,1.002740331,0.000466081
Deiner Orasma NA,B,0.0064,0,-0.452,0.132,0.0492,0,9.677891654,-0.113,0.005,0.005013943,-0.113315109,0.170520186,1.002788575,0.000474186
Gregori Arias MIA,B,0.0072,0,-0.452,0.132,0.0492,0,9.676945668,-0.113,0.005,0.005015764,-0.113356274,0.170567085,1.003152866,0.000536085
Cesar Paredes LAA,R,0.008,0,-0.452,0.132,0.0492,0,9.675994109,-0.113,0.005,0.005025383,-0.11357366,0.170852977,1.005076634,0.000862977
Carlos Oviedo NA,R,0.0064,0,-0.452,0.132,-0.0824,0,9.686888454,-0.113,0.005,0.004969176,-0.112303388,0.16890529,0.993835296,-0.00104771
Samuel Brito HOU,R,0.0064,0,-0.452,0.132,-0.0824,0,9.686888454,-0.113,0.005,0.005022265,-0.113503184,0.17062341,1.004452954,0.00075641
Esnaider Vargas WAS,R,0.0064,0,-0.452,0.132,-0.0492,0,9.679829242,-0.113,0.005,#N/A,#N/A,#N/A,#N/A,#N/A
Fabian Cordero BAL,L,0.006,0,-0.452,0.132,-0.0492,0,9.680170576,-0.113,0.005,0.005027653,-0.113624958,0.170787362,1.005530604,0.000939362
Gustavo Beltran NA,R,0.0064,0,-0.452,0.132,-0.0824,0,9.686888454,-0.113,0.005,0.004983108,-0.112618249,0.169259249,0.996621675,-0.000573751
Facundo Velasquez SLN,B,0.0064,0,-0.452,0.132,0.0164,0,9.687092568,-0.113,0.005,0.005006974,-0.113157622,0.170054876,1.001394882,0.000236876
Stiven De La Cruz BOS,L,0.006,0,-0.452,0.132,-0.0492,0,9.680170576,-0.113,0.005,0.004997274,-0.112938397,0.169724422,0.999454837,-9.26E-05
Belfi Rivera ARI,L,0.0064,0,-0.452,0.132,0.0164,0,9.687092568,-0.113,0.005,0.005015301,-0.113345793,0.170286507,1.003060118,0.000519507
Jayln Pinder TEX,L,0.0068,0,-0.452,0.132,0.0164,0,9.686684073,-0.113,0.005,0.005023315,-0.11352693,0.170548593,1.004663095,0.000791593
Shendrion Martinus CIN,R,0.006,0,-0.452,0.132,0.0164,0,9.6875,-0.113,0.005,0.005017597,-0.113397691,0.170324336,1.003519393,0.000597336
Ramon Moreno NA,R,0.0072,0,-0.452,0.132,-0.0492,0,9.679144385,-0.113,0.005,0.004980059,-0.112549332,0.1689485,0.996011791,-0.0006765
Jarold Montealto NA,B,0.0064,0,-0.452,0.132,0.0164,0,9.687092568,-0.113,0.005,0.005008128,-0.113183697,0.169865692,1.001625638,0.000275692
Fidel Pinango NA,R,0.008,0,-0.452,0.132,0.0164,0,9.685452163,-0.113,0.005,0.004972427,-0.11237684,0.168555315,0.994485309,-0.000934685
Faruk De La Cruz NA,R,0.0064,0,-0.452,0.132,-0.0824,0,9.686888454,-0.113,0.005,0.004990974,-0.112796019,0.169183049,0.998194862,-0.000305951
Javier Castillo NA,R,0.0064,0,-0.452,0.132,0.0824,0,9.681742044,-0.113,0.005,0.005037919,-0.11385697,0.170761273,1.007583805,0.001285273
Alexander Garcia NA,R,0.0064,0,-0.452,0.132,-0.0492,0,9.679829242,-0.113,0.005,0.005017026,-0.113384791,0.16997785,1.003405234,0.00057685
Emil Turbi NA,B,0.006,0,-0.452,0.132,0.0164,0,9.6875,-0.113,0.005,0.005034286,-0.113774873,0.170531418,1.006857283,0.001161418
Meylin De Leon NA,R,0.006,0,-0.452,0.132,0.0164,0,9.6875,-0.113,0.005,0.005035567,-0.113803825,0.170573806,1.007113498,0.001204806
Christofer Reyes NYA,R,0.0096,0,-0.452,0.132,0.0164,0,9.683794466,-0.113,0.005,0.005026434,-0.113597402,0.170124675,1.00528674,0.000894675
Martin Gonzalez SEA,R,0.006,0,-0.452,0.132,0.0164,0,9.6875,-0.113,0.005,0.004996406,-0.112918767,0.169090357,0.999281121,-0.000121643
Romer Taveras CLE,L,0.006,0,-0.452,0.132,-0.0492,0,9.680170576,-0.113,0.005,0.005016017,-0.113361995,0.169730996,1.003203494,0.000541996
Marwin Rivero KCA,R,0.0076,0,-0.452,0.132,-0.1152,0,9.682971014,-0.113,0.005,0.005049982,-0.114129602,0.170880294,1.009996477,0.001691294
Jesus Ortega KCA,R,0.0064,0,-0.452,0.132,0.0164,0,9.687092568,-0.113,0.005,0.005004305,-0.113097289,0.169334665,1.00086096,0.000145665
Victor Rodriguez LAA,R,0.0064,0,-0.452,0.132,0.0164,0,9.687092568,-0.113,0.005,0.005029412,-0.11366471,0.170174177,1.005882391,0.000995177
Johan Ferreira NA,R,0.0068,0,-0.452,0.132,-0.0824,0,9.686581783,-0.113,0.005,0.005026433,-0.113597394,0.169980908,1.005286675,0.000893908
Dennys Riera SFN,R,0.0056,0,-0.452,0.132,0.0164,0,9.687906372,-0.113,0.005,0.005022303,-0.113504044,0.169840219,1.004460564,0.000754219
Leudy Arache COL,L,0.006,0,-0.456,0.132,0.0164,0,9.679075738,-0.114,0.005,0.004985251,-0.113663714,0.168529388,0.997050122,-0.000498612
Elisandro Ramirez ATL,R,0.0064,0,-0.456,0.132,-0.0492,0,9.683210137,-0.114,0.005,#N/A,#N/A,#N/A,#N/A,#N/A
Elias Reyno ATL,R,0.0064,0,-0.456,0.132,-0.0492,0,9.683210137,-0.114,0.005,0.005019205,-0.114437882,0.169626053,1.003841073,0.000649053
Kamuel Villar COL,L,0.0064,0,-0.456,0.132,0.0492,0,9.682539683,-0.114,0.005,0.005093795,-0.116138531,0.172128509,1.018759042,0.003169509
Endy Rios SDN,L,0.0064,0,-0.456,0.132,0.0164,0,9.678663239,-0.114,0.004,0.004014604,-0.114416209,0.169553781,1.003650953,0.000616781
Jeiker Gudino DET,R,0.0064,0,-0.456,0.132,0.0824,0,9.686985173,-0.114,0.004,0.00403812,-0.115086419,0.170535863,1.009529989,0.001609863
Frandy Guillen BAL,R,0.006,0,-0.456,0.132,0.0164,0,9.679075738,-0.114,0.004,0.004020716,-0.114590406,0.169643054,1.005178996,0.000874054
Brainerh Palacios TBA,R,0.006,0,-0.456,0.132,0.0824,0,9.6875,-0.114,0.004,0.003983894,-0.11354098,0.168086465,0.995973508,-0.000679535
Martin Tamara DET,R,0.0056,0,-0.456,0.132,0.0824,0,9.688013136,-0.114,0.004,0.004016889,-0.114481336,0.169459492,1.00422225,0.000712492
Easton Shelton LAN,R,0.006,0,-0.456,0.132,-0.0824,0,9.680851064,-0.114,0.004,0.004549783,-0.129668813,0.191870032,1.137445724,0.023185032
Feldi Tavarez WAS,R,0.0068,0,-0.456,0.132,0.0824,0,9.686468647,-0.114,0.004,0.004001961,-0.114055879,0.168755678,1.000490167,8.27E-05
Jose Bericoto NA,R,0.006,0,-0.456,0.132,0.0164,0,9.679075738,-0.114,0.004,0.004028663,-0.11481689,0.169817202,1.007165703,0.001208202
Anthony Tandron SFN,R,0.0068,0,-0.456,0.132,-0.0824,0,9.680232558,-0.114,0.004,0.004008787,-0.114250437,0.168978401,1.002196817,0.000370401
Sterling Bazil DET,B,0.0076,0,-0.456,0.132,0.0492,0,9.68115942,-0.114,0.004,0.004027865,-0.114794154,0.169749338,1.006966264,0.001174338
Javier Roman NA,R,0.006,0,-0.456,0.132,-0.0824,0,9.680851064,-0.114,0.004,0.004009484,-0.114270307,0.168939628,1.002371117,0.000399628
Moises Morales MIA,L,0.006,0,-0.456,0.132,0.0824,0,9.6875,-0.114,0.004,0.003985964,-0.11359998,0.167882833,0.996491049,-0.000591167
Camilo Diaz HOU,R,0.0072,0,-0.456,0.132,0.0164,0,9.677835052,-0.114,0.004,0.004693372,-0.133761097,0.197527594,1.17334296,0.029181594
Steven Santos NA,R,0.0064,0,-0.456,0.132,-0.0824,0,9.68054211,-0.114,0.004,0.004037972,-0.115082206,0.16993301,1.009493035,0.00159801
Kevin Hacen NA,R,0.006,0,-0.456,0.132,-0.0824,0,9.680851064,-0.114,0.004,0.003986522,-0.113615871,0.167650184,0.996630448,-0.000566816
Vladimir Asencio BOS,R,0.0064,0,-0.456,0.132,-0.0492,0,9.683210137,-0.114,0.004,0.004011651,-0.114332052,0.168620722,1.002912741,0.000489722
Esmeiquel Arrieche NA,R,0.0056,0,-0.456,0.132,0.0824,0,9.688013136,-0.114,0.004,0.004000598,-0.11401705,0.168152145,1.00014956,2.51E-05
Jose Perez BAL,L,0.0064,0,-0.456,0.132,0.0164,0,9.678663239,-0.114,0.004,0.003956541,-0.11276143,0.166280577,0.989135354,-0.001826423
Malvin Fernandez ATL,B,0.006,0,-0.456,0.132,0.0164,0,9.679075738,-0.114,0.004,0.003995836,-0.113881328,0.167918018,0.998959017,-0.000174982
Rodrigo Gonzalez ARI,R,0.0068,0,-0.456,0.132,0.0492,0,9.682080925,-0.114,0.004,0.004034026,-0.11496974,0.169484558,1.008506489,0.001429558
Yhoan Escalona PHI,R,0.0064,0,-0.456,0.132,0.0164,0,9.678663239,-0.114,0.004,0.004009103,-0.114259434,0.168435445,1.00227574,0.000382445
Cristopher Acosta MIL,R,0.0068,0,-0.456,0.132,0.0492,0,9.682080925,-0.114,0.004,0.004025427,-0.114724669,0.169091079,1.006356743,0.001068079
Pablo Arosemena CLE,R,0.0056,0,-0.456,0.132,-0.0824,0,9.68115942,-0.114,0.004,0.003989614,-0.113704008,0.167584747,0.997403581,-0.000436253
Khris Almonte NA,R,0.0068,0,-0.456,0.132,-0.0492,0,9.682875264,-0.114,0.004,0.003992322,-0.113781163,0.167697465,0.998080377,-0.000322535
Erick Lugo NA,R,0.0056,0,-0.456,0.132,-0.0492,0,9.683877766,-0.114,0.004,0.004008815,-0.114251229,0.168327138,1.002203766,0.000370138
Elian Adames PHI,R,0.006,0,-0.456,0.132,-0.0492,0,9.683544304,-0.114,0.004,0.004025725,-0.114733171,0.168910376,1.006431327,0.001079376
Alessandro Duran SFN,B,0.0056,0,-0.456,0.132,-0.0824,0,9.68115942,-0.114,0.004,0.003989812,-0.113709649,0.167379606,0.997453062,-0.000427394
Qyshawn Legito CIN,R,0.006,0,-0.46,0.132,0.0824,0,9.676898223,-0.115,0.004,0.004003962,-0.115113897,0.167954179,1.000990411,0.000166179
Paulo Asprilla SLN,R,0.006,0,-0.46,0.132,0.0824,0,9.676898223,-0.115,0.004,0.00400742,-0.115213314,0.168031105,1.001854907,0.000311105
Samuel Capellan NA,R,0.0068,0,-0.46,0.132,-0.0492,0,9.686192469,-0.115,0.003,0.00301341,-0.115514053,0.168439578,1.004470022,0.000749578
Eddie Rynders PIT,L,0.006,0,-0.46,0.132,0.0164,0,9.683143219,-0.115,0.003,0.002935592,-0.112531029,0.163992937,0.978530691,-0.003598063
Jose Perdomo ATL,R,0.0064,0,-0.46,0.132,0.0492,0,9.687055477,-0.115,0.003,0.002983906,-0.114383072,0.166643206,0.994635411,-0.000898794
Breiny Ramirez BAL,L,0.0064,0,-0.46,0.132,-0.0492,0,9.686520376,-0.115,0.003,0.00298442,-0.114402762,0.166644037,0.994806625,-0.000869963
Angel Ventura NA,R,0.008,0,-0.46,0.132,-0.0492,0,9.685204617,-0.115,0.003,0.003007497,-0.115287386,0.167929611,1.002499006,0.000418611
Dervin Andrade NA,R,0.0068,0,-0.46,0.132,-0.0824,0,9.683301344,-0.115,0.003,0.003017352,-0.115665163,0.168465807,1.005784026,0.000968807
Diego Gonzalez CHN,R,0.006,0,-0.46,0.132,0.0824,0,9.676898223,-0.115,0.003,0.003021015,-0.11580556,0.168635049,1.007004867,0.001173049
Emil Martinez NA,R,0.006,0,-0.46,0.132,0.0492,0,9.6875,-0.115,0.003,0.003011545,-0.115442543,0.168006042,1.003848197,0.000644042
Kevin Ereu MIL,R,0.006,0,-0.46,0.132,-0.0824,0,9.683908046,-0.115,0.003,0.003020632,-0.115790874,0.168502908,1.006877169,0.001150908
Jalvin Arias PHI,R,0.0064,0,-0.46,0.132,-0.0492,0,9.686520376,-0.115,0.003,0.003003696,-0.115141684,0.167510124,1.001232033,0.000206124
Abelardo Medrano DET,L,0.0064,0,-0.46,0.132,-0.0264,0,9.688195991,-0.115,0.003,0.003032078,-0.116229655,0.169047443,1.010692656,0.001788443
Santiago Prado NA,L,0.006,0,-0.46,0.132,0.0164,0,9.683143219,-0.115,0.003,0.003015965,-0.115612009,0.168134042,1.005321817,0.000890042
Isaias Castillo NYA,R,0.0076,0,-0.46,0.132,-0.0492,0,9.685534591,-0.115,0.003,#N/A,#N/A,#N/A,#N/A,#N/A
Breyner Figuereo NA,L,0.006,0,-0.46,0.132,-0.0492,0,9.686847599,-0.115,0.003,0.002986774,-0.114493015,0.166369303,0.995591439,-0.000736697
Rayner Herrera BAL,L,0.0068,0,-0.46,0.132,0.0164,0,9.682337992,-0.115,0.003,0.002993259,-0.114741613,0.166723554,0.997753152,-0.000375446
Angel Perez NA,R,0.0056,0,-0.46,0.132,-0.0824,0,9.684210526,-0.115,0.003,0.002997382,-0.114899639,0.166923198,0.999127295,-0.000145802
Rey Cruz PHI,B,0.006,0,-0.46,0.132,-0.1152,0,9.681133747,-0.115,0.003,0.002997182,-0.114891984,0.166746233,0.99906073,-0.000156767
Manuel Cabrera WAS,R,0.0064,0,-0.46,0.132,-0.0824,0,9.683604986,-0.115,0.003,0.003015452,-0.115592346,0.167747612,1.005150832,0.000859612
Louis Pierre NA,L,0.0068,0,-0.46,0.132,0.0164,0,9.682337992,-0.115,0.003,0.002993331,-0.114744337,0.166499022,0.997776844,-0.000370978
Juan Garcia KCA,R,0.006,0,-0.46,0.132,0.0164,0,9.683143219,-0.115,0.003,#N/A,#N/A,#N/A,#N/A,#N/A
Juan Espinal ATL,R,0.0068,0,-0.46,0.132,-0.0492,0,9.686192469,-0.115,0.003,0.002998546,-0.114944255,0.166676166,0.999515259,-8.08E-05
Anderson Machado NA,R,0.0064,0,-0.46,0.132,0.0164,0,9.682741117,-0.115,0.003,0.003006322,-0.11524235,0.16707435,1.002107388,0.00035135
Ariel Castro MIN,L,0.0064,0,-0.46,0.132,-0.0492,0,9.686520376,-0.115,0.003,0.003005702,-0.115218594,0.167005845,1.001900815,0.000316845
Alejandro Castellano NA,R,0.006,0,-0.46,0.132,0.0824,0,9.676898223,-0.115,0.003,0.002988032,-0.114541217,0.165973212,0.996010586,-0.000664788
Luis Felipe TOR,R,0.0056,0,-0.46,0.132,-0.0492,0,9.68717414,-0.115,0.003,0.002989146,-0.114583912,0.166013157,0.996381842,-0.000602843
Daniel Meza COL,L,0.0056,0,-0.46,0.132,0.0164,0,9.683544304,-0.115,0.003,0.00301689,-0.115647442,0.167525879,1.005629931,0.000937879
Carlos Benavides DET,R,0.006,0,-0.46,0.132,0.0824,0,9.676898223,-0.115,0.003,0.002996028,-0.11484773,0.166365425,0.998675909,-0.000220575
Jonathan Rivero PIT,L,0.006,0,-0.464,0.132,0.0824,0,9.682034976,-0.116,0.003,0.003037434,-0.117447438,0.168593772,1.012477912,0.002077772
Fabian Lopez MIA,B,0.0072,0,-0.464,0.132,0.0492,0,9.676966292,-0.116,0.002,0.002002199,-0.116127516,0.166578915,1.001099275,0.000182915
Daniel Dominguez TOR,R,0.0056,0,-0.464,0.132,0.0164,0,9.6875,-0.116,0.002,0.002013618,-0.116789822,0.167458482,1.006808809,0.001132482
Ibrahim Ruiz NA,R,0.0064,0,-0.464,0.132,-0.0492,0,9.679752066,-0.116,0.002,0.002004434,-0.116257152,0.166597501,1.002216827,0.000368501
Eduardo Perez HOU,R,0.006,0,-0.464,0.132,-0.1152,0,9.683933275,-0.116,0.002,0.002005649,-0.116327668,0.166635373,1.002824723,0.000469373
Allen Ajoti LAN,R,0.006,0,-0.464,0.132,0.0824,0,9.682034976,-0.116,0.002,0.002015387,-0.116892427,0.167439332,1.007693334,0.001278332
Hector Liriano NA,L,0.006,0,-0.464,0.132,-0.1152,0,9.683933275,-0.116,0.002,0.002007245,-0.116420194,0.1667087,1.003622364,0.0006017
German Guilarte NA,R,0.006,0,-0.464,0.132,-0.0824,0,9.686907021,-0.116,0.002,0.001999476,-0.115969593,0.165884506,0.999737874,-4.35E-05
Ronny Suarez ARI,R,0.0072,0,-0.464,0.132,-0.0492,0,9.679089027,-0.116,0.002,0.001999901,-0.115994263,0.165904795,0.999950546,-8.21E-06
Anderson Navas PHI,R,0.006,0,-0.464,0.132,-0.0824,0,9.686907021,-0.116,0.002,0.002002874,-0.116166712,0.166094364,1.001437174,0.000238364
Arlenn Manzanillo ATL,B,0.006,0,-0.464,0.132,0.0824,0,9.682034976,-0.116,0.002,0.001981389,-0.114920545,0.164310622,0.990694358,-0.001543378
Cristopfer Gonzalez NA,R,0.006,0,-0.464,0.132,-0.0492,0,9.680082559,-0.116,0.002,0.00199409,-0.115657212,0.165361896,0.997044932,-0.000490104
Juan Olmos ATL,R,0.0064,0,-0.464,0.132,0.0824,0,9.681528662,-0.116,0.002,0.001995581,-0.115743721,0.165379817,0.997790698,-0.000366183
D'Angelo Tejada CHA,R,0.0072,0,-0.464,0.132,0.0492,0,9.676966292,-0.116,0.002,0.002097241,-0.121639988,0.173736508,1.04862059,0.008055508
Andres Hernandez NA,R,0.0064,0,-0.464,0.132,0.0164,0,9.686716792,-0.116,0.002,0.001999882,-0.11599316,0.165621234,0.999941038,-9.77E-06
Eliezer Rivero LAA,R,0.006,0,-0.464,0.132,-0.0824,0,9.686907021,-0.116,0.002,0.001953692,-0.113314122,0.161726604,0.976845881,-0.003833396
Yaisel Ramos NA,R,0.0064,0,-0.464,0.132,0.0164,0,9.686716792,-0.116,0.002,0.002002512,-0.116145725,0.165765982,1.001256249,0.000207982
Cristopher Larez NYN,R,0.0068,0,-0.464,0.132,0.0164,0,9.686323714,-0.116,0.002,0.002017232,-0.116999482,0.16698045,1.008616222,0.00142645
Ishel Comenencia COL,L,0.006,0,-0.464,0.132,-0.0492,0,9.680082559,-0.116,0.002,0.002002072,-0.116120172,0.165622401,1.001035962,0.000171401
Jefferson Vargas CLE,L,0.006,0,-0.464,0.132,0.0164,0,9.687108886,-0.116,0.002,0.002010133,-0.116587709,0.166260103,1.005066454,0.000838103
Dangelo Sarmiento NA,R,0.0068,0,-0.464,0.132,0.0164,0,9.686323714,-0.116,0.002,0.002010651,-0.116617731,0.166287837,1.00532527,0.000880837
Manuel Dos Passos ATL,R,0.0064,0,-0.468,0.132,0.0824,0,9.686520376,-0.117,0.002,0.001993371,-0.116612205,0.164706268,0.996685514,-0.000547732
Andy Acevedo WAS,L,0.008,0,-0.468,0.132,0.0164,0,9.677018634,-0.117,0.001,0.000998191,-0.116788321,0.164895127,0.998190776,-0.000298873
Humberto Tiberi LAA,R,0.006,0,-0.468,0.132,0.0824,0,9.687010955,-0.117,0.001,0.00099836,-0.116808162,0.16491815,0.998360363,-0.00027085
Osvaldo Heredia MIA,L,0.0068,0,-0.468,0.132,0.0164,0,9.678217822,-0.117,0.001,0.001004807,-0.117562419,0.165967991,1.004806997,0.000793991
Gabriel Lopez COL,R,0.006,0,-0.468,0.132,0.0824,0,9.687010955,-0.117,0.001,0.000995599,-0.116485101,0.164417227,0.995599156,-0.000726773
Jayden Kim PIT,R,0.006,0,-0.468,0.132,0.0164,0,9.679012346,-0.117,0.001,0.001000781,-0.117091398,0.16518694,1.00078118,0.00012894
Reniel Diaz NA,R,0.0064,0,-0.468,0.132,0.0164,0,9.678615575,-0.117,0.001,0.000996907,-0.116638101,0.164459723,0.99690685,-0.000510277
Eric Mota HOU,R,0.0068,0,-0.468,0.132,0.0492,0,9.681881051,-0.117,0.001,0.001002771,-0.117324166,0.165406016,1.00277065,0.000457016
Jesus Lugo BOS,R,0.0064,0,-0.468,0.132,-0.0492,0,9.683026585,-0.117,0.001,#N/A,#N/A,#N/A,#N/A,#N/A
Bohan Adderley NYN,R,0.0088,0,-0.468,0.132,0.0492,0,9.679665738,-0.117,0.001,0.001011541,-0.118350243,0.166662431,1.011540541,0.001901431
Eduardo Guillen PHI,L,0.0068,0,-0.468,0.132,-0.0492,0,9.682702149,-0.117,0.001,0.000998937,-0.116875633,0.164500955,0.998937034,-0.000175045
Dexters Peralta NYA,B,0.008,0,-0.468,0.132,0.0492,0,9.680555556,-0.117,0.001,0.001014283,-0.118671053,0.1670006,1.014282504,0.0023516
Cristian Benavides SDN,R,0.006,0,-0.468,0.132,-0.0492,0,9.683350358,-0.117,0.001,0.001006571,-0.117768782,0.165656387,1.006570785,0.001081387
Franchely Silverio HOU,R,0.006,0,-0.468,0.132,0.0492,0,9.682758621,-0.117,0.001,0.001006571,-0.117768752,0.165592931,1.00657053,0.001080931
Moises Semerite NA,R,0.0064,0,-0.468,0.132,0.0164,0,9.678615575,-0.117,0.001,0.001001666,-0.11719489,0.16478503,1.001665724,0.00027403
Ayden Johnson OAK,R,0.0068,0,-0.468,0.132,0.0164,0,9.678217822,-0.117,0.001,0.0010056,-0.117655253,0.165409207,1.005600451,0.000921207
Christopher Orelin NA,R,0.0068,0,-0.468,0.132,0.0164,0,9.678217822,-0.117,0.001,0.001002221,-0.117259816,0.164703939,1.002220648,0.000364939
Alvaro Matos NA,L,0.0068,0,-0.468,0.132,-0.0824,0,9.680150517,-0.117,0.001,0.000996646,-0.11660764,0.163754003,0.996646499,-0.000550997
Lewis German KCA,R,0.0068,0,-0.468,0.132,0.0164,0,9.678217822,-0.117,0.001,0.000999656,-0.116959801,0.164234552,0.999656415,-5.64E-05
Juan Caricipe CIN,B,0.0076,0,-0.468,0.132,0.0164,0,9.677419355,-0.117,0.001,0.001010482,-0.11822644,0.165892916,1.010482397,0.001720916
Vinicius Dos Santos SFN,R,0.006,0,-0.468,0.132,-0.0492,0,9.683350358,-0.117,0.001,0.001004343,-0.117508138,0.164874966,1.004343064,0.000712966
Andruw Salcedo NA,B,0.0064,0,-0.472,0.132,-0.0824,0,9.683426443,-0.118,0,0,-0.118493747,0.164663129,1.0041843,0.000686129
Jean Gutierrez NA,R,0.0064,0,-0.472,0.132,-0.0492,0,9.686234818,-0.118,0,0,-0.117895721,0.16380911,0.999116277,-0.00014489
Samuel Salcedo NA,R,0.006,0,-0.472,0.132,0.0164,0,9.682926829,-0.118,0,0,-0.118796429,0.165026362,1.006749402,0.001106362
Jose Montilla KCA,R,0.006,0,-0.472,0.132,-0.1152,0,9.681034483,-0.118,0,#N/A,#N/A,#N/A,#N/A,#N/A
Arfeni Batista NA,R,0.0064,0,-0.472,0.132,0.0164,0,9.682539683,-0.118,0,0,-0.118811086,0.164896698,1.00687361,0.001125698
Cristopher Polanco TOR,L,0.006,0,-0.472,0.132,0.0492,0,9.68707483,-0.118,0,0,-0.11850184,0.164376111,1.004252878,0.000696111
Daris Cordero NA,R,0.0064,0,-0.472,0.132,0.0164,0,9.682539683,-0.118,0,0,-0.118365911,0.164062174,1.003100939,0.000507174
Ovandy Frias NA,R,0.0068,0,-0.472,0.132,0.0164,0,9.682151589,-0.118,0,0,-0.118585578,0.164353581,1.004962523,0.000811581
Eryks Rivero MIL,R,0.0056,0,-0.472,0.132,-0.0492,0,9.686868687,-0.118,0,0,-0.118166097,0.163751172,1.001407599,0.000230172
Yeison Acosta BAL,B,0.006,0,-0.472,0.132,0.0824,0,9.676923077,-0.118,0,0,-0.117840384,0.163240888,0.998647319,-0.000221112
Alexander Herrera NA,R,0.006,0,-0.472,0.132,0.0164,0,9.682926829,-0.118,0,#N/A,#N/A,#N/A,#N/A,#N/A
Vladi Guerrero NA,L,0.006,0,-0.472,0.132,-0.0824,0,9.68372093,-0.118,0,0,-0.117715435,0.162924148,0.997588435,-0.000393852
Alan Frias NA,R,0.0064,0,-0.472,0.132,-0.1152,0,9.680759275,-0.118,0,0,-0.118071988,0.16337561,1.000610071,9.96E-05
Joshua Fermin KCA,R,0.0064,0,-0.472,0.132,-0.0492,0,9.686234818,-0.118,0,0,-0.118198092,0.163523054,1.001678748,0.000274054
Jhonger Ochoa DET,R,0.0068,0,-0.472,0.132,0.0164,0,9.682151589,-0.118,0,0,-0.119064559,0.164705637,1.009021687,0.001472637
Carlos Batista WAS,R,0.0076,0,-0.472,0.132,-0.0492,0,9.685279188,-0.118,0,0,-0.117892306,0.16292317,0.999087336,-0.00014883
Elian Soto WAS,L,0.006,0,-0.472,0.132,-0.0824,0,9.68372093,-0.118,0,0,-0.117759683,0.162658057,0.997963415,-0.000331943
Ivan Sosa KCA,R,0.0064,0,-0.472,0.132,-0.0492,0,9.686234818,-0.118,0,0,-0.121229543,0.167445738,1.027369009,0.004460738
Royelny Strop SLN,L,0.006,0,-0.472,0.132,0.0164,0,9.682926829,-0.118,0,0,-0.117836934,0.162746787,0.998618088,-0.000225213
Michael Cordero SLN,R,0.0056,0,-0.472,0.132,0.0164,0,9.683313033,-0.118,0,0,-0.118285975,0.163253691,1.002423514,0.000394691
Jonathan Taveras NA,B,0.0072,0,-0.472,0.132,0.0164,0,9.681762546,-0.118,0,0,-0.118247963,0.163186198,1.002101385,0.000342198
Kenyon Simmons NA,R,0.0064,0,-0.476,0.132,0.0164,0,9.686369119,-0.119,0,0,-0.118561263,0.162197785,0.99631313,-0.000600215
Gabriel Flores PHI,R,0.0064,0,-0.476,0.132,-0.0824,0,9.686346863,-0.119,0,0,-0.11881934,0.162501922,0.998481846,-0.000247078
Jelson Coca NA,R,0.0068,0,-0.476,0.132,0.0164,0,9.685990338,-0.119,-0.001,-0.001004809,-0.119572227,0.163463273,1.004808632,0.000782273
Delvis Matos NA,R,0.0064,0,-0.476,0.132,-0.0492,0,9.67967968,-0.119,-0.001,-0.000995616,-0.118478303,0.161858288,0.995615995,-0.000712712
Luis Luna LAN,R,0.0068,0,-0.476,0.132,0.0164,0,9.685990338,-0.119,-0.001,-0.001004405,-0.119524164,0.163254942,1.00440474,0.000715942
Bralyn Brazoban PIT,L,0.006,0,-0.476,0.132,0.0164,0,9.686746988,-0.119,-0.001,-0.000995109,-0.118417955,0.161712156,0.995108863,-0.000794844
Abel De Leon CHN,R,0.0064,0,-0.476,0.132,0.0824,0,9.681335357,-0.119,-0.001,-0.001005661,-0.119673675,0.163318363,1.005661137,0.000919363
Michael Baez NA,R,0.006,0,-0.476,0.132,-0.0824,0,9.686635945,-0.119,-0.001,-0.001002467,-0.119293526,0.162724389,1.002466604,0.000400389
Samuel Estevez MIA,R,0.008,0,-0.476,0.132,-0.0492,0,9.67839196,-0.119,-0.001,-0.001002343,-0.119278778,0.162704272,1.002342673,0.000380272
Anderson Garcia KCA,R,0.0056,0,-0.476,0.132,0.0164,0,9.687123947,-0.119,-0.001,-0.001000196,-0.119023311,0.162340795,1.000195892,3.18E-05
Maylerson Casanova PHI,R,0.0068,0,-0.476,0.132,0.0164,0,9.685990338,-0.119,-0.001,-0.00100656,-0.119780672,0.162993311,1.006560269,0.001062311
Grant Smith NA,R,0.0064,0,-0.476,0.132,0.0164,0,9.686369119,-0.119,-0.001,#N/A,#N/A,#N/A,#N/A,#N/A
Frainner Chirinos BAL,R,0.0064,0,-0.476,0.132,0.0164,0,9.686369119,-0.119,-0.001,-0.000998382,-0.118807511,0.161569229,0.998382442,-0.000261771
Luis Bolivar NA,R,0.0064,0,-0.476,0.132,-0.0492,0,9.67967968,-0.119,-0.001,-0.001002269,-0.119270069,0.162178228,1.002269487,0.000367228
Freilyn Rodriguez CLE,L,0.0064,0,-0.476,0.132,0.0164,0,9.686369119,-0.119,-0.001,-0.001000969,-0.119115367,0.161937842,1.000969471,0.000156842
Cliuver Puello NA,L,0.0064,0,-0.476,0.132,0.0492,0,9.677852349,-0.119,-0.001,-0.001007033,-0.119836973,0.162818165,1.007033387,0.001137165
Daonil Montero ARI,R,0.006,0,-0.476,0.132,0.0164,0,9.686746988,-0.119,-0.001,-0.001005408,-0.119643578,0.162535298,1.005408218,0.000874298
Derek Cueto MIA,R,0.0072,0,-0.476,0.132,0.0164,0,9.685610641,-0.119,-0.001,-0.00099636,-0.118566787,0.161011704,0.996359554,-0.000588296
Christian Saez SLN,L,0.006,0,-0.48,0.132,-0.0824,0,9.680656934,-0.12,-0.001,-0.001004976,-0.120597086,0.162353827,1.004975716,0.000803827
Rafael Oropeza NA,L,0.0064,0,-0.48,0.132,0.0492,0,9.682119205,-0.12,-0.002,-0.002014929,-0.120895744,0.162524178,1.00746453,0.001204178
Joandrew Pena NA,R,0.006,0,-0.48,0.132,-0.0824,0,9.680656934,-0.12,-0.002,-0.001993727,-0.119623616,0.160653519,0.996863464,-0.000505481
Frailin Yan NA,R,0.0068,0,-0.48,0.132,-0.0492,0,9.682539683,-0.12,-0.002,-0.002003878,-0.120232675,0.161470478,1.001938954,0.000312478
Daiber De Los Santos MIN,R,0.0076,0,-0.48,0.132,0.0492,0,9.680851064,-0.12,-0.002,-0.002020239,-0.121214323,0.162771643,1.010119355,0.001630643
Cesar Acosta NYN,L,0.006,0,-0.48,0.132,0.0824,0,9.686567164,-0.12,-0.002,-0.001994263,-0.119655775,0.160629901,0.997131459,-0.000462099
Yananyer Abreu NA,B,0.0068,0,-0.48,0.132,0.0164,0,9.678188319,-0.12,-0.002,-0.002009594,-0.120575656,0.161683916,1.004797131,0.000771916
Hanley Ramirez PIT,R,0.0064,0,-0.48,0.132,0.0164,0,9.678571429,-0.12,-0.002,-0.002008354,-0.120501217,0.16157004,1.004176808,0.00067204
Janero Miller MIA,B,0.0064,0,-0.48,0.132,-0.0264,0,9.684210526,-0.12,-0.002,-0.00199377,-0.119626208,0.160383854,0.996885067,-0.000501146
Carlos Rondon NYA,R,0.0056,0,-0.48,0.132,0.0824,0,9.687034277,-0.12,-0.002,-0.001998432,-0.1199059,0.160713875,0.999215836,-0.000126125
Edgar Jimenez NYA,R,0.0068,0,-0.48,0.132,-0.0824,0,9.680073126,-0.12,-0.002,-0.002022544,-0.121352627,0.162631734,1.01127189,0.001812734
Robert Lantigua ARI,L,0.006,0,-0.48,0.132,0.0824,0,9.686567164,-0.12,-0.002,#N/A,#N/A,#N/A,#N/A,#N/A
Eliezer Alfonzo BOS,B,0.0076,0,-0.48,0.132,0.0164,0,9.677419355,-0.12,-0.002,-0.002023493,-0.121409596,0.162612978,1.011746636,0.001887978
Cesar Garcia MIA,L,0.0064,0,-0.48,0.132,0.0164,0,9.678571429,-0.12,-0.002,#N/A,#N/A,#N/A,#N/A,#N/A
Deshandro Tromp NA,R,0.0068,0,-0.48,0.132,-0.0824,0,9.680073126,-0.12,-0.002,-0.00201097,-0.120658179,0.161465781,1.005484827,0.000880781
Hojans Hernandez NA,R,0.0068,0,-0.48,0.132,-0.0824,0,9.680073126,-0.12,-0.002,-0.002004351,-0.12026105,0.160816083,1.002175419,0.000349083
Gabriel Azocar PHI,R,0.0056,0,-0.484,0.132,0.0824,0,9.677419355,-0.121,-0.002,-0.002004799,-0.121290366,0.160722766,1.002399718,0.000384766
Adriel Cuello NA,R,0.0068,0,-0.484,0.132,-0.0492,0,9.685658153,-0.121,-0.003,-0.003010292,-0.121415128,0.160799787,1.003430808,0.000549787
Johan Contreras NA,R,0.006,0,-0.484,0.132,-0.0824,0,9.683544304,-0.121,-0.003,-0.00300771,-0.121310977,0.160647816,1.002570059,0.000411816
Domingo Morla NA,R,0.0056,0,-0.484,0.132,0.0164,0,9.683098592,-0.121,-0.003,-0.002989429,-0.120573643,0.159642493,0.99647639,-0.000564507
Vicent Nunez NA,R,0.0064,0,-0.484,0.132,0.0824,0,9.676470588,-0.121,-0.003,-0.002997273,-0.120889994,0.160002403,0.99909086,-0.000145597
Jealmy Frias CIN,B,0.0064,0,-0.484,0.132,-0.0492,0,9.685966634,-0.121,-0.003,-0.002989346,-0.120570289,0.159560329,0.99644867,-0.000568671
Enmanuel Corniel BAL,L,0.0064,0,-0.484,0.132,0.0164,0,9.682352941,-0.121,-0.003,-0.00299828,-0.120930612,0.1599902,0.999426544,-9.18E-05
Abel Pena NA,R,0.0056,0,-0.484,0.132,-0.0824,0,9.683830172,-0.121,-0.003,-0.003024481,-0.121987397,0.161266331,1.008160308,0.001305331
Yohangel Moris NA,B,0.0064,0,-0.484,0.132,0.0164,0,9.682352941,-0.121,-0.003,-0.002999986,-0.120999453,0.159813278,0.999995482,-7.22E-07
Jhojan Downer SDN,R,0.0064,0,-0.484,0.132,0.0824,0,9.676470588,-0.121,-0.003,-0.003016718,-0.121674275,0.160596971,1.005572523,0.000889971
Endry Reyes NA,R,0.006,0,-0.484,0.132,-0.0824,0,9.683544304,-0.121,-0.003,-0.003010022,-0.121404231,0.1600178,1.003340753,0.0005328
Meykel Baro BAL,R,0.0064,0,-0.484,0.132,0.0492,0,9.68627451,-0.121,-0.003,-0.002998982,-0.120958958,0.159412911,0.999660814,-5.41E-05
Francis Sosa MIL,R,0.0064,0,-0.484,0.132,-0.0492,0,9.685966634,-0.121,-0.003,-0.002997133,-0.12088436,0.159155749,0.999044298,-0.000152251
Jose De La Cruz HOU,R,0.0064,0,-0.484,0.132,0.0164,0,9.682352941,-0.121,-0.003,-0.003017241,-0.121695402,0.160157183,1.005747121,0.000915183
Hiverson LÃ³pez CLE,L,0.0056,0,-0.488,0.132,0.0824,0,9.682080925,-0.122,-0.003,-0.003028342,-0.123152572,0.160567737,1.009447314,0.001502737
David Ortiz Jr. TEX,L,0.0056,0,-0.488,0.132,-0.0824,0,9.686660698,-0.122,-0.004,-0.003981427,-0.121433518,0.158236832,0.995356704,-0.000738168
Jose Santana LAA,R,0.0064,0,-0.488,0.132,0.0492,0,9.677835052,-0.122,-0.004,-0.004059072,-0.123801688,0.161072085,1.014767936,0.002344085
Leandy Mella NA,L,0.006,0,-0.488,0.132,-0.0492,0,9.679922405,-0.122,-0.004,-0.004014392,-0.122438966,0.159243918,1.003598079,0.000570918
Yeicer Crespo NA,R,0.0056,0,-0.488,0.132,-0.1152,0,9.683860233,-0.122,-0.004,-0.003989805,-0.121689039,0.15816084,0.99745114,-0.00040416
Johanse Gomez BAL,L,0.006,0,-0.488,0.132,0.0164,0,9.68641115,-0.122,-0.004,-0.00400033,-0.12201006,0.158527071,1.00008246,1.31E-05
Juan Tomas CHN,B,0.0064,0,-0.488,0.132,0.0492,0,9.677835052,-0.122,-0.004,-0.004066641,-0.124032545,0.16101356,1.016660205,0.00263856
Alexander Alzi NA,R,0.0052,0,-0.488,0.132,-0.0824,0,9.686940966,-0.122,-0.004,-0.004014348,-0.122437621,0.158897939,1.003587059,0.000567939
Fernando Cruz CHN,R,0.0072,0,-0.488,0.132,0.0492,0,9.677002584,-0.122,-0.004,#N/A,#N/A,#N/A,#N/A,#N/A
Robert Alvarez CLE,R,0.006,0,-0.488,0.132,0.0824,0,9.681620839,-0.122,-0.004,-0.004022089,-0.122673724,0.159104804,1.005522331,0.000873804
Omar Guadamuz CIN,R,0.0068,0,-0.488,0.132,0.0164,0,9.685681024,-0.122,-0.004,-0.00403799,-0.123158704,0.159542006,1.009497573,0.001501006
Juan Colorado SFN,R,0.0064,0,-0.488,0.132,0.0164,0,9.686046512,-0.122,-0.004,-0.003997366,-0.121919676,0.157752068,0.999341602,-0.000103932
Jesus Abreu NA,R,0.006,0,-0.492,0.132,0.0824,0,9.686162625,-0.123,-0.005,-0.005005865,-0.123144291,0.157821923,1.001173094,0.000184923
Helder Rosario NA,R,0.0064,0,-0.492,0.132,-0.1152,0,9.685950413,-0.123,-0.005,-0.004996768,-0.122920496,0.157447164,0.999353623,-0.000101836
Rosniell De Paula COL,R,0.006,0,-0.492,0.132,0.0492,0,9.682337992,-0.123,-0.005,-0.005022816,-0.123561274,0.158042906,1.004563204,0.000717906
Alejandro Guerrero KCA,R,0.006,0,-0.492,0.132,-0.0492,0,9.682997118,-0.123,-0.005,-0.004990402,-0.122763894,0.156998053,0.998080439,-0.000301947
Tom Guerrero NA,R,0.0056,0,-0.492,0.132,0.0492,0,9.682741117,-0.123,-0.005,-0.00502234,-0.123549554,0.157964634,1.00446792,0.000702634
Limanol Payero PIT,R,0.006,0,-0.492,0.132,0.0164,0,9.678899083,-0.123,-0.005,-0.005024302,-0.123597817,0.158016292,1.004860301,0.000764292
Andres Garza NA,L,0.0056,0,-0.492,0.132,0.0824,0,9.686609687,-0.123,-0.005,-0.005022011,-0.123541464,0.157905075,1.004402149,0.000692075
Hancel Almonte NA,R,0.0064,0,-0.492,0.132,-0.0824,0,9.680284192,-0.123,-0.005,-0.005042295,-0.124040467,0.158514641,1.008459083,0.001329641
Edwin Solano NA,R,0.0064,0,-0.492,0.132,0.0164,0,9.678530425,-0.123,-0.005,-0.005033676,-0.123828434,0.15816616,1.006735239,0.00105816
Brayan Joseph NA,B,0.0068,0,-0.492,0.132,0.0164,0,9.67816092,-0.123,-0.005,-0.005031474,-0.123774255,0.158005384,1.006294758,0.000988384
Heudy Pena NA,L,0.0064,0,-0.492,0.132,0.0164,0,9.678530425,-0.123,-0.005,-0.005040476,-0.123995698,0.158160041,1.008095105,0.001270041
Yadimir Fuentes NA,B,0.0056,0,-0.492,0.132,-0.0824,0,9.680851064,-0.123,-0.005,-0.005017438,-0.123428963,0.157402032,1.003487501,0.000547032
Edgar Mota NA,R,0.006,0,-0.492,0.132,-0.0824,0,9.680567879,-0.123,-0.005,-0.004985886,-0.122652798,0.156326475,0.997177216,-0.000442525
Aaron Salazar MIN,R,0.006,0,-0.496,0.132,0.0824,0,9.676966292,-0.124,-0.005,-0.00499449,-0.123863361,0.156390479,0.998898073,-0.000172521
Jhon Lucena NA,R,0.0064,0,-0.496,0.132,-0.0492,0,9.685714286,-0.124,-0.005,-0.005005156,-0.124127864,0.156718436,1.001031164,0.000161436
Jose De La Cruz COL,R,0.0056,0,-0.496,0.132,0.0824,0,9.677419355,-0.124,-0.005,-0.004992737,-0.123819867,0.156312596,0.998547311,-0.000227404
Raymer Medina TBA,B,0.006,0,-0.496,0.132,0.0492,0,9.686323714,-0.124,-0.006,-0.00603227,-0.124666919,0.157348754,1.005378379,0.000841754
Anthony Abreu MIA,L,0.006,0,-0.496,0.132,0.0164,0,9.682539683,-0.124,-0.006,-0.006050955,-0.125053078,0.157720169,1.008492564,0.001328169
Dawel Joseph SEA,R,0.0064,0,-0.496,0.132,0.0164,0,9.682179342,-0.124,-0.006,-0.006012777,-0.124264067,0.156564708,1.002129577,0.000332708
Julio Valdez CHN,R,0.006,0,-0.496,0.132,-0.0264,0,9.6875,-0.124,-0.006,-0.006010243,-0.124211699,0.15641258,1.001707248,0.00026658
Carlos De Sousa TBA,R,0.006,0,-0.496,0.132,0.0824,0,9.676966292,-0.124,-0.006,-0.005974311,-0.123469087,0.155274326,0.995718447,-0.000667674
Jose Familia PHI,L,0.006,0,-0.496,0.132,0.0492,0,9.686323714,-0.124,-0.006,-0.006034315,-0.124709169,0.156356132,1.005719104,0.000889132
Gabriel Rodriguez PIT,R,0.0064,0,-0.5,0.132,0.0164,0,9.685746352,-0.125,-0.007,-0.007032717,-0.125584232,0.155885195,1.004673853,0.000725195
Brailin Pascual NA,R,0.0064,0,-0.5,0.132,0.0164,0,9.685746352,-0.125,-0.007,-0.007099842,-0.126782894,0.157282801,1.01426315,0.002211801
Cesar Mujica PHI,R,0.006,0,-0.5,0.132,0.0824,0,9.681440443,-0.125,-0.007,-0.007022346,-0.125399028,0.155133646,1.003192227,0.000493646
Edgardo Figueroa WAS,R,0.006,0,-0.5,0.132,0.0824,0,9.681440443,-0.125,-0.007,-0.007026191,-0.125467692,0.154844196,1.003741539,0.000577196
Deivid Coronil SDN,B,0.006,0,-0.5,0.132,0.0164,0,9.686098655,-0.125,-0.007,-0.0070503,-0.125898212,0.155297963,1.007185699,0.001107963
Kendrick Hernandez DET,R,0.0056,0,-0.504,0.132,0.0164,0,9.67920354,-0.126,-0.007,-0.007016309,-0.126293566,0.15442195,1.002329891,0.00035895
Mani Cedeno NYA,R,0.0064,0,-0.504,0.132,0.0492,0,9.681762546,-0.126,-0.008,-0.0080665,-0.127047378,0.155147031,1.008312521,0.001279031
Diego Felix NA,R,0.0068,0,-0.504,0.132,0.0164,0,9.678135405,-0.126,-0.008,-0.008080138,-0.127262174,0.155369944,1.010017253,0.001540944
Johmphy De La Cruz NA,R,0.0064,0,-0.504,0.132,0.0164,0,9.678492239,-0.126,-0.008,-0.008067025,-0.127055651,0.154795126,1.00837818,0.001286126
Jeyson Moya SFN,R,0.006,0,-0.504,0.132,0.0164,0,9.678848283,-0.126,-0.008,-0.008052934,-0.126833704,0.154396883,1.006616702,0.001014883
Kendry MartÃ­nez SEA,L,0.006,0,-0.504,0.132,0.0164,0,9.678848283,-0.126,-0.008,-0.008042079,-0.126662751,0.153992753,1.005259931,0.000805753
Emile Torres TBA,R,0.0064,0,-0.504,0.132,0.0164,0,9.678492239,-0.126,-0.008,-0.008022704,-0.12635759,0.153438228,1.002838017,0.000434228
Victor Familia PIT,R,0.006,0,-0.508,0.132,0.0824,0,9.676985195,-0.127,-0.008,-0.007978172,-0.126653473,0.15242197,0.997271442,-0.00041703
Ismael Del Rosario NA,L,0.0064,0,-0.508,0.132,-0.0492,0,9.685476411,-0.127,-0.008,-0.007975856,-0.126616715,0.152339848,0.996982009,-0.000461152
Nicolas Vergara TOR,L,0.006,0,-0.508,0.132,-0.0492,0,9.685767098,-0.127,-0.009,#N/A,#N/A,#N/A,#N/A,#N/A
Julio Acosta CHN,R,0.0064,0,-0.508,0.132,-0.0492,0,9.685476411,-0.127,-0.009,-0.009069528,-0.127981115,0.153829269,1.007725313,0.001179269
Angel Aquino NA,R,0.006,0,-0.508,0.132,-0.0492,0,9.685767098,-0.127,-0.009,-0.009000365,-0.127005153,0.15255819,1.000040576,6.19E-06
Richer Mata KCA,L,0.006,0,-0.508,0.132,-0.0824,0,9.683219178,-0.127,-0.009,-0.008981449,-0.126738218,0.152233557,0.997938727,-0.000314443
Zeus Nunez NA,R,0.0056,0,-0.508,0.132,-0.1152,0,9.681020734,-0.127,-0.009,-0.008993931,-0.126914364,0.151675656,0.999325699,-0.000102344
Juan Martinez NA,R,0.0056,0,-0.508,0.132,-0.0824,0,9.683490163,-0.127,-0.009,-0.009102579,-0.128447501,0.15344116,1.011397648,0.00172916
Dave Neely TEX,L,0.0068,0,-0.512,0.132,0.0492,0,9.677419355,-0.128,-0.01,-0.010096975,-0.129241282,0.152493606,1.009697515,0.001464606
Cristian Bonifacio NA,L,0.006,0,-0.512,0.132,-0.0492,0,9.679780421,-0.128,-0.01,-0.01002787,-0.128356731,0.151334591,1.002786958,0.000420591
Riangelo Richardson CIN,R,0.0064,0,-0.516,0.132,0.0164,0,9.678456592,-0.129,-0.011,-0.011098109,-0.130150545,0.151627403,1.008918955,0.001340403
Clay Winklaar NA,R,0.006,0,-0.516,0.132,-0.0492,0,9.68268359,-0.129,-0.011,-0.010997289,-0.128968203,0.149810064,0.999753509,-3.69E-05
Diego Arce TOR,R,0.0056,0,-0.516,0.132,0.0824,0,9.685863874,-0.129,-0.011,-0.011068778,-0.129806583,0.150330111,1.006252584,0.000934111
Klendy Leen TEX,R,0.006,0,-0.52,0.132,0.0824,0,9.677002584,-0.13,-0.012,-0.012096679,-0.131047353,0.150016961,1.008056559,0.001198961
Jahni McPhee NA,L,0.006,0,-0.524,0.132,-0.0492,0,9.679715302,-0.131,-0.013,-0.013005551,-0.131055936,0.147758065,1.000426995,6.31E-05
Kay Robles NA,R,0.0064,0,-0.524,0.132,0.0164,0,9.685204617,-0.131,-0.013,-0.013032967,-0.131332204,0.147519149,1.00253591,0.000373149
Brauli Diaz NA,B,0.0068,0,-0.528,0.132,-0.0824,0,9.679802956,-0.132,-0.014,-0.014084378,-0.132795562,0.146979537,1.006026989,0.000880537
Elias Marrero PHI,L,0.0056,0,-0.528,0.132,-0.1152,0,9.685823755,-0.132,-0.014,-0.014198504,-0.133871612,0.147808458,1.014178878,0.002066458
Javado Bain TOR,R,0.006,0,-0.532,0.132,-0.0492,0,9.685314685,-0.133,-0.015,-0.015066814,-0.133592419,0.145571541,1.00445428,0.000645541
Winifer Castillo NA,R,0.0064,0,-0.532,0.132,-0.0492,0,9.68503937,-0.133,-0.015,-0.015105544,-0.133935827,0.145220676,1.007036295,0.001014676
Luis Hernandez NA,L,0.0056,0,-0.536,0.132,-0.0824,0,9.685737309,-0.134,-0.016,-0.01604503,-0.134377124,0.143595996,1.002814355,0.000402996
Leonardo Carpio NA,R,0.0056,0,-0.552,0.132,-0.0492,0,9.682539683,-0.138,-0.02,-0.020204989,-0.139414424,0.140180193,1.010249449,0.001422193