Full Name,Bats,BaseRunning,UZR,BattingRuns,ReplacementRuns,DEF_adj,FramingRuns,Runs/WAR,BattingRuns/PA,wRC/PA,Updated wRC/PA,Updated BattingRuns/PA,Update wOBA,% Change,col_CL
Juan Soto NYN,L,0.008734071,-0.047780763,0.404139021,0.146708794,-0.051362823,0,9.683004504,0.089529328,0.207599877,0.207803476,0.089617132,0.421609079,1.000980729,
Shohei Ohtani LAN,L,0.025830491,0,0.368258398,0.150346253,-0.116661499,0,9.683005091,0.079607266,0.197676444,0.192764295,0.07762907,0.398712734,0.975150558,
Yordan Alvarez HOU,L,-0.004705604,-0.019991383,0.350953678,0.146333373,-0.098333136,0,9.682992571,0.07794709,0.196014934,0.198477653,0.078926412,0.411920123,1.012563938,
Aaron Judge NYA,R,-0.003100189,-0.001344793,0.347060491,0.145907372,-0.052172023,0,9.68299448,0.077304857,0.195374822,0.193777097,0.076672678,0.402691739,0.991822259,
Nick Kurtz OAK,L,0.007864787,-0.006913119,0.289160267,0.147312099,-0.085229762,0,9.682983325,0.063793785,0.181862838,0.182201227,0.063912485,0.389955236,1.001860684,
Vladimir Guerrero Jr. TOR,R,-0.005559377,-0.009312429,0.260825489,0.144207096,-0.08471126,0,9.682992577,0.058782766,0.176852162,0.174537602,0.058013444,0.377995367,0.986912459,
Ronald Acuna Jr. ATL,R,0.029131753,-0.024738536,0.259380742,0.149421169,-0.055734105,0,9.683003151,0.056416663,0.174485781,0.168555252,0.054499139,0.367151951,0.966011395,
Bryce Harper PHI,L,0.00606087,0.005416204,0.239543478,0.14373913,-0.084036957,0,9.683007184,0.054162363,0.172231791,0.171982982,0.054084119,0.376723991,0.998555384,
Kyle Tucker LAN,L,0.022746529,-0.014253231,0.239241264,0.146517472,-0.05,0,9.683008013,0.053066894,0.171135491,0.166577991,0.051653672,0.365897213,0.97336905,
Corey Seager TEX,L,-0.006363075,-0.0201675,0.22795261,0.144674812,0.035594224,0,9.68301538,0.051209757,0.169279702,0.165007461,0.049917338,0.364174097,0.97476224,
Corbin Carroll ARI,L,0.056957235,0.018151984,0.227453595,0.145133832,-0.048519126,0,9.682994486,0.050935932,0.169005603,0.16478189,0.049662964,0.363933603,0.975008447,
Gunnar Henderson BAL,L,0.035899699,-0.011429376,0.22440834,0.148290759,0.05,0,9.682999735,0.049182787,0.167252352,0.161862541,0.047597842,0.359127525,0.967774384,
Kyle Schwarber PHI,L,-0.004162349,-0.063043478,0.219905009,0.147236615,-0.115308722,0,9.683018774,0.048542906,0.166611872,0.166311822,0.048455485,0.369622151,0.998199112,
Rafael Devers SFN,L,-0.005699471,0.021500682,0.21768254,0.146074074,-0.090814815,0,9.682988854,0.048431259,0.166499373,0.159880787,0.046506047,0.355436972,0.96024858,
Fernando Tatis Jr. SDN,R,0.026186476,0.023991849,0.199412012,0.144330113,-0.051389122,0,9.683006818,0.044902471,0.162972423,0.159059245,0.043824305,0.356987391,0.975988711,
Freddie Freeman LAN,L,0.001111417,-0.004742019,0.195337739,0.141400514,-0.083692181,0,9.682992805,0.044897561,0.162967768,0.163347439,0.04500216,0.36661513,1.002329733,
Matt Olson ATL,L,-0.006708635,0.01165085,0.196551724,0.143202105,-0.083335526,0,9.682984421,0.044609953,0.162678441,0.165717775,0.045443405,0.37223189,1.018683078,
Ketel Marte ARI,B,0.00213138,-0.010635651,0.194622363,0.147382228,0.000549787,0,9.683001862,0.042918692,0.160987276,0.158690438,0.042306362,0.358121655,0.9857328,
James Wood WAS,L,0.015321231,-0.014932842,0.192429509,0.146710442,-0.084059482,0,9.6830001,0.042627313,0.160698069,0.162050368,0.042986029,0.365998229,1.008415152,
Bobby Witt Jr. KCA,R,0.039167517,0.042663573,0.177930394,0.147174014,0.049998144,0,9.683006024,0.03929376,0.157363596,0.153774828,0.038397643,0.350619312,0.977194419,
Riley Greene DET,L,0.005057437,0.011535976,0.168863362,0.141082225,-0.052867795,0,9.683004554,0.03889922,0.156968728,0.155940513,0.038644413,0.355965891,0.993449557,
Julio Rodriguez SEA,R,0.025601697,0.039509863,0.170674689,0.144555139,0.01530578,0,9.683010067,0.038373507,0.156441402,0.152215759,0.037337,0.347998263,0.972988973,
Vinnie Pasquantino KCA,L,-0.008636081,-0.002948284,0.167709196,0.143268434,-0.088091342,0,9.682995879,0.038046111,0.156114981,0.151869808,0.037011538,0.347538361,0.972807397,
Roman Anthony BOS,L,0.014354044,0.00076468,0.171686095,0.149717582,-0.06110804,0,9.683004921,0.037270148,0.155339244,0.150582751,0.036128935,0.345380388,0.969379966,
Junior Caminero TBA,R,0.005382976,-0.006750642,0.163418965,0.142583166,0.01245531,0,9.682987792,0.037249201,0.155319236,0.154544479,0.037063396,0.354485902,0.995011837,
Michael Busch CHN,L,-0.001895927,0.005783341,0.160961826,0.145286842,-0.083721476,0,9.68300858,0.03600637,0.154077207,0.150050718,0.035065418,0.345451101,0.97386707,
Josh Naylor SEA,L,0.003346758,0.011058224,0.153335399,0.139673689,-0.085577241,0,9.683018676,0.035678603,0.153750296,0.15078143,0.034989661,0.347472317,0.98069034,
Ben Rice NYA,L,0.00216747,0.000572687,0.152710843,0.140096386,-0.065508434,-0.013386555,9.682988175,0.035425664,0.153494439,0.156868965,0.036204485,0.36177951,1.021984678,
Cal Raleigh SEA,B,-0.000873529,0.008689904,0.156784314,0.144931373,0.046508824,0.090979567,9.682994088,0.035159694,0.153230045,0.149346233,0.034268527,0.344703832,0.97465372,
Jackson Merrill SDN,L,0.016329363,0.027134625,0.147011911,0.141926463,0.015184878,0,9.682996859,0.033664682,0.151732986,0.145561909,0.032295518,0.337502623,0.959329364,
Tyler Soderstrom OAK,L,0.002558726,0.00446889,0.144425347,0.141377335,-0.052777587,0,9.683016127,0.033201306,0.15127088,0.14959712,0.032833945,0.347348707,0.988935348,
Nolan Schanuel LAA,L,-0.002055344,-0.004552176,0.148880439,0.1460921,-0.083336502,0,9.683004319,0.033121864,0.151191345,0.149305703,0.032708771,0.346757659,0.987528113,
Alec Burleson SLN,L,-0.001374001,0.002463054,0.142404501,0.142305794,-0.081007798,0,9.683022237,0.032523298,0.150591866,0.15226039,0.032883649,0.354276287,1.011079776,
Yandy Diaz TBA,R,-0.009508952,-0.014019483,0.146508219,0.147796042,-0.108423202,0,9.683023687,0.032218059,0.15028724,0.149851866,0.032124725,0.349001027,0.997103058,
Jonathan Aranda TBA,L,-0.008450641,0.007434996,0.13935304,0.142097044,-0.090229782,0,9.683020679,0.031872045,0.149941221,0.149132711,0.031700185,0.34769898,0.99460782,
Pete Alonso BAL,R,-0.009298009,-0.022999232,0.138176748,0.142561785,-0.087455525,0,9.682985535,0.03150032,0.149570071,0.147705353,0.0311076,0.344771406,0.987532814,
Jose Ramirez CLE,B,0.03343721,-0.002627687,0.139221959,0.14379321,0.004295738,0,9.683014939,0.031467854,0.149537611,0.148989284,0.031352467,0.347803972,0.996333181,
Brendan Donovan SEA,L,0.005030532,-0.008626624,0.139802376,0.147485289,0.011666482,0,9.68300702,0.030807598,0.148878111,0.149199748,0.030874155,0.349016391,1.002160404,
Drake Baldwin ATL,L,0.001282906,-0.03693352,0.135463846,0.143177377,-0.001587539,-0.020429141,9.682996749,0.030749617,0.148818855,0.149822365,0.030956966,0.35053891,1.006743167,
Ivan Herrera SLN,R,0.012405672,-0.038461538,0.132957711,0.144618891,-0.085624209,0.000641667,9.682997021,0.029879771,0.147950536,0.148288169,0.029947959,0.34790313,1.002282065,
William Contreras MIL,R,-0.00557752,-0.012973438,0.130190437,0.143893604,0.051657007,0.003660517,9.683006431,0.029404578,0.147474047,0.147108876,0.029331768,0.345661958,0.997523831,
Elly De La Cruz CIN,B,0.047021494,0.010847983,0.129058342,0.143633572,0.048265097,0,9.683003413,0.029203362,0.147274438,0.148159147,0.029378793,0.34835213,1.006007214,
Christian Yelich MIL,L,0.021450372,-0.031268012,0.126570916,0.141215696,-0.104808925,0,9.683011021,0.029131063,0.147198936,0.146331178,0.028959331,0.344138228,0.994104865,
Spencer Horwitz PIT,L,-0.001467004,0.009118813,0.120979612,0.136650983,-0.085211726,0,9.683027149,0.028772779,0.146842173,0.146306179,0.028667755,0.344473022,0.996349869,
Max Muncy LAN,L,-0.001928705,-0.025996264,0.116827522,0.133219178,0.013589664,0,9.683011986,0.028502291,0.146571276,0.14999889,0.029168826,0.353477285,1.023385307,
Kevin McGonigle DET,L,0.01478033,0,0.13242636,0.151085871,0.04826635,0,9.683002083,0.028487031,0.146556511,0.149547622,0.02906843,0.352428953,1.020409268,
Mookie Betts LAN,R,0.005678617,-0.013551003,0.127166026,0.145550576,0.049998933,0,9.682998742,0.028395261,0.146465032,0.146100327,0.028324555,0.344407269,0.997509953,
Munetaka Murakami CHA,L,0.005192199,0,0.117778406,0.14025815,-0.0809544,0,9.682982857,0.027290981,0.145361966,0.147624277,0.027715718,0.349248153,1.015563289,
Brandon Nimmo TEX,L,0.008725441,0.002730834,0.122357683,0.147133501,-0.05666801,0,9.683020536,0.027027211,0.145097663,0.145329212,0.027070341,0.344116271,1.001595815,
Lars Nootbaar SLN,L,0.009620593,-0.012419178,0.117103818,0.141210199,-0.045672807,0,9.683009039,0.026953273,0.145023714,0.145201838,0.026986378,0.343898871,1.001228237,
Kerry Carpenter DET,L,0.002519306,-0.015004748,0.118280795,0.143840993,-0.089994936,0,9.683006605,0.02672468,0.144796105,0.141727322,0.026158282,0.335919427,0.978806173,
Isaac Paredes HOU,R,-0.002298357,-0.005594796,0.117888748,0.143552465,-0.045372946,0,9.68300858,0.026689201,0.144759938,0.143258498,0.026412383,0.339588893,0.98962807,
Cody Bellinger NYA,L,0.013276193,0.004173765,0.115811329,0.142994037,-0.038259157,0,9.682989504,0.026322418,0.144392146,0.144532767,0.026348053,0.343025742,1.000973883,
Wilyer Abreu BOS,L,0.007341317,0.010582524,0.110958084,0.13708982,-0.050900599,0,9.683019958,0.026305142,0.144375905,0.144856057,0.026392625,0.343811627,1.003325708,
Matt Wallner MIN,L,0.005430183,-0.013728382,0.106770099,0.1325811,-0.052941403,0,9.682991088,0.026173754,0.144243254,0.140341051,0.025465677,0.333243126,0.972947064,
Wyatt Langford TEX,R,0.022129004,0.000837189,0.115526258,0.144443234,-0.023913707,0,9.683019508,0.025993604,0.144061882,0.140365097,0.02532658,0.333499646,0.974338913,
George Springer TOR,R,0.01150934,-0.015861514,0.116812401,0.147396661,-0.100198728,0,9.682995064,0.02575604,0.143827195,0.141067526,0.025261849,0.335428103,0.980812606,
Joc Pederson TEX,L,-0.00112901,-0.007438017,0.110574143,0.139997246,-0.114992427,0,9.683003911,0.025670825,0.14373872,0.141026702,0.025186476,0.335431476,0.981132309,
Alejandro Kirk TOR,R,-0.018611292,-0.013049394,0.104446473,0.135962968,0.074977181,0.099039454,9.683005589,0.024967516,0.143037995,0.14245311,0.024865423,0.339614608,0.995910982,
Triston Casas BOS,L,-0.002884615,-0.002642276,0.103881766,0.135933048,-0.093333333,0,9.683007122,0.024838692,0.142901241,0.142136114,0.024705699,0.339020034,0.99464576,
Francisco Lindor NYN,B,0.022592038,0.011648785,0.114180223,0.150160531,0.046297089,0,9.682996831,0.024713145,0.142782168,0.141373781,0.024469377,0.337333432,0.99013611,
Michael Harris II ATL,L,0.022055327,0.030772748,0.099897119,0.13175583,0.016665524,0,9.682983673,0.024642921,0.142711249,0.145624513,0.025145974,0.347559028,1.020413698,
Jesse Winker NA,L,-0.006884211,-0.033115727,0.10348538,0.137777778,-0.090409357,0,9.683039583,0.024412268,0.142478472,0.142428826,0.024403762,0.340199417,0.999651552,
Bo Bichette NYN,R,0.002988114,0.030858949,0.108252143,0.14444661,0.004255651,0,9.683013066,0.024356213,0.142426085,0.139197538,0.023804101,0.332538113,0.977331773,
Oneil Cruz PIT,L,0.040579693,-0.002364009,0.109129865,0.146577788,0.014936317,0,9.683015346,0.02419686,0.14226476,0.141696078,0.024100136,0.338692693,0.99600265,
Jacob Wilson OAK,R,0.006678945,-0.001009981,0.099453422,0.135622624,0.04886288,0,9.683012394,0.023833851,0.141903959,0.137913365,0.0231636,0.330051783,0.971878207,
Brent Rooker OAK,R,0.003743059,-0.017746479,0.104050082,0.141992379,-0.108942842,0,9.683015746,0.023816332,0.14188623,0.138977785,0.023328135,0.332619145,0.979501575,
Kyle Manzardo CLE,L,0.002988816,0.002044764,0.101169816,0.139735184,-0.101171102,0,9.682992133,0.023531151,0.141602516,0.135417453,0.022503333,0.324409887,0.95632095,
Geraldo Perdomo ARI,B,0.0255258,-0.00427825,0.103919007,0.145242761,0.05,0,9.682988934,0.023253457,0.141323333,0.141712536,0.023317496,0.339814274,1.002753987,
Colt Keith DET,L,0.011540128,0.009452578,0.096492676,0.134877244,-0.045772643,0,9.68299116,0.023250984,0.141320447,0.139678345,0.022980815,0.334941326,0.988380295,
Alex Bregman CHN,R,-0.007082399,-0.004405466,0.10264124,0.145961656,0.016667347,0,9.683003453,0.022855036,0.14092463,0.139725934,0.022660633,0.33550771,0.991494063,
Jazz Chisholm Jr. NYA,L,0.033781634,-0.006801797,0.095031505,0.135533519,0.015116207,0,9.68300074,0.022787717,0.140857814,0.137841174,0.022299691,0.331056855,0.978583795,
Addison Barger TOR,L,0.004479329,-0.006686639,0.096752546,0.138478131,-0.025676453,0,9.68298112,0.022708143,0.140776984,0.136718213,0.022053439,0.328452197,0.971168786,
Steven Kwan CLE,L,0.024294392,0.018017139,0.104924612,0.150688795,-0.041579347,0,9.682990602,0.022630922,0.140701023,0.138490326,0.022275344,0.332795641,0.984287982,
Ian Happ CHN,B,0.005141388,-0.0189262,0.099980958,0.144187375,-0.050707417,0,9.682994703,0.022535639,0.140604704,0.142473031,0.022835088,0.342480129,1.013287796,
Wander Franco TBA,B,0.02423445,0.007416268,0.090191388,0.131818182,0.050023923,0,9.682685047,0.022236458,0.140319719,0.140000593,0.022185886,0.33686413,0.997725719,
Byron Buxton MIN,R,0.034395533,-0.011588442,0.099818205,0.148526165,-0.003333333,0,9.683002648,0.0218414,0.139910549,0.137904859,0.021528293,0.332295097,0.985664486,
Ryan O'Hearn PIT,L,-0.000429441,-0.009401604,0.092717211,0.139059214,-0.068377421,0,9.682996854,0.021669553,0.13974107,0.141998247,0.022019572,0.342357042,1.016152567,
Manny Machado SDN,R,2.54E-05,-0.015298287,0.094845256,0.143003551,-0.002173516,0,9.683020217,0.021555525,0.139625471,0.136594382,0.021087583,0.329462092,0.978291288,
Masataka Yoshida BOS,L,-0.003932656,-0.028225806,0.08980305,0.13611817,-0.11133418,0,9.683129419,0.021441568,0.139510507,0.138865472,0.021342432,0.335070584,0.995376437,
CJ Abrams WAS,L,0.04140933,-0.032189764,0.098324573,0.150098555,0.042595269,0,9.682985261,0.021290656,0.139360254,0.142234863,0.021729822,0.34338185,1.020627181,
JJ Wetherholt SLN,L,0.017780269,0,0.098804185,0.151096163,0.018750623,0,9.682998622,0.021252997,0.139320736,0.143166554,0.021839666,0.345680867,1.027604058,
Luis Garcia Jr. WAS,L,0.007847392,0.013930214,0.091394442,0.14052901,-0.031690639,0,9.682991637,0.0211366,0.139206132,0.135523953,0.02057751,0.327356735,0.973548733,
Jackson Chourio MIL,R,0.029623381,0.013682908,0.095580712,0.147120932,-0.048565364,0,9.682997325,0.021114444,0.139185566,0.136887175,0.020765778,0.330672867,0.983486853,
Luis Arraez SFN,L,0.006285804,-0.038340622,0.095194628,0.149302277,-0.008427237,0,9.683003062,0.020721984,0.138791387,0.138635378,0.020698691,0.335358613,0.998875941,
Jorge Polanco NYN,B,0.003553667,0.037414755,0.088645014,0.139089064,-0.086792692,0,9.682988187,0.020712719,0.138781441,0.136711985,0.020403859,0.33071781,0.985088376,
Jac Caglianone KCA,L,0.00586401,-0.002661533,0.085929419,0.135609979,-0.058588378,0,9.683013661,0.020594548,0.138664121,0.139321436,0.020692173,0.33716976,1.004740344,
Seiya Suzuki CHN,R,0.003273162,-0.022006561,0.088418878,0.141822532,-0.063633101,0,9.683020927,0.020262061,0.138333231,0.13787214,0.020194523,0.334049824,0.996666808,
Daylen Lile WAS,L,0.017384027,-0.003653104,0.084277857,0.135401722,-0.063005739,0,9.683032466,0.020229869,0.138300095,0.135176499,0.019772964,0.327556966,0.977414364,
Jesus Sanchez TOR,L,0.007480494,-0.006408564,0.084480068,0.136246276,-0.052224429,0,9.683004313,0.02015152,0.13822149,0.13719241,0.020001488,0.332535649,0.992554843,
Jung Hoo Lee SFN,L,0.014650206,0.017938553,0.084931009,0.138029533,-0.038505205,0,9.683023171,0.019997141,0.138067763,0.13714831,0.019863972,0.332606183,0.99334057,
Jarren Duran BOS,L,0.039457547,-0.003142227,0.08890484,0.146031583,-0.070156891,0,9.683022695,0.019787213,0.137855479,0.134322707,0.019280133,0.326000969,0.974373366,
Austin Riley ATL,R,0.001231045,-0.025536212,0.085928228,0.141574833,0.013889988,0,9.682994593,0.019726485,0.137795647,0.133229517,0.019072809,0.323416652,0.966863035,
Kyle Stowers MIA,L,0.006331996,-0.007822035,0.083953161,0.14113629,-0.049233438,0,9.683011035,0.019332383,0.137401486,0.13394139,0.018845548,0.325599809,0.974817623,
Brandon Lowe PIT,L,0.004746522,-0.028879206,0.08560481,0.146191936,0.013248055,0,9.683006693,0.019031145,0.137099726,0.138732553,0.019257801,0.337609531,1.011909779,
Dominic Canzone SEA,L,0.000707179,-0.013275769,0.07696311,0.132006735,-0.097780499,0,9.682955193,0.018948672,0.137019853,0.137391762,0.019000104,0.334439302,1.002714272,
Marcell Ozuna PIT,R,-0.011877293,0,0.079848197,0.137912713,-0.116659077,0,9.683008116,0.018816555,0.136885072,0.133308884,0.018324963,0.324659574,0.973874517,
Pete Crow-Armstrong CHN,L,0.032686176,0.071969862,0.077385892,0.134854772,0.016667395,0,9.682990223,0.018650642,0.136720499,0.134334963,0.018325221,0.327350864,0.982551728,
Will Smith LAN,R,-0.003417611,0.012114227,0.077469174,0.137613651,0.077829119,-0.055719588,9.68302223,0.018296575,0.136365376,0.13530143,0.018153822,0.330129023,0.99219783,
Gabriel Moreno ARI,R,0.002994878,0.021946986,0.076272974,0.13739078,0.074270865,0.028310725,9.683011474,0.018042513,0.136111748,0.13439237,0.017814598,0.328209973,0.98736789,
Mike Trout LAA,R,0.001204233,-0.025171625,0.079819794,0.143935927,-0.07083238,0,9.682995315,0.018022433,0.136090197,0.141793335,0.0187777,0.346312189,1.041907044,
Francisco Alvarez NYN,R,-0.002618192,-0.052681591,0.07103032,0.129170858,0.061682713,0.024990339,9.682991544,0.017871743,0.135941665,0.132749392,0.017452066,0.324394176,0.976517335,
Shea Langeliers OAK,R,0.003294812,-0.019542793,0.078657487,0.143656258,0.059639784,-0.058350071,9.683011911,0.017795962,0.135864574,0.137655799,0.018030582,0.336479385,1.013183896,
Brandon Marsh PHI,L,0.018115277,0.000663096,0.072290232,0.133231319,-0.034978322,0,9.683028395,0.017634948,0.135704177,0.137510796,0.017869721,0.336322612,1.013312922,
Nathan Lukes TOR,L,0.004972788,-0.003144527,0.07202177,0.135779077,-0.042066116,0,9.683048255,0.017238156,0.135304812,0.133594332,0.017020237,0.327217459,0.987358321,
Brett Baty NYN,L,0.003811946,0.005409738,0.069248656,0.131666909,-0.053766894,0,9.68300591,0.017093653,0.13516362,0.129918052,0.016430265,0.318377209,0.961190975,
Lawrence Butler OAK,L,0.022648342,-0.0008726,0.071324171,0.136158377,-0.029365183,0,9.682979319,0.01702466,0.135093375,0.132985545,0.016759029,0.325977237,0.984397232,
Sal Stewart CIN,R,0.009797874,0.003912964,0.070804013,0.136442581,-0.079630184,0,9.682970011,0.016866321,0.134934135,0.135603114,0.016949941,0.332587773,1.004957812,
Evan Carter TEX,L,0.02033515,-0.002520436,0.069046322,0.133583106,-0.000980926,0,9.682976863,0.016798372,0.134867596,0.132440341,0.016496047,0.324909336,0.982002684,
Trevor Larnach MIN,L,0.000159567,-0.017058201,0.072332657,0.141298174,-0.074048682,0,9.683022013,0.016636949,0.134706726,0.13436656,0.016594937,0.329829993,0.997474764,
Jeff McNeil OAK,L,-0.003824173,-0.011559806,0.068613896,0.134082268,0.010241963,0,9.683004002,0.016631002,0.134698549,0.133883814,0.016530408,0.328654012,0.993951417,
Jordan Westburg BAL,R,0.006996525,-0.012568761,0.070796193,0.140323312,0.004166793,0,9.682989244,0.016397566,0.134466341,0.133297899,0.01625508,0.327495294,0.991310528,
Willson Contreras BOS,R,-0.006786783,0.003817715,0.070742813,0.140861194,-0.08792767,0,9.683042409,0.016322883,0.134392138,0.135384576,0.016443422,0.332710943,1.00738465,
Trea Turner PHI,R,0.043650502,-0.012906361,0.074500486,0.149735393,0.04999892,0,9.683016563,0.016170639,0.134241152,0.131658622,0.015859548,0.323734827,0.980762007,
Jurickson Profar ATL,B,0.002505643,-0.034650113,0.072009029,0.145823928,-0.050011287,0,9.682641887,0.016044276,0.134113048,0.134511578,0.016091953,0.330921451,1.002971595,
Jackson Holliday BAL,L,0.013830592,-0.012385388,0.068519866,0.141333139,0.017707757,0,9.683017252,0.01575731,0.13382669,0.130460124,0.015360917,0.321281233,0.974843837,
Trent Grisham NYA,L,0.006557377,-0.01318927,0.070305514,0.146547442,0.016665425,0,9.682991292,0.015592035,0.133660177,0.134384335,0.015676511,0.331148463,1.005417905,
Josh Bell MIN,B,-0.016375144,-0.013635595,0.068891446,0.143664493,-0.091469122,0,9.683024517,0.015585565,0.133654611,0.130815513,0.015254496,0.322361762,0.978757953,
Chase DeLauter CLE,L,0.005769784,0,0.063129496,0.133033573,-0.00252518,0,9.68302782,0.015422959,0.133492816,0.144802405,0.016729601,0.357042288,1.084720582,
Adley Rutschman BAL,B,-0.001442863,-0.002718741,0.066963095,0.141651845,0.044324144,0.019999999,9.683013706,0.015364363,0.133435819,0.13447033,0.015483481,0.331635345,1.007752869,
Dylan Beavers BAL,L,0.012009846,-0.001493804,0.064029876,0.1361908,-0.047657444,0,9.683011554,0.015280792,0.133350436,0.130700747,0.014977161,0.322441168,0.980129881,
Mike Yastrzemski ATL,L,0.00714078,-0.007609347,0.063656195,0.137958115,-0.050002909,0,9.683025872,0.014996094,0.133066784,0.129975847,0.014647758,0.320992523,0.976771537,
Nathaniel Lowe CIN,L,-0.007109742,0.003973988,0.063585681,0.13814554,-0.089589202,0,9.682964774,0.014959413,0.133026251,0.135310147,0.015216247,0.334219276,1.017168757,
Mark Vientos NYN,R,-0.001195166,0.027407676,0.061877052,0.13619815,-0.101317517,0,9.6829408,0.014765372,0.132834939,0.129922634,0.014441652,0.321138462,0.978075764,
Luke Keaschall MIN,R,0.022530104,-0.000304498,0.064525952,0.143141869,0.011666436,0,9.682979972,0.014650131,0.132718499,0.127015359,0.01402059,0.314090945,0.957028297,
Carlos Correa HOU,R,-0.006278233,0.033792504,0.063378009,0.14106478,0.019959047,0,9.682980241,0.014601918,0.132669589,0.132696642,0.014604895,0.328200912,1.000203917,
Carter Jensen KCA,L,0.007244356,0.008305248,0.057171315,0.129515272,0.02125498,0.004339759,9.682974574,0.014347487,0.13241431,0.130903925,0.014183833,0.324077753,0.988593493,
Sal Frelick MIL,L,0.018767058,0.008935564,0.060472291,0.137474783,-0.041782366,0,9.682972984,0.014296522,0.132366263,0.132991656,0.014364068,0.329304553,1.004724713,
Zach Neto LAA,R,0.026213621,-0.013121019,0.06455659,0.146790789,0.05000196,0,9.682993578,0.014293536,0.132362744,0.128025366,0.013825153,0.317011938,0.967231132,
JJ Bleday CIN,L,0.003051488,0.013572666,0.058415997,0.13309715,-0.04722091,0,9.682976288,0.014264979,0.13233363,0.134601121,0.014509404,0.333333336,1.017134658,
Brice Turang MIL,L,0.029035162,-0.002859822,0.063019222,0.143844351,0.017742147,0,9.682999287,0.014239044,0.132308074,0.135799876,0.014614833,0.336333082,1.026391449,
Kyle Teel CHA,L,0.005537393,-0.030906815,0.063097671,0.145075603,0.035680425,0.005570662,9.682988897,0.014135336,0.13220445,0.131347426,0.014043702,0.325433591,0.993517437,
Jose Altuve HOU,R,0.003017776,-0.023483651,0.064626065,0.149079626,-0.005056274,0,9.683020553,0.0140892,0.132159634,0.130563172,0.013919006,0.323543863,0.987920192,
Moises Ballesteros CHN,L,0.003203615,0.000498753,0.054703062,0.126484692,-0.096717079,0.000612245,9.682910974,0.014055199,0.132126453,0.136155162,0.014483761,0.337442626,1.030491318,
TJ Friedl CIN,L,0.01923645,-0.006453812,0.064458584,0.149437564,-0.002808772,0,9.683012295,0.014018768,0.132087284,0.129232822,0.013715816,0.320335509,0.978389575,
Pavin Smith ARI,L,-0.00311731,0.004444444,0.057253219,0.13683834,-0.096148784,0,9.683036936,0.013598192,0.131666653,0.130947009,0.013523869,0.325102337,0.994534343,
Gleyber Torres DET,R,-0.0039863,-0.027152507,0.060993245,0.145847208,0.016667301,0,9.682978673,0.013591866,0.131661527,0.130258583,0.013447035,0.323398849,0.989344317,
J.P. Crawford SEA,L,0.003509456,-0.049231678,0.05465721,0.134172577,0.049998818,0,9.683017529,0.01323936,0.131308455,0.132853878,0.01339518,0.330286052,1.011769406,
Matt Chapman SFN,R,0.008071531,0.005960897,0.056709585,0.139637577,0.016666667,0,9.683019697,0.01319922,0.131268527,0.128890798,0.012960136,0.32048089,0.981886529,
Daniel Vogelbach NA,L,-0.011538462,0,0.052884615,0.133653846,-0.116682692,0,9.680766161,0.012875287,0.130859739,0.132073684,0.012994727,0.328963644,1.009276689,
Bryan Reynolds PIT,B,0.005823133,-0.020875566,0.056364749,0.144563443,-0.053623011,0,9.683001886,0.012672056,0.130742776,0.130867487,0.012684143,0.326049712,1.000953868,
Randy Arozarena SEA,R,0.009405426,-0.044994691,0.054419132,0.139644579,-0.051376312,0,9.682964555,0.012665601,0.130737075,0.131218199,0.012712212,0.326930721,1.003680084,
Jake Cronenworth SDN,L,0.007051048,-0.019989253,0.051853842,0.135217625,0.010740462,0,9.682984829,0.012463272,0.130532433,0.129101151,0.012326613,0.321911126,0.989035044,
Khalil Lee NA,L,0.009473684,-0.068421053,0.052631579,0.131578947,0.016842105,0,9.677419355,0.012820513,0.130769231,0.131157488,0.012858577,0.326397212,1.002969023,
Jasson Dominguez NYA,B,0.024042793,-0.013795045,0.050957207,0.133502252,-0.044881757,0,9.683042107,0.012403169,0.130473118,0.130758939,0.01243034,0.326115844,1.00219065,
Kazuma Okamoto TOR,R,0.002061287,0,0.049261464,0.129420194,-0.011666667,0,9.682970673,0.012370345,0.13043808,0.131087819,0.012431964,0.326983699,1.004981203,
Jared Young NYN,L,0.004512195,-0.01300813,0.05,0.131300813,-0.05,0,9.682692618,0.01237912,0.130433659,0.131833492,0.012511975,0.328838671,1.010732144,
Owen Caissie MIA,L,0.00947171,0,0.045373554,0.122710222,-0.055557987,0,9.68303791,0.012017472,0.130089233,0.124652763,0.011515258,0.311349157,0.958209686,
Anthony Santander TOR,B,-0.003141537,-0.015824916,0.051154977,0.140739185,-0.095829483,0,9.683074084,0.011812661,0.129881086,0.128601795,0.01169631,0.321474074,0.990150287,
Agustin Ramirez MIA,R,0.008889388,-0.098442093,0.050929257,0.141351918,-0.014734712,0.016979412,9.682986402,0.011709835,0.12977998,0.125405101,0.011315097,0.313604598,0.966290031,
Taylor Ward BAL,R,-0.002437093,-0.011639098,0.051869674,0.145162907,-0.050001003,0,9.682984662,0.011613185,0.129682067,0.130798517,0.011713165,0.327216,1.008609131,
Will Wagner SDN,L,0.003581749,-0.026369427,0.045247148,0.131026616,-0.036676806,0,9.682787367,0.011220447,0.12928972,0.128299738,0.011134531,0.321464526,0.992342916,
Giancarlo Stanton NYA,R,-0.015085916,-0.020833333,0.045434636,0.136809299,-0.11553403,0,9.682898096,0.010793684,0.128863858,0.125629325,0.010522758,0.315289359,0.974899613,
Eugenio Suarez CIN,R,-0.008700828,0.001283784,0.044855072,0.13747412,-0.083708075,0,9.683015253,0.010604451,0.128675331,0.125321893,0.010328086,0.314748765,0.973938766,
Samuel Basallo BAL,L,0.00471173,0.005397044,0.04119896,0.126395473,-0.032995871,-0.02515926,9.683028609,0.010593539,0.128659989,0.128544739,0.01058405,0.322865527,0.999104229,
Yainer Diaz HOU,R,-0.001233036,-0.010263856,0.043080849,0.13249043,0.067091985,-0.035020203,9.682987749,0.010568131,0.128638684,0.124496478,0.010227834,0.312721243,0.967799691,
Bryson Stott PHI,L,0.02640493,0.009273432,0.042123049,0.131269258,0.01741477,0,9.682994079,0.010428742,0.128498931,0.126758687,0.010287507,0.31857929,0.986457132,
Jake Fraley TBA,L,0.01120937,-0.014433962,0.041830161,0.132166911,-0.054600293,0,9.68297786,0.010286221,0.128356337,0.126004953,0.010097786,0.316863987,0.981680811,
Royce Lewis MIN,R,0.00788471,-0.006665827,0.041973943,0.13399705,0.013373894,0,9.683006929,0.010180805,0.128248334,0.125106432,0.00993139,0.314738704,0.975501418,
Chase Meidroth CHA,R,0.013078091,0.014403974,0.045929912,0.148275386,0.020463576,0,9.682991682,0.010067392,0.128139247,0.125161547,0.009833446,0.315010628,0.976761997,
Garrett Mitchell MIL,L,0.017929901,-0.017086528,0.039399155,0.127382256,0.009647942,0,9.683002199,0.010052437,0.12812266,0.126380083,0.009915715,0.318098931,0.986399153,
Andrew Benintendi CHA,L,0.001156027,-0.048712206,0.041767316,0.136122751,-0.057997289,0,9.683028899,0.009972263,0.128041624,0.12512597,0.009745183,0.315042949,0.977228861,
Alec Bohm PHI,R,-0.006675342,-0.022032364,0.042525744,0.139029082,0.012069707,0,9.68300698,0.009940994,0.128010801,0.123996924,0.009629287,0.312239563,0.968644234,
Daulton Varsho TOR,L,0.01303897,-0.026798384,0.043215806,0.143488702,0.016667394,0,9.682982836,0.009788685,0.127858667,0.126185188,0.009660565,0.317941433,0.986911494,
Josh Lowe LAA,L,0.027162112,-0.022242916,0.040633115,0.135328305,-0.048119204,0,9.683031587,0.009758425,0.12782765,0.124225211,0.009483413,0.313042985,0.971817997,
Alan Roden MIN,L,0.00872449,-0.004477612,0.038945578,0.130340136,-0.055792517,0,9.683013349,0.009711761,0.127779629,0.127379309,0.009681335,0.321051021,0.996867109,
Victor Caratini MIN,B,-0.011883478,-0.023548387,0.039252174,0.134782609,-0.001026087,-4.90E-05,9.68301033,0.009465033,0.127536814,0.124107229,0.00921051,0.313105624,0.973109057,
C.J. Kayfus CLE,L,0.008958059,0.000820419,0.037747296,0.12993933,-0.067546821,0,9.682964543,0.009441942,0.127515705,0.126578312,0.009372533,0.319362913,0.9926488,
Xander Bogaerts SDN,R,0.017441176,-0.019705882,0.041776018,0.144830317,0.049997738,0,9.682992368,0.009374559,0.12744374,0.127629331,0.009388211,0.322111395,1.001456257,
Nathan Furman SFN,L,0.009724771,0,0.037614679,0.132110092,0.016697248,0,9.682971014,0.009255806,0.127323772,0.127596289,0.009275617,0.322308378,1.002140346,
Jeremy Pena HOU,R,0.019708067,-0.01235816,0.040860326,0.142087889,0.05,0,9.683004258,0.00934641,0.127416507,0.125591614,0.009212548,0.317002829,0.98567773,
Willy Adames SFN,R,0.008073012,-0.004909461,0.040728188,0.142548659,0.049999032,0,9.682985055,0.009286111,0.127353962,0.12409498,0.00904848,0.31330401,0.974410043,
Cole Young SEA,L,0.009364559,-0.006714707,0.035063872,0.122846381,0.017857845,0,9.682958671,0.009276386,0.127343421,0.128260191,0.009343169,0.323834685,1.007199194,
Nico Hoerner CHN,R,0.028343683,0.027731419,0.038375703,0.134698234,0.017368523,0,9.683014538,0.009259148,0.127329091,0.128690909,0.009358177,0.324938528,1.010695266,
Ryan Jeffers MIN,R,-0.002186923,-0.024248185,0.036435539,0.131571316,0.035751384,-0.010169551,9.683018228,0.009000181,0.127067316,0.129030492,0.009139233,0.326139149,1.015449889,
Gavin Sheets SDN,L,-0.003610728,0.005933961,0.036395538,0.133036721,-0.089525003,0,9.682965874,0.008891012,0.126960222,0.126105633,0.008831165,0.318883001,0.993268839,
Michael Brantley NA,L,-0.004736842,-0.031578947,0.036842105,0.131578947,-0.049473684,0,9.691358025,0.009210526,0.126315789,0.127112924,0.009268651,0.322947227,1.006310652,
Luke Raley SEA,L,0.007035421,-0.009934475,0.035613331,0.133414762,-0.068839644,0,9.682978185,0.008675551,0.126745508,0.126994409,0.008692588,0.321404933,1.001963785,
Austin Dean NA,R,0.0025,-0.03125,0.0375,0.13125,-0.050625,0,9.662162162,0.009090909,0.127272727,0.128773091,0.009198078,0.32454535,1.011788574,
Heliot Ramos SFN,R,0.003573971,-0.03111382,0.036864588,0.138672932,-0.05439271,0,9.682999583,0.008639499,0.126709315,0.125864623,0.008581905,0.318591893,0.993333623,
Caleb Durbin BOS,R,0.022432749,-0.007420403,0.034996751,0.131682911,0.016666667,0,9.683000106,0.008637135,0.126705769,0.122567938,0.008355072,0.310253983,0.967342992,
Austin Wells NYA,L,0.005159042,-0.002161884,0.033075656,0.125687492,0.080347231,0.085509655,9.683015895,0.008552712,0.126622736,0.126391796,0.008537113,0.320038234,0.998176157,
Bryan Torres SLN,L,0.012452999,0,0.034288272,0.131781558,-0.016669651,0,9.682930748,0.00845632,0.126535686,0.128359563,0.008578208,0.325125752,1.014413933,
LaMonte Wade Jr. CHA,L,-0.004009217,-0.008525346,0.035253456,0.137096774,-0.083248848,0,9.68240065,0.008356104,0.126433868,0.124548673,0.008231511,0.315619715,0.985089483,
Carlos Cortes OAK,L,0.002414356,-0.006606852,0.033890701,0.131566069,-0.050008157,0,9.683029989,0.008371769,0.126442931,0.13127898,0.008691963,0.332649113,1.038246892,
Alejandro Osuna TEX,L,0.01354021,0.000786713,0.033216783,0.132255245,-0.049991259,0,9.68309897,0.008163517,0.126233746,0.124342858,0.008041233,0.315331736,0.985020745,
Maikel Garcia KCA,R,0.028450844,0.023038729,0.036206554,0.146077458,0.017368421,0,9.683014546,0.008055494,0.126126144,0.125158946,0.00799372,0.317551044,0.992331507,
Mike Tauchman NYN,L,-0.003831494,-0.004524362,0.034954865,0.142778335,-0.058891675,0,9.683101627,0.00795803,0.126026872,0.126141415,0.007965262,0.320177739,1.00090888,
Xavier Edwards MIA,B,0.034472385,0.010517855,0.036031691,0.147720749,0.016666667,0,9.68299731,0.007927602,0.125997837,0.129724849,0.0081621,0.329307034,1.029579967,
George Valera CLE,L,0.005294666,0,0.03535994,0.14688549,-0.075645282,0,9.683031145,0.007823856,0.125891448,0.123906023,0.007700466,0.314672799,0.984229076,
Enmanuel Valdez PIT,L,0.003710359,-0.02653277,0.031712474,0.133298097,0.016659619,0,9.682968889,0.007729809,0.125815523,0.124258671,0.00763416,0.315653144,0.987625917,
Jo Adell LAA,R,0.005408924,-0.015472127,0.031399317,0.134154974,-0.038373151,0,9.683022498,0.007606955,0.125677058,0.122368069,0.007406669,0.311038133,0.973670705,
John Morgan TBA,L,0.009369369,0,0.030501931,0.131788932,-0.083346203,0,9.682517695,0.007521417,0.125579104,0.124067426,0.007430877,0.315492931,0.987962344,
Ozzie Albies ATL,B,0.013982513,-0.026709691,0.030987821,0.135567815,0.016667014,0,9.683016118,0.00742875,0.125497709,0.127429701,0.007543113,0.32414037,1.015394642,
Rowdy Tellez NA,L,-0.008757318,-0.007052365,0.030415114,0.13432677,-0.095683874,0,9.683088533,0.007359368,0.125431187,0.122522155,0.007188688,0.311742331,0.976807745,
Miguel Andujar SDN,R,-0.003174077,0.002948403,0.028953771,0.130546339,-0.098721522,0,9.683133423,0.007208824,0.125276036,0.124927415,0.007188763,0.318063417,0.997217181,
Josh Smith TEX,L,0.009739916,-0.01025888,0.028898254,0.133931367,0.013379892,0,9.682987075,0.007012451,0.125084596,0.125003354,0.007007896,0.318503998,0.999350502,
Bryce Eldridge SFN,L,0.004262806,0.003320158,0.027216036,0.126146993,-0.110412769,0,9.682926242,0.007011631,0.125080916,0.123702285,0.006934349,0.315195228,0.988978087,
Gavin Lux TBA,L,0.008479093,-0.01702651,0.030937415,0.143427166,0.017178191,0,9.683007842,0.007010122,0.125079899,0.123092189,0.006898721,0.313642261,0.984108479,
Jakob Marsee MIA,L,0.040779415,-0.001761455,0.031188119,0.149078978,0.012601888,0,9.682997194,0.006799162,0.124869667,0.121493497,0.00661533,0.309835027,0.972962449,
Max Kepler NA,L,-0.000662571,-0.006055287,0.027687582,0.13334796,-0.050004388,0,9.683108749,0.006748495,0.124820419,0.124011798,0.006704776,0.316322413,0.993521721,
Jake Burger TEX,R,0.002185462,0.013931738,0.028127594,0.136855212,-0.084115973,0,9.683045279,0.006679888,0.12474945,0.120884967,0.006472959,0.30843681,0.969022045,
Colton Cowser BAL,L,0.014314897,-0.027428025,0.027332457,0.133412973,0.016667065,0,9.68297219,0.006658257,0.124728829,0.121298347,0.006475132,0.309516456,0.972496484,
Isaac Collins KCA,B,0.016286021,-0.003579739,0.02616789,0.128995883,-0.05000179,0,9.682982992,0.006593073,0.124664098,0.123880546,0.006551634,0.316188093,0.9937147,
Hendry Mendez MIN,L,0.007894737,0,0.026315789,0.131578947,-0.050526316,0,9.690265487,0.006410256,0.124358974,0.123522503,0.006367139,0.315951436,0.993273736,
John Ingle CLE,L,0.005362319,0,0.026086957,0.131884058,0.083236715,0,9.683172074,0.006440212,0.124510768,0.129673917,0.006707272,0.331183537,1.041467489,
Justin Crawford PHI,L,0.026101128,0,0.024014487,0.12220365,0.015686029,0,9.682971205,0.006386857,0.124458497,0.123797631,0.006352943,0.316245793,0.994690071,
Maxwell Clark DET,L,0.01,0,0.025,0.131818182,0.016818182,0,9.6882494,0.006117342,0.124571328,0.121580564,0.005970474,0.310293092,0.975991558,
Jake Bauers MIL,L,0.007044199,-0.006361227,0.025690608,0.132683011,-0.069259323,0,9.68305918,0.00629297,0.124362273,0.127193119,0.006436216,0.325048369,1.022762902,
Edgar Quero CHA,B,3.86E-05,-0.020352626,0.02420776,0.126433761,-0.036119957,-0.11761923,9.683042254,0.006222698,0.124295021,0.11900792,0.005958005,0.304215768,0.957463288,
Liam Hicks MIA,L,0.002142377,-0.013501445,0.025430938,0.132863219,-0.023664652,0.007942197,9.682976955,0.00622065,0.124287062,0.130250704,0.006519135,0.332970337,1.047982806,
Dalton Rushing LAN,L,0.004050179,0.010185185,0.023894863,0.128733572,0.062840502,-0.029030613,9.683038476,0.006032973,0.1241058,0.129141037,0.006277744,0.33037749,1.040572133,
Edouard Julien COL,L,0.003307899,-0.011120183,0.02323459,0.126944943,-0.002778276,0,9.682986273,0.005948306,0.124018159,0.124505763,0.005971693,0.318634875,1.003931714,
Miguel Vargas CHA,R,0.007777778,-0.022609909,0.023871847,0.137764145,0.008914792,0,9.682990186,0.005631783,0.123703027,0.125778849,0.005726288,0.322315412,1.016780691,
Mickey Moniak COL,L,0.0083,0.00653753,0.023818182,0.138181818,-0.078981818,0,9.683044685,0.005601968,0.123673983,0.125543886,0.005686668,0.321751299,1.015119618,
Teoscar Hernandez LAN,R,0.000212873,-0.032764334,0.0228537,0.13419018,-0.049998996,0,9.682968216,0.005535028,0.123604279,0.121701832,0.005449836,0.311995871,0.984608569,
Jose Fermin SLN,R,0.016184067,-0.013423063,0.022517279,0.132557294,-0.006944343,0,9.682991442,0.005520906,0.123591594,0.123223936,0.005504483,0.315919405,0.997025219,
Tyler Austin CHN,R,-0.003324387,0,0.02220092,0.13178681,-0.105080521,0,9.683147585,0.00547528,0.123538956,0.123175071,0.005459152,0.315861878,0.997054493,
Lourdes Gurriel Jr. ARI,R,0.000332068,-0.017431193,0.022960152,0.138630614,-0.075256167,0,9.683071308,0.005382528,0.123453398,0.120851582,0.00526909,0.310010773,0.978924714,
Bo Naylor CLE,L,0.006451496,-0.017072876,0.02054778,0.126906371,0.083333736,0.004969843,9.682983825,0.005262321,0.123329282,0.120328861,0.005134297,0.308833191,0.975671463,
Andy Pages LAN,R,0.010044698,0.001497374,0.020806794,0.128774165,0.013565762,0,9.682991912,0.005251397,0.123320401,0.124461118,0.005299973,0.319450846,1.009250026,
Robert Schreck TOR,L,0.007105788,0,0.021157685,0.131736527,-0.04998004,0,9.68376686,0.005221282,0.123291204,0.120269092,0.005093298,0.308735128,0.975488014,
Abimelec Ortiz WAS,L,0.005563798,0,0.020722057,0.13177547,-0.088456973,0,9.682834904,0.005111232,0.123181901,0.122494384,0.005082704,0.314584351,0.994418685,
Jake McCarthy COL,L,0.032553664,-0.011787565,0.022557365,0.143893412,-0.036669134,0,9.683047963,0.005094911,0.12316393,0.121745416,0.005036231,0.312683771,0.988482713,
Matt Shaw CHN,R,0.0204705,-0.005372405,0.018869803,0.124769729,-0.058329599,0,9.682973038,0.004914834,0.122987565,0.121905997,0.004871612,0.313326122,0.991205868,
Seth Brown NYA,L,-0.002780612,-0.018112245,0.019897959,0.134183673,-0.05,0,9.682304325,0.004822596,0.122914365,0.119918082,0.004705035,0.308294918,0.975623004,
Marcelo Mayer BOS,L,0.008781391,-0.016411196,0.018303284,0.126867354,0.012643271,0,9.682953151,0.004688841,0.122755253,0.120179219,0.004590445,0.309194437,0.979014879,
Michael Conforto CHN,L,-0.003810044,-0.028875546,0.018558952,0.133242358,-0.050005459,0,9.683365201,0.004527575,0.122590765,0.123040646,0.004544191,0.316781266,1.003669777,
Emmanuel Rodriguez MIN,L,0.011379658,0,0.017824773,0.131822759,-0.02143001,0,9.682872311,0.004396302,0.122450684,0.123047137,0.004417717,0.316982526,1.004870964,
Kody Clemens MIN,L,0.00797123,-0.016874181,0.01780754,0.133159722,-0.046974206,0,9.683073892,0.004346123,0.122417803,0.11987935,0.004256001,0.308857915,0.979264025,
Alex Verdugo SDN,L,-0.000996732,-0.016666667,0.018464052,0.137826797,-0.04998366,0,9.683177412,0.004354068,0.122414813,0.122230479,0.004347512,0.314922071,0.998494187,
Jahmai Jones DET,R,0.012036097,-0.00880829,0.018443316,0.140778342,-0.109266779,0,9.683221563,0.004258097,0.122338896,0.121397763,0.00422534,0.312870482,0.992307172,
Nolan Gorman SLN,L,-0.000375131,0.006327562,0.017424331,0.133235947,-0.037282926,0,9.682983113,0.004250178,0.122320171,0.121782253,0.004231487,0.313893519,0.995602382,
Carson Benge NYN,L,0.013925268,0,0.015926748,0.122216056,-0.039744728,0,9.682985309,0.004235661,0.122307794,0.121629161,0.004212159,0.313512746,0.994451428,
Davis Schneider TOR,R,0.006049923,-0.010889841,0.017100942,0.135449967,-0.023915043,0,9.683050384,0.004103225,0.12217207,0.121290388,0.004073613,0.312822039,0.992783276,
Otto Lopez MIA,R,0.015487851,-0.01476772,0.01689538,0.13503714,0.050001259,0,9.682984753,0.004066472,0.12213659,0.123742198,0.00411993,0.31919266,1.013145999,
Rob Refsnyder SEA,R,0.000164136,-0.010031348,0.017480509,0.139803037,-0.092991383,0,9.682883656,0.004063999,0.122129855,0.11993584,0.003990991,0.309386323,0.982035395,
Jorge Soler LAA,R,-0.010405978,-0.024009434,0.01637609,0.133835616,-0.081481943,0,9.68299232,0.003976709,0.122044136,0.121612378,0.00396264,0.313823837,0.996462278,
Jason Martin NA,L,0.004210526,-0.031578947,0.015789474,0.131578947,-0.050526316,0,9.705882353,0.003846154,0.121794872,0.121364109,0.003832551,0.31376833,0.996463215,
Tyler Freeman COL,R,0.019287919,-0.001989211,0.016887125,0.140608466,-0.053397266,0,9.682991673,0.003903055,0.121973006,0.120669737,0.003861351,0.311484872,0.989315107,
Phillip Glasser WAS,L,0.014210526,0,0.015789474,0.131578947,-0.050526316,0,9.678899083,0.003846154,0.121794872,0.117173224,0.003700207,0.302787206,0.962053843,
Nolan Jones CLE,L,0.00806369,-0.01511713,0.014897511,0.133382138,-0.042152269,0,9.683039769,0.003630017,0.121699208,0.12225229,0.003646514,0.315934319,1.004544662,
Chanteyon Davidson SFN,L,0.011212121,0,0.015151515,0.13030303,-0.049393939,0,9.672131148,0.003773688,0.121512764,0.12142832,0.003771066,0.314273447,0.99930506,
Luke Voit NA,R,-0.01125,-0.01875,0.0125,0.13125,-0.085,0,9.583333333,0.003030303,0.121212121,0.117901973,0.002947549,0.305891953,0.972691278,
Ben McLaughlin ARI,L,0.006315789,0,0.015789474,0.131578947,-0.084210526,0,9.705882353,0.003846154,0.121794872,0.123196296,0.003890409,0.318010541,1.01150643,
Jack Suwinski LAN,L,0.011978923,-0.033372365,0.014285714,0.133138173,0.016674473,0,9.682980628,0.003488409,0.121551021,0.122197767,0.00350697,0.316001475,1.005320779,
Spencer Torkelson DET,R,0.001402715,-0.003643681,0.014654463,0.137093789,-0.08516557,0,9.682938677,0.003474176,0.121542511,0.122113146,0.003490487,0.315789686,1.004694942,
Jonathon Long CHN,R,0.004832962,0,0.013363029,0.131848552,-0.083407572,0,9.682847896,0.003293207,0.121354686,0.119400444,0.003240175,0.309055647,0.983896442,
Jonathan India KCA,R,0.00400634,-0.024847805,0.013533285,0.138868569,-0.015258474,0,9.683030659,0.003167346,0.121238005,0.120117214,0.003138065,0.311031821,0.990755449,
Ramon Laureano SDN,R,0.003808739,-0.008219178,0.012352295,0.133896675,-0.050002748,0,9.683055319,0.002998237,0.121066758,0.118950325,0.002945824,0.308237657,0.982518462,
Salvador Perez KCA,R,-0.020818472,0.020065654,0.012431708,0.139696938,0.004066591,-0.069360861,9.682990165,0.002892255,0.120961502,0.117329976,0.002805424,0.30417826,0.969977838,
Yoan Moncada LAA,B,-9.10E-05,-0.022861533,0.012278501,0.139642465,0.005737808,0,9.683017697,0.002857717,0.120929244,0.118790539,0.002807177,0.308004685,0.982314416,
Tyler O'Neill BAL,R,0.002787361,-0.014989032,0.012123166,0.138626471,-0.071468644,0,9.683051088,0.00284235,0.120909492,0.121283507,0.002851143,0.314498854,1.003093347,
Baek-ho Kang NA,L,0.007894737,0,0.010526316,0.131578947,-0.026842105,0,9.669421488,0.002564103,0.120512821,#N/A,#N/A,#N/A,#N/A,
Masyn Winn SLN,R,0.018660169,0.029799173,0.012029927,0.138816696,0.050000984,0,9.682989275,0.002816488,0.120885421,0.119196902,0.002777148,0.309118096,0.98603207,
Romy Gonzalez BOS,R,0.010068429,-0.009455677,0.011726283,0.136391913,-0.006864697,0,9.683035113,0.002794124,0.120866232,0.119183154,0.002755215,0.309105875,0.986074868,
Lazaro Montes SEA,L,0.007368421,0,0.010526316,0.131578947,-0.117894737,0,9.677419355,0.002564103,0.120512821,0.119871615,0.00255046,0.311744447,0.994679358,
Brandon Belt NA,L,-0.0075,0,0.01,0.13,-0.115,0,9.722222222,0.0025,0.12125,0.121665968,0.002508577,0.314406938,1.003430668,
Luis Campusano SDN,R,-0.000533109,-0.027417078,0.010549944,0.12791807,0.036717172,-0.070590405,9.683040022,0.002680545,0.120745742,0.123117421,0.002733197,0.319481348,1.019641933,
Colson Montgomery CHA,L,0.004928685,-0.004211003,0.01130858,0.14208739,0.05,0,9.683004336,0.002586755,0.12065829,0.121245084,0.002599336,0.314737247,1.004863279,
Adrian Del Castillo ARI,L,0.002056213,-0.025486381,0.010465976,0.132433432,-0.078942308,0.003960784,9.683053447,0.002568477,0.120636744,0.116604194,0.00248262,0.302721898,0.966572788,
Andrew Vaughn MIL,R,-0.009669247,-0.006544687,0.010286183,0.135749472,-0.083328642,0,9.68293543,0.002462571,0.120531185,0.118854952,0.002428324,0.308703301,0.986092951,
Ronny Mauricio NYN,B,0.013088235,-0.022803618,0.009640523,0.12998366,-0.023688725,0,9.68315288,0.002410602,0.120479028,0.118095774,0.002362917,0.306803496,0.980218521,
Yonathan Perlaza NA,B,0.01,0,0.011764706,0.135294118,-0.050588235,0,9.679144385,0.002857143,0.12,0.122017634,0.002905182,0.318174199,1.016813616,
Tirso Ornelas SDN,L,0.00576087,-0.004710145,0.009057971,0.132246377,-0.05,0,9.684650824,0.002225134,0.12024626,0.118562804,0.002193982,0.308362605,0.985999933,
Christian Walker HOU,R,-0.005144823,0.020087631,0.008833648,0.137631783,-0.083725447,0,9.683055239,0.002085955,0.120157308,0.123850126,0.002150063,0.322198952,1.030733199,
Colt Emerson SEA,L,0.008057716,0,0.008063856,0.131764224,0.018794515,0,9.683019243,0.001988902,0.120061018,0.11696018,0.001937534,0.304402702,0.974172815,
Will Benson CIN,L,0.007745572,-0.012859443,0.007177364,0.130733839,-0.041396365,0,9.68293817,0.001784197,0.119855701,0.117822601,0.001753932,0.30691893,0.983037106,
Andres Gimenez TOR,L,0.019001203,-0.00975732,0.007059767,0.129983955,0.049998997,0,9.682999621,0.001765173,0.119833651,0.119559774,0.001761138,0.311477495,0.997714524,
Marcus Semien NYN,R,0.010670386,0.022977086,0.007350337,0.140417995,0.015217853,0,9.683001118,0.001701291,0.119770885,0.116715578,0.001657892,0.3041521,0.974490411,
Ryan Waldschmidt ARI,R,0.013118762,0,0.006037924,0.131736527,-0.046072854,0,9.682861576,0.001489447,0.119561973,0.117352195,0.001461919,0.306090228,0.981517723,
Graham Pauley MIA,L,0.005869468,0.009966216,0.005587841,0.127693339,-0.022358069,0,9.682975937,0.001422133,0.119493289,0.114687625,0.001364939,0.29923058,0.95978298,
Sam Antonacci CHA,L,0.018398329,0,0.005710306,0.131754875,0.016657382,0,9.682638943,0.001408754,0.119469228,0.126840141,0.00149567,0.330979845,1.061697167,
Ronald Guzman NA,L,0.010526316,0.010526316,0.005263158,0.131578947,-0.084210526,0,9.655172414,0.001282051,0.119230769,0.118825922,0.001277698,0.310659563,0.996604505,
Christopher Morel MIA,R,0.013169601,0.041387407,0.005653383,0.132845227,-0.086481928,0,9.68301817,0.00138311,0.11945079,0.118932629,0.00137711,0.310364815,0.995662139,
Richie Palacios TBA,L,0.016720399,-0.008001172,0.00542204,0.136166471,-0.041995897,0,9.682963539,0.001294067,0.119361973,0.11938215,0.001294286,0.311659672,1.000169033,
Paul Goldschmidt NYA,R,-0.004400789,-0.008922198,0.005392076,0.140687161,-0.093636364,0,9.682986127,0.001245592,0.119314773,0.118739298,0.001239584,0.310043363,0.995176837,
Rhys Hoskins CLE,R,-0.007422487,-0.012369942,0.004957411,0.135945486,-0.087226576,0,9.682858342,0.001185216,0.119254706,0.118978881,0.001182475,0.310749598,0.99768709,
Michael Stefanic OAK,R,0.004252577,-0.017525773,0.004639175,0.130154639,0.016649485,0,9.682138517,0.001158889,0.11923677,0.117403036,0.001141066,0.306654325,0.984621072,
Alex Call LAN,R,0.006421569,-0.020187166,0.004099822,0.135338681,-0.020004456,0,9.683109857,0.000984411,0.119049486,0.119078596,0.000984651,0.3112991,1.000244519,
Cedric Mullins TBA,L,0.021826384,-0.009063568,0.003855092,0.134094327,0.012745044,0,9.68303312,0.000934367,0.119002601,0.116546226,0.000915081,0.304737235,0.979358642,
Ryan Clifford NYN,L,0.006510067,0,0.003691275,0.131711409,-0.083322148,0,9.683859696,0.000910481,0.118983267,0.114806942,0.000878523,0.300221848,0.964899895,
Walker Jenkins MIN,L,0.011022222,0,0.0035,0.131722222,0,0,9.682924928,0.000863448,0.118922854,0.118811612,0.00086264,0.310773028,0.999064591,
Spencer Steer CIN,R,0.008202342,-0.001761759,0.00328771,0.137265416,-0.069390433,0,9.682946305,0.000778424,0.118848322,0.119285639,0.000781288,0.312112244,1.00367962,
Justyn-Henry Malloy TBA,R,0.00601574,-0.006813489,0.003246434,0.139695032,-0.069060502,0,9.683215076,0.00075529,0.118820845,0.116009291,0.000737418,0.30357371,0.976337869,
Hunter Goodman COL,R,0.002304019,-0.04048184,0.003156917,0.141398063,0.028819472,0.004680657,9.682980748,0.000725611,0.118795959,0.116821045,0.000713548,0.30573245,0.983375576,
Ty France SDN,R,-0.007294177,-0.000992991,0.002560241,0.134889558,-0.088072289,0,9.682857588,0.000616924,0.118679325,0.120654159,0.00062719,0.315934121,1.016640079,
Johnathan Rodriguez CLE,R,0.004118804,-0.007015986,0.002242329,0.132651456,-0.057682927,0,9.683046709,0.000549324,0.118625067,0.115921314,0.000536804,0.303603736,0.977207577,
Tyler Black MIL,L,0.017161716,0.005830583,0.001980198,0.133663366,-0.083311331,0,9.683212713,0.000481302,0.118533881,0.117897776,0.000478719,0.308925226,0.994633558,
Sean Murphy ATL,R,-0.003406612,0.000964985,0.001419422,0.131833131,0.008786567,0.021679558,9.683030901,0.000349949,0.11841937,0.116900302,0.00034546,0.306449818,0.987172128,
Luis Matos SFN,R,0.010522925,0.010231148,0.001061008,0.132284956,-0.042588102,0,9.683130288,0.000260646,0.118333397,0.115833575,0.00025514,0.30376833,0.978874757,
Starling Marte KCA,R,0.009828479,-0.018661417,0.001100324,0.137184466,-0.08931068,0,9.683152837,0.000260707,0.118330113,0.116782668,0.000257297,0.306264796,0.986922645,
Nathan Church SLN,L,0.012163019,0.017443704,0.000570885,0.12841738,-0.024360926,0,9.682910244,0.000144495,0.11821265,0.118893291,0.000145327,0.311965943,1.005757763,
Sterlin Thompson COL,L,0.008343816,0,0.000524109,0.131761006,-0.05,0,9.683055213,0.000129268,0.118202651,0.120174176,0.000131424,0.315339321,1.016679201,
Noelvi Marte CIN,R,0.014642762,0.000571049,0.000132802,0.128579017,-0.049997344,0,9.683063308,3.36E-05,0.118104104,0.1152949,3.28E-05,0.302667394,0.976214171,
J.C. Escarra NYA,L,0.003655148,-0.022018349,-7.13E-05,0.130459565,0.053209833,0.100139834,9.682966189,-1.77E-05,0.118050588,0.117774616,-1.77E-05,0.309253353,0.997662263,
Adolis Garcia PHI,R,0.010208799,-0.01265225,-0.000323142,0.135321899,-0.05,0,9.682940323,-7.76E-05,0.117993959,0.116337694,-7.65E-05,0.305554907,0.98596314,
Wade Meckler LAA,L,0.01,-0.015789474,0,0.136842105,0.016842105,0,9.689655172,0,0.117721519,0.119943685,0,0.315735551,1.018876461,
Austin Martin MIN,R,0.020226188,-0.005457564,-0.000456526,0.134239469,-0.028669849,0,9.683047463,-0.000110531,0.117956764,0.119247025,-0.00011174,0.313251402,1.010938424,
Brooks Lee MIN,B,0.001416667,-0.018658854,-0.000651042,0.126835938,0.049216146,0,9.682963145,-0.000166822,0.11789971,0.115796777,-0.000163846,0.304265373,0.982163371,
Gabriel Gonzalez MIN,R,0.007177322,0,-0.0013269,0.13172497,-0.05,0,9.68258228,-0.000327242,0.117747547,0.11363313,-0.000315807,0.298771125,0.965057302,
Sam Hilliard NA,L,0.011100478,-0.00430622,-0.001913876,0.131100478,-0.050095694,0,9.681768626,-0.000474039,0.117680092,0.116451421,-0.000469089,0.306220095,0.989559236,
Danny Jansen TEX,R,-0.000600962,-0.025850592,-0.001960059,0.125517751,0.083337648,-0.056260628,9.683034497,-0.000507497,0.117562154,0.115287261,-0.000497677,0.303380577,0.980649445,
Dylan Crews WAS,R,0.021642327,-0.007840555,-0.002418003,0.138209241,-0.026469955,0,9.683028272,-0.000568591,0.117501356,0.112674292,-0.000545233,0.296588876,0.958919077,
Victor Reyes NA,B,0.002352941,-0.023529412,0,0.135294118,-0.050588235,0,9.642857143,0,0.117142857,0.117879216,0,0.311216082,1.006285994,
Brooks Baldwin CHA,B,0.011864096,-0.01302112,-0.002277319,0.12661157,-0.005555556,0,9.68295503,-0.000584592,0.117484081,0.116605385,-0.000580219,0.306958869,0.992520723,
Oswaldo Cabrera NYA,B,0.006696517,-0.016583748,-0.002421227,0.126202322,-0.029625207,0,9.682915188,-0.000623599,0.117450207,0.112576157,-0.000597721,0.296397308,0.958501142,
Drew Gilbert SFN,L,0.008506224,0.004208654,-0.002489627,0.12797866,-0.044860699,0,9.682714949,-0.000632372,0.117440586,0.11747231,-0.000632543,0.30930353,1.000270131,
Ernie Clement TOR,R,0.011717883,-0.012779207,-0.002924056,0.127061053,0.017390009,0,9.682994908,-0.00074797,0.117320531,0.116677926,-0.000743873,0.307378112,0.994522657,
Nolan Arenado ARI,R,-0.00356283,0.005523504,-0.003780359,0.135195354,0.015135164,0,9.683016359,-0.000908799,0.117161484,0.115557924,-0.000896361,0.304644548,0.986313256,
Xavier Isaac TBA,L,0.00969697,0,-0.003030303,0.13030303,-0.082424242,0,9.677419355,-0.00075682,0.117307102,0.117496678,-0.000758043,0.309357136,1.00161607,
Rhylan Thomas SEA,L,0.013204868,-0.006693712,-0.003651116,0.130628803,-0.049979716,0,9.682501896,-0.000908423,0.117136153,0.114590631,-0.000888682,0.302144155,0.978268692,
Mickey Gasper BOS,B,0.004203233,-0.013394919,-0.00369515,0.130946882,0.083394919,-0.041069766,9.682672048,-0.000916454,0.117134225,0.116804902,-0.000913877,0.307986652,0.997188493,
Nick Gonzales PIT,R,0.006471176,-0.016677774,-0.003832056,0.133055648,0.031111296,0,9.682989933,-0.000935979,0.117135764,0.116366714,-0.000929834,0.306811331,0.993434544,
Joshua Palacios NA,L,0.005142857,-0.013015873,-0.004126984,0.135238095,-0.050063492,0,9.684873543,-0.000991474,0.117070257,0.116510949,-0.000986738,0.307295835,0.995222463,
LuJames Groover ARI,R,0.006046512,0,-0.004651163,0.13255814,0.016744186,0,9.686098655,-0.001144892,0.117065234,0.116509497,-0.001139457,0.307142961,0.995252751,
Randal Grichuk NYA,R,0.000855476,-0.013558156,-0.006092029,0.136422553,-0.053720026,0,9.682832014,-0.001450988,0.116619294,0.112675007,-0.001401913,0.297773189,0.966178091,
Trenton Brooks NA,L,0.00133758,0,-0.005732484,0.126751592,-0.116751592,0,9.67032967,-0.001466892,0.116536433,0.114869156,-0.001445905,0.303672325,0.985693083,
Kristian Campbell BOS,R,0.008458093,0.018367347,-0.006333973,0.131989763,-0.037178503,0,9.68276735,-0.001559798,0.116512184,0.113411052,-0.001518282,0.299859588,0.973383631,
Spencer Packard SEA,L,0.00275,0,-0.0075,0.1325,-0.04975,0,9.689440994,-0.001855052,0.11624992,0.117354098,-0.001872672,0.310966868,1.009498307,
Jake Cave NA,L,0.008854626,-0.016079295,-0.006387665,0.13061674,-0.050044053,0,9.681528971,-0.001588615,0.116516666,0.116622733,-0.001590061,0.308319414,1.00091032,
Josue BriceÃ±o DET,L,0.004444444,0,-0.006837607,0.131623932,-0.083504274,0,9.674502712,-0.001683431,0.11636715,0.116486051,-0.001685151,0.308294687,1.001021777,
Carson Kelly CHN,R,-0.007019749,0.023231939,-0.006355476,0.126050269,0.072258528,-0.023049429,9.683036038,-0.001638635,0.116431054,0.118760734,-0.001671423,0.31412506,1.020009092,
Chandler Simpson TBA,L,0.050618252,0.012550668,-0.006892472,0.13076468,-0.043844106,0,9.683040428,-0.001713165,0.116355516,0.115945498,-0.001707128,0.306787109,0.996476162,
Griffin Conine MIA,L,0.001023274,-0.006189606,-0.00796307,0.135910752,-0.076416619,0,9.682964838,-0.001904109,0.11616446,0.118634359,-0.001944595,0.314173921,1.021262092,
Konnor Griffin PIT,R,0.02063083,0,-0.008173913,0.131778656,0.050001581,0,9.683000231,-0.002015968,0.116052679,0.116013768,-0.002015292,0.307390901,0.999664712,
Jake Meyers HOU,R,0.016963408,0.003495358,-0.007891862,0.126051338,0.016667122,0,9.683024489,-0.002034818,0.116033917,0.11507856,-0.002018065,0.304941443,0.991766571,
Guillermo Heredia NA,R,-0.005,0,-0.00625,0.13125,-0.050625,0,9.652173913,-0.001515152,0.116666667,0.115068575,-0.001494397,0.30325534,0.986302075,
Brayan Rocchio CLE,B,0.008861469,0.012170499,-0.007992148,0.123527762,0.033795569,0,9.682980079,-0.002102761,0.115969123,0.116730003,-0.002116558,0.309405798,1.006561061,
Dominic Smith ATL,L,-0.006046951,-0.019444444,-0.008310847,0.128305451,-0.113729088,0,9.685714286,-0.002105003,0.115966508,0.118428986,-0.002149701,0.313912134,1.021234393,
Ryan McMahon NYA,L,0.002214774,0.009753762,-0.008891929,0.133570451,0.016666211,0,9.682998893,-0.002163601,0.115905759,0.115474967,-0.002155559,0.306171794,0.996283261,
Coby Mayo BAL,R,0.008747408,-0.053712153,-0.008751555,0.124180838,0.011903774,0,9.683065924,-0.002290229,0.115781383,0.114480558,-0.002264498,0.303705045,0.988764813,
Victor Mesa Jr. TBA,L,0.008593272,-0.028593272,-0.009480122,0.128593272,0.016666667,0,9.682864698,-0.002396251,0.115677066,0.114570106,-0.00237332,0.304082994,0.990430602,
Will Brennan SFN,L,0.005855088,-0.0176878,-0.009962706,0.134203516,-0.043329782,0,9.683345636,-0.002412509,0.115658503,0.115890084,-0.002417339,0.307616703,1.002002277,
Yanquiel Fernandez NYA,L,0.000207254,0,-0.00984456,0.130051813,-0.116683938,0,9.72972973,-0.002460336,0.115635781,0.114269591,-0.002431268,0.303321534,0.988185406,
Michael Massey KCA,L,0.005002342,-0.011493976,-0.010796253,0.134028103,0.009259953,0,9.682978442,-0.00261778,0.11545488,0.113313236,-0.002569221,0.301061866,0.981450377,
Dansby Swanson CHN,R,0.019090264,0.016117921,-0.010900618,0.131232904,0.050002026,0,9.683009359,-0.002699504,0.115368659,0.116712429,-0.002730946,0.310217695,1.011647616,
Ben Gamel ATL,L,-0.000127898,-0.026458833,-0.011111111,0.131814548,-0.05,0,9.68245614,-0.002740074,0.115339373,0.112004224,-0.002660842,0.297743106,0.971084039,
Yohel Pozo SLN,R,0.000766215,-0.014307811,-0.011154669,0.128902352,0.007181041,0.015917197,9.683094885,-0.002812302,0.115259461,0.113653481,-0.002773117,0.302240195,0.986066389,
Troy Johnston COL,L,0.010493506,0.003328786,-0.011263282,0.126658796,-0.087839433,0,9.683257702,-0.002890104,0.115173996,0.115077389,-0.00288768,0.306149989,0.99916121,
Endy Rodriguez PIT,B,0.005983532,-0.001107011,-0.011802379,0.131198536,-0.011665142,0.013754716,9.682869263,-0.002923294,0.115141535,0.110565293,-0.002807109,0.294184837,0.960255506,
Wenceel Perez DET,B,0.016746392,-0.002338322,-0.012292892,0.134994655,-0.040223143,0,9.682976673,-0.002959692,0.115112726,0.114523037,-0.002944531,0.304756781,0.994877291,
Raffaele Velazquez CLE,L,0.006842105,0,-0.010526316,0.131578947,-0.084210526,0,9.651162791,-0.002564103,0.115384615,0.115988522,-0.002577523,0.307916198,1.005233856,
Cam Smith HOU,R,0.011379198,-0.002526899,-0.012210629,0.131561787,-0.044026736,0,9.683069174,-0.003016507,0.11505417,0.115871626,-0.003037939,0.308430932,1.007104968,
James Outman MIN,L,0.014626866,0.012268657,-0.012537313,0.129492537,-0.030244776,0,9.682983896,-0.00314669,0.114929119,0.111617452,-0.003056019,0.297275885,0.971185135,
Ha-seong Kim ATL,R,0.019080852,-0.030372539,-0.013274768,0.131690255,0.049998373,0,9.682991687,-0.003275978,0.114791719,0.115685394,-0.003301482,0.308312729,1.007785184,
Josh Jung TEX,R,-0.000715736,-0.003248731,-0.013324873,0.131408629,0.016666244,0,9.68299322,-0.003295547,0.114776066,0.117811645,-0.003382707,0.313998606,1.026447841,
Andres Chaparro WAS,R,0.002001706,0.002008561,-0.014188229,0.138783054,-0.085126528,0,9.683278042,-0.003322513,0.114749868,0.113875015,-0.003297182,0.303541024,0.992375999,
Austin Shenton NA,L,0.002226148,0.006713781,-0.013780919,0.133215548,-0.083392226,0,9.680608365,-0.003363614,0.11470786,0.114705887,-0.003363556,0.305820739,0.999982797,
Luis Urias NA,R,0.00342259,-0.01630964,-0.01338851,0.127702045,0.016665044,0,9.683034164,-0.003407676,0.114658991,0.113780061,-0.003381554,0.303419144,0.992334403,
Wilmer Flores NA,R,-0.013795938,-0.002312139,-0.01450677,0.137137331,-0.100004836,0,9.682539091,-0.00343823,0.114630592,0.114098445,-0.003422269,0.30430972,0.995357719,
Taylor Trammell HOU,L,0.007562189,0.003150912,-0.013930348,0.131840796,-0.049983416,0,9.683479879,-0.003432042,0.114646547,0.115614802,-0.003461028,0.308307019,1.008445561,
TJ Rumfield COL,L,0.004920783,0,-0.014352283,0.131733458,-0.087758621,0,9.682602134,-0.003540628,0.114530108,0.117906133,-0.003644995,0.314616461,1.029477177,
Parker Meadows DET,L,0.019511828,-0.004520115,-0.015142384,0.135904776,0.016667169,0,9.682983678,-0.003621131,0.114449373,0.111531274,-0.003528804,0.29771461,0.974503149,
Blake Burke MIL,L,0.008947368,0,-0.015789474,0.131578947,-0.084210526,0,9.625,-0.003846154,0.114102564,0.114022826,-0.003843466,0.305164592,0.999301168,
Bob Seymour NA,L,0.004476744,0.003488372,-0.015116279,0.129069767,-0.083372093,0,9.678832117,-0.003810609,0.114318277,0.112069449,-0.003735648,0.299295229,0.980328361,
Gustavo Campero LAA,B,0.018072727,-0.008545455,-0.015090909,0.128363636,-0.049963636,0,9.683345185,-0.003818781,0.114287385,0.113605388,-0.003795993,0.303457281,0.99403261,
Sung-Mun Song SDN,L,0.010592674,0,-0.01579238,0.131787226,0.011240567,0,9.683059317,-0.003894735,0.114172917,0.112006219,-0.003820823,0.299368875,0.98102266,
Ramon Urias SLN,R,0.00190445,-0.019742583,-0.015772251,0.130497382,0.016668848,0,9.683023688,-0.003928268,0.114142549,0.113730735,-0.003914096,0.304020155,0.996392103,
Estevan Florial NA,L,0.016816817,0.005105105,-0.015915916,0.131831832,-0.04996997,0,9.682329583,-0.003920608,0.114141478,0.11420047,-0.003922634,0.305254684,1.000516832,
Javier Sanoja MIA,R,0.014716186,-0.015147584,-0.015439507,0.127148881,0.018965294,0,9.682895937,-0.003946643,0.114120989,0.11339681,-0.003921598,0.303158955,0.993654288,
Jon Adams MIL,R,0.012941176,0,-0.017647059,0.135294118,-0.084705882,0,9.62962963,-0.004285714,0.114285714,0.113454025,-0.004254526,0.302766531,0.992722718,
MJ Melendez NYN,L,0.007465224,-0.021638331,-0.016769706,0.132998454,-0.049992272,0,9.682379438,-0.004098914,0.113957367,0.115077866,-0.004139217,0.307902004,1.009832616,
Nick Loftin KCA,R,0.00853908,-0.006720234,-0.016654492,0.131482834,-0.016669102,0,9.683056175,-0.004115982,0.113947718,0.114590658,-0.004139206,0.306607296,1.005642405,
Brendan Jones MIA,L,0.023157895,0,-0.015789474,0.131578947,-0.050526316,0,9.710982659,-0.003846154,0.114102564,0.112572793,-0.003794589,0.300758935,0.986593017,
Tyler Locklear ARI,R,0.010583227,0.003669113,-0.01694338,0.131630481,-0.095440613,0,9.68349614,-0.004183687,0.113884576,0.112960164,-0.004149727,0.302333845,0.991882907,
Carlos Mendoza TOR,L,0.010867347,0,-0.017346939,0.131632653,0.016632653,0,9.682926829,-0.004288808,0.113779563,0.111117786,-0.004188475,0.297604029,0.976605845,
James Tibbs LAN,L,0.007894737,0,-0.015789474,0.131578947,-0.084210526,0,9.74025974,-0.003846154,0.114102564,0.116895264,-0.00394029,0.312182226,1.024475348,
Willie Calhoun NA,L,-0.003582474,0,-0.018298969,0.137113402,-0.116752577,0,9.672131148,-0.004333652,0.113773618,0.113961575,-0.004340811,0.305136261,1.001652024,
Christian Encarnacion-Strand CIN,R,0.005149457,0,-0.018070652,0.135054348,-0.11673913,0,9.682926829,-0.004350487,0.113734162,0.111199336,-0.004253527,0.297813247,0.97771271,
HÃ©ctor RodrÃ­guez CIN,L,0.008854167,0,-0.017708333,0.131666667,-0.049958333,0,9.684298247,-0.004371175,0.113650558,0.113109192,-0.004350354,0.303089346,0.995236573,
Joey Gallo NA,L,0.002895753,-0.004247104,-0.018146718,0.132818533,-0.083397683,0,9.6875,-0.004442302,0.113704032,0.114584659,-0.004476707,0.306887548,1.007744904,
Jorbit Vivas NYA,L,0.010800971,-0.009951456,-0.01723301,0.125242718,0.016650485,0,9.683520781,-0.004471018,0.113601642,0.112844229,-0.004441209,0.302386376,0.993332729,
Jared Thomas COL,L,0.013684211,0,-0.021052632,0.131578947,-0.050526316,0,9.655172414,-0.005128205,0.114102564,0.114208819,-0.005132981,0.304697477,1.000931222,
Ceddanne Rafaela BOS,R,0.020330919,0.051342618,-0.01783844,0.127465181,0.016667409,0,9.682985483,-0.004548359,0.113521467,0.111391794,-0.004463031,0.298641349,0.981239914,
Ryan Mountcastle BAL,R,0.00219111,0.01194605,-0.019460973,0.138361918,-0.098487924,0,9.683352623,-0.004570921,0.113500233,0.113392506,-0.004566582,0.304033157,0.999050864,
J.T. Realmuto PHI,R,0.003508541,0.017961237,-0.018367645,0.130310994,0.080579647,-0.053850372,9.682991013,-0.004581256,0.113486221,0.112514253,-0.004542019,0.301702704,0.991435363,
Justin Turner NA,R,-0.01870084,0.005040092,-0.019222271,0.135925762,-0.103835616,0,9.680968097,-0.004595719,0.113477284,0.113514715,-0.004597235,0.304398375,1.000329858,
Joey Ortiz MIL,R,0.016534716,-0.006336158,-0.017592007,0.124383458,0.050001265,0,9.682978123,-0.004596868,0.113474244,0.110597805,-0.004480343,0.296578556,0.974651177,
Jace Jung DET,L,0.006142626,0.007536467,-0.01904376,0.13363047,-0.003330632,0,9.682829094,-0.004632719,0.113432616,0.112381334,-0.004589783,0.301431231,0.990732096,
Keibert Ruiz WAS,B,-0.004972366,-0.017996546,-0.01880829,0.131416235,0.083333333,-0.078730567,9.683063692,-0.004651277,0.113415981,0.111558527,-0.004575101,0.299239648,0.983622644,
Mel Rojas NA,B,-0.004705882,0,-0.017647059,0.135294118,-0.027058824,0,9.668874172,-0.004285714,0.112857143,0.112909407,-0.004287699,0.304291852,1.000463099,
Miguel Amaya CHN,R,0.000456767,-0.022802906,-0.018270661,0.125217761,0.057102188,-0.0226,9.682967741,-0.004742187,0.113327233,0.111881495,-0.00468169,0.300231396,0.987242803,
Harry Ford WAS,R,0.011336761,0.000713558,-0.01966581,0.133965296,0.009720437,-0.003441624,9.683090641,-0.004771457,0.11329872,0.108715016,-0.004578419,0.291772137,0.959543193,
Miles Mastrobuoni SEA,L,0.01375,-0.016326531,-0.019005102,0.129336735,0.016670918,0,9.683343164,-0.004775943,0.113308443,0.112858891,-0.004756994,0.302862606,0.996032499,
Gary Sanchez MIL,R,-0.006348338,-0.031820697,-0.019730753,0.133740008,0.035279764,-0.041640885,9.683156185,-0.004794629,0.113271826,0.115301347,-0.004880535,0.3094896,1.017917261,
Noah Mendlinger SLN,L,0.00628866,0,-0.019587629,0.131958763,-0.050103093,0,9.679767103,-0.004825652,0.113275821,0.112125838,-0.004776661,0.30093951,0.989847941,
Josiah Town NA,L,0.010526316,0,-0.021052632,0.131578947,-0.050526316,0,9.710144928,-0.005128205,0.112820513,0.112941208,-0.005133691,0.304051927,1.0010698,
Socrates Brito NA,L,-0.000526316,0,-0.021052632,0.131578947,-0.026842105,0,9.693251534,-0.005128205,0.112820513,#N/A,#N/A,#N/A,#N/A,
Jordan Walker SLN,R,0.009988194,-0.011730165,-0.020267611,0.129752066,-0.052594779,0,9.682952881,-0.005076772,0.112993496,0.117852727,-0.005295096,0.316755258,1.043004521,
Dillon Dingler DET,R,0.003758459,0.013846955,-0.020058997,0.127225403,0.083326393,0.041399304,9.68298768,-0.005123867,0.112946699,0.115546324,-0.0052418,0.310624603,1.023016385,
Joey Bart PIT,R,-0.001758499,-0.031864009,-0.020046893,0.126518171,0.083341149,-0.017419203,9.683051167,-0.005149286,0.112916925,0.109583984,-0.004997296,0.294639684,0.970483246,
Nick Martini NA,L,-0.003100775,0,-0.020930233,0.131007752,-0.116744186,0,9.692307692,-0.005177933,0.112763883,0.112196606,-0.005151885,0.301999064,0.99496934,
Andrew McCutchen TEX,R,-0.011873504,-0.035767196,-0.023111111,0.14365812,-0.095234188,0,9.683655536,-0.005228339,0.112842416,0.109854087,-0.005089881,0.295471378,0.973517682,
Heston Kjerstad BAL,L,0.00380742,-0.008922261,-0.021024735,0.130742049,-0.050008834,0,9.683485256,-0.005226068,0.112843547,0.112084842,-0.005190931,0.301467362,0.993276494,
Alek Thomas ARI,L,0.020095779,0.017222419,-0.020095779,0.124636396,-0.018421426,0,9.683047384,-0.005240089,0.112830725,0.110443992,-0.005129244,0.297071189,0.978846783,
Nelson Quiroz LAN,L,0.006078431,0,-0.021568627,0.132352941,0.083431373,0,9.682464455,-0.005315124,0.112825577,0.112100395,-0.005280961,0.301464812,0.993572539,
Tyler Nevin NA,R,5.29E-05,0.024867725,-0.022222222,0.135449735,-0.083280423,0,9.682539683,-0.005328084,0.112714357,0.114290279,-0.005402579,0.307608543,1.013981557,
Jose Rojas NYN,L,0.003684211,-0.031578947,-0.021052632,0.131578947,0.016842105,0,9.692307692,-0.005128205,0.112820513,0.112120838,-0.005096402,0.301438912,0.993798338,
Kole Myers LAN,L,0.016842105,0,-0.021052632,0.131578947,-0.050526316,0,9.668874172,-0.005128205,0.112820513,0.110044659,-0.00500203,0.29569515,0.975395838,
Anthony Seigler BOS,L,0.015798969,-0.006958763,-0.02242268,0.130412371,0.016675258,0,9.682242991,-0.005593002,0.112502915,0.111673261,-0.005551756,0.300829053,0.992625495,
Tommy Edman LAN,B,0.015042864,-0.006437058,-0.023041059,0.132034892,0.017136411,0,9.682984329,-0.005671832,0.11239631,0.111983437,-0.005650997,0.301841139,0.996326634,
Zach McKinstry DET,L,0.023758057,-0.003551591,-0.022455404,0.126937491,-0.005757757,0,9.682983549,-0.005749336,0.112319309,0.111008662,-0.005682248,0.299322981,0.988331064,
Luis Rengifo MIL,B,0.01516083,-0.008604025,-0.023593725,0.131722389,0.016666138,0,9.6829807,-0.005821551,0.112247641,0.111113491,-0.00576273,0.299711802,0.989896001,
Spencer Jones NYA,L,0.014661654,0,-0.023590226,0.131766917,-0.049990602,0,9.682698435,-0.005819125,0.112232616,0.112089486,-0.005811704,0.302373892,0.998724706,
Connor Norby MIA,R,0.00513321,-0.008836719,-0.023265629,0.12887101,0.014352414,0,9.682961491,-0.005867294,0.112203688,0.111072996,-0.005808169,0.299663509,0.989922861,
Gabriel Rincones PHI,L,0.0129274,0,-0.023887588,0.131733021,-0.04998829,0,9.682844476,-0.005892993,0.112169086,0.111888194,-0.005878236,0.301931011,0.997495816,
Jhonkensy Noel BAL,R,0.003624733,-0.001282051,-0.024093817,0.132622601,-0.083304904,0,9.681668496,-0.005903047,0.112157898,0.107093025,-0.005636475,0.288988534,0.954841583,
Juan Brito CLE,B,0.009336188,0,-0.023982869,0.131777302,0.016668094,0,9.682938588,-0.005914861,0.112149994,0.109729779,-0.005787218,0.296119742,0.978419837,
Darell Hernaiz OAK,R,0.008056814,0.007410457,-0.024248662,0.129435982,0.025360231,0,9.683029667,-0.006088044,0.111982803,0.111026696,-0.006036065,0.299853805,0.991462012,
Esteury Ruiz MIA,R,0.046956281,-0.022357499,-0.025677919,0.136192584,0.004167128,0,9.682979341,-0.006128445,0.111936568,0.111279793,-0.006092487,0.300615761,0.994132614,
Heriberto Hernandez MIA,R,0.003216019,-0.006395939,-0.025436893,0.134878641,-0.084723301,0,9.682569308,-0.006129221,0.111940167,0.111446825,-0.006102209,0.301054324,0.995592813,
Dylan Carlson CHN,B,0.010443925,-0.0105919,-0.024844237,0.12982866,-0.030942368,0,9.682620774,-0.006220234,0.111847208,0.110326259,-0.006135648,0.298168473,0.986401546,
Nick Castellanos SDN,R,-0.008489543,-0.021278649,-0.026088304,0.13626646,-0.088370256,0,9.695652174,-0.006222172,0.111847598,0.109651933,-0.006100025,0.296336178,0.980369134,
Eric Wagaman MIN,R,0.002449923,-0.009783245,-0.025988701,0.135336415,-0.068767334,0,9.682448177,-0.006241584,0.111818108,0.108081796,-0.006033027,0.29214186,0.966585804,
Kyle Isbel KCA,L,0.017055664,0.002770996,-0.023632813,0.12286377,0.01666626,0,9.682995998,-0.006251209,0.111817851,0.110902467,-0.006200034,0.299762771,0.991813613,
A.J. Ewing NYN,L,0.021578947,0,-0.026315789,0.131578947,-0.050526316,0,9.666666667,-0.006410256,0.111538462,0.117011969,-0.006724826,0.316977353,1.049072821,
Jared Dickey OAK,L,0.007894737,0,-0.026315789,0.131578947,-0.050526316,0,9.674796748,-0.006410256,0.111538462,0.112167562,-0.006446412,0.303797874,1.005640211,
Akil Baddoo MIL,L,0.021439458,-0.00719729,-0.025825572,0.131160034,-0.049991533,0,9.683044314,-0.00639983,0.111671789,0.111805917,-0.006407517,0.302409787,1.001201095,
Michael Boeve MIL,L,0.006129032,0,-0.025806452,0.129032258,-0.11516129,0,9.473684211,-0.006442345,0.111935744,0.10858149,-0.006249294,0.292928961,0.970034112,
Ryan Ward LAN,L,0.006420546,0,-0.026324238,0.131621188,-0.049967897,0,9.682859057,-0.006496742,0.111553814,0.111243792,-0.006478687,0.30107993,0.997220877,
Jesus Rodriguez SFN,R,0.011181717,0,-0.026532887,0.131772575,0.069208473,0,9.683066055,-0.006544555,0.111504916,0.111847705,-0.006564674,0.302786976,1.003074204,
Carlos Santana ARI,B,-0.007349872,0.015249026,-0.027013192,0.132801733,-0.08463674,0,9.683039409,-0.006611155,0.111459636,0.109261807,-0.006480792,0.295838141,0.980281392,
Jose Tena WAS,L,0.011374934,-0.01197779,-0.026864093,0.130830249,0.018818086,0,9.682955471,-0.006674101,0.111397046,0.111244888,-0.006664984,0.301301888,0.998634097,
Matt McLain CIN,R,0.016985175,0.006677464,-0.02947552,0.142955027,0.018164943,0,9.683019504,-0.006701166,0.111367948,0.109507721,-0.006589234,0.29663894,0.983296561,
Leo Jimenez TOR,R,0.003781381,-5.23E-05,-0.02709205,0.128974895,0.034848326,0,9.683071651,-0.006827418,0.111242105,0.111082524,-0.006817624,0.301093451,0.998565467,
Roc Riggio COL,L,0.014210526,0,-0.026315789,0.131578947,0.016842105,0,9.700374532,-0.006410256,0.111538462,0.108523355,-0.006236974,0.293359584,0.972968008,
Niko Kavadas LAA,L,0.001560847,0.004497354,-0.027777778,0.131481481,-0.083412698,0,9.679300292,-0.006862943,0.111179684,0.113422075,-0.007001363,0.30754833,1.020169073,
Leo Rivas SEA,B,0.019657732,-0.000123711,-0.027463918,0.128989691,0.022465979,0,9.683118211,-0.006919299,0.111145143,0.108189366,-0.006735289,0.293390456,0.973406156,
Tommy Pham NA,R,-0.005877773,-0.020942001,-0.029933826,0.14028805,-0.049992215,0,9.683110135,-0.006935659,0.111132884,0.108288588,-0.00675815,0.293675354,0.974406345,
Trevor Hauver TEX,L,0.0040625,0,-0.028125,0.1328125,-0.0503125,0,9.689119171,-0.006901529,0.111191301,0.110437916,-0.006854767,0.299297256,0.993224428,
Euiji Yang NA,R,-0.01,0,-0.029411765,0.135294118,0.084705882,0,9.684542587,-0.007142857,0.111428571,0.110566993,-0.007087628,0.298944516,0.992267889,
Wuilfredo Antunez CLE,L,0.011052632,0,-0.026315789,0.131578947,-0.050526316,0,9.689922481,-0.006410256,0.111538462,0.108748899,-0.006249937,0.293720651,0.974990128,
Matt Thaiss BOS,L,-0.002138047,-0.030808081,-0.028451178,0.130976431,0.083367003,-0.029033897,9.683435925,-0.007056836,0.110988588,0.111786127,-0.007107545,0.303375435,1.007185777,
Hyeseong Kim LAN,L,0.024365895,-0.00218509,-0.027035133,0.123564696,0.016666667,0,9.683123143,-0.007110733,0.110965747,0.110756649,-0.007097334,0.300605488,0.998115661,
Harrison Bader SFN,R,0.013071017,-0.01053103,-0.028522073,0.129763276,0.016667946,0,9.682964203,-0.007143969,0.110928632,0.10745167,-0.006920048,0.29169037,0.968655858,
Adael Amador COL,B,0.01115942,-0.000483092,-0.027777778,0.126207729,0.016666667,0,9.682937943,-0.007153294,0.110907165,0.109240754,-0.007045814,0.29658771,0.984974727,
Clark Elliott OAK,L,0.009473684,0,-0.031578947,0.131578947,-0.050526316,0,9.655172414,-0.007692308,0.111538462,0.110694464,-0.007634101,0.298833523,0.992433125,
Mitchell Tolman NA,L,0.005263158,0,-0.031578947,0.131578947,0.016842105,0,9.666666667,-0.007692308,0.11025641,0.110354482,-0.00769915,0.301140624,1.000889492,
Ji-Man Choi NA,L,-0.0015,-0.015,-0.03,0.13,-0.082,0,10,-0.0075,0.11125,0.112222232,-0.007565544,0.303479178,1.008739166,
Zac Veen COL,L,0.014244344,0,-0.03040724,0.133303167,-0.05,0,9.682850747,-0.007414751,0.110658531,0.109281608,-0.007322489,0.297047274,0.987557013,
Jason Vosler NA,L,0.0003861,0.015830116,-0.03011583,0.130888031,-0.083243243,0,9.678848283,-0.007486245,0.110566074,0.108773064,-0.007364843,0.29586301,0.983783368,
Tucker Bradley NA,L,0.010526316,0,-0.031578947,0.131578947,-0.050526316,0,9.661016949,-0.007692308,0.11025641,0.110314795,-0.007696381,0.300752176,1.00052954,
Michael Arroyo SEA,R,0.01,0,-0.029411765,0.135294118,0.017058824,0,9.699570815,-0.007142857,0.11,0.106843974,-0.00693792,0.291882196,0.971308854,
Colby Thomas OAK,R,0.008891852,0.002459259,-0.03202963,0.134844444,-0.031982222,0,9.683016267,-0.007719873,0.110349191,0.109460373,-0.007657692,0.297991309,0.991945398,
Curtis Mead WAS,R,0.009518556,-0.005616851,-0.032798395,0.135305918,0.002377131,0,9.683063839,-0.007880269,0.110203272,0.112446798,-0.008040696,0.30633394,1.020358068,
Travis Bazzana CLE,L,0.010165122,0,-0.032155272,0.131778679,0.016665701,0,9.68301534,-0.007930727,0.110137084,0.113249536,-0.008154848,0.30863115,1.028259798,
Jonah Advincula CLE,L,0.023684211,0,-0.031578947,0.131578947,-0.050526316,0,9.652777778,-0.007692308,0.11025641,0.110505976,-0.007709719,0.30075823,1.002263504,
Sam Haggerty TEX,B,0.030795413,-0.016618317,-0.034517203,0.139955605,-0.040987791,0,9.682808221,-0.008015698,0.110054755,0.104953881,-0.007644182,0.286138363,0.953651496,
Nelson Velazquez SLN,R,0.010311594,-0.005724638,-0.033550725,0.134130435,-0.049992754,0,9.683326974,-0.008128979,0.109943119,0.106143229,-0.007848022,0.289544413,0.965437675,
Luis Robert Jr. NYN,R,0.019449552,-0.001459602,-0.033083645,0.132084894,0.015019862,0,9.683033593,-0.008140518,0.109929107,0.111441507,-0.008252515,0.304015875,1.013757961,
Jared Triolo PIT,R,0.012564365,-0.003829896,-0.032739849,0.128602536,0.017981299,0,9.68299075,-0.008274437,0.109798156,0.108385402,-0.008167971,0.295868492,0.987133179,
D.J. Stewart NA,L,0.003680982,-0.023006135,-0.033742331,0.132515337,-0.04993865,0,9.687814703,-0.008270447,0.109771394,0.110123785,-0.008296997,0.30067314,1.003210226,
Cooper Hummel NA,B,0.005728155,-0.011650485,-0.033009709,0.131067961,-0.049902913,0,9.688195991,-0.008214548,0.109688383,0.108554108,-0.008129603,0.296594898,0.989659112,
Ismael Munguia TOR,L,0.013793103,0,-0.032758621,0.131034483,0.016551724,0,9.688311688,-0.008114347,0.109757225,0.109933824,-0.008127403,0.300164186,1.001608992,
Nicholas Dunn NA,L,0.003947368,0,-0.034210526,0.134210526,0.016842105,0,9.683544304,-0.00835442,0.109892754,0.110163327,-0.00837499,0.300348689,1.002462156,
Anthony Volpe NYA,R,0.02526105,0.008746161,-0.03459741,0.133969822,0.05,0,9.682998411,-0.008393552,0.10967661,0.108479337,-0.008301925,0.296305709,0.989083601,
Josh Rojas KCA,L,0.007252252,-0.01990991,-0.033873874,0.130810811,0.016675676,0,9.68288232,-0.008413699,0.109646615,0.108201045,-0.008302774,0.295587935,0.986816103,
Mark Mathias NA,R,0.000666667,-0.026666667,-0.033333333,0.133333333,0.016666667,0,9.714285714,-0.008196721,0.109836066,0.110625776,-0.008255655,0.301658412,1.007189903,
Rudy Martin KCA,L,0.026842105,0,-0.036842105,0.131578947,0.016842105,0,9.669117647,-0.008974359,0.11025641,0.108035827,-0.008793614,0.293472918,0.979859829,
Zach Cole HOU,L,0.010785278,-0.005139077,-0.033259837,0.126136364,-0.027398236,0,9.682968773,-0.008570189,0.109498263,0.108549085,-0.008495899,0.296761055,0.991331575,
Leody Taveras BAL,B,0.023366292,0.006426966,-0.033393258,0.126516854,-0.001514607,0,9.683109037,-0.008578661,0.109490506,0.110567092,-0.008663013,0.302294426,1.009832691,
Juan Yepez TOR,R,-0.002477876,0.007669617,-0.037168142,0.138348083,-0.08339233,0,9.677018634,-0.0087365,0.109344926,0.109817331,-0.008774245,0.30047858,1.004320322,
Victor Labrada SEA,L,0.021052632,0,-0.036842105,0.131578947,-0.050526316,0,9.6875,-0.008974359,0.108974359,0.10869281,-0.008951173,0.298340203,0.997416371,
Patrick Sullivan HOU,L,0.016842105,0,-0.036842105,0.131578947,0.016842105,0,9.682539683,-0.008974359,0.108974359,0.108593007,-0.008942954,0.29805929,0.996500538,
Tucupita Marcano SDN,L,0.009827586,-0.02183908,-0.035632184,0.131609195,0.05,0,9.684254258,-0.008789732,0.109304571,0.109258147,-0.008785999,0.298971965,0.999575274,
Payton Eeles BAL,L,0.018,0,-0.037142857,0.131428571,0.016571429,0,9.678111588,-0.009168553,0.109317365,0.110147572,-0.009238183,0.301287875,1.007594468,
Zach Dezenzo HOU,R,0.008189415,-0.005793872,-0.035933148,0.130584958,-0.052228412,0,9.683437534,-0.00894282,0.10913013,0.108608127,-0.008900043,0.297461313,0.995216694,
Franmil Reyes NA,R,-0.005882353,0,-0.035294118,0.129411765,-0.113529412,0,9.772727273,-0.008955224,0.108955224,0.109002373,-0.008959099,0.298977324,1.000432742,
Jordan Lawlar ARI,R,0.018798053,0.000484681,-0.034883331,0.126170891,0.01323485,0,9.683018774,-0.008985686,0.109082247,0.10940404,-0.009012194,0.299720577,1.002950007,
Alex Freeland LAN,B,0.012142857,-0.008998145,-0.035621521,0.128014842,0.021419295,0,9.682820283,-0.009041616,0.109017402,0.10836667,-0.008987646,0.296983639,0.99403093,
Keaton Anthony PHI,R,0.006470588,0,-0.035294118,0.135294118,-0.084705882,0,9.736842105,-0.008571429,0.108571429,0.108553371,-0.008570003,0.298582332,0.999833682,
Nick Solak SDN,R,0.007058824,0.064705882,-0.037254902,0.133333333,-0.083921569,0,9.683257919,-0.009072147,0.108865767,0.109512897,-0.009126075,0.300349816,1.005944289,
Victor Robles SEA,R,0.026337674,0.008955906,-0.036509024,0.128969614,-0.047041353,0,9.682883005,-0.009200313,0.108872293,0.107071949,-0.009048174,0.293636694,0.983463711,
Jacob Melton TBA,L,0.025763433,0.01132586,-0.036296869,0.128179358,-0.024603788,0,9.68297214,-0.009202493,0.108861865,0.104103588,-0.008800258,0.28551493,0.95629069,
Otto Kemp PHI,R,0.006769956,-0.006356374,-0.036847423,0.130111149,-0.050980128,0,9.682913552,-0.009204657,0.108865685,0.104814995,-0.008862169,0.28745499,0.962791864,
Hunter Renfroe NA,R,-0.007620818,-0.024163569,-0.037546468,0.131598513,-0.049962825,0,9.678362573,-0.009273566,0.108803723,0.108607648,-0.009256854,0.297953088,0.998197895,
Termarr Johnson PIT,L,0.012105263,0,-0.036842105,0.131578947,0.016842105,0,9.670781893,-0.008974359,0.108974359,0.104313828,-0.008590551,0.285643047,0.957232778,
Eloy Jimenez TOR,R,-0.00407767,0,-0.039629303,0.137422771,-0.116699029,0,9.68389736,-0.009370156,0.108706326,0.108469202,-0.009349716,0.297724148,0.997818678,
Tyler Dearden NA,L,0.007368421,0,-0.036842105,0.131578947,-0.050526316,0,9.702970297,-0.008974359,0.108974359,0.109256117,-0.008997563,0.299106358,1.002585543,
Joseph Rizzo NA,L,0.008947368,0,-0.036842105,0.131578947,0.016842105,0,9.703389831,-0.008974359,0.108974359,0.108660144,-0.008948482,0.297284335,0.997116611,
Matt Davidson NA,R,-0.005625,-0.03125,-0.0375,0.13125,0.016875,0,9.672131148,-0.009090909,0.109090909,0.108948033,-0.009079003,0.297729554,0.998690306,
Kyle Lewis NA,R,0.004117647,0,-0.035294118,0.129411765,-0.113529412,0,9.62962963,-0.008955224,0.108955224,0.109375674,-0.008989781,0.2992644,1.003858926,
Amed Rosario NYA,R,0.017067739,0.008908135,-0.040581503,0.137271884,0.005208784,0,9.683100884,-0.009607129,0.108468291,0.110362938,-0.009774939,0.303277494,1.017467295,
David MacKinnon NA,R,0.008125,0.0125,-0.0375,0.13125,-0.085,0,9.591836735,-0.009090909,0.109090909,0.109427083,-0.009118924,0.298962451,1.003081595,
David Peralta NA,L,-0.004962963,-0.022962963,-0.038518519,0.13037037,-0.05,0,9.690721649,-0.009617451,0.108381272,0.108669397,-0.009643018,0.298835329,1.002658439,
Joshua Baez SLN,R,0.024389902,0,-0.039130435,0.131697055,-0.049985975,0,9.683634348,-0.009654083,0.108444074,0.10621869,-0.009455971,0.291908239,0.979478965,
Freddy Fermin SDN,R,0.002435584,0.009025479,-0.037195912,0.124960415,0.083339571,0.001379856,9.683034,-0.009673908,0.108397186,0.106353819,-0.009491548,0.292368745,0.981149265,
Jake Mangum PIT,B,0.018770104,-0.00487228,-0.03999527,0.133893094,-0.034910123,0,9.682953653,-0.009708994,0.108360644,0.10571369,-0.00947183,0.290661166,0.975572738,
Joey Loperfido HOU,L,0.00813452,-0.007256546,-0.039688516,0.132295054,-0.047076844,0,9.682902581,-0.009750497,0.108319239,0.107087272,-0.0096396,0.294500966,0.988626522,
Lenyn Sosa CHA,R,0.002916306,0.013226501,-0.040512909,0.134863975,-0.061498874,0,9.682933612,-0.00976279,0.108309349,0.105446335,-0.009504724,0.290002041,0.97356632,
Dustin Harris CHA,L,0.018562874,0.002095808,-0.04011976,0.132934132,-0.05002994,0,9.684643067,-0.009814598,0.108253556,0.106882222,-0.009690269,0.294078873,0.987332209,
Willi Castro COL,B,0.016716094,0.001253767,-0.040843882,0.134478602,0.015801085,0,9.682985161,-0.009871526,0.108196353,0.106445703,-0.009711802,0.292920509,0.983819697,
Austin Hays CHA,R,0.005179833,-0.016434441,-0.040237636,0.13219332,-0.056759794,0,9.683021382,-0.009893253,0.108174396,0.106825102,-0.009769852,0.293998541,0.987526673,
Kyle Karros COL,R,0.005349345,0.000966937,-0.040143481,0.13066126,0.016665627,0,9.683067671,-0.009984415,0.108090793,0.10957926,-0.010121905,0.301700136,1.013770526,
Albert Fabian SDN,L,0.008421053,0,-0.042105263,0.131578947,-0.117894737,0,9.743589744,-0.01025641,0.107692308,0.108068647,-0.010292252,0.298621924,1.00349458,
John Rave KCA,L,0.011401824,-0.000768123,-0.039942391,0.129332693,-0.05,0,9.683114772,-0.010038918,0.108039033,0.108101556,-0.010044728,0.297709187,1.000578708,
Nick Maton NA,L,0.005658537,0,-0.042439024,0.13804878,-0.116634146,0,9.692307692,-0.010002504,0.108073033,0.108248281,-0.010018724,0.297996439,1.001621567,
Luis Torrens NYN,R,0.001008799,0.031269642,-0.039692018,0.128001257,0.083343809,0.020518867,9.683000117,-0.010078761,0.10799357,0.105879106,-0.009881424,0.291659403,0.98042047,
Carson Taylor SEA,L,0.006095238,0,-0.040952381,0.131428571,-0.083428571,0,9.65034965,-0.010090853,0.107948657,0.107065888,-0.010008333,0.294965976,0.991822326,
Edward Olivares TBA,R,0.009113475,-0.022340426,-0.042198582,0.135106383,-0.049929078,0,9.688221709,-0.010162857,0.107862929,0.106838259,-0.010066313,0.294535155,0.990500252,
Alex Dickerson NA,L,-0.000526316,0,-0.042105263,0.136842105,-0.119473684,0,9.6,-0.010126582,0.107594937,0.107585238,-0.01012567,0.297332197,0.999909863,
Nate Mondou SDN,L,0.004680851,-0.025531915,-0.040425532,0.129787234,0.016595745,0,9.685230024,-0.010053276,0.107940437,0.107327736,-0.009996211,0.295587582,0.994323714,
Edmundo Sosa PHI,R,0.009526363,-0.005778969,-0.04134644,0.130890676,0.001960083,0,9.682948307,-0.010267477,0.107801106,0.108741546,-0.010357048,0.299838119,1.008723844,
Carlos Narvaez BOS,R,0.002603164,0.004139015,-0.039614856,0.125034388,0.080082531,0.01615035,9.682982022,-0.010296884,0.107768688,0.105173191,-0.010048894,0.29005103,0.975916039,
Cal Stevenson DET,L,0.014516129,-0.032258065,-0.040645161,0.128387097,0.016645161,0,9.682768565,-0.010268742,0.107740293,0.108392371,-0.010330892,0.298963534,1.006052308,
Ezequiel Tovar COL,R,0.009987576,0.034289264,-0.046495496,0.146215964,0.05,0,9.683023421,-0.010335199,0.107735997,0.103008436,-0.009881681,0.284125107,0.956119015,
Christopher Meyers DET,L,0.004,0,-0.041764706,0.131764706,-0.083235294,0,9.682539683,-0.010312575,0.10777367,0.107686122,-0.010304198,0.296923603,0.999187667,
Jason Heyward NA,L,0.001428571,-0.011734694,-0.041836735,0.130612245,-0.05005102,0,9.686956522,-0.010401713,0.107695783,0.106682973,-0.010303891,0.294356483,0.990595633,
Gavin Conticello ARI,L,0.007894737,0,-0.042105263,0.131578947,-0.050526316,0,9.673913043,-0.01025641,0.107692308,0.105705196,-0.010067162,0.291596391,0.98154825,
Vaughn Grissom LAA,R,0.011171677,0.01430177,-0.042230964,0.131160438,0.010362461,0,9.68293455,-0.01046375,0.107603274,0.11103504,-0.010797468,0.306475247,1.031892765,
Jimmy Crooks SLN,L,0.004381443,-0.003274908,-0.042310997,0.131099656,0.069952749,-0.016958525,9.683139364,-0.010490809,0.107581382,0.10721586,-0.010455165,0.295963996,0.996602371,
Cody Freeman TEX,R,0.007989672,-0.002766507,-0.043009959,0.132976761,0.016665437,0,9.682920253,-0.010511494,0.107558009,0.10670059,-0.0104277,0.294577847,0.992028312,
Ji Hwan Bae NYN,L,0.023247588,-0.017041801,-0.042122186,0.13022508,0.016655949,0,9.682940245,-0.010500467,0.107569672,0.107778486,-0.010520851,0.29751241,1.001941193,
Ben Williamson TBA,R,0.009767308,-0.031140477,-0.040706693,0.125768457,0.023740305,0,9.683105283,-0.010519277,0.107546054,0.105970842,-0.010365202,0.292582879,0.985353141,
Cesar Prieto SLN,L,0.005608108,-0.006644144,-0.043581081,0.133445946,0.016666667,0,9.682687439,-0.010610646,0.107477349,0.108290837,-0.010690958,0.299076683,1.007568922,
Mark Canha TEX,R,-0.002236599,-0.014787431,-0.045194085,0.138354898,-0.068548983,0,9.681603774,-0.010618677,0.107446244,0.10746792,-0.010620819,0.296876878,1.000201734,
Drew Millas WAS,B,0.012308603,-0.010655091,-0.04198895,0.128334649,0.083346488,0.011608696,9.682917538,-0.010633452,0.107433844,0.10381789,-0.010275557,0.28679886,0.966342507,
Trevor Story BOS,R,0.022544685,-0.042270433,-0.047073271,0.14328012,0.050001364,0,9.682975725,-0.010678033,0.107390059,0.102807657,-0.010222394,0.284075043,0.957329362,
Jordan Qsar NA,L,0.010526316,0,-0.042105263,0.131578947,-0.050526316,0,9.690721649,-0.01025641,0.107692308,0.107910712,-0.010277211,0.297280678,1.002028044,
Hunter Feduccia TBA,L,0.0020299,-0.00576968,-0.042560149,0.128825041,0.083330997,0.013859814,9.682961392,-0.01073774,0.107330255,0.105346168,-0.010539244,0.291180906,0.981514186,
DJ LeMahieu NA,R,-0.012727273,-0.034965035,-0.041958042,0.127272727,0.016713287,0,9.688279302,-0.010727046,0.10727046,0.107008009,-0.010700801,0.295878322,0.997553378,
Cody Thomas NA,L,0.003684211,-0.021052632,-0.047368421,0.136842105,-0.051052632,0,9.756097561,-0.011392405,0.107594937,0.107283394,-0.011359418,0.295712273,0.997104481,
Rougned Odor NA,L,0.010526316,-0.031578947,-0.042105263,0.131578947,0.016842105,0,9.700598802,-0.01025641,0.107692308,0.108083533,-0.01029367,0.297604225,1.003632806,
Francisco Tostado NA,L,0.008421053,0,-0.042105263,0.131578947,-0.084210526,0,9.62962963,-0.01025641,0.107692308,0.107882949,-0.010274567,0.297028883,1.001770239,
Matthew Etzel MIA,L,0.017419355,0,-0.04516129,0.129032258,0.016451613,0,9.681697613,-0.011274104,0.107103986,0.103304802,-0.01087419,0.285977754,0.964528083,
Blaze Jordan SLN,R,0.006470588,0,-0.044705882,0.131764706,-0.083176471,0,9.67032967,-0.011043651,0.10723966,0.10760984,-0.011081772,0.297470302,1.003451889,
Logan O'Hoppe LAA,R,-0.005331093,-0.009312908,-0.043721126,0.129259415,0.067831443,-0.063760241,9.683039141,-0.010992791,0.107076752,0.105098915,-0.010789741,0.290875074,0.981528785,
Trey Cabbage NA,L,0.009651163,-0.013565891,-0.04379845,0.129069767,-0.05,0,9.688622754,-0.011041859,0.106998548,0.107676667,-0.011111839,0.298169795,1.00633765,
Esmerlyn Valdez PIT,R,0.007647059,0,-0.047058824,0.135294118,-0.050588235,0,9.625,-0.011428571,0.107142857,0.107720865,-0.011490226,0.297848191,1.005394738,
Jon Singleton NA,L,-0.008951613,0,-0.045698925,0.132795699,-0.116774194,0,9.68328841,-0.011173563,0.106871839,0.107098496,-0.01119726,0.296752029,1.002120831,
Domingo Santana NA,R,-0.004375,0,-0.04375,0.13125,-0.026875,0,9.677419355,-0.010606061,0.107575758,0.108662532,-0.010713207,0.299088292,1.010102406,
Keith Jones TEX,L,0.012105263,0,-0.047368421,0.131578947,-0.117894737,0,9.761904762,-0.011538462,0.106410256,0.106027512,-0.011496959,0.29490643,0.996403127,
Robert Hassell III WAS,L,0.013009412,0.014932587,-0.044645128,0.127830069,-0.020941236,0,9.682899675,-0.01135168,0.106718729,0.103217312,-0.010979234,0.286195457,0.967190227,
Brett Harris OAK,R,0.005893661,-0.005276074,-0.044621677,0.127648262,0.003030675,0,9.682902312,-0.01136287,0.106702661,0.105292968,-0.01121275,0.291975941,0.986788587,
Cadyn Grenier BAL,R,0.012352941,0,-0.047058824,0.135294118,0.050588235,0,9.698113208,-0.011428571,0.107142857,0.107353006,-0.011450987,0.296438293,1.00196139,
Andrew Stevenson NA,L,0.018947368,-0.057894737,-0.047368421,0.131578947,0.016842105,0,9.672131148,-0.011538462,0.106410256,#N/A,#N/A,#N/A,#N/A,
Greyson Jenista NA,L,0.009473684,0,-0.047368421,0.131578947,-0.050526316,0,9.647058824,-0.011538462,0.106410256,0.106728644,-0.011572986,0.296703111,1.00299208,
Matt Mervis WAS,L,0.000571749,0.005717489,-0.046860987,0.133295964,-0.083329596,0,9.687861272,-0.011422688,0.106657297,0.105760985,-0.011326695,0.293331053,0.991596335,
David Dahl NA,L,0.002475248,-0.024257426,-0.045544554,0.12970297,-0.05,0,9.689922481,-0.011406069,0.106621953,0.106661532,-0.011410303,0.295890795,1.000371204,
Scott Hurst NA,L,0.011052632,-0.052631579,-0.047368421,0.131578947,0.016842105,0,9.658119658,-0.011538462,0.106410256,0.106182396,-0.011513754,0.295063813,0.997858663,
Casey Schmitt SFN,R,0.002520566,-0.011615663,-0.047022047,0.131918394,0.015514972,0,9.68283342,-0.011585552,0.106483307,0.108020693,-0.011752822,0.29987796,1.014437807,
Caden Connor CHA,L,0.008947368,0,-0.047368421,0.131578947,-0.084210526,0,9.444444444,-0.011538462,0.106410256,0.105041004,-0.011389988,0.291766703,0.987132331,
Javier Vaz KCA,L,0.012369942,0,-0.047398844,0.131791908,0.016705202,0,9.684262935,-0.01167484,0.10649732,0.106551841,-0.011680817,0.295711309,1.00051194,
Justin Foscue TEX,R,0.006324786,0.006153846,-0.046837607,0.12974359,-0.083401709,0,9.682320442,-0.011730437,0.106344544,0.105226546,-0.011607115,0.292339983,0.989487023,
Kaelen Culpepper MIN,R,0.012,0,-0.0475,0.13,0.04975,0,9.681208054,-0.011773897,0.106584754,0.10514925,-0.011615324,0.291460958,0.98653181,
Ruben Cardenas NA,R,0.008235294,0,-0.047058824,0.135294118,-0.050588235,0,9.62962963,-0.011428571,0.105714286,0.105782732,-0.011435971,0.295585257,1.000647464,
Turner Hill SFN,L,0.014736842,0,-0.047368421,0.131578947,-0.050526316,0,9.684210526,-0.011538462,0.106410256,0.10757627,-0.011664897,0.298581306,1.010957714,
Brad Miller NA,L,-0.0055,0,-0.05,0.135,-0.118,0,9.625,-0.012195122,0.106097561,0.106168943,-0.012203327,0.295500679,1.000672799,
Rikuu Nishida CHA,L,0.017368421,0,-0.047368421,0.131578947,-0.050526316,0,9.7,-0.011538462,0.106410256,0.107109174,-0.011614248,0.297001016,1.006568143,
Victor Arias TOR,L,0.011052632,0,-0.047368421,0.131578947,0.016842105,0,9.681818182,-0.011538462,0.106410256,0.10553372,-0.011443415,0.29262156,0.991762672,
Ryan Noda BAL,L,0.004493151,0.006027397,-0.049589041,0.133424658,-0.083342466,0,9.686746988,-0.012078333,0.105969023,0.106102809,-0.012093582,0.295359421,1.0012625,
Ildemaro Vargas ARI,B,0.001067821,-0.015656566,-0.049062049,0.131890332,0.011536797,0,9.682984754,-0.0120908,0.105972304,0.11044,-0.012600537,0.307409834,1.042159085,
Aaron Vukovich ARI,R,0.006193182,0,-0.049204545,0.131704545,-0.049977273,0,9.681727488,-0.012142643,0.10591862,0.106246527,-0.012180235,0.295820989,1.003095843,
Keston Hiura LAN,R,-0.0009375,0.01796875,-0.04921875,0.13125,-0.08359375,0,9.705882353,-0.012167997,0.105842262,0.105866118,-0.01217074,0.29497347,1.000225393,
Tyler Stephenson CIN,R,-0.003966572,-0.007546094,-0.049992538,0.133666617,0.040356663,-0.041870722,9.682988842,-0.01215519,0.105913431,0.105573669,-0.012116197,0.293955978,0.99679208,
Miguel Rojas LAN,R,0.000453901,0.01678487,-0.048368794,0.129172577,0.016666667,0,9.683097109,-0.012170858,0.105897174,0.106477279,-0.01223753,0.296503397,1.005478002,
Rafael Marchan PHI,B,0.002591093,0.005222672,-0.047854251,0.127692308,0.083340081,-0.013951417,9.68296757,-0.012180737,0.105885847,0.101904438,-0.01172273,0.283781644,0.962399045,
Daniel Schneemann CLE,L,0.005508526,-0.009744214,-0.050730816,0.134926918,0.011333739,0,9.68284705,-0.012219285,0.105851574,0.107116197,-0.012365271,0.29834529,1.011947134,
Jacob Hurtubise MIL,L,0.016229508,-0.012131148,-0.050163934,0.132459016,-0.050032787,0,9.68558952,-0.012296657,0.105767322,0.10369697,-0.012055955,0.288977449,0.980425412,
Mike Ford NA,L,-0.00399061,0,-0.050704225,0.1342723,-0.116525822,0,9.680196802,-0.012259506,0.105794996,0.106041577,-0.01228808,0.295414936,1.002330746,
Jerar Encarnacion SFN,R,0.003278388,-0.006446991,-0.0503663,0.133028083,-0.092881563,0,9.682733374,-0.012304428,0.105758426,0.103383166,-0.01202808,0.288091019,0.977540698,
Blaine Crim COL,R,0.002667394,0.003283228,-0.051455604,0.135298399,-0.086015284,0,9.679358717,-0.012361588,0.105711687,0.104293347,-0.012195732,0.290697649,0.986582937,
Thomas Saggese SLN,R,0.008201839,0.015150048,-0.050580833,0.132236205,0.004762827,0,9.682976836,-0.012431272,0.105642018,0.102712329,-0.012086525,0.286393139,0.97226777,
Rafael Ortega NA,L,0.0015,-0.05,-0.051,0.134,0.0167,0,9.678638941,-0.012401281,0.105532473,0.105991872,-0.012455266,0.295827199,1.004353151,
Ernesto Martinez NYA,L,0.005438596,0,-0.050877193,0.131578947,-0.083333333,0,9.411764706,-0.012555758,0.105641552,0.105319235,-0.01251745,0.29362639,0.996948952,
Gio Urshela MIN,R,-0.008353041,-0.026942568,-0.050084459,0.130152027,0.005557432,0,9.683132922,-0.012508821,0.10555504,0.10506816,-0.012451123,0.293111736,0.995387428,
Grant Lavigne NA,L,0.006524064,0,-0.050802139,0.131550802,-0.08315508,0,9.625,-0.012553254,0.105579476,0.105517736,-0.012545914,0.29425083,0.999415229,
Philip Clarke NA,L,0.005714286,0,-0.05,0.132142857,0.083571429,0,9.677419355,-0.012316716,0.105571855,0.105795805,-0.012342844,0.295031528,1.002121308,
Justin Connell NA,R,0.011176471,0,-0.052941176,0.135294118,-0.050588235,0,9.733333333,-0.012857143,0.105714286,0.106156391,-0.012910912,0.295600074,1.004182078,
Buddy Kennedy SFN,R,0.005469613,-0.013259669,-0.050828729,0.13038674,0.016629834,0,9.68523061,-0.012655354,0.105507139,0.105556803,-0.012661311,0.294494558,1.000470716,
Justin Yurchak NA,L,0.009473684,0,-0.052631579,0.131578947,-0.084210526,0,10,-0.012820513,0.105128205,0.10544563,-0.012859223,0.295201652,1.003019411,
Abraham Toro KCA,B,-0.000277296,0.025129983,-0.053379549,0.136741768,-0.08339688,0,9.682217715,-0.012688066,0.10537686,0.103078727,-0.012411356,0.287826918,0.97819129,
Yoshi Tsutsugo NA,L,0.001052632,-0.015789474,-0.052631579,0.131578947,-0.084210526,0,9.743589744,-0.012820513,0.105128205,0.107305902,-0.013086086,0.300312632,1.020714681,
Jordan Diaz OAK,R,0.00373494,-0.003614458,-0.051405622,0.131726908,0.016626506,0,9.68349359,-0.012697857,0.105352534,0.105643043,-0.012732871,0.294985182,1.00275749,
Patrick Wisdom SEA,R,0.001126126,0.005105105,-0.053303303,0.135735736,-0.083333333,0,9.673024523,-0.012757044,0.10532647,0.107039783,-0.012964559,0.298941962,1.016266694,
Christian Moore LAA,R,0.012036937,-0.000537924,-0.048628295,0.123525193,0.01666846,0,9.682957003,-0.012794817,0.105274165,0.105041505,-0.012766539,0.293457011,0.997789957,
Matt Vierling DET,R,0.011298077,-0.025,-0.055769231,0.141586538,-0.00625,0,9.682833959,-0.012801992,0.105264657,0.104092134,-0.012659393,0.290821108,0.988861185,
Max Muncy OAK,R,0.007117471,0.001523194,-0.050080775,0.126794369,0.019628433,0,9.683043168,-0.012837643,0.105233181,0.104993936,-0.012808457,0.29338847,0.997726529,
Matthew Lloyd BOS,L,0.005912409,0,-0.051824818,0.131386861,-0.083065693,0,9.705882353,-0.012825791,0.105135354,0.104769878,-0.012781205,0.293021831,0.996523755,
J.D. Martinez NA,R,-0.011215686,0,-0.054901961,0.138823529,-0.116607843,0,9.684256474,-0.012855091,0.105182187,0.10586528,-0.012938576,0.295916393,1.006494379,
Simon Muzziotti NA,L,0.009117647,-0.020588235,-0.052941176,0.132352941,0.016764706,0,9.696969697,-0.012998311,0.105430742,#N/A,#N/A,#N/A,#N/A,
David Hamilton MIL,L,0.045455031,0.013984521,-0.052201761,0.130424339,0.017902322,0,9.683046415,-0.013007834,0.105060209,0.104893115,-0.012987146,0.293375655,0.998409542,
Jonny DeLuca TBA,R,0.019048913,-0.011277174,-0.053097826,0.1325,-0.019839674,0,9.683079479,-0.013024425,0.105048586,0.107294849,-0.013302927,0.300106865,1.02138309,
Jonah Bride TEX,R,-0.002392704,-0.033583691,-0.054506438,0.136051502,0.01666309,0,9.682804513,-0.013017576,0.105037488,0.104560546,-0.012958467,0.292488843,0.995459317,
Kole Calhoun NA,L,-0.006354167,-0.010416667,-0.053125,0.13125,-0.083125,0,9.675925926,-0.013129207,0.105033656,0.105438202,-0.013179775,0.294825188,1.003851587,
Canaan Smith-Njigba NA,L,0.009487179,-0.012820513,-0.053846154,0.132051282,-0.050128205,0,9.698492462,-0.013248435,0.105041162,0.105166518,-0.013264245,0.294025471,1.001193397,
Rixon Wingrove NA,L,0.007894737,0,-0.052631579,0.131578947,-0.084210526,0,10,-0.012820513,0.105128205,0.105129344,-0.012820652,0.293610181,1.000010834,
Ricardo Olivar MIN,R,0.009693878,0,-0.053061224,0.131632653,-0.116734694,0,9.6875,-0.013080679,0.104896986,0.105978738,-0.013215574,0.296626744,1.010312515,
Dayson Croes SFN,L,0.006842105,0,-0.052631579,0.131578947,0.016842105,0,9.701492537,-0.012820513,0.105128205,0.106259799,-0.012958512,0.29658543,1.010763938,
Braiden Ward BOS,L,0.037894737,0,-0.052631579,0.131578947,0.016842105,0,9.694656489,-0.012820513,0.105128205,0.106009397,-0.012927975,0.2958835,1.008382068,
Jacob Reimer NYN,R,0.01,0,-0.052941176,0.135294118,0.017058824,0,9.6875,-0.012857143,0.104285714,0.100983329,-0.012449999,0.284129323,0.968333292,
Nick Madrigal LAA,R,0.004388093,-0.022491731,-0.054906284,0.133186329,0.016670342,0,9.683245346,-0.013397678,0.104679449,0.104098069,-0.013323269,0.291746617,0.994446093,
Jarred Kelenic CHA,L,0.012399006,0.003988803,-0.054816656,0.133001865,-0.057395898,0,9.683762084,-0.013396528,0.104666067,0.104328197,-0.013353282,0.292413011,0.996771922,
Yohendrick Pinango TOR,L,0.007176471,0,-0.054117647,0.130588235,-0.049764706,0,9.696969697,-0.013409766,0.104654476,0.107413061,-0.013763233,0.301030062,1.026358978,
Jeremiah Jackson BAL,R,0.008820712,-0.011014666,-0.05710865,0.137743191,0.009461239,0,9.68314126,-0.013473911,0.104592295,0.104298616,-0.013436079,0.292439565,0.997192162,
Mitch Garver SEA,R,-0.008531828,-0.024435318,-0.055954825,0.134804928,0.083377823,-0.039783504,9.682821115,-0.013492667,0.104574358,0.104541475,-0.013488424,0.293138794,0.999685552,
Daz Cameron MIL,R,0.016150442,-0.007964602,-0.05619469,0.13539823,-0.05,0,9.679266896,-0.01348585,0.104594976,0.1049809,-0.013535608,0.294296876,1.003689702,
Ross Adolph NA,L,0.01,0,-0.057894737,0.131578947,0.016842105,0,9.695431472,-0.014102564,0.103846154,0.104186256,-0.014148751,0.294057913,1.003275058,
Matt Beaty NA,L,0.002,-0.005,-0.055,0.13,-0.082,0,9.523809524,-0.01375,0.105,0.10556417,-0.013823879,0.294614519,1.005373051,
Cavan Biggio HOU,L,0.004984848,-0.032272727,-0.055151515,0.131060606,0.016666667,0,9.68314585,-0.01367302,0.104425813,0.102985574,-0.013484442,0.288992481,0.98620802,
Tristan Peters CHA,L,0.007085202,0.018946188,-0.055156951,0.130381166,-0.02779148,0,9.682328462,-0.013748453,0.104314988,0.104003936,-0.013707457,0.292035587,0.997018142,
Jose Miranda SDN,R,-0.00191446,-0.00305499,-0.057433809,0.135539715,-0.033329939,0,9.682933111,-0.013775693,0.104294694,0.103686326,-0.013695337,0.291178541,0.994166832,
Hyun Soo Kim NA,L,-0.009473684,0,-0.057894737,0.131578947,-0.026842105,0,9.726027397,-0.014102564,0.103846154,0.104662081,-0.014213369,0.295187227,1.007857074,
Daniel Johnson MIA,L,0.010473934,-0.002843602,-0.056872038,0.134597156,-0.05,0,9.688311688,-0.013748639,0.104260515,0.101741046,-0.013416402,0.285803491,0.975834865,
Zachary Ehrhard LAN,R,0.018823529,0,-0.058823529,0.135294118,-0.050588235,0,9.743589744,-0.014285714,0.104285714,0.100526137,-0.013770704,0.28231471,0.963949254,
Christian Franklin WAS,R,0.011768116,0,-0.055942029,0.13173913,-0.05,0,9.68248075,-0.01379712,0.104264761,0.102923042,-0.013619573,0.289099261,0.987131612,
Marcus Lee Sang TEX,L,0.009102564,0,-0.056410256,0.132051282,-0.05,0,9.678571429,-0.013913822,0.104353669,0.105236006,-0.014031467,0.295281751,1.00845526,
Nick Yorke PIT,R,0.011910058,-0.001402321,-0.054980658,0.128965184,0.001112186,0,9.682765093,-0.013855209,0.104212621,0.105808972,-0.014067446,0.297277049,1.015318209,
Colin Moran SEA,L,-0.005789474,-0.005263158,-0.057894737,0.131578947,-0.084210526,0,9.761904762,-0.014102564,0.103846154,0.104031263,-0.014127702,0.293262821,1.001782535,
Zack Gelof OAK,R,0.019075191,-0.001930036,-0.056091677,0.131162043,0.016666667,0,9.682829634,-0.013897788,0.104168657,0.106575798,-0.01421894,0.299499554,1.023108115,
Dominic Fletcher PIT,L,0.004027954,-0.042566709,-0.055146125,0.128716645,0.016670902,0,9.683483825,-0.013921744,0.104156458,0.103634095,-0.013851924,0.291247979,0.994984828,
Luisangel Acuna CHA,R,0.030878202,-0.000836383,-0.055462624,0.129552187,0.019005053,0,9.682935346,-0.013914419,0.104154869,0.101697321,-0.013586106,0.285809327,0.976404867,
Jesse Franklin NA,L,0.011578947,0,-0.057894737,0.131578947,-0.050526316,0,9.705882353,-0.014102564,0.103846154,0.104064445,-0.014132209,0.293288218,1.002102066,
Brainer Bonaci NA,B,0.009230769,0,-0.057692308,0.134615385,0.050384615,0,9.673024523,-0.014105893,0.104383609,#N/A,#N/A,#N/A,#N/A,
Tommy Troy ARI,R,0.012346425,0,-0.056797583,0.131822759,0.016666667,0,9.683194574,-0.014007333,0.104061573,0.102766624,-0.013833025,0.288959854,0.987555935,
Jon Berti NA,R,0.02742889,-0.031957613,-0.055493586,0.128499721,0.021427775,0,9.682844495,-0.014036058,0.104036105,0.103486348,-0.013961887,0.291019001,0.994715708,
Jose Caballero NYA,R,0.047070077,-0.017605331,-0.055438521,0.128116939,0.031061909,0,9.68294907,-0.014062635,0.104005697,0.104876404,-0.014180363,0.294983014,1.008371724,
Vimael Machin COL,L,0.002681388,-0.023028391,-0.05615142,0.129337539,0.016656151,0,9.683516484,-0.014098765,0.103998194,0.108896466,-0.014762811,0.306251499,1.047099588,
Ronny Simon PIT,B,0.017790368,-0.006232295,-0.058356941,0.134560907,0.016657224,0,9.68216418,-0.014109578,0.103972519,0.104717841,-0.014210722,0.294553466,1.007168459,
Isan Diaz NA,L,0.002631579,-0.042105263,-0.057894737,0.136842105,0.016842105,0,9.63963964,-0.013924051,0.103797468,#N/A,#N/A,#N/A,#N/A,
David Fry CLE,R,0.002571301,-0.001193634,-0.059402852,0.136541889,-0.069117647,-0.01,9.682112123,-0.014140567,0.10392733,0.103076599,-0.014024814,0.290045146,0.991814177,
Connor Joe SEA,R,0.00359322,-0.017966102,-0.059322034,0.136271186,-0.050067797,0,9.68503937,-0.014143671,0.103935776,0.104740911,-0.014253234,0.294666076,1.007746471,
Nelson Rada LAA,L,0.019700855,0,-0.057549858,0.131766382,-0.012962963,0,9.68308051,-0.014192416,0.103878652,0.103595678,-0.014153755,0.291573561,0.997275921,
Brett Bateman CHN,L,0.0125,0,-0.058333333,0.129166667,0.01625,0,9.67611336,-0.014579017,0.104135837,0.105934137,-0.014830779,0.29735072,1.017268793,
Kala'i Rosario MIN,R,0.011851852,0,-0.059259259,0.133333333,-0.050740741,0,9.693877551,-0.014357226,0.104089888,0.101999981,-0.014068963,0.286425348,0.979922092,
Travis Jankowski NYN,L,0.014731183,-0.009677419,-0.057526882,0.131182796,-0.050107527,0,9.690346084,-0.014226687,0.103841522,0.104095741,-0.014261516,0.292986521,1.002448142,
Mauricio Dubon ATL,R,0.004173697,-0.029098428,-0.055235732,0.124995864,0.015027295,0,9.682917951,-0.014362163,0.103709526,0.104516843,-0.014473964,0.294438323,1.007784405,
Nacho Alvarez Jr. ATL,R,0.00532646,-0.062542955,-0.056185567,0.126632302,0.049965636,0,9.684043979,-0.014424628,0.103663229,0.101485065,-0.014121539,0.28596829,0.978988073,
Romeo Sanabria SDN,L,0.005416667,0,-0.058333333,0.129166667,-0.082083333,0,10,-0.014579017,0.104135837,0.100708473,-0.014099186,0.282487244,0.967087562,
Gabe Matthews NA,L,0.008947368,0,-0.057894737,0.131578947,-0.084210526,0,10,-0.014102564,0.103846154,0.104118844,-0.014139596,0.292789825,1.002625906,
Chase Pinder NA,R,0.010588235,0,-0.058823529,0.135294118,0.017058824,0,9.672131148,-0.014285714,0.104285714,0.104560772,-0.014323393,0.292771163,1.002637535,
Lane Thomas KCA,R,0.018548092,-0.023740458,-0.063007634,0.141068702,-0.0274,0,9.682998677,-0.014516959,0.103553373,0.104109976,-0.014594989,0.293541359,1.005375033,
Zach DeLoach NA,L,0.008233533,-0.010479042,-0.060179641,0.134431138,-0.05,0,9.683794466,-0.014539288,0.103583384,0.103759236,-0.014563971,0.292459664,1.001697689,
Joe Mack MIA,L,0.007786697,0,-0.058944954,0.131766055,0.078662844,0,9.68305133,-0.014539087,0.10353301,0.103954974,-0.014598343,0.293134864,1.004075644,
Jeferson Quero MIL,R,0.007470588,0,-0.059117647,0.131764706,0.083382353,0,9.682981722,-0.014572889,0.103532763,0.098486598,-0.013862609,0.277706149,0.951260209,
Jordan Beck COL,R,0.015391686,-0.000932913,-0.061668267,0.137728083,-0.050002744,0,9.682940615,-0.014551883,0.103517468,0.100075324,-0.014068007,0.282220862,0.966748178,
Rece Hinds CIN,R,0.015014124,0.000706215,-0.057768362,0.128954802,-0.05,0,9.681363468,-0.014553836,0.103513712,0.101162922,-0.014223319,0.285278786,0.977290057,
Terence Doston NA,L,0.012631579,0,-0.057894737,0.131578947,-0.050526316,0,9.714285714,-0.014102564,0.103846154,0.104039195,-0.01412878,0.292439611,1.001858913,
Enrique Bradfield BAL,L,0.032083333,0,-0.058333333,0.129166667,0.01625,0,9.694915254,-0.014579017,0.103094479,0.102168291,-0.014448041,0.289177516,0.991016131,
Jacob Thompson NA,L,0.007894737,0,-0.057894737,0.131578947,-0.050526316,0,9.672131148,-0.014102564,0.103846154,0.104211754,-0.014152213,0.292813259,1.00352059,
Charles Leblanc NA,R,0.004338235,-0.029411765,-0.060294118,0.133823529,0.016691176,0,9.683060109,-0.014663033,0.103356504,0.103444944,-0.01467558,0.292014656,1.000855675,
Michael Hermosillo NA,R,0.0125,-0.05,-0.0625,0.13125,0.016875,0,9.625,-0.015384615,0.103076923,0.103247038,-0.015410006,0.292238507,1.00165037,
Mason Martin NA,L,0.008947368,0,-0.063157895,0.131578947,-0.117894737,0,9.625,-0.015384615,0.103846154,0.103795098,-0.015377052,0.291538596,0.999508355,
Matthew Koperniak SLN,L,0.004911839,0,-0.059949622,0.13186398,-0.016675063,0,9.6836981,-0.014777031,0.103315038,0.103971134,-0.014870871,0.293516197,1.006350448,
Luken Baker ARI,R,-0.001330275,0,-0.061926606,0.136697248,-0.116697248,0,9.681724846,-0.014724538,0.103289907,0.103102643,-0.014697842,0.291126233,0.998187012,
Spencer Nivens KCA,L,0.008947368,0,-0.063157895,0.131578947,-0.050526316,0,9.622641509,-0.015384615,0.103846154,0.10408442,-0.015419914,0.292308141,1.002294415,
Jhonny Pereda SEA,R,0.002142857,-0.02484472,-0.058074534,0.127329193,0.083385093,-0.01909375,9.682927119,-0.01481573,0.103313968,0.104047318,-0.014920896,0.293698052,1.007098262,
C.J. Cron NA,R,-0.008235294,-0.017647059,-0.058823529,0.135294118,-0.084705882,0,9.666666667,-0.014285714,0.102857143,0.102931354,-0.014296021,0.291789374,1.000721499,
Matt Carpenter NA,L,-0.008938053,0,-0.060176991,0.131858407,-0.116637168,0,9.682034976,-0.014822234,0.103319691,0.103696012,-0.014876221,0.292610908,1.003642297,
Andy Ibanez OAK,R,0.002752735,-0.012560175,-0.063632385,0.138862144,0.001514223,0,9.682831219,-0.014892192,0.103169909,0.101004189,-0.014579578,0.285378939,0.979008223,
Tim Tawa ARI,R,0.010775302,-0.004317549,-0.059192201,0.128876509,-0.013890436,0,9.682987202,-0.01492901,0.103133117,0.100368325,-0.014528794,0.283639729,0.973192004,
Ezequiel Duran TEX,R,0.010226476,-0.019897547,-0.060097061,0.130439472,0.021170127,0,9.682924403,-0.014972601,0.103095324,0.105301531,-0.01529301,0.297635867,1.021399681,
Creed Willems BAL,L,0.006315789,0,-0.063157895,0.131578947,-0.084210526,0,9.473684211,-0.015384615,0.102564103,0.100983329,-0.015147499,0.286904847,0.984587458,
Harold Castro NA,L,0.00025,-0.0275,-0.0625,0.1325,0.01675,0,9.674796748,-0.015289428,0.102744956,0.10127851,-0.015071207,0.287130538,0.985727315,
Felix Reyes PHI,R,0.010588235,0,-0.064705882,0.135294118,-0.084705882,0,10,-0.015714286,0.102857143,0.102517781,-0.015662439,0.290308002,0.996700651,
Brett Wisely ATL,L,0.005016835,-0.019461279,-0.06006734,0.129292929,0.027784512,0,9.683304758,-0.015097179,0.102972238,0.101904801,-0.014940678,0.288227857,0.989633737,
Chas McCormick CHN,R,0.008504937,-0.016925247,-0.060014104,0.129196051,-0.029992948,0,9.682645147,-0.015094709,0.102966843,0.103278279,-0.015140364,0.292125907,1.003024625,
Ryan Nicholson LAA,L,0.006315789,0,-0.063157895,0.131578947,-0.084210526,0,9.473684211,-0.015384615,0.102564103,0.101234938,-0.015185241,0.287448939,0.987040649,
Aron Estrada BAL,B,0.017647059,0,-0.064705882,0.135294118,0.017058824,0,9.675675676,-0.015714286,0.102857143,0.099855576,-0.015255713,0.282705144,0.970818103,
Kahlil Watson CLE,L,0.012917369,0,-0.061551433,0.131703204,0.016661046,0,9.6823836,-0.015193763,0.102859697,0.103374798,-0.015269851,0.292591943,1.005007807,
Ryan Bliss SEA,R,0.024519393,-0.006576728,-0.060286678,0.12841484,0.016661046,0,9.682905892,-0.015253521,0.102827934,0.096175366,-0.014266678,0.272231419,0.935303884,
Leodalis De Vries OAK,B,0.007647059,0,-0.061898396,0.131818182,0.05,0,9.68337721,-0.015267937,0.10278652,0.102328009,-0.015199829,0.289737744,0.995539191,
Jose Trevino CIN,R,-0.007790831,-0.012464183,-0.05965616,0.126762178,0.08334384,0.075810892,9.682963025,-0.015296842,0.102772445,0.100247133,-0.01492097,0.28385251,0.975428123,
Ethan Gourson PIT,L,0.016315789,0,-0.063157895,0.131578947,0.016842105,0,9.698492462,-0.015384615,0.102564103,0.101929241,-0.015289386,0.289116254,0.993810104,
Johan Mieses NA,R,0.010588235,0,-0.064705882,0.135294118,-0.050588235,0,9.62962963,-0.015714286,0.102857143,0.103649093,-0.015835278,0.293140796,1.007699513,
Cameron Collier CIN,L,0.005789474,0,-0.063157895,0.131578947,0.016842105,0,9.664804469,-0.015384615,0.102564103,0.101354645,-0.015203197,0.287465692,0.988207786,
Lucas Spence HOU,L,0.012105263,0,-0.063157895,0.131578947,-0.050526316,0,9.661016949,-0.015384615,0.102564103,0.101408754,-0.015211313,0.287602351,0.988735354,
Jason Talley NA,L,0.010526316,0,-0.063157895,0.131578947,-0.084210526,0,10,-0.015384615,0.102564103,0.10244166,-0.015366249,0.29041788,0.998806184,
Eduardo Valencia DET,R,0.003993056,0,-0.062847222,0.131597222,0.083263889,0,9.683189864,-0.015516835,0.102531133,0.099561809,-0.015067464,0.282333702,0.971039786,
Tony Kemp NA,L,0.007619048,-0.023809524,-0.061904762,0.130952381,0.016666667,0,9.684908789,-0.015403595,0.10249315,0.102710698,-0.01543629,0.29131703,1.002122566,
Oscar Gonzalez NA,R,0.007707006,-0.020382166,-0.06433121,0.133757962,-0.049872611,0,9.642857143,-0.015614399,0.102498478,0.101697002,-0.015492304,0.288360427,0.992180609,
Warming Bernabel WAS,R,0.005789474,0.002923977,-0.064327485,0.133333333,-0.083450292,0,9.702970297,-0.015677597,0.102474472,0.101392909,-0.015512128,0.287543757,0.989445537,
Brice Matthews HOU,R,0.02263429,-7.36E-05,-0.063061074,0.130905077,-0.011111111,0,9.682810675,-0.015660134,0.102403024,0.101298674,-0.01549125,0.287417595,0.989215645,
Austin Gauthier LAN,R,0.005878788,0,-0.063636364,0.132121212,0.016666667,0,9.68407479,-0.015687901,0.10234488,0.101289374,-0.015526108,0.287503019,0.989686777,
Kyle Higashioka TEX,R,-0.006016084,-0.037488107,-0.06164553,0.12718837,0.07834519,0.056358731,9.683090392,-0.015752288,0.102314787,0.101440528,-0.015617688,0.287955277,0.991455211,
Forrest Wall NA,L,0.020165975,-0.012033195,-0.062655602,0.129460581,-0.049917012,0,9.678972713,-0.01573451,0.102326418,0.102497387,-0.0157608,0.290890213,1.001670815,
Yoyner Fajardo NA,L,0.0128,0,-0.064,0.132,-0.050266667,0,9.703389831,-0.015715031,0.102147705,0.102359597,-0.01574763,0.290985362,1.002074371,
Junwoo Jeon NA,R,-0.010588235,0,-0.064705882,0.135294118,-0.027058824,0,9.655172414,-0.015714286,0.102857143,0.101862541,-0.015562333,0.2875721,0.990330257,
Andruw Monasterio BOS,R,0.012010724,-0.005764075,-0.063136729,0.129490617,0.004758713,0,9.682885987,-0.015845097,0.102236199,0.103437242,-0.016031241,0.293738694,1.011747727,
Matthew Rudick NYN,L,0.006666667,0,-0.06474359,0.132051282,0.016730769,0,9.685147159,-0.01592322,0.102160856,0.099777144,-0.015551684,0.283474687,0.97666707,
Jameson Hannah NA,L,0.01,0,-0.063157895,0.131578947,-0.050526316,0,9.636363636,-0.015384615,0.102564103,0.102969566,-0.015445435,0.291329166,1.003953264,
Billy McKinney NA,L,0.003121387,-0.020809249,-0.06416185,0.130635838,-0.049942197,0,9.523809524,-0.015980011,0.102070524,0.101564832,-0.015900841,0.288694589,0.995045665,
Everson Pereira CHA,R,0.008837866,0.009961144,-0.064676793,0.131331685,-0.034443659,0,9.68284833,-0.016004968,0.102061174,0.102319767,-0.01604552,0.290856079,1.002533698,
Tyler Neslony NA,L,0.006315789,0,-0.068421053,0.131578947,-0.050526316,0,9.72972973,-0.016666667,0.102564103,0.102823016,-0.01670874,0.290789222,1.002524407,
Reese McGuire MIL,L,-0.001193694,0.006531532,-0.062837838,0.12713964,0.083344595,0.045426967,9.683053862,-0.01606396,0.101997511,0.09763456,-0.015376823,0.277645961,0.957224924,
Donovan Solano NA,R,-0.013945946,0.001621622,-0.066486486,0.134054054,-0.083513514,0,9.685185185,-0.016124988,0.101993828,0.101470439,-0.016042242,0.288551639,0.994868428,
Alexander Ovalles NA,L,0.01,0,-0.068421053,0.131578947,0.016842105,0,9.661016949,-0.016666667,0.102564103,0.102780371,-0.01670181,0.290638555,1.002108614,
Hoy Park OAK,L,0.009393939,-0.03030303,-0.065151515,0.13030303,0.016515152,0,9.685990338,-0.016178056,0.101959377,0.102152164,-0.016208646,0.290533309,1.001890818,
Matthew Wood MIL,L,0.008421053,0,-0.068421053,0.131578947,0.084210526,0,9.673202614,-0.016666667,0.101282051,0.102954651,-0.016941905,0.294732216,1.016514279,
Yusniel Diaz NA,R,0.011176471,-0.029411765,-0.064705882,0.135294118,-0.050588235,0,10,-0.015714286,0.101428571,#N/A,#N/A,#N/A,#N/A,
Colton Ledbetter SLN,L,0.017894737,0,-0.068421053,0.131578947,-0.050526316,0,9.666666667,-0.016666667,0.101282051,0.095380798,-0.015695574,0.273015412,0.94173446,
Nick Sogard BOS,B,0.004790287,-0.013465784,-0.064459161,0.129470199,-0.005551876,0,9.682239057,-0.016182493,0.101888744,0.102462729,-0.016273656,0.291539168,1.00563344,
Thomas White OAK,R,0.008235294,0,-0.064705882,0.135294118,0.017058824,0,9.702380952,-0.015714286,0.101428571,0.101127992,-0.015667717,0.289040892,0.997036537,
Robbie Grossman NA,B,-0.001589404,0,-0.067549669,0.135099338,-0.116291391,0,9.681528662,-0.016221674,0.101783051,0.103297653,-0.016463064,0.294111409,1.01488069,
Alberto Rodriguez KCA,L,0.008076923,0,-0.065384615,0.132051282,-0.05,0,9.698492462,-0.016127385,0.101823883,0.102024151,-0.016159105,0.290366976,1.001966811,
Ryan Fitzgerald LAN,L,0.004897959,0,-0.065306122,0.130612245,0.016734694,0,9.681818182,-0.01633647,0.101592423,0.103484978,-0.0166408,0.295101884,1.018628895,
Jason Schwartz NYN,L,0.005517241,0,-0.067241379,0.132758621,-0.083965517,0,9.74025974,-0.016445704,0.101626015,0.100012413,-0.016184581,0.285102155,0.98412215,
Austin Overn TBA,L,0.028947368,0,-0.068421053,0.131578947,0.016842105,0,9.672897196,-0.016666667,0.101282051,0.09969599,-0.016405669,0.285126921,0.98434015,
Jacob Young WAS,R,0.033491169,0.037354378,-0.062758362,0.12365652,0.016666667,0,9.68297174,-0.016495337,0.101569788,0.100458002,-0.016314778,0.286341014,0.989053967,
Ramon Rodriguez MIL,R,0.00626506,0,-0.06746988,0.13253012,0.083855422,0,9.684210526,-0.016545254,0.101635133,0.100682215,-0.016390128,0.28672625,0.990624136,
Je'Von Ward TOR,L,0.008421053,0,-0.068421053,0.131578947,0.016842105,0,9.710982659,-0.016666667,0.101282051,0.097374755,-0.016023694,0.278256572,0.961421633,
Carlos RodrÃ­guez SDN,L,0.00994186,0,-0.06744186,0.131976744,0.016686047,0,9.684990735,-0.016594591,0.101427287,0.100513531,-0.016445091,0.286757128,0.990991029,
Andy Weber CHA,L,0.006842105,0,-0.068421053,0.131578947,0.050526316,0,9.703389831,-0.016666667,0.101282051,0.100765292,-0.01658163,0.287878659,0.994897821,
Angel Martinez CLE,B,0.013901032,-0.005676988,-0.069975713,0.136733455,0.014037644,0,9.682990105,-0.016632795,0.101434792,0.103462506,-0.01696529,0.295124002,1.01999033,
Richard Kachel NA,L,0.01,0,-0.068421053,0.131578947,-0.084210526,0,9.545454545,-0.016666667,0.101282051,0.101194341,-0.016652233,0.289020491,0.999133999,
Austin Slater DET,R,0.004280702,-0.004385965,-0.071052632,0.138245614,-0.050035088,0,9.6812749,-0.01671424,0.101358453,0.097834136,-0.016133072,0.279201226,0.965229175,
Deyvison De Los Santos MIA,R,0.009903797,0,-0.067746835,0.131797468,-0.091027848,0,9.684089047,-0.016708627,0.101350684,0.099844789,-0.016460366,0.28494338,0.985141733,
Imanol Vargas PIT,L,0.006315789,0,-0.068421053,0.131578947,-0.050526316,0,9.72972973,-0.016666667,0.101282051,0.101593348,-0.016717893,0.290124985,1.003073563,
Jeisson Rosario OAK,L,0.009473684,0,-0.068421053,0.131578947,-0.050526316,0,9.76744186,-0.016666667,0.101282051,0.101349554,-0.016677775,0.28933871,1.00066648,
Francisco Urbaez CIN,R,0.005208333,0,-0.06875,0.13125,-0.116666667,0,9.670781893,-0.016956911,0.10122762,0.101826301,-0.017057198,0.290846011,1.00591421,
Jeong Choi NA,R,-0.010588235,0,-0.070588235,0.135294118,0.017058824,0,9.68,-0.017142857,0.101428571,0.102839207,-0.017381274,0.293131861,1.013907672,
J.D. Davis NA,R,-0.002777778,0.018333333,-0.069444444,0.133888889,-0.083444444,0,9.6875,-0.016823328,0.101209141,0.101700865,-0.016905064,0.290456358,1.004858496,
Tyrone Taylor NYN,R,0.018862724,0.002997056,-0.067487289,0.129810008,-0.032903398,0,9.683173467,-0.016896895,0.101173674,0.100276843,-0.016747116,0.286451111,0.991135731,
Donovan Walton LAA,L,0.0025,-0.016176471,-0.067647059,0.129411765,0.016691176,0,9.681318681,-0.016965434,0.101239381,0.102767532,-0.017221517,0.293346049,1.015094431,
Brock Wilken MIL,R,0.005630342,0,-0.068910256,0.131730769,0.016666667,0,9.682790119,-0.01699736,0.101061822,0.096849033,-0.01628882,0.276839878,0.958314738,
Michael Lipscomb CLE,L,0.017894737,0,-0.068421053,0.131578947,-0.050526316,0,9.666666667,-0.016666667,0.101282051,0.100349553,-0.016513218,0.286201473,0.990793056,
Jose Iglesias NA,R,-0.000908257,-0.016284404,-0.068944954,0.131559633,0.027770642,0,9.68321363,-0.017034446,0.101027979,0.100320634,-0.01691518,0.286815709,0.992998529,
Santiago Espinal LAN,R,0.007238494,-0.018148536,-0.069403766,0.132060669,0.01666841,0,9.683174682,-0.017078517,0.100991051,0.100139637,-0.016934535,0.286360288,0.991569411,
Blaze Alexander BAL,R,0.010010849,-0.01437483,-0.06845674,0.130268511,0.016669379,0,9.682871313,-0.017080191,0.100992382,0.098217874,-0.016610956,0.280854286,0.97252755,
Orlando Martinez TEX,L,0.005,0,-0.07027027,0.132432432,0.016756757,0,9.68798752,-0.017232559,0.101075584,0.102456834,-0.01746805,0.292699973,1.013665518,
Braedon Karpathios SDN,L,0.007368421,0,-0.068421053,0.131578947,-0.050526316,0,9.743589744,-0.016666667,0.101282051,0.098262302,-0.016169746,0.280127264,0.97018475,
Jett Williams MIL,R,0.016240741,0,-0.069444444,0.131805556,0.026194444,0,9.683021856,-0.017124753,0.100944714,0.099865515,-0.016941673,0.285649128,0.989309016,
Dane Myers CIN,R,0.017127208,-0.018939929,-0.069328622,0.131236749,0.006565371,0,9.68280039,-0.017167888,0.10090728,0.101243952,-0.017225168,0.289643164,1.003336442,
Josue De Paula LAN,L,0.014210526,0,-0.068421053,0.131578947,-0.050526316,0,9.622641509,-0.016666667,0.101282051,0.111491216,-0.018346656,0.317701699,1.100799345,
Aidan Miller PHI,R,0.024029484,0,-0.07014742,0.131695332,0.033316953,0,9.682841324,-0.017306794,0.100779492,0.100673329,-0.017288563,0.28821507,0.998946586,
Ford Proctor NA,L,0.01,-0.026315789,-0.073684211,0.136842105,0.016842105,0,9.68,-0.017721519,0.101265823,0.101506691,-0.017763671,0.289204262,1.002378576,
Fenwick Trimble MIA,R,0.02,0,-0.070588235,0.135294118,-0.050588235,0,9.666666667,-0.017142857,0.1,0.0971849,-0.016660269,0.280156856,0.971849004,
Garrett Whitley NA,R,0.012352941,0,-0.070588235,0.135294118,0.017058824,0,9.696969697,-0.017142857,0.1,0.100147056,-0.017168067,0.28864685,1.001470563,
Alexander Binelas PHI,L,0.006896552,0,-0.070689655,0.131034483,-0.082931034,0,9.680851064,-0.017509908,0.100361665,0.103383836,-0.01803718,0.296856876,1.030112798,
Trent Farquhar PHI,L,0.015263158,0,-0.073684211,0.131578947,0.016842105,0,9.661016949,-0.017948718,0.1,0.09744785,-0.01749064,0.280797929,0.974478501,
Rafael Flores PIT,R,0.004385965,0.001644737,-0.071162281,0.131140351,0.017960526,-0.001181818,9.682479206,-0.017632602,0.100443344,0.098844642,-0.017351954,0.283523327,0.984083548,
Shayne Fontana NA,L,0.012105263,0,-0.073684211,0.131578947,-0.084210526,0,9.642857143,-0.017948718,0.1,0.100247061,-0.017993062,0.288726572,1.002470607,
Kolten Wong NA,L,0.0035,-0.03,-0.07,0.13,0.0165,0,9.708737864,-0.0175,0.1,0.100433929,-0.017575938,0.289205524,1.004339288,
Joey Meneses OAK,R,-0.009153776,-0.012829845,-0.075341219,0.137943585,-0.083366697,0,9.682605311,-0.017746836,0.100308205,0.101368065,-0.01793435,0.290991478,1.010566031,
Victor Scott II SLN,L,0.03785723,0.024183562,-0.067633847,0.123382299,0.016667476,0,9.682981052,-0.017814839,0.100253639,0.097331866,-0.017295647,0.279483283,0.970856187,
Adam Frazier LAA,L,0.00546354,-0.011579333,-0.072590693,0.132429461,-0.012821546,0,9.683351794,-0.017816603,0.100253244,0.099644392,-0.017708401,0.286118744,0.993926862,
Kameron Misner KCA,L,0.012111742,0.004734848,-0.072443182,0.132007576,-0.023323864,0,9.682210708,-0.017830908,0.100226018,0.101014952,-0.017971265,0.290115826,1.007871551,
Caleb Roberts ARI,L,0.007286822,0,-0.072093023,0.131782946,-0.05,0,9.690265487,-0.017793548,0.10025612,0.100623291,-0.017858714,0.288862049,1.003662334,
Bertram Murray CHN,B,0.009558824,0,-0.072058824,0.130882353,-0.082794118,0,9.702970297,-0.017875848,0.100323638,0.102664885,-0.018293016,0.294512276,1.023336933,
Justice Bigbie DET,R,0.004210526,0,-0.072556391,0.131954887,-0.116842105,0,9.685362517,-0.017870303,0.10018481,0.099620834,-0.017769705,0.286170921,0.99437064,
Eddie Rosario NA,L,0.003674912,0,-0.073498233,0.133922261,-0.116607774,0,9.680781759,-0.017855954,0.100182204,0.099890577,-0.017803976,0.286948264,0.997089031,
Christian Cerda ARI,R,0.007058824,0,-0.073529412,0.132352941,0.084117647,0,9.677419355,-0.017948011,0.100508863,0.101813513,-0.018180985,0.291499306,1.012980449,
Damon Dues NA,L,0.014210526,0,-0.073684211,0.131578947,0.016842105,0,9.657142857,-0.017948718,0.1,0.099774582,-0.017908258,0.287113334,0.997745825,
Jorge Bonifacio NA,R,-0.001875,-0.05625,-0.075,0.13125,0.016875,0,9.6,-0.018181818,0.1,0.100596728,-0.018290314,0.289448977,1.005967279,
Weston Wilson BAL,R,0.009879518,-0.009638554,-0.071686747,0.128915663,-0.049879518,0,9.692307692,-0.018086055,0.100005243,0.099364736,-0.017970218,0.285723222,0.993595264,
Gabriel Arias CLE,R,0.012006412,-0.01081674,-0.072696591,0.130543368,0.043234897,0,9.683016905,-0.018097913,0.099971225,0.099839872,-0.018074134,0.28714622,0.998686092,
Ryan Vilade TBA,R,0.00813237,-0.016812476,-0.072270825,0.12974515,-0.04466337,0,9.679144385,-0.018105318,0.099960415,0.099130091,-0.017954926,0.285124766,0.991693475,
Brennan Milone OAK,R,0.006189024,0,-0.07347561,0.131707317,-0.083292683,0,9.687010955,-0.018132406,0.09991633,0.097183661,-0.017636493,0.279629218,0.972650432,
Rubel Cespedes LAA,L,0.006315789,0,-0.073684211,0.131578947,0.016842105,0,9.685534591,-0.017948718,0.1,0.099907128,-0.017932049,0.287209015,0.999071279,
Brady House WAS,R,0.00808571,0.001390663,-0.074031503,0.132524479,0.016668086,0,9.682938853,-0.018156198,0.099913031,0.098615283,-0.017920371,0.283717363,0.987011223,
Riley Alderman MIA,R,0.012164706,0,-0.073647059,0.131764706,-0.05,0,9.685393258,-0.018165648,0.099882044,0.097966659,-0.017817295,0.281930858,0.98082353,
Drew Waters KCA,B,0.012323789,-0.037334802,-0.072577093,0.129955947,0.016674009,0,9.682539472,-0.018158364,0.099912335,0.100911836,-0.018340017,0.290314478,1.010003785,
Harold Ramirez WAS,R,0.004982456,0,-0.076842105,0.137192982,-0.116631579,0,9.682119205,-0.018198378,0.099883335,0.100482902,-0.018307617,0.289152332,1.006002679,
Henry Davis PIT,R,0.004645309,0.006224256,-0.071189931,0.127208238,0.083340961,-0.005139588,9.682956654,-0.018188,0.099884919,0.10021034,-0.018247256,0.28834938,1.00325796,
James McCann ARI,R,-0.006125615,-0.00054783,-0.07113129,0.127052592,0.062682558,-0.038497891,9.683125341,-0.018197216,0.099871742,0.094880128,-0.017287715,0.273030929,0.95001976,
Elehuris Montero NA,R,-0.001716418,0.011007463,-0.073880597,0.131716418,-0.083376866,0,9.677777778,-0.018228078,0.099840152,0.100141064,-0.018283016,0.288251158,1.003013929,
Jack Larsen NA,L,0.004736842,-0.026315789,-0.073684211,0.131578947,-0.050526316,0,9.642857143,-0.017948718,0.1,0.09998019,-0.017945162,0.287187096,0.999801897,
Tim Elko CHA,R,0.004241908,0.003236797,-0.073594549,0.130494037,-0.083287905,0,9.685863874,-0.018329121,0.09974945,0.098995222,-0.01819053,0.285072083,0.992438773,
Hao-Yu Lee DET,R,0.013233083,0,-0.07424812,0.131766917,0.016654135,0,9.68346482,-0.018321716,0.099725797,0.098568007,-0.018109006,0.283909172,0.988390261,
Daniel Cabrera DET,L,0.009473684,0,-0.073684211,0.131578947,-0.050526316,0,9.696969697,-0.017948718,0.1,0.100425284,-0.018025051,0.288446523,1.004252844,
Allan Castro BOS,B,0.01,0,-0.075862069,0.134482759,-0.050344828,0,9.636363636,-0.018552902,0.09951102,0.095418162,-0.017789827,0.27536262,0.958870302,
Aaron Hicks NA,B,0.000196078,-0.002941176,-0.076470588,0.135294118,-0.050098039,0,9.682539683,-0.018329809,0.099638964,0.100828157,-0.018548576,0.290590295,1.011935016,
Vito Friscia NA,R,0.011764706,0,-0.076470588,0.135294118,0.084705882,0,9.67032967,-0.018571429,0.1,0.099864293,-0.018546226,0.286772302,0.998642933,
Carson Roccaforte KCA,L,0.016842105,0,-0.073684211,0.131578947,0.016842105,0,9.666666667,-0.017948718,0.1,0.101054915,-0.018138062,0.290119566,1.01054915,
Brennen Davis SEA,R,0.006568849,0,-0.074717833,0.131828442,-0.05,0,9.680511182,-0.018431646,0.099619984,0.099149092,-0.018344522,0.285725993,0.99527312,
Samad Taylor SDN,R,0.022446524,-0.014171123,-0.07486631,0.131550802,0.016657754,0,9.682791128,-0.018487654,0.099602234,0.101264597,-0.018796213,0.291838835,1.016690014,
Zachary Levenson SLN,R,0.01,0,-0.076470588,0.135294118,0.017058824,0,9.668874172,-0.018571429,0.1,0.095392712,-0.017715789,0.273822873,0.953927124,
Jace Bohrofen TOR,L,0.01,0,-0.073684211,0.131578947,-0.050526316,0,9.705882353,-0.017948718,0.1,0.101681733,-0.018250567,0.291845893,1.016817329,
Nick Fortes TBA,R,0.003988701,-0.041717514,-0.070757062,0.123954802,0.083326554,0.042459277,9.682938672,-0.01855317,0.099515151,0.100266594,-0.018693266,0.289123822,1.007551034,
Isiah Gilliam SEA,B,0.012941176,0,-0.076470588,0.135294118,-0.118235294,0,9.634146341,-0.018571429,0.1,0.100427437,-0.01865081,0.288180549,1.004274375,
Joshua Kuroda-Grauer OAK,R,0.013529412,0,-0.076470588,0.135294118,0.050588235,0,9.675925926,-0.018571429,0.1,0.100794643,-0.018719005,0.289214101,1.00794643,
Nathan Nankil OAK,R,0.008823529,0,-0.076470588,0.135294118,-0.050588235,0,9.666666667,-0.018571429,0.1,0.099150014,-0.018413574,0.284437593,0.991500136,
Scott Bandura SFN,L,0.015263158,0,-0.078947368,0.131578947,-0.050526316,0,9.705882353,-0.019230769,0.1,0.102933533,-0.01979491,0.295272045,1.029335331,
Edwin Rios NA,L,-0.000444444,0.011111111,-0.074814815,0.131111111,-0.083407407,0,9.694323144,-0.018557513,0.099402124,0.099132479,-0.018507173,0.286072869,0.997287334,
Trey Sweeney DET,L,0.006953036,-0.01443299,-0.073883162,0.128751432,0.05,0,9.683370857,-0.018650103,0.099438302,0.098962959,-0.01856095,0.285476786,0.995219719,
Roberto Enriquez NA,L,0.01,0,-0.078947368,0.131578947,-0.050526316,0,9.583333333,-0.019230769,0.1,0.099836601,-0.019199346,0.286309408,0.998366011,
Vidal Brujan NYN,B,0.013855544,-0.045269583,-0.074160732,0.128687691,0.038880977,0,9.682236897,-0.018727602,0.099341067,0.097842922,-0.018445175,0.282411783,0.98491917,
Nicholas Cimillo PIT,R,0.008235294,0,-0.076470588,0.135294118,-0.084705882,0,9.677419355,-0.018571429,0.1,0.098281807,-0.018252336,0.281760182,0.982818073,
Jonah Heim OAK,B,-0.005826087,-0.01826087,-0.07488491,0.129565217,0.083335038,-0.009801021,9.683128779,-0.018783739,0.099294641,0.098950121,-0.018718565,0.285683322,0.99653033,
Ke'Bryan Hayes CIN,R,0.010625159,0.032386508,-0.073903119,0.127415673,0.016667512,0,9.683028419,-0.018850043,0.099221477,0.097854576,-0.01859036,0.282640874,0.986223735,
Travis Blankenhorn NA,L,0.002769231,0,-0.076923077,0.131923077,-0.116538462,0,9.683143219,-0.018934367,0.099216086,0.099366519,-0.018963076,0.286968447,1.001516214,
Henry Bolte OAK,R,0.022,0,-0.077142857,0.134285714,-0.050571429,0,9.708737864,-0.018770508,0.099414172,0.10101664,-0.019073072,0.291113042,1.016119102,
Gosuke Katoh NA,L,0.009473684,0.021052632,-0.078947368,0.131578947,-0.084210526,0,10,-0.019230769,0.098717949,0.098965233,-0.019278942,0.287190604,1.002504962,
Jadher Areinamo TBA,R,0.011034483,0,-0.079310345,0.134482759,0.016896552,0,9.678714859,-0.019342848,0.099237221,0.097653927,-0.01903424,0.281897507,0.984045363,
Ryan Ignoffo MIA,R,0.011153846,0,-0.076923077,0.134615385,0.084230769,0,9.683698297,-0.018804928,0.098725871,0.098243998,-0.018713143,0.285055841,0.99511908,
Mike Moustakas NA,L,-0.007368421,-0.047368421,-0.078947368,0.131578947,0.016842105,0,9.655172414,-0.019230769,0.098717949,0.0985289,-0.019193942,0.285898442,0.998084958,
Blake Perkins MIL,B,0.018863287,-0.010394265,-0.076395289,0.130414747,0.016666667,0,9.683056808,-0.01903859,0.099033844,0.096848231,-0.01861842,0.280037286,0.977930646,
Kyler Fedko MIN,R,0.017647059,0,-0.076470588,0.135294118,-0.084705882,0,10,-0.018571429,0.098571429,0.098642351,-0.018584791,0.286546022,1.000719501,
Anthony Rendon LAA,R,0.004303797,-0.02278481,-0.083544304,0.142405063,0.016708861,0,9.678111588,-0.019089268,0.099061733,0.100572102,-0.019380318,0.290702707,1.015246744,
Eli White ATL,R,0.015825346,-0.009904153,-0.077689031,0.132374867,-0.044728435,0,9.681818182,-0.019075371,0.09899843,0.096625395,-0.018618126,0.279452883,0.976029572,
Stuart Fairchild CLE,R,0.015486726,-0.021828909,-0.078023599,0.132743363,-0.016666667,0,9.684684685,-0.019099968,0.099002101,0.09966513,-0.019227883,0.28821638,1.006697124,
William Bradshaw NA,L,0.008947368,0,-0.078947368,0.131578947,-0.050526316,0,9.545454545,-0.019230769,0.098717949,0.099056017,-0.019296627,0.28725738,1.003424585,
Austin Wynns OAK,R,-0.003467049,0.020286533,-0.075988539,0.129111748,0.083318052,-0.01675862,9.683030111,-0.019124412,0.098953687,0.096291545,-0.018609909,0.27855488,0.973097088,
Tyler Callihan PIT,L,0.013380448,-0.006713781,-0.076914016,0.130624264,0.003333333,0,9.683136066,-0.019141194,0.098930368,0.096957273,-0.018759437,0.280527229,0.98005572,
Aaron Palensky NA,R,0.014117647,0,-0.076470588,0.135294118,-0.050588235,0,9.743589744,-0.018571429,0.098571429,0.098814031,-0.018617136,0.286926445,1.002461184,
Jacob Teter HOU,L,0.009473684,0,-0.078947368,0.131578947,-0.084210526,0,9.76744186,-0.019230769,0.098717949,0.099064694,-0.019298317,0.287215309,1.003512487,
Corey Julks DET,R,0.01,-0.014814815,-0.081069959,0.13744856,-0.050082305,0,9.72972973,-0.019153705,0.098879789,0.098711064,-0.019121022,0.285683688,0.998293642,
Christopher Newell LAN,L,0.01125,0,-0.075,0.129166667,-0.049166667,0,9.75,-0.018744451,0.098929045,0.098022718,-0.018572726,0.283539369,0.990838615,
Thairo Estrada BAL,R,0.009360825,-0.001649485,-0.080309278,0.135876289,0.016659794,0,9.68281682,-0.019208061,0.098875899,0.098407925,-0.01911715,0.284799649,0.995267056,
Pablo Reyes SDN,R,0.006635071,-0.007109005,-0.078672986,0.133649289,-0.050047393,0,9.690721649,-0.019155235,0.098891784,0.100690165,-0.019503579,0.291349663,1.018185342,
Edward Micheletti TOR,L,0.006315789,0,-0.078947368,0.131578947,-0.050526316,0,9.411764706,-0.019230769,0.098717949,0.108126748,-0.021063652,0.313401026,1.095309915,
Pedro Pages SLN,R,-0.002224613,-0.005572289,-0.074827883,0.126549053,0.083326162,0.045449462,9.683022287,-0.019218073,0.098847645,0.09820642,-0.019093405,0.28427288,0.993512996,
Sebastian Walcott TEX,R,0.016470588,0,-0.076470588,0.135294118,0.050588235,0,9.683257919,-0.018571429,0.098571429,0.098606755,-0.018578084,0.286175523,1.000358381,
Connor Wong BOS,R,0.006528695,-0.02404774,-0.077805993,0.131132555,0.083329101,-0.052190353,9.682907603,-0.019285581,0.098781954,0.099170209,-0.019361381,0.287172289,1.003930421,
Maxwell Anderson DET,R,0.005788235,0,-0.078352941,0.131764706,0.016658824,0,9.681681391,-0.019326392,0.098779337,0.099766682,-0.019519568,0.288890013,1.009995466,
Rafael Lantigua TOR,R,0.008536585,0,-0.07804878,0.131707317,0.016666667,0,9.680638723,-0.019234302,0.098776155,0.097715504,-0.019027765,0.282956653,0.989262076,
Michael Gigliotti NA,L,0.011052632,0,-0.078947368,0.131578947,-0.050526316,0,9.615384615,-0.019230769,0.098717949,0.099089021,-0.019303056,0.287080068,1.003758913,
Franklin Arias BOS,R,0.011176471,0,-0.082352941,0.135294118,0.050588235,0,9.701492537,-0.02,0.098571429,0.103058114,-0.020910342,0.298988616,1.0455171,
Luis Toribio NA,L,0.0075,0,-0.075,0.13,0.0165,0,9.693251534,-0.018964367,0.09861471,0.098516525,-0.018945486,0.285569392,0.999004359,
Jackson Castillo NYA,L,0.011052632,0,-0.078947368,0.131578947,-0.050526316,0,9.615384615,-0.019230769,0.098717949,0.100860913,-0.01964823,0.292055217,1.021707948,
Cade Marlowe OAK,L,0.020333333,-0.013333333,-0.080666667,0.134666667,-0.050133333,0,9.702380952,-0.019504945,0.098653109,0.100607327,-0.019891318,0.291489963,1.019808987,
Jake Holton SFN,R,0.003962264,0,-0.079245283,0.132075472,-0.083773585,0,9.662162162,-0.019463912,0.098709837,0.097149138,-0.019156168,0.281303857,0.984189016,
Ryan Ritter COL,R,0.010919503,0.013874346,-0.075032723,0.12513089,0.019047775,0,9.682946573,-0.019488836,0.098583084,0.097569315,-0.019288425,0.282854078,0.989716606,
Bryan De La Cruz PHI,R,-0.002985853,-0.029337305,-0.083767684,0.139538347,-0.05,0,9.682323929,-0.019515164,0.098547242,0.097283354,-0.019264878,0.282099019,0.987174798,
Niko Hulsizer NA,R,0.010588235,0,-0.082352941,0.135294118,-0.050588235,0,9.565217391,-0.02,0.098571429,0.098781829,-0.02004269,0.286366948,1.002134499,
Tristan Gray MIN,L,0.002552574,-0.005946338,-0.077810007,0.129586657,0.009260334,0,9.683274691,-0.019520052,0.098546244,0.098662813,-0.019543142,0.286085008,1.001182893,
Braxton Fulford COL,R,0.008079748,-0.013676111,-0.077404687,0.128541448,0.083329836,-0.059790211,9.683178127,-0.019568875,0.098498732,0.098179598,-0.019505472,0.284771345,0.996760011,
Orlando Arcia MIN,R,-0.000721925,0.012388592,-0.076871658,0.127540107,0.02618984,0,9.683158995,-0.019591931,0.098470748,0.096800728,-0.019259661,0.280816318,0.98304045,
William Bergolla CHA,L,0.017894737,0,-0.078947368,0.131578947,0.050526316,0,9.663865546,-0.019230769,0.098717949,0.100622259,-0.019601739,0.291136863,1.019290414,
William Trimble BAL,B,0.019411765,0,-0.082352941,0.135294118,-0.050588235,0,9.736842105,-0.02,0.098571429,0.098906698,-0.020068026,0.286596493,1.003401288,
Jake Lamb NA,L,-0.004736842,-0.005263158,-0.084210526,0.136842105,-0.085263158,0,9.642857143,-0.020253165,0.098734177,0.098657119,-0.020237358,0.285317147,0.999219538,
James Higgins NA,L,0.007894737,0,-0.078947368,0.131578947,-0.084210526,0,9.782608696,-0.019230769,0.098717949,0.098999235,-0.019285565,0.286343587,1.002849392,
Leandro Cedeno SDN,R,0.007058824,0,-0.082352941,0.135294118,-0.084705882,0,9.76744186,-0.02,0.098571429,0.099095864,-0.020106407,0.287027004,1.005320355,
Travis Swaggerty NA,L,0.010526316,-0.005263158,-0.078947368,0.131578947,-0.050526316,0,10,-0.019230769,0.098717949,0.098675129,-0.019222428,0.285340179,0.999566247,
Jeter Downs NA,R,0.016875,-0.05,-0.08125,0.13125,0.05,0,9.63963964,-0.02,0.098461538,0.098694207,-0.020047261,0.286098468,1.002363039,
Daniel Montano NA,L,0.009473684,0,-0.078947368,0.131578947,-0.050526316,0,9.565217391,-0.019230769,0.098717949,0.098982488,-0.019282303,0.28617583,1.00267975,
Grant McCray SFN,L,0.015515892,0.012811736,-0.080684597,0.131589242,-0.021432763,0,9.682968788,-0.019928954,0.098135002,0.098434726,-0.019989821,0.286117199,1.003054202,
Austin Allen NA,L,0.002903226,0.003225806,-0.080645161,0.132258065,0.084516129,0.000333333,9.692982456,-0.019616062,0.098080312,0.098127248,-0.01962545,0.285370496,1.00047854,
Gregory Polanco NA,L,-0.004210526,-0.036842105,-0.084210526,0.131578947,-0.050526316,0,9.655172414,-0.020512821,0.098717949,0.098474931,-0.020462323,0.284509883,0.997538263,
Shin-Soo Choo NA,L,-0.012631579,0,-0.084210526,0.131578947,-0.026842105,0,10,-0.020512821,0.098717949,0.099199197,-0.02061282,0.286560198,1.00487498,
Kevin Kiermaier NA,L,0.011764706,-0.009663866,-0.078991597,0.128571429,0.016680672,0,9.684524386,-0.019970166,0.098045018,0.098081019,-0.019977499,0.285270712,1.000367197,
T.J. Hopkins NA,R,0.01,-0.01875,-0.08125,0.13125,-0.050625,0,10,-0.01969697,0.098484848,0.098317463,-0.019663493,0.28468133,0.998300393,
Darick Hall NA,L,0.000774648,0.01056338,-0.080985915,0.131690141,-0.083380282,0,9.680511182,-0.019965191,0.09808985,0.098143488,-0.019976108,0.285307927,1.000546821,
Patrick Morris NA,L,0.01,0,-0.084210526,0.131578947,-0.084210526,0,9.622641509,-0.020512821,0.097435897,0.097465195,-0.020518988,0.285236741,1.000300686,
Samuel Brown WAS,L,0.005279188,0,-0.081218274,0.131979695,-0.05,0,9.674796748,-0.020033908,0.098040936,0.098482248,-0.020124087,0.286412454,1.00450131,
Dylan Moore PHI,R,0.025939742,-0.003730273,-0.080846485,0.131133429,-0.033321377,0,9.682623942,-0.020036189,0.098029766,0.096418625,-0.01970689,0.280424153,0.983564775,
Drew Mount NA,L,0.009473684,0,-0.084210526,0.131578947,-0.084210526,0,9.62962963,-0.020512821,0.097435897,0.097796316,-0.020588698,0.286122476,1.003699033,
Marcus Wilson NA,R,0.01375,-0.025,-0.08125,0.13125,-0.050625,0,9.5,-0.01969697,0.098484848,0.09880646,-0.019761292,0.285917651,1.003265591,
Brett Squires KCA,L,0.012105263,0,-0.084210526,0.131578947,-0.084210526,0,9.591836735,-0.020512821,0.097435897,0.099395372,-0.020925342,0.290698821,1.020110402,
Patrick Clohisy ATL,L,0.029473684,0,-0.084210526,0.131578947,-0.050526316,0,9.615384615,-0.020512821,0.097435897,0.095971288,-0.020204482,0.280684497,0.984968477,
Alejo Lopez SEA,B,0.007058824,-0.029411765,-0.082352941,0.129411765,0.016470588,0,9.722222222,-0.020289855,0.098550725,0.097894327,-0.020154714,0.283059041,0.99333949,
Max Schuemann NYA,R,0.013066826,-0.013126492,-0.079832936,0.128520286,0.033353222,0,9.682875128,-0.020191712,0.097880004,0.09783336,-0.02018209,0.284799215,0.999523453,
Zack Collins NA,L,0.003684211,-0.010526316,-0.084210526,0.131578947,0.083157895,-0.0255,9.684210526,-0.020779221,0.097402597,0.097996802,-0.020905984,0.286604831,1.0061005,
Charles Condon COL,R,0.006710223,0,-0.082167563,0.131744812,-0.087924673,0,9.683566639,-0.020267711,0.09780261,0.099547705,-0.020629349,0.289909177,1.017843031,
Chris Gittens NA,R,0.005625,0.00625,-0.08125,0.13125,-0.085,0,9.736842105,-0.01969697,0.098484848,0.098498698,-0.01969974,0.284823048,1.000140626,
Manuel Pena ARI,L,0.006842105,0,-0.084210526,0.131578947,-0.084210526,0,9.661016949,-0.020512821,0.097435897,0.099169279,-0.020877743,0.28983605,1.017789971,
Michael Antico SLN,L,0.015496689,0,-0.082781457,0.131788079,-0.050066225,0,9.688888889,-0.020389645,0.097707178,0.096948971,-0.020231421,0.282540342,0.992240007,
Derek Hill CHA,R,0.016443515,-0.017782427,-0.081659693,0.130474198,0.00555788,0,9.682964465,-0.020343449,0.09772152,0.094853238,-0.019746336,0.276378545,0.970648408,
Alexander Canario NA,R,0.001056911,0.004878049,-0.084552846,0.134146341,-0.049918699,0,9.718309859,-0.020521585,0.097674854,0.095193848,-0.020000324,0.277399235,0.974599338,
David Villar NA,R,0.001345455,0.027272727,-0.082181818,0.130181818,-0.083381818,0,9.6875,-0.020506631,0.09763334,0.097214997,-0.020418763,0.283355643,0.995715165,
Ah-seop Son NA,L,-0.008421053,0,-0.084210526,0.131578947,-0.026842105,0,9.583333333,-0.020512821,0.097435897,0.096147828,-0.020241648,0.28079624,0.98678034,
Anthony Prato NA,R,0.010943396,0,-0.083018868,0.132075472,0.016792453,0,9.69047619,-0.020390765,0.097782984,0.097908976,-0.020417038,0.284910631,1.001288486,
Leandro Pineda WAS,L,0.007894737,0,-0.084210526,0.131578947,-0.050526316,0,10,-0.020512821,0.097435897,0.096976765,-0.020416161,0.283186267,0.995287853,
Jonatan Clase TOR,B,0.027038896,-0.008531995,-0.08055207,0.127478043,-0.016662484,0,9.683607615,-0.020544919,0.097540363,0.096482234,-0.020322045,0.28140283,0.989151883,
Johan Rojas PHI,R,0.036829507,0.014948705,-0.079579873,0.125696141,0.01666341,0,9.682880302,-0.020572564,0.097508143,0.096736971,-0.02040986,0.282205304,0.992091206,
Yasmani Grandal NA,B,-0.015888889,-0.066111111,-0.081111111,0.127777778,0.083166667,0.065222221,9.681255391,-0.020631465,0.097504867,0.098593635,-0.020861842,0.287608051,1.011166293,
Diego Rincones NA,R,0.010588235,0,-0.082352941,0.135294118,-0.050588235,0,9.565217391,-0.02,0.097142857,0.097316797,-0.020035811,0.284924262,1.00179056,
Logan Driscoll TBA,L,0.004644351,0.00083682,-0.082426778,0.130125523,0.083430962,0.012458333,9.682151825,-0.020604507,0.097479189,0.098125323,-0.020741082,0.286269019,1.006628428,
Micah Pries NA,L,0.009473684,0,-0.084210526,0.131578947,-0.084210526,0,9.62962963,-0.020512821,0.097435897,0.097706911,-0.020569876,0.285172995,1.002781452,
Seth Beer NA,L,0.000882353,0,-0.085294118,0.132352941,-0.117647059,0,9.673469388,-0.020861907,0.097115774,#N/A,#N/A,#N/A,#N/A,
Noah Myers TBA,L,0.016315789,0,-0.084210526,0.131578947,-0.050526316,0,9.615384615,-0.020512821,0.097435897,0.098181808,-0.020669854,0.286486505,1.007655394,
Emmanuel Rivera NA,R,-0.001383812,-0.021148825,-0.084334204,0.132114883,0.016684073,0,9.680531024,-0.020734824,0.097318862,0.097263782,-0.020723088,0.284098115,0.99943402,
Jhostynxon Garcia PIT,R,0.008375315,-0.011103542,-0.084193955,0.131706549,-0.038038413,0,9.682476273,-0.020773707,0.097296149,0.094641833,-0.020206984,0.276442908,0.972719208,
Carlos Perez HOU,R,-0.005302013,0.005369128,-0.084563758,0.131543624,0.083422819,-0.037333335,9.685094332,-0.020840079,0.097253701,0.095722869,-0.020512043,0.279677307,0.984259395,
Sandro Fabian NA,R,0.004170616,-0.013270142,-0.08436019,0.131753555,-0.049952607,0,9.68503937,-0.020796316,0.097205255,0.09575135,-0.020485265,0.279887147,0.985042944,
Kyoung-min Hur NA,R,-0.004117647,0,-0.088235294,0.135294118,0.017058824,0,9.714285714,-0.021428571,0.097142857,0.097907327,-0.021597204,0.286358917,1.007869539,
Elijah Dunham LAA,L,0.011066667,0,-0.084888889,0.132,-0.05,0,9.684210526,-0.020932917,0.097212027,0.095891914,-0.020648653,0.28020846,0.986420269,
Alexander McGarry NA,L,0.010526316,0,-0.084210526,0.131578947,-0.084210526,0,9.615384615,-0.020512821,0.097435897,0.097489214,-0.020524045,0.284185421,1.000547199,
Denzel Clarke OAK,R,0.020513329,-0.005223343,-0.079142651,0.122766571,0.016667867,0,9.682950038,-0.020952401,0.097118239,0.093525758,-0.020177354,0.273472462,0.963009194,
Raul Melendez ARI,R,0.003137255,0,-0.084313725,0.131372549,-0.083529412,0,9.659090909,-0.020744834,0.096970039,0.09550171,-0.020430714,0.27967601,0.984857911,
Blake Sabol TBA,L,0.007190083,-0.051239669,-0.083195592,0.129201102,0.083250689,-0.00225,9.681774349,-0.020936841,0.097127531,0.096351603,-0.020769582,0.281706394,0.992011247,
Taylor Kohlwey NA,L,0.005263158,-0.021052632,-0.084210526,0.131578947,-0.050526316,0,9.72972973,-0.020512821,0.097435897,0.097206925,-0.020464616,0.283276736,0.997650015,
Corey Rosier BOS,L,0.017,0,-0.086666667,0.133333333,-0.050666667,0,9.75,-0.021151894,0.096810593,0.097018652,-0.021197353,0.284463039,1.002149137,
Jairo Pomares NA,L,0.010447761,0,-0.086567164,0.132835821,-0.050298507,0,9.772727273,-0.021208211,0.096899586,0.096698216,-0.021164138,0.283260125,0.997921878,
Yunior Severino MIN,B,0.005016502,0,-0.085478548,0.131683168,0.016666667,0,9.684557439,-0.021077451,0.097005104,0.097167513,-0.02111274,0.284321225,1.001674235,
Tom Murphy NA,R,-0.000734788,-0.031802526,-0.085419059,0.131343284,0.083318025,-0.041965517,9.683441836,-0.021138857,0.096943251,0.096948286,-0.021139954,0.283775736,1.000051931,
Brandon Lockridge MIL,R,0.027718041,-0.005973716,-0.085185185,0.130704898,-0.027777778,0,9.683562848,-0.02118111,0.096874616,0.097259908,-0.021265352,0.284805248,1.003977228,
Trey Mancini LAA,R,-0.006193182,-0.013920455,-0.086079545,0.131818182,-0.083352273,0,9.680800842,-0.021225444,0.096810439,0.094371274,-0.020690663,0.276478016,0.974804727,
Michael Toglia CIN,B,0.00349096,-0.005563282,-0.087343533,0.13379694,-0.083379694,0,9.682320108,-0.021220243,0.096842702,0.09678033,-0.021206576,0.283441333,0.999355954,
Mitchell Jebb PIT,L,0.017368421,0,-0.089473684,0.131578947,0.016842105,0,9.666666667,-0.021794872,0.097435897,0.098522918,-0.022038021,0.286788185,1.011156267,
Dayan Viciedo NA,R,-0.004117647,0,-0.088235294,0.135294118,-0.027058824,0,9.642857143,-0.021428571,0.097142857,0.095833426,-0.021139726,0.279794989,0.986520563,
Xavier FernÃ¡ndez NA,R,0.01,0,-0.088235294,0.135294118,-0.084705882,0,9.591836735,-0.021428571,0.097142857,0.097579655,-0.021524924,0.284856107,1.004496447,
Nicky Lopez COL,L,0.016752577,0.00371134,-0.088659794,0.135257732,0.016670103,0,9.682880305,-0.021297168,0.096778294,0.0976385,-0.021486466,0.286082417,1.008888416,
Oswald Peraza LAA,R,0.018284641,-0.003672788,-0.084599332,0.129048414,0.000792988,0,9.683321818,-0.021306456,0.096756747,0.097773913,-0.021530442,0.286513673,1.010512614,
Luis Lara MIL,B,0.020588235,0,-0.088235294,0.135294118,-0.050588235,0,9.666666667,-0.021428571,0.097142857,0.099523458,-0.021953704,0.290479262,1.024506181,
Miguel Sano NA,R,-0.003821656,-0.077070064,-0.089171975,0.13566879,0.016687898,0,9.68641115,-0.021358973,0.096725634,0.096046999,-0.021209117,0.28149009,0.992983925,
Kevin Alcantara CHN,R,0.011353591,-0.001519337,-0.086464088,0.131353591,-0.016671271,0,9.683655876,-0.021395733,0.09665676,0.096478414,-0.021356254,0.282892058,0.998154854,
Benjamin Norman NA,L,0.011052632,0,-0.089473684,0.131578947,-0.050526316,0,10,-0.021794872,0.096153846,0.096573563,-0.021890008,0.284649109,1.004365055,
Tyler Heineman TOR,B,0.000852174,-0.001101449,-0.084463768,0.128173913,0.083327536,0.04955814,9.683020271,-0.021415995,0.096643904,0.093009132,-0.020610541,0.272735568,0.962390058,
Josh VanMeter NA,L,0.004210526,-0.036842105,-0.089473684,0.136842105,0.016842105,0,9.677419355,-0.021518987,0.096202532,0.096955035,-0.02168731,0.285589565,1.007822075,
Jace Peterson NA,L,0.008157895,-0.089473684,-0.086842105,0.128947368,0.049473684,0,9.75,-0.021729112,0.096793316,0.097443456,-0.021875062,0.285262263,1.00671679,
Drew Cavanaugh SFN,L,0.007368421,0,-0.089473684,0.131578947,0.084210526,0,9.694656489,-0.021794872,0.096153846,0.09973332,-0.022606219,0.293797525,1.037226525,
Chase Davis SLN,L,0.008421053,0,-0.089473684,0.131578947,-0.050526316,0,#DIV/0!,-0.021794872,0.096153846,0.096023158,-0.021765249,0.282799108,0.998640841,
Matthew Kroon NA,R,0.017647059,0,-0.088235294,0.135294118,-0.050588235,0,9.6,-0.021428571,0.097142857,0.097343305,-0.021472788,0.283753301,1.002063436,
Kris Bryant COL,R,-0.001764706,0.001237624,-0.090522876,0.136111111,-0.105522876,0,9.682498334,-0.02161511,0.096448652,0.09590451,-0.021493163,0.281553525,0.994358222,
Jorge Burgos TOR,L,0.006842105,0,-0.089473684,0.131578947,-0.084210526,0,9.710144928,-0.021794872,0.096153846,0.096742916,-0.021928394,0.284760916,1.006126327,
Nick Pratto TEX,L,0.004662577,0.009202454,-0.088343558,0.13190184,-0.083404908,0,9.68,-0.021768565,0.096371252,0.095772252,-0.021633262,0.281246961,0.993784446,
Kwang-Min Kwon NA,L,0.009473684,0,-0.089473684,0.131578947,-0.026842105,0,9.591836735,-0.021794872,0.096153846,0.095862906,-0.021728925,0.282098842,0.996974226,
Josh Sale NA,L,0,0,-0.089473684,0.131578947,-0.050526316,0,9.411764706,-0.021794872,0.096153846,0.096423722,-0.021856044,0.283674966,1.002806714,
Andrew Knizner SEA,R,-0.000263897,-0.019427288,-0.084278495,0.125435149,0.083335205,0.001780899,9.683211457,-0.021834009,0.096223832,0.095825964,-0.02174373,0.281705365,0.995865188,
Patrick Bailey SFN,B,0.001147126,0.003934907,-0.084273709,0.125356809,0.083334667,0.176459999,9.683002349,-0.021849824,0.096218077,0.09522676,-0.02162471,0.279946737,0.98969719,
Austin Murr PHI,L,0.01,0,-0.089473684,0.131578947,-0.050526316,0,10,-0.021794872,0.096153846,0.097477609,-0.022094925,0.28674302,1.013767134,
Darrien Miller MIL,L,0.005384615,0,-0.088461538,0.132051282,0.083333333,0,9.681050657,-0.021819403,0.096131864,0.098204186,-0.022289766,0.288935159,1.021557072,
Raynel Delgado TBA,L,0.017234043,0,-0.089361702,0.131914894,0.05,0,9.681050657,-0.022082539,0.096216776,0.094741584,-0.02174397,0.278474952,0.984668036,
Corey Dickerson NA,L,-0.0015,-0.025,-0.09,0.135,-0.0505,0,9.696969697,-0.02195122,0.096341463,0.096142178,-0.021905813,0.282212024,0.997931463,
Bryce Johnson SDN,B,0.016197737,-0.015395967,-0.089129365,0.132021643,-0.023330054,0,9.681945744,-0.021938233,0.096131109,0.09378592,-0.021403034,0.275852105,0.975604262,
Maxwell Costes NA,R,0.01,0,-0.088235294,0.135294118,-0.084705882,0,9.591836735,-0.021428571,0.095714286,0.095540024,-0.021389558,0.282196284,0.998179356,
Ezequiel Pagan NA,L,0.008695652,0,-0.086956522,0.130434783,-0.05,0,10,-0.021482143,0.095595535,0.095671957,-0.021499316,0.282929,1.000799426,
Tatem Levins TBA,L,0.005789474,0,-0.089473684,0.131578947,0.084210526,0,9.691119691,-0.021794872,0.096153846,0.095974731,-0.021754272,0.282152426,0.998137202,
Taylor Jones NA,R,0.005625,0.00625,-0.09375,0.13125,-0.085,0,9.661016949,-0.022727273,0.095454545,0.09532147,-0.022695588,0.282272926,0.998605872,
Agustin Ruiz MIN,L,0.007894737,0,-0.089473684,0.131578947,-0.050526316,0,10,-0.021794872,0.096153846,0.096259921,-0.021818915,0.282960813,1.001103181,
Trei Cruz DET,B,0.007340877,0,-0.089250354,0.131683168,0.03330976,0,9.683481542,-0.022028144,0.096037121,0.094744075,-0.021731556,0.278841433,0.986535972,
Tucker Flint LAA,L,0.00943662,0,-0.08943662,0.131924883,-0.050046948,0,9.638554217,-0.022041037,0.096031814,0.095508068,-0.021920828,0.28109951,0.99454612,
Nasim Nunez WAS,B,0.035012187,0.015738162,-0.086733983,0.127245822,0.025759053,0,9.682935094,-0.022154022,0.095913307,0.093943124,-0.02169895,0.276681415,0.979458713,
Homer Bush TBA,R,0.027058824,0,-0.094117647,0.135294118,0.017058824,0,9.666666667,-0.022857143,0.095714286,0.096409917,-0.023023264,0.28453099,1.007267787,
Drew Lugbauer OAK,L,0.007368421,0,-0.089473684,0.131578947,-0.084210526,0,9.705882353,-0.021794872,0.096153846,0.09621409,-0.021808527,0.282613956,1.000626533,
Chad Pinder NA,R,0.005333333,-0.026666667,-0.093333333,0.133333333,-0.050666667,0,9.6,-0.022580645,0.09516129,0.094835319,-0.022503296,0.281451585,0.99657454,
Nicholas Morabito NYN,R,0.025882353,0,-0.094117647,0.135294118,-0.050588235,0,9.655172414,-0.022857143,0.095714286,0.096238409,-0.022982307,0.283939361,1.005475918,
Brian Miller NA,L,0.012631579,-0.073684211,-0.089473684,0.131578947,0.016842105,0,10,-0.021794872,0.096153846,0.096502942,-0.021874,0.283395172,1.003630598,
Stephen Scott NA,L,0.006734694,0,-0.089795918,0.130612245,0.082653061,0,9.681335357,-0.022319101,0.095870683,0.096201953,-0.022396222,0.283328638,1.003455384,
Taylor Walls TBA,B,0.025753327,-0.022718631,-0.088331749,0.128897338,0.04147576,0,9.68300304,-0.022272235,0.095799972,0.093943815,-0.021840703,0.276870546,0.980624656,
DaShawn Keirsey Jr. ATL,L,0.019877551,0.008163265,-0.091428571,0.133061224,-0.05,0,9.678714859,-0.022356407,0.095713368,0.094519385,-0.022077521,0.278771516,0.987525429,
William Gleed MIA,R,0.01,0,-0.094117647,0.135294118,0.017058824,0,9.666666667,-0.022857143,0.095714286,0.094419315,-0.022547896,0.278423394,0.986470454,
Luis Guillorme NA,L,0.002835821,-0.022014925,-0.089179104,0.129477612,0.016641791,0,9.684210526,-0.022374868,0.095678307,0.096367207,-0.022535971,0.284202678,1.007200166,
Jose Rodriguez PHI,R,0.014857143,0,-0.091428571,0.134285714,0.016857143,0,9.666666667,-0.022311881,0.095522739,0.095609149,-0.022332064,0.282281122,1.000904605,
Kendall George LAN,L,0.032105263,0,-0.094736842,0.131578947,0.016842105,0,9.702380952,-0.023076923,0.096153846,0.105391386,-0.025293933,0.309110491,1.096070418,
Blake Dunn CIN,R,0.016940874,-0.031748072,-0.090874036,0.130976864,0,0,9.68503937,-0.022545977,0.095541366,0.095721352,-0.02258845,0.282539262,1.001883854,
Edwin Arroyo CIN,B,0.009785235,0,-0.091409396,0.131677852,0.016657718,0,9.682446912,-0.022550188,0.095532,0.095764676,-0.022605111,0.282674807,1.002435589,
Robert Tenerowicz SDN,R,0.001904762,0,-0.095238095,0.133333333,-0.084761905,0,9.690721649,-0.023109392,0.095903977,0.0958664,-0.023100337,0.281849525,0.999608189,
Eduardo Gonzalez PIT,L,0.007272727,0,-0.092207792,0.132467532,-0.05012987,0,9.523809524,-0.022666222,0.095453526,0.095703837,-0.02272566,0.282653274,1.002622339,
Nathan Baez BOS,R,0.005384615,0,-0.092307692,0.134615385,0.084230769,0,9.689265537,-0.022565913,0.094964886,0.093757446,-0.022278997,0.278284163,0.987285407,
Ramon Mendoza SLN,R,0.007222222,0,-0.088888889,0.127777778,0.016111111,0,9.655172414,-0.022540505,0.095797147,0.096045936,-0.022599044,0.28258699,1.002597045,
J.P. Martinez ATL,L,0.02057554,-0.009352518,-0.092086331,0.131654676,-0.05,0,10,-0.022753386,0.095279805,0.095388651,-0.022779379,0.282113916,1.001142389,
Conner Capel COL,L,0.009690722,0,-0.092783505,0.131958763,-0.117010309,0,9.677891654,-0.022852099,0.095217078,0.094487174,-0.022676922,0.279611034,0.992334321,
Willie MacIver TEX,R,0.009067164,-0.013059701,-0.090298507,0.128731343,0.083320896,-0.048370372,9.68332843,-0.022792593,0.095267386,0.093570393,-0.022386589,0.276678164,0.982187053,
Dairon Blanco TEX,R,0.044147583,-0.008142494,-0.091857506,0.131043257,-0.049949109,0,9.6875,-0.022798589,0.095236211,0.094874528,-0.022712006,0.280603275,0.996202245,
Eric Hosmer NA,L,-0.006315789,-0.015789474,-0.089473684,0.131578947,-0.082105263,0,9.672131148,-0.022368421,0.094736842,0.095228027,-0.022484395,0.283130382,1.005184727,
Gavin Cross KCA,L,0.014102564,0,-0.092307692,0.132051282,-0.05,0,9.677419355,-0.022768073,0.095183195,0.089522023,-0.021413906,0.264893717,0.940523414,
Tristin English ATL,R,0.002747253,0.003296703,-0.092307692,0.130769231,-0.083296703,0,9.671232877,-0.02293916,0.095033662,0.093972585,-0.022683038,0.278402463,0.98883473,
Jonathan Butler NA,L,0.011052632,0,-0.094736842,0.131578947,-0.050526316,0,10,-0.023076923,0.094871795,0.094733568,-0.0230433,0.281081871,0.998543017,
Nathaniel Hickey BOS,L,0.004482759,0,-0.093103448,0.132758621,-0.083965517,0,9.665271967,-0.022770974,0.095300745,0.094634336,-0.022611744,0.279503752,0.993007304,
Cesar Salazar HOU,L,0.003978947,-0.024315789,-0.093157895,0.131684211,0.083352632,0.020289474,9.682924847,-0.022989427,0.095087907,0.094006003,-0.022727855,0.278250645,0.988622061,
David McCabe ATL,B,0.007647059,0,-0.094117647,0.135294118,-0.084705882,0,9.682539683,-0.022857143,0.095714286,0.098157095,-0.0234405,0.288549043,1.025521889,
Nori Aoki NA,L,-0.011578947,0,-0.094736842,0.131578947,-0.026842105,0,10,-0.023076923,0.094871795,0.095406123,-0.023206895,0.282906435,1.005632105,
Eddys Leonard MIL,R,0.010588235,0,-0.094117647,0.135294118,-0.050588235,0,10,-0.022857143,0.094285714,0.09540434,-0.023128325,0.284567584,1.011864211,
Shane McGuire OAK,L,0.006141002,0,-0.093877551,0.131725417,0.083283859,0,9.682427664,-0.023166324,0.094908674,0.095448671,-0.023298132,0.282831107,1.005689654,
Angel Genao CLE,B,0.010588235,0,-0.094117647,0.135294118,0.050588235,0,9.666666667,-0.022857143,0.094285714,0.095642988,-0.023186179,0.285273326,1.014395328,
William Bush HOU,L,0.008421053,0,-0.094736842,0.131578947,-0.117894737,0,9.65034965,-0.023076923,0.094871795,0.096608883,-0.023499458,0.286306979,1.01830985,
Adam Haseley NA,L,0.011052632,-0.010526316,-0.094736842,0.136842105,-0.051052632,0,9.411764706,-0.02278481,0.094936709,0.094721172,-0.022733081,0.280510701,0.997729677,
Drew Avans COL,L,0.017296512,-0.002906977,-0.094186047,0.131976744,-0.05002907,0,9.736842105,-0.023219704,0.094813789,0.094198056,-0.023068912,0.279322187,0.993505865,
Pedro Ramirez CHN,B,0.013529412,0,-0.094117647,0.135294118,0.017058824,0,9.682539683,-0.022857143,0.094285714,0.096684547,-0.023438678,0.288293837,1.02544217,
Andrew Bechtold PHI,R,0.010588235,0,-0.094117647,0.135294118,0.017058824,0,9.669421488,-0.022857143,0.094285714,0.094190535,-0.022834069,0.280851201,0.998990524,
Christian Koss SFN,R,0.011886364,-0.010795455,-0.092386364,0.128977273,0.011897727,0,9.682645147,-0.023280177,0.094810168,0.092560477,-0.022727776,0.274432881,0.976271619,
Dylan O'Rae MIL,L,0.02025,0,-0.0925,0.13,0.0165,0,9.674267101,-0.023084338,0.094832956,0.097351053,-0.023697296,0.288543508,1.026552967,
Carter Williams NA,L,0.01,0,-0.094736842,0.131578947,-0.050526316,0,10,-0.023076923,0.094871795,0.094731255,-0.023042738,0.280656627,0.99851863,
Christian Knapczyk CLE,L,0.008947368,0,-0.094736842,0.131578947,0.016842105,0,9.674796748,-0.023076923,0.094871795,0.091666012,-0.022297138,0.271518346,0.966209321,
Jamie Westbrook NA,R,0.000247934,-0.013636364,-0.095454545,0.132644628,0.016652893,0,9.683481701,-0.023399327,0.094711561,0.094791028,-0.02341896,0.281235773,1.00083905,
Terrin Vavra NA,L,0.003870968,-0.025806452,-0.096774194,0.132258065,0.016774194,0,9.690721649,-0.023756358,0.095025432,0.095285781,-0.023821445,0.281706706,1.002739782,
Sean Bouchard NA,R,0.007932961,-0.015083799,-0.095530726,0.132960894,-0.05,0,9.671232877,-0.023351662,0.094635683,0.094769714,-0.023384735,0.281324872,1.001416283,
Camden Duzenack NA,R,0.010588235,0,-0.094117647,0.135294118,0.050588235,0,9.666666667,-0.022857143,0.094285714,0.094617165,-0.022937495,0.281902525,1.003515387,
Will Robertson BAL,L,0.004,-0.005714286,-0.092857143,0.128571429,-0.049714286,0,9.649122807,-0.023407821,0.094711643,0.09321269,-0.023037357,0.276413985,0.9841735,
Drew Campbell NA,L,0.010526316,0,-0.094736842,0.131578947,-0.050526316,0,10,-0.023076923,0.094871795,0.095312878,-0.023184213,0.282089435,1.00464925,
Connor Charping SEA,R,0.011764706,0,-0.1,0.135294118,0.084705882,0,9.696969697,-0.024194495,0.093931569,0.095412328,-0.024575903,0.285195106,1.015764226,
Nick Gordon NA,L,0.006594595,-0.01,-0.094864865,0.131081081,-0.05,0,9.680365297,-0.023533592,0.094536651,0.094480948,-0.023519725,0.280581578,0.999410779,
Javier Valdes NA,R,0.01,0,-0.094117647,0.135294118,-0.118235294,0,9.661016949,-0.022857143,0.094285714,0.094543689,-0.022919682,0.281512143,1.002736098,
Hunter Fitz-Gerald SEA,L,0.008947368,0,-0.094736842,0.131578947,-0.084210526,0,9.733333333,-0.023076923,0.094871795,0.094932032,-0.023091575,0.280900239,1.000634931,
Andre Lipcius NA,R,0.004684385,-0.019933555,-0.095681063,0.131561462,0.016644518,0,9.680759275,-0.023610237,0.094522928,#N/A,#N/A,#N/A,#N/A,
Leonardo Bernal SLN,B,0.010588235,0,-0.1,0.135294118,0.084705882,0,9.694323144,-0.024285714,0.094285714,0.093382122,-0.024052971,0.277999992,0.990416445,
Seth Stephenson DET,R,0.025882353,0,-0.1,0.135294118,0.017058824,0,9.708029197,-0.024285714,0.094285714,0.091048149,-0.023451796,0.271044959,0.965662185,
Oscar Colas NA,L,0.005685393,-0.01011236,-0.095955056,0.131910112,-0.05,0,9.681978799,-0.023634196,0.094426083,0.094597739,-0.02367716,0.281136144,1.001817879,
Jeferson Morales MIN,R,0.005294118,0,-0.096078431,0.131372549,-0.050196078,0,9.607843137,-0.023639462,0.094557849,0.094751725,-0.023687931,0.281158292,1.002050345,
Yohandy Morales WAS,R,0.006917599,0,-0.096134283,0.131739573,-0.083346897,0,9.683880543,-0.023707911,0.094354977,0.095856479,-0.024085183,0.285021594,1.015913322,
Benjamin Malgeri DET,R,0.008,0,-0.096923077,0.132307692,-0.050153846,0,9.777777778,-0.023840105,0.094225179,0.097285537,-0.024614413,0.289602155,1.032479197,
Diego Castillo NA,R,0.005949367,0.008860759,-0.096202532,0.13164557,0.016666667,0,9.682539091,-0.023759634,0.094309072,0.094533678,-0.023816219,0.281115913,1.002381593,
Victor Bericoto SFN,R,0.006722689,0,-0.096638655,0.131092437,-0.049915966,0,9.719626168,-0.023894115,0.094329809,0.094666689,-0.023979448,0.281433505,1.003571294,
Mario Camilletti CHA,L,0.007368421,0,-0.1,0.131578947,-0.050526316,0,9.565217391,-0.024358974,0.094871795,0.095139759,-0.024427776,0.281223073,1.002824484,
Drew Ellis NA,R,0.008125,0.04375,-0.1,0.13125,-0.085,0,10,-0.024242424,0.093939394,0.093990733,-0.024255673,0.280567251,1.000546517,
Cooper Kinney TBA,L,0.006315789,0,-0.1,0.131578947,0.016842105,0,9.719626168,-0.024358974,0.093589744,0.094749749,-0.024660894,0.283860254,1.012394579,
Joe Dunand NA,R,0.010625,-0.0375,-0.1,0.13125,0.016875,0,9.714285714,-0.024242424,0.093939394,0.094077291,-0.024278011,0.280787575,1.001467939,
Justin Toerner NA,L,0.010526316,0,-0.1,0.131578947,-0.050526316,0,9.411764706,-0.024358974,0.093589744,0.093897328,-0.02443903,0.281256325,1.003286514,
Ryan Galanie CHA,R,0.01,0,-0.1,0.135294118,-0.084705882,0,9.710144928,-0.024285714,0.094285714,0.093497722,-0.024082747,0.277975245,0.99164251,
Mitch Haniger NA,R,-0.00627451,-0.03254902,-0.098823529,0.134117647,-0.050078431,0,9.681303116,-0.023943885,0.094160279,0.094320754,-0.023984692,0.280786723,1.001704273,
Jake Rogers DET,R,0.003781489,0.004132465,-0.092697424,0.125842061,0.083339938,0.075328613,9.683047315,-0.023939711,0.094136059,0.093113256,-0.023679602,0.277225812,0.989134844,
Jace Avina NYA,R,0.008235294,0,-0.1,0.135294118,-0.050588235,0,10,-0.024285714,0.094285714,0.092545326,-0.023837433,0.275078924,0.981541341,
Ethan O'Donnell MIA,L,0.012631579,0,-0.1,0.131578947,0.016842105,0,9.666666667,-0.024358974,0.093589744,0.093149857,-0.024244483,0.278900932,0.995299845,
Enrique Hernandez LAN,R,0.001734029,-0.006736202,-0.095697523,0.129552369,-0.003846154,0,9.68360805,-0.024006321,0.094062914,0.093960281,-0.023980127,0.279883283,0.99890889,
Michael Romero BOS,L,0.007368421,0,-0.1,0.131578947,0.016842105,0,9.724770642,-0.024358974,0.093589744,0.091767983,-0.023884818,0.274714422,0.980534615,
Tavian Josenberger BAL,L,0.023684211,0,-0.1,0.131578947,-0.050526316,0,10,-0.024358974,0.093589744,0.090352153,-0.023516314,0.270435481,0.965406571,
Jorge Barrosa ARI,B,0.008027211,0.010941043,-0.094897959,0.128117914,-0.033327664,0,9.682770945,-0.02407628,0.094003922,0.091242677,-0.02336907,0.271877275,0.970626283,
Kristian Robinson ARI,R,0.014139265,0,-0.097678917,0.13172147,-0.049980658,0,9.6875,-0.024097874,0.093957849,0.09550739,-0.024495293,0.284697011,1.016491874,
Jacob Fox CLE,L,0.010526316,0,-0.1,0.131578947,0.016842105,0,9.655172414,-0.024358974,0.093589744,0.095309461,-0.024806572,0.28516844,1.018375062,
Brenton Doyle COL,R,0.020450483,0.032940055,-0.099523299,0.133762364,0.016665475,0,9.683001614,-0.024182465,0.093886228,0.091395813,-0.023541004,0.272538681,0.973474116,
Robert Glendinning NA,R,0.010588235,0,-0.1,0.135294118,-0.118235294,0,9.68503937,-0.024285714,0.094285714,0.094477913,-0.02433522,0.280515659,1.002038468,
Samuel Siani SEA,L,0.011111111,0,-0.098765432,0.132098765,-0.050246914,0,9.591836735,-0.024225015,0.093871933,0.092534969,-0.023879992,0.275893829,0.985757571,
Isiah Kiner-Falefa BOS,R,0.017871886,0.00227758,-0.096227758,0.128896797,0.021014235,0,9.68309544,-0.024262049,0.093800098,0.092637856,-0.023961427,0.276393346,0.98760937,
Charles McAdoo TOR,R,0.015555556,0,-0.1,0.133333333,0.017037037,0,9.673913043,-0.024227819,0.094219296,0.095149507,-0.024467016,0.282622002,1.009872836,
Tyler Fitzgerald SFN,R,0.02040555,0.005229456,-0.097438634,0.130416222,-0.005549626,0,9.682570405,-0.024285121,0.093788978,0.090485941,-0.023429854,0.269987558,0.964782246,
Lorenzo Cedrola CLE,R,0.014705882,0,-0.1,0.135294118,0.017058824,0,9.661016949,-0.024285714,0.094285714,0.093928763,-0.024193772,0.27872777,0.996214156,
Nicholas Schnell SDN,L,0.00877193,0,-0.098245614,0.131578947,-0.05,0,9.782608696,-0.024245602,0.093951708,0.094727901,-0.02444591,0.282088409,1.008261612,
Caleb Ricketts PHI,L,0.006315789,0,-0.1,0.131578947,-0.084210526,0,9.67032967,-0.024358974,0.093589744,0.09230114,-0.024023584,0.275873566,0.986231356,
Luke Waddell ATL,L,0.006885246,0,-0.1,0.132786885,0.016721311,0,9.690140845,-0.024544012,0.09375008,0.094333789,-0.024696829,0.281451537,1.006226224,
Michael Turner CHA,L,0.003684211,0,-0.1,0.131578947,0.083333333,0,9.684813754,-0.024678559,0.093518751,0.095542642,-0.025212642,0.285587634,1.021641544,
Cole Carrigg COL,B,0.024117647,0,-0.1,0.135294118,0.050588235,0,9.689119171,-0.024285714,0.092857143,0.096673259,-0.025283776,0.290977141,1.04109664,
Omar Meregildo NA,R,0.010588235,0,-0.1,0.135294118,-0.084705882,0,9.705882353,-0.024285714,0.092857143,0.092776886,-0.024264724,0.279120547,0.999135698,
Peyton Williams TOR,L,0.005789474,0,-0.1,0.131578947,-0.084210526,0,9.673913043,-0.024358974,0.093589744,0.095623244,-0.024888242,0.285427838,1.021727812,
James Ritchie NA,R,0.004705882,0,-0.1,0.135294118,0.084705882,0,9.680365297,-0.024285714,0.092857143,0.093132379,-0.024357699,0.280101791,1.002964082,
Gage Workman DET,L,0.011363636,-0.000324675,-0.1,0.131168831,0.016655844,0,9.684829577,-0.024805498,0.093262229,0.096252782,-0.025600913,0.288155942,1.032066067,
Brendan Rodgers BOS,R,0.001439394,-0.018560606,-0.103598485,0.135606061,0.016666667,0,9.680418924,-0.024827787,0.093229022,0.093079244,-0.0247879,0.278710515,0.998393442,
Jonathan Gazdar SLN,R,0.011764706,0,-0.1,0.135294118,0.017058824,0,9.646017699,-0.024285714,0.092857143,0.092593791,-0.024216838,0.27835232,0.997163901,
Javier Baez DET,R,0.010329268,0.002906504,-0.096158537,0.125752033,0.027977642,0,9.683130889,-0.024852076,0.093214983,0.091927998,-0.024508952,0.275277142,0.986193372,
William Frizzell NA,L,0.008421053,0,-0.1,0.131578947,-0.117894737,0,9.673202614,-0.024358974,0.093589744,0.094190419,-0.024515314,0.280909427,1.006418171,
Maximo Acosta MIA,R,0.018405286,-0.014185022,-0.097797357,0.127753304,0.031488987,0,9.682992871,-0.024877612,0.093190188,0.092148297,-0.024599473,0.275982554,0.988819733,
Carson DeMartini PHI,L,0.019473684,0,-0.1,0.131578947,0.016842105,0,9.69924812,-0.024358974,0.093589744,0.094192524,-0.024515862,0.280786882,1.006440668,
Malcom NuÃ±ez NA,R,0.005380117,0,-0.101754386,0.132163743,0.016666667,0,9.686825054,-0.025058173,0.093032067,0.092889131,-0.025019673,0.278532399,0.998463581,
Erik Ostberg NA,L,0.01,0,-0.105263158,0.131578947,0.084210526,0,9.703389831,-0.025641026,0.093589744,0.093377646,-0.025582917,0.278303863,0.997733756,
Ben Rortvedt NYN,L,0.00110664,-0.02082495,-0.096981891,0.126056338,0.083350101,0.011545454,9.683088969,-0.025012828,0.093045646,0.0928829,-0.024969079,0.278430145,0.998250902,
Ethan Salas SDN,L,0.01,0,-0.105263158,0.131578947,0.084210526,0,9.703389831,-0.025641026,0.093589744,0.095771987,-0.0262389,0.285421564,1.023317118,
Zach Reks NA,L,0.002631579,-0.026315789,-0.105263158,0.131578947,-0.050526316,0,9.680851064,-0.025641026,0.093589744,0.093839245,-0.025709382,0.279658562,1.002665909,
Braden Montgomery CHA,B,0.009608135,0,-0.101537698,0.131795635,-0.04,0,9.642857143,-0.025042112,0.093024046,0.096751524,-0.026045551,0.290072416,1.040070047,
Omar Narvaez NA,L,-0.002751323,-0.05026455,-0.098412698,0.127513228,0.083333333,-0.020578947,9.682539815,-0.025100335,0.092979199,0.093298242,-0.025186463,0.279842951,1.003431334,
Rob Brantly NA,L,-0.006363636,0,-0.1,0.127272727,0.082727273,-0.0035,9.692982456,-0.025441509,0.092514577,0.092510424,-0.025440367,0.278856482,0.999955112,
Lazaro Armenteros NA,R,0.011923077,0,-0.1,0.130769231,-0.049615385,0,9.473684211,-0.024884357,0.092837794,0.093028619,-0.024935506,0.279430183,1.002055473,
Jose Devers NA,L,0.005405405,0.07972973,-0.102702703,0.132432432,-0.083108108,0,9.670781893,-0.025204681,0.092859351,0.092537808,-0.025117405,0.277890407,0.996537306,
Dalton Guthrie NA,R,0.01375,-0.00625,-0.10625,0.13125,-0.050625,0,9.666666667,-0.025757576,0.092424242,#N/A,#N/A,#N/A,#N/A,
Vinny Capra BOS,R,0.008054054,0.008108108,-0.100540541,0.13027027,0.016648649,0,9.682008368,-0.025127865,0.092946082,0.09415534,-0.025454787,0.282418161,1.013010323,
Curt Casali NA,R,-0.0042,-0.025,-0.098,0.126,0.0831,-0.0294,9.686346863,-0.025252952,0.092765947,0.093460713,-0.025442083,0.28081653,1.007489461,
Shay Whitcomb HOU,R,0.010482234,-0.019035533,-0.102918782,0.132614213,0.016675127,0,9.681611121,-0.025228394,0.092856668,0.091198664,-0.024777928,0.273695185,0.982144482,
Gilberto Celestino TEX,R,0.00625,-0.025,-0.1,0.13125,0.016875,0,9.591836735,-0.024615385,0.092307692,0.091582916,-0.024422111,0.276365872,0.992148252,
Kyle McCann COL,L,-0.000833333,-0.020075758,-0.102272727,0.131060606,0.08344697,-0.031615384,9.683119581,-0.025351402,0.092767352,0.092657838,-0.025321474,0.278213175,0.998819478,
Mark Contreras NA,L,0.011960784,-0.056862745,-0.103921569,0.133333333,0.016862745,0,10,-0.025422792,0.092577337,#N/A,#N/A,#N/A,#N/A,
David Bote LAN,R,0.001517241,-0.027586207,-0.104137931,0.133103448,0.016689655,0,9.692832765,-0.025435941,0.092647469,0.092961488,-0.025522154,0.279374715,1.003389403,
Nathan Martorella MIA,L,0.00734104,0,-0.103468208,0.131791908,-0.083468208,0,9.683840749,-0.025485321,0.092686839,0.090061504,-0.024763455,0.270503692,0.971675217,
Zachary Cook NA,L,0.010526316,0,-0.105263158,0.131578947,0.016842105,0,9.714285714,-0.025641026,0.092307692,0.092147207,-0.025596446,0.277868059,0.998261406,
Colby Halter OAK,L,0.013684211,0,-0.105263158,0.131578947,0.016842105,0,9.642857143,-0.025641026,0.092307692,0.092448341,-0.025680095,0.278731056,1.001523699,
Tim Locastro NA,R,0.015625,-0.0125,-0.10625,0.13125,-0.05,0,9.722222222,-0.026153846,0.092307692,0.092674596,-0.026257802,0.279365022,1.003974793,
Sabin Ceballos SFN,R,0.008823529,0,-0.105882353,0.135294118,0.017058824,0,9.690721649,-0.025714286,0.092857143,0.09317353,-0.025801901,0.279176996,1.003407251,
Daniel Edwards NA,L,0.009473684,0,-0.105263158,0.131578947,-0.117894737,0,9.689440994,-0.025641026,0.092307692,0.092109005,-0.025585835,0.27762015,0.997847559,
Travis d'Arnaud LAA,R,-0.010171073,-0.016147673,-0.103141524,0.13088647,0.077368585,-0.010608974,9.683107644,-0.02561088,0.092457129,0.091298507,-0.025289938,0.274704862,0.987468545,
Bryant Betancourt COL,L,0.007894737,0,-0.105263158,0.131578947,0.084210526,0,9.698275862,-0.025641026,0.092307692,0.092893155,-0.025803654,0.279931279,1.006342517,
Jeimer Candelario LAA,B,0.002213836,0.022012579,-0.107924528,0.136855346,-0.083308176,0,9.684848485,-0.025621969,0.092424237,0.090887128,-0.02519585,0.2735349,0.983368984,
Armani Smith NA,R,0.011764706,0,-0.105882353,0.135294118,-0.050588235,0,9.411764706,-0.025714286,0.092857143,0.093273508,-0.025829587,0.279392182,1.004483927,
Shogo Akiyama NA,L,-0.008947368,-0.057894737,-0.105263158,0.131578947,0.016842105,0,9.782608696,-0.025641026,0.092307692,0.092386462,-0.025662906,0.27836734,1.000853342,
Colin Simpson NA,L,0.009473684,0,-0.105263158,0.131578947,-0.117894737,0,9.689440994,-0.025641026,0.092307692,0.09263763,-0.025732675,0.279122121,1.003574329,
Omar Alfonzo PIT,L,0.006315789,0,-0.105263158,0.131578947,0.084210526,0,9.694323144,-0.025641026,0.092307692,0.091037858,-0.025288294,0.274279238,0.986243462,
Armando Alvarez OAK,R,0.0032,-0.033142857,-0.104571429,0.132571429,0.016685714,0,9.69924812,-0.02564877,0.092363602,0.092546724,-0.025699621,0.278634333,1.00198262,
Matthew Coutney LAA,L,0.006315789,0,-0.105263158,0.131578947,-0.117894737,0,9.700598802,-0.025641026,0.092307692,0.093900194,-0.026083387,0.282880515,1.017252097,
Brett Sullivan COL,L,0.00357377,-0.012677596,-0.103060109,0.130163934,0.083333333,-0.036560441,9.682410195,-0.025733949,0.092320201,0.092703775,-0.025840869,0.279184163,1.004154829,
Adam Duvall NA,R,-0.004139535,-0.010697674,-0.104186047,0.131627907,-0.050046512,0,9.687123947,-0.025758125,0.09233828,0.092378924,-0.025769463,0.278123366,1.000440164,
Kean Wong NA,L,0.006315789,-0.042105263,-0.105263158,0.131578947,0.016842105,0,10,-0.025641026,0.092307692,0.092701668,-0.025750463,0.279163426,1.004268073,
Brendon Davis NA,R,0.008837209,-0.020155039,-0.104651163,0.131782946,-0.050077519,0,9.692982456,-0.025768274,0.092193159,0.092581319,-0.025876766,0.279110209,1.004210294,
Josh Donaldson NA,R,-0.007647059,-0.023529412,-0.105882353,0.135294118,0.017058824,0,9.62962963,-0.025714286,0.092857143,0.093332415,-0.0258459,0.279362586,1.005118321,
Sheldon Neuse NA,R,0.003125,-0.03125,-0.10625,0.13125,0.01625,0,9.545454545,-0.0265625,0.0921875,0.092076985,-0.026530657,0.277590822,0.99880119,
Noah Cardenas MIN,R,0.005714286,0,-0.107142857,0.132142857,0.084285714,0,9.66966967,-0.026160188,0.092432663,0.090691959,-0.025667536,0.27267342,0.981167873,
Braylen Wimmer COL,R,0.015882353,0,-0.105882353,0.135294118,-0.050588235,0,10,-0.025714286,0.092857143,0.091076973,-0.025221316,0.272528225,0.98082894,
Brett Johnson NA,L,0.010526316,0,-0.105263158,0.131578947,-0.050526316,0,9.62962963,-0.025641026,0.092307692,0.092600814,-0.025722448,0.278719267,1.003175484,
Wyatt Young NYN,L,0.008105263,0,-0.104736842,0.131578947,0.016684211,0,9.684106614,-0.02583838,0.092187185,0.090583291,-0.025388838,0.272997231,0.982601765,
Brayden Taylor TBA,L,0.011666667,0,-0.104166667,0.129166667,0.01625,0,9.694656489,-0.026033959,0.091639537,0.091218021,-0.025914211,0.276491342,0.995400286,
Darin Ruf NA,R,-0.000714286,0,-0.107142857,0.135714286,-0.117142857,0,9.689922481,-0.026315789,0.09122807,0.0922211,-0.02660224,0.28076627,1.010885135,
Thomas Sosa BAL,L,0.010526316,0,-0.105263158,0.131578947,-0.050526316,0,9.62962963,-0.025641026,0.092307692,0.091944912,-0.025540253,0.276641475,0.996069876,
Carter Kieboom CLE,R,0.003333333,0.04,-0.106666667,0.13,-0.082666667,0,9.6,-0.026380763,0.09233267,0.092380811,-0.026394518,0.277835786,1.000521392,
Chandler Redmond NA,L,0.004871795,0,-0.105128205,0.133333333,-0.083589744,0,9.704433498,-0.025851669,0.092057164,0.092179221,-0.025885946,0.278022137,1.001325884,
Brandon Drury KCA,R,-0.005757576,-0.026515152,-0.107575758,0.134090909,0.016666667,0,9.696969697,-0.026074127,0.091993925,0.089935757,-0.025490773,0.271392224,0.977627129,
Michael Chavis CIN,R,0.005806452,-0.04516129,-0.103225806,0.129032258,0.016451613,0,10,-0.02585108,0.092094473,0.092470836,-0.025956726,0.278730453,1.004086705,
Preston Tucker NA,L,-0.001052632,0,-0.105263158,0.131578947,-0.026842105,0,10,-0.025641026,0.092307692,0.092220262,-0.02561674,0.277332074,0.999052843,
Ernest Yake NA,L,0.010526316,0,-0.105263158,0.131578947,0.016842105,0,9.714285714,-0.025641026,0.092307692,0.092072011,-0.025575559,0.276874272,0.997446789,
Yongkyu Lee NA,L,-0.006315789,0,-0.105263158,0.131578947,-0.026842105,0,10,-0.025641026,0.092307692,0.092489952,-0.025691653,0.278125071,1.001974483,
Whit Merrifield NA,R,0.015,-0.016666667,-0.105555556,0.133333333,0.016666667,0,9.625,-0.026119399,0.09210525,0.092513314,-0.026235119,0.278803767,1.004430411,
Daniel Susac SFN,R,0.007711749,0,-0.105874317,0.131762295,0.083326503,0,9.683222084,-0.026114512,0.091956779,0.09316367,-0.026457253,0.281206901,1.013124544,
Onil Perez SFN,R,0.01225,0,-0.105,0.13,0.083,0,9.67806841,-0.02602651,0.091712462,0.090723001,-0.025745716,0.274548662,0.989211265,
Kyren Paris LAA,R,0.024203911,0.004748603,-0.102513966,0.127234637,0.016662011,0,9.682753317,-0.026173333,0.091891933,0.091178199,-0.025970042,0.275335702,0.992232908,
Yuli Gurriel SDN,R,-0.002454545,0,-0.107272727,0.133636364,-0.116909091,0,9.6875,-0.026132749,0.09190755,0.091661441,-0.026062771,0.276738959,0.997322201,
Luis Castro NA,R,0.01,0,-0.105882353,0.135294118,-0.084705882,0,9.625,-0.025714286,0.091428571,0.091265282,-0.02566836,0.276971449,0.998214018,
Owen Miller CHN,R,0.0108,-0.037714286,-0.106857143,0.132571429,0.016685714,0,9.678571429,-0.026198762,0.091905817,0.090848197,-0.025897276,0.274250285,0.988492357,
Michael Snyder MIA,R,0.014117647,0,-0.105882353,0.135294118,0.017058824,0,9.716981132,-0.025714286,0.091428571,0.088102777,-0.024778906,0.267327642,0.963624128,
Cole Roederer NA,L,0.007586207,0,-0.105172414,0.131034483,-0.049827586,0,9.693877551,-0.026051326,0.091820247,0.091631388,-0.025997743,0.2768464,0.997943169,
Matthew Fraizer BOS,L,0.011166667,0,-0.106666667,0.131666667,-0.049833333,0,9.647058824,-0.026410612,0.091611812,0.091719405,-0.02644163,0.277705768,1.001174447,
C.J. Alexander HOU,L,0.002436975,0.024369748,-0.105042017,0.130252101,-0.083277311,0,9.6875,-0.026213584,0.091852399,0.091665426,-0.026160224,0.276814372,0.997964417,
Geisel Cepeda TEX,R,0.011764706,0,-0.105882353,0.135294118,-0.050588235,0,9.411764706,-0.025714286,0.091428571,0.091694519,-0.025789083,0.278173805,1.0029088,
Luis Vazquez BAL,R,0.00847619,0.018095238,-0.107619048,0.133333333,0.016761905,0,9.679572764,-0.026254031,0.09177294,0.09145979,-0.026164446,0.276396642,0.99658777,
Bryan Arias NA,R,0.012352941,0,-0.105882353,0.135294118,0.017058824,0,9.708737864,-0.025714286,0.091428571,0.09127404,-0.025670824,0.276834306,0.998309813,
Corey Joyce PIT,R,0.011764706,0,-0.105882353,0.135294118,0.017058824,0,9.705882353,-0.025714286,0.091428571,0.092730679,-0.026080503,0.281248237,1.0142418,
Ronaldo HernÃ¡ndez NA,R,0.001764706,0,-0.105882353,0.132352941,0.083529412,0,9.693877551,-0.026054621,0.091914914,0.092041304,-0.026090448,0.277678305,1.001375078,
James Lott NA,R,0.011176471,0,-0.105882353,0.135294118,-0.050588235,0,9.444444444,-0.025714286,0.091428571,0.091909055,-0.025849422,0.278729144,1.005255287,
Jordan Groshans ATL,R,0.004,-0.006153846,-0.106153846,0.130769231,0.016615385,0,9.694656489,-0.026299222,0.091475556,0.092143859,-0.02649136,0.279224163,1.007305809,
Skye Bolt NA,B,0.004117647,-0.047058824,-0.105882353,0.135294118,0.017058824,0,10,-0.025714286,0.091428571,0.091839011,-0.025829722,0.278434358,1.004489188,
Alex Jackson MIN,R,0.005720524,-0.004039301,-0.102401747,0.125327511,0.083329694,0.050858697,9.682909434,-0.02654704,0.091527854,0.089738306,-0.026027993,0.271621367,0.98044805,
Paul McIntosh PHI,R,0.004774775,0,-0.108108108,0.132432432,0.083423423,0,9.682170543,-0.026621068,0.091620842,0.091044006,-0.026453464,0.275271936,0.993704104,
Brady Whalen NA,L,0.008947368,0,-0.110526316,0.131578947,-0.084210526,0,9.716981132,-0.026923077,0.091025641,0.090682074,-0.026821458,0.27596545,0.996225601,
Will Simpson TBA,R,0.008823529,0,-0.111764706,0.135294118,-0.084705882,0,9.673913043,-0.027142857,0.091428571,0.088428384,-0.026252177,0.267897797,0.967185453,
Murphy Stehly WAS,R,0.009411765,0,-0.111764706,0.135294118,0.017058824,0,9.659090909,-0.027142857,0.091428571,0.091538615,-0.027175526,0.277297353,1.001203597,
Shane Matheny NA,L,0.01,0,-0.110526316,0.131578947,-0.084210526,0,9.711538462,-0.026923077,0.091025641,0.090898428,-0.026885451,0.276566943,0.99860245,
Eguy Rosario NA,R,0.00937037,-0.006296296,-0.106296296,0.12962963,0.01662963,0,9.683333333,-0.026624682,0.091377392,0.091536734,-0.026671109,0.277384855,1.001743776,
Riley Adams WAS,R,0.001701847,-0.018733509,-0.107255937,0.130474934,0.083298153,-0.086934214,9.670317033,-0.026716071,0.091353846,0.090249694,-0.026393166,0.273489022,0.987913457,
Michael Helman TEX,R,0.014178082,-0.013013699,-0.107534247,0.130669711,0.019452055,0,9.683341755,-0.026745104,0.091327053,0.087145432,-0.025520517,0.264102216,0.954212685,
Diego Velasquez SFN,B,0.009655172,0,-0.110344828,0.134482759,0.016896552,0,9.671052632,-0.026986039,0.091077883,0.091373649,-0.027073674,0.277656743,1.003247397,
Justin Dirden NA,L,0.009473684,0,-0.110526316,0.131578947,0.016842105,0,9.677419355,-0.026923077,0.091025641,0.091188004,-0.0269711,0.277239632,1.001783701,
Yamal Encarnacion HOU,B,0.018823529,0,-0.111764706,0.135294118,-0.050588235,0,10,-0.027142857,0.091428571,0.087954139,-0.026111385,0.26622536,0.961998396,
Alfonsin Rosario CLE,R,0.010588235,0,-0.111764706,0.135294118,-0.050588235,0,9.655172414,-0.027142857,0.091428571,0.090699266,-0.026926345,0.274498778,0.992023223,
Aaron Zavala TEX,L,0.006441718,0,-0.108588957,0.131288344,-0.04993865,0,9.685714286,-0.026825795,0.091238014,0.090348025,-0.02656412,0.273944465,0.990245425,
Tyler Naquin NA,L,0.003157895,-0.015789474,-0.110526316,0.131578947,-0.050526316,0,9.638554217,-0.026923077,0.091025641,0.091053614,-0.026931351,0.276689002,1.000307306,
Aaron Shackelford NA,L,0.009473684,0,-0.110526316,0.131578947,-0.084210526,0,9.714285714,-0.026923077,0.091025641,0.091277766,-0.026997649,0.277343068,1.002769818,
Matthew Lugo LAA,R,0.009695767,0.016931217,-0.108068783,0.130291005,-0.050026455,0,9.673913043,-0.026947609,0.091133712,0.090399875,-0.026730618,0.274315197,0.991947686,
Garrett Cooper NA,R,-0.009285714,-0.012244898,-0.110204082,0.133673469,-0.083673469,0,9.685610641,-0.026822537,0.091146953,0.091741099,-0.026997381,0.278335595,1.006518553,
Rodolfo DurÃ¡n SDN,R,0.004297297,0,-0.109459459,0.131621622,0.083297297,0,9.682880305,-0.027010355,0.091101594,0.090102864,-0.026714246,0.273456912,0.989037181,
James Triantos CHN,R,0.022094926,0,-0.109656301,0.131914894,0.016677578,0,9.683199672,-0.027024837,0.091037399,0.092140628,-0.027352335,0.279789003,1.012118417,
Eric Rataczak MIA,L,0.010526316,0,-0.110526316,0.131578947,-0.050526316,0,9.72972973,-0.026923077,0.091025641,0.091540794,-0.027075446,0.277974322,1.005659426,
Jose Herrera TEX,B,-0.000106762,-0.020106762,-0.103914591,0.12455516,0.083291815,-0.025535716,9.683618953,-0.027112331,0.090947014,0.089865496,-0.026789918,0.273051862,0.988108266,
Jacob Cozart CLE,L,0.006315789,0,-0.110526316,0.131578947,0.084210526,0,9.680365297,-0.026923077,0.091025641,0.089608349,-0.026503878,0.272013692,0.984429754,
Quincy Hamilton NA,L,0.007464789,0,-0.11056338,0.132394366,-0.050140845,0,9.673202614,-0.027205503,0.090973815,0.091351887,-0.027318564,0.277425161,1.004155833,
Leonard Jones NA,R,0.01,0,-0.111764706,0.135294118,-0.050588235,0,9.666666667,-0.027142857,0.091428571,0.091689565,-0.02722034,0.277037586,1.00285462,
Willie Garry NA,L,0.012105263,0,-0.110526316,0.131578947,0.016842105,0,9.693877551,-0.026923077,0.091025641,0.09109958,-0.026944946,0.276452376,1.000812286,
Euribiel Angeles OAK,R,0.010952381,0,-0.10952381,0.133333333,0.016666667,0,9.642857143,-0.026688527,0.090508919,0.089249929,-0.026317287,0.272321538,0.986089874,
Junior Perez OAK,R,0.016025641,0,-0.110722611,0.131818182,-0.023344988,0,9.680589681,-0.027300723,0.090782087,0.088790436,-0.026701777,0.270043672,0.978061188,
Anthony Dungan SDN,L,0.011098039,0,-0.110588235,0.131372549,0.049921569,0,9.684308713,-0.027328739,0.090805065,0.090316823,-0.027181797,0.274596563,0.994623183,
Arismendy Alcantara NA,B,-0.001764706,0,-0.111764706,0.135294118,0.017058824,0,9.705882353,-0.027142857,0.091428571,0.091584194,-0.027189058,0.276503843,1.00170212,
Evan White LAA,R,0.011875,0.01875,-0.1125,0.13125,-0.085,0,9.661016949,-0.027272727,0.090909091,0.091196766,-0.02735903,0.2768473,1.003164429,
Minho Kang NA,R,-0.01,0,-0.111764706,0.135294118,0.084705882,0,9.709302326,-0.027142857,0.09,0.087368373,-0.026349192,0.267876286,0.970759702,
Jarrod Orr NA,L,0.012631579,0,-0.110526316,0.131578947,-0.050526316,0,9.696969697,-0.026923077,0.091025641,0.0911337,-0.026955038,0.27624555,1.001187128,
Yasiel Puig NA,R,-0.003529412,0,-0.111764706,0.135294118,-0.027058824,0,10,-0.027142857,0.09,0.09011418,-0.027177292,0.276259037,1.001268668,
Luis Mieses NA,L,0.006666667,0,-0.111111111,0.130555556,-0.049444444,0,9.655172414,-0.027638465,0.090515974,0.090679761,-0.027688477,0.276398236,1.001809488,
Yu Chang NA,R,0.006666667,-0.06,-0.113333333,0.133333333,0.050666667,0,9.62962963,-0.027419355,0.090322581,0.090605175,-0.027505142,0.276759202,1.003128722,
Ryan McKenna NA,R,0.01540146,-0.011678832,-0.111678832,0.132116788,-0.049927007,0,9.671232877,-0.027425662,0.090522609,0.090861856,-0.027528444,0.276918921,1.003747652,
Leonardo Balcazar CIN,R,0.008823529,0,-0.111764706,0.135294118,0.017058824,0,9.655172414,-0.027142857,0.09,0.089569423,-0.027013001,0.274492463,0.99521581,
Connor Hollis SDN,R,0.008142857,0,-0.111428571,0.131428571,0.016571429,0,9.690402477,-0.027545161,0.090404632,0.090616976,-0.02760986,0.27638666,1.002348815,
Kyle Farmer ATL,R,-0.004876033,-0.001928375,-0.112121212,0.131955923,0.016666667,0,9.681185451,-0.027600927,0.090465936,0.089013248,-0.027157715,0.271289578,0.983942151,
Cooper Pratt MIL,R,0.017058824,0,-0.111764706,0.135294118,0.050588235,0,9.6875,-0.027142857,0.09,0.089942905,-0.027125638,0.275518103,0.99936561,
Luke Maile KCA,R,-0.001906977,0.005581395,-0.107906977,0.126976744,0.083162791,-0.022380951,9.683815756,-0.027649806,0.090457769,0.089657172,-0.027405091,0.273242075,0.991149495,
Chris Taylor LAA,R,0.009326656,-0.015692821,-0.111686144,0.131274346,-0.01508069,0,9.68115942,-0.027645736,0.090416847,0.090221646,-0.027586052,0.27506388,0.997841101,
Petey Halpin CLE,L,0.009010357,-0.002186421,-0.112082854,0.131760644,0.016662831,0,9.682498209,-0.027652987,0.090425835,0.089952596,-0.027508266,0.27421635,0.994766541,
Darius Hill NA,L,0.003773585,0,-0.113207547,0.132075472,-0.050377358,0,9.671052632,-0.027668619,0.090384156,0.090408565,-0.027676091,0.275713437,1.000270052,
Jose Abreu NA,R,-0.009444444,-0.016666667,-0.111111111,0.127777778,-0.082777778,0,9.707602339,-0.028169014,0.090140845,0.090546864,-0.028295895,0.276853433,1.004504278,
Alexander Isola NA,R,0.006666667,0,-0.112698413,0.131746032,-0.05015873,0,9.685534591,-0.027700651,0.090124653,0.090176823,-0.027716686,0.27562646,1.000578872,
Steele Walker NA,L,0.009473684,-0.026315789,-0.115789474,0.136842105,-0.051052632,0,9.673913043,-0.027848101,0.089873418,0.090505622,-0.028043995,0.277403733,1.007034382,
Garrett Stubbs PHI,L,0.00724605,-0.010496614,-0.110722348,0.129232506,0.083306998,-0.036044944,9.68278994,-0.02785204,0.090228119,0.093341096,-0.028812969,0.284924387,1.034501191,
Eduardo Escobar NA,B,-0.002352941,-0.035294118,-0.111764706,0.129411765,0.016470588,0,10,-0.027536232,0.089855072,0.090067196,-0.027601237,0.276062172,1.002360725,
Greg Allen NA,B,0.018333333,-0.055555556,-0.105555556,0.127777778,0.016111111,0,10,-0.027142857,0.09,0.090040104,-0.027154952,0.275527719,1.000445595,
Orelvis Martinez WAS,R,0.005389798,0,-0.11280077,0.13147257,-0.016669875,0,9.684741488,-0.027892117,0.090197203,0.090072962,-0.027853697,0.274989696,0.998622561,
Danny Mendick NA,R,0.004836066,-0.005737705,-0.110655738,0.129508197,0.016639344,0,9.678899083,-0.027807898,0.09022118,0.090174883,-0.027793628,0.275225695,0.999486848,
Allan Cerda NA,R,0.01,0,-0.117647059,0.135294118,0.017058824,0,9.743589744,-0.028571429,0.09,0.090260093,-0.028653998,0.276129694,1.002889923,
Jack Brannigan PIT,R,0.011764706,0,-0.117647059,0.135294118,0.017058824,0,9.634146341,-0.028571429,0.09,0.087322846,-0.027721538,0.267085657,0.970253845,
Blake Rambusch SEA,R,0.021176471,0,-0.117647059,0.135294118,0.017058824,0,9.693877551,-0.028571429,0.09,0.089194319,-0.028315657,0.272712621,0.991047987,
Freuddy Batista HOU,R,0.007058824,0,-0.117647059,0.135294118,0.084705882,0,9.6875,-0.028571429,0.09,0.088918323,-0.028228039,0.271866786,0.987981372,
Aidan Longwell COL,L,0.006842105,0,-0.115789474,0.131578947,-0.084210526,0,9.669421488,-0.028205128,0.08974359,0.09750564,-0.03064463,0.298957891,1.086491414,
Michael Sirota LAN,R,0.01,0,-0.117647059,0.135294118,-0.118235294,0,9.685534591,-0.028571429,0.09,0.094933614,-0.030137655,0.290208894,1.054817935,
Liover Peguero PHI,R,0.013497268,-0.012750455,-0.1143898,0.132058288,0.050018215,0,9.682989441,-0.028155364,0.089935764,0.088015562,-0.027554224,0.269165716,0.97864919,
Brandon McIlwain NA,R,0.011764706,0,-0.117647059,0.135294118,-0.050588235,0,9.72972973,-0.028571429,0.09,0.090317575,-0.028672246,0.275999471,1.003528613,
Nate Eaton BOS,R,0.020451923,-0.012115385,-0.116538462,0.134134615,-0.042605769,0,9.681742044,-0.02824397,0.0898354,0.088985721,-0.027976834,0.27232372,0.990541822,
Joseph Lampe CLE,L,0.011923077,0,-0.114102564,0.132051282,-0.05,0,9.691358025,-0.028143868,0.0898074,0.088702689,-0.027797674,0.271525401,0.987699116,
Rainer Nunez NA,R,0.005633803,0,-0.115492958,0.132394366,-0.083802817,0,9.688195991,-0.028340436,0.089859919,0.090022049,-0.028391569,0.27539098,1.001804253,
Tristen Lutz NA,R,0.01,0,-0.117647059,0.135294118,-0.118235294,0,9.685534591,-0.028571429,0.09,0.090299622,-0.028666547,0.275799124,1.003329128,
Nick Dini TBA,R,0.005294118,0,-0.117647059,0.135294118,0.084705882,0,9.682539683,-0.028571429,0.09,0.090000021,-0.028571435,0.274777063,1.000000229,
Andrew Ehrhard BOS,R,0.01,0,-0.117647059,0.135294118,-0.118235294,0,9.685534591,-0.028571429,0.09,#N/A,#N/A,#N/A,#N/A,
Brewer Hicklen ATL,R,0.0209375,-0.036979167,-0.114583333,0.13125,0.016666667,0,9.679300292,-0.028356515,0.089709702,0.091258437,-0.028846058,0.279455602,1.017263843,
Bryce Willits NA,L,0.008947368,0,-0.115789474,0.131578947,0.016842105,0,9.634146341,-0.028205128,0.08974359,0.090017644,-0.028291259,0.275528833,1.003053744,
Omar Martinez LAA,L,0.006315789,0,-0.115789474,0.131578947,0.084210526,0,9.66507177,-0.028205128,0.08974359,0.088478867,-0.027807644,0.270794249,0.985907374,
Zachary Daniels NA,R,0.014117647,0,-0.117647059,0.135294118,-0.050588235,0,9.696969697,-0.028571429,0.09,0.090525156,-0.028738145,0.276246567,1.00583507,
Gabriel Cancel TOR,R,0.011176471,0,-0.117647059,0.135294118,0.017058824,0,9.62962963,-0.028571429,0.09,0.089967768,-0.028561196,0.274498657,0.999641864,
Joey Wiemer WAS,R,0.011418881,0.001130582,-0.115093273,0.131034483,-0.018626343,0,9.683684795,-0.028546157,0.089536226,0.090412614,-0.028825569,0.277241357,1.009788082,
Ethan Workinger ATL,R,0.009047619,0,-0.119047619,0.133333333,-0.05047619,0,9.661016949,-0.029009269,0.089348548,0.087420436,-0.028383258,0.268618452,0.978420328,
Oscar Mercado ARI,R,0.020697674,-0.025581395,-0.11627907,0.13255814,-0.049767442,0,9.705882353,-0.028757007,0.08972186,0.088129541,-0.028246648,0.269656857,0.98225272,
Kevin Pillar NA,R,0.006407186,-0.047305389,-0.120958084,0.137724551,0.016706587,0,9.6875,-0.028525994,0.089532081,0.08893911,-0.028337066,0.272707814,0.993376999,
Elias Diaz KCA,R,-0.013195364,-0.006456954,-0.112251656,0.12781457,0.083360927,-0.021383333,9.682320018,-0.028560076,0.089513513,0.089882429,-0.028677782,0.275646371,1.004121345,
Tony Wolters NA,L,-0.001578947,-0.031578947,-0.115789474,0.131578947,0.016842105,0,10,-0.028205128,0.08974359,0.090114077,-0.028321567,0.275640243,1.004128285,
Kramer Robertson NA,R,0.013529412,-0.041176471,-0.117647059,0.135294118,0.050588235,0,9.718309859,-0.028571429,0.09,0.090333955,-0.028677446,0.275522578,1.003710613,
Jaylin Davis NA,R,0.010625,-0.06875,-0.11875,0.13125,0.016875,0,9.583333333,-0.028787879,0.089393939,0.089758352,-0.028905232,0.275567786,1.004076481,
Evan Skoug NA,L,0.009473684,0,-0.115789474,0.131578947,-0.117894737,0,9.67032967,-0.028205128,0.08974359,0.09008274,-0.028311718,0.275460073,1.003779104,
Ho-young Son NA,R,0.004117647,0,-0.117647059,0.135294118,0.050588235,0,9.68503937,-0.028571429,0.09,0.089266138,-0.028338456,0.272181381,0.991845976,
Jacob Slaughter NA,R,0.008625954,0,-0.116793893,0.13129771,0.016641221,0,9.68401487,-0.028878986,0.08927948,0.089401495,-0.028918454,0.274578742,1.001366654,
Branden Boissiere WAS,L,0.005789474,0,-0.121052632,0.131578947,-0.084210526,0,9.69924812,-0.029487179,0.08974359,0.090811841,-0.029838176,0.277378903,1.011903366,
Grant Witherspoon NA,L,0.009473684,0,-0.121052632,0.131578947,-0.050526316,0,9.666666667,-0.029487179,0.08974359,0.089832778,-0.029516484,0.274342375,1.000993815,
Kevin Sanchez NA,R,0.010588235,0,-0.117647059,0.135294118,-0.050588235,0,9.743589744,-0.028571429,0.088571429,0.088465012,-0.028537101,0.273728727,0.998798528,
Brandon Crawford NA,L,-0.005470085,-0.023931624,-0.115384615,0.12991453,0.04991453,0,9.692671395,-0.028913623,0.089096795,0.089760036,-0.029128858,0.276054782,1.007444052,
Zyhir Hope LAN,L,0.011052632,0,-0.121052632,0.131578947,-0.050526316,0,9.649122807,-0.029487179,0.088461538,0.097490951,-0.032496984,0.301963216,1.102071621,
Juan Fernandez NA,R,0.011176471,0,-0.117647059,0.135294118,0.017058824,0,9.62962963,-0.028571429,0.088571429,0.088365517,-0.028505005,0.273348037,0.99767519,
Carson Williams TBA,R,0.013112408,-0.000225946,-0.113255507,0.126718132,0.049998117,0,9.683104755,-0.029049425,0.089022119,0.087924496,-0.028691252,0.270543615,0.987670222,
Paul DeJong NYA,R,-0.001621881,-0.012571977,-0.118809981,0.132629559,0.038896353,0,9.683956341,-0.02912122,0.088939688,0.089085991,-0.029169124,0.274268421,1.001644965,
Seth Gray NA,L,0.010526316,0,-0.121052632,0.131578947,-0.084210526,0,9.677419355,-0.029487179,0.088461538,0.088415558,-0.029471853,0.273674676,0.999480222,
Randy Florentino NA,L,0.008947368,0,-0.121052632,0.131578947,0.084210526,0,9.704433498,-0.029487179,0.088461538,0.088711582,-0.029570527,0.274587956,1.002826576,
Zachary Zubia NA,R,0.008823529,0,-0.117647059,0.135294118,-0.084705882,0,9.705882353,-0.028571429,0.088571429,0.088670112,-0.028603262,0.274118073,1.001114166,
Manuel Margot NA,R,0.004868256,-0.057590966,-0.124717691,0.138895859,0.016675031,0,9.683333871,-0.029191102,0.088894834,0.088667181,-0.029116346,0.273053935,0.997439079,
Dominic Keegan TBA,R,0.004508009,0,-0.118535469,0.13180778,0.083363844,0,9.683072737,-0.029226195,0.088844623,0.08788277,-0.028909785,0.270742792,0.989173756,
Zachary Kokoska COL,L,0.008947368,0,-0.119298246,0.131578947,-0.083333333,0,9.672131148,-0.029441088,0.088756222,0.088200517,-0.029256757,0.271987349,0.993738967,
JesÃºs Bastidas MIA,R,0.00761658,0,-0.118393782,0.131606218,0.049974093,0,9.684620836,-0.029212161,0.088850992,0.087100399,-0.028636606,0.268296623,0.980297429,
Peyton Wilson KCA,B,0.012735849,0,-0.118867925,0.132075472,0.016698113,0,9.678800857,-0.029342676,0.088726662,0.088399567,-0.029234503,0.27267804,0.996313453,
Levi Jordan WAS,R,0.008103448,-0.013793103,-0.119827586,0.13362069,-0.050172414,0,9.682539683,-0.029201256,0.088864255,0.088797108,-0.029179192,0.273455219,0.999244393,
David Calabrese LAA,L,0.010208333,0,-0.11875,0.13125,-0.049583333,0,9.69924812,-0.029595428,0.088786283,0.088449086,-0.029483029,0.272491175,0.996202153,
Sergio Alcantara WAS,B,0.005575621,-0.062302483,-0.118284424,0.130925508,0.05,0,9.667896679,-0.029371827,0.088676012,0.089600484,-0.029678036,0.276376574,1.010425277,
Darren Baker CHA,L,0.016821705,-0.013178295,-0.120155039,0.132945736,0.016666667,0,9.682539683,-0.029352168,0.088719294,0.088942012,-0.029425853,0.274208642,1.002510372,
Aaron Bracho NA,L,0.007222222,0,-0.119444444,0.131944444,0.016805556,0,9.669117647,-0.02927765,0.088513825,0.088876585,-0.02939764,0.274619892,1.00409834,
Felix Stevens NA,R,0.008235294,0,-0.123529412,0.135294118,-0.050588235,0,9.62962963,-0.03,0.088571429,0.088703533,-0.030044745,0.273902919,1.001491504,
Noah Campbell NA,B,0.009411765,0,-0.123529412,0.135294118,-0.050588235,0,9.615384615,-0.03,0.088571429,0.088894145,-0.030109307,0.2744915,1.003643577,
Kai Murphy SDN,L,0.008947368,0,-0.121052632,0.131578947,-0.050526316,0,9.672131148,-0.029487179,0.088461538,0.088694403,-0.029564801,0.274205919,1.00263238,
Bligh Madris SLN,L,0.005330882,0.008088235,-0.121323529,0.134191176,-0.083198529,0,9.681050657,-0.02938169,0.088679283,0.089896749,-0.029785067,0.277213281,1.013728862,
Jose Peroza NA,R,0.009411765,0,-0.123529412,0.135294118,0.017058824,0,9.701492537,-0.03,0.088571429,0.088797462,-0.03007656,0.274125786,1.002551992,
Ethan Wilson NA,L,0.007432432,0,-0.12027027,0.132432432,-0.050135135,0,9.699570815,-0.029578428,0.088735283,0.088548504,-0.029516168,0.27280556,0.997895099,
Jacob Morales NYA,L,0.011052632,0,-0.121052632,0.131578947,-0.050526316,0,9.649122807,-0.029487179,0.088461538,0.09241137,-0.03080379,0.285568733,1.044650275,
A.J. Pollock NA,R,-0.006875,-0.025,-0.11875,0.13125,-0.05,0,9.652173913,-0.029230769,0.089230769,0.089217464,-0.02922641,0.273284243,0.999850884,
Milan Tolentino CLE,L,0.01372093,0,-0.119767442,0.131395349,0.049767442,0,9.685157421,-0.029656491,0.088393618,0.089964056,-0.03018338,0.278171845,1.017766413,
Jose Siri LAA,R,0.02134273,0.004673591,-0.117581602,0.128783383,0.016661721,0,9.682708714,-0.029667304,0.088402949,0.089312552,-0.029972559,0.27597062,1.010289281,
Elier Hernandez NA,R,0.00350365,-0.026277372,-0.119708029,0.131386861,-0.049854015,0,9.686774942,-0.029631509,0.088352488,#N/A,#N/A,#N/A,#N/A,
Nick Allen HOU,R,0.012905405,0.029307432,-0.113217905,0.123986486,0.025929054,0,9.68286839,-0.029674634,0.088392997,0.088306674,-0.029645654,0.272877253,0.99902342,
Grant Richardson MIA,L,0.009824561,0,-0.121052632,0.131578947,-0.05,0,9.657142857,-0.029874046,0.088323265,0.088610307,-0.029971133,0.273990558,1.003249902,
Ripken Reyes NA,B,0.005111111,0,-0.120740741,0.131851852,0.016666667,0,9.673202614,-0.029778453,0.088239221,0.088664118,-0.029921845,0.27433869,1.004815291,
Frederick Bencosme BAL,L,0.01184466,0,-0.120873786,0.131553398,0.016650485,0,9.68787515,-0.029829316,0.088289982,0.087771688,-0.029654207,0.271386454,0.994129632,
Oliver Dunn CHA,L,0.012900763,-0.010687023,-0.119847328,0.130534351,0.016641221,0,9.687108886,-0.029835542,0.088271397,0.089981425,-0.030413528,0.278268276,1.019372394,
Tyler Osik NA,R,0.011176471,0,-0.123529412,0.135294118,-0.084705882,0,9.722222222,-0.03,0.088571429,0.088365193,-0.029930146,0.272311451,0.99767153,
Brock Jones TBA,L,0.017368421,0,-0.121052632,0.131578947,-0.050526316,0,9.772727273,-0.029487179,0.088461538,0.086441417,-0.028813806,0.266710032,0.977163847,
Connor Scott KCA,L,0.008421053,0,-0.121052632,0.131578947,-0.050526316,0,9.677419355,-0.029487179,0.088461538,0.086098758,-0.028699586,0.265609953,0.973290313,
Devin Mann SFN,R,0.001428571,0,-0.122857143,0.131428571,0.016857143,0,9.690721649,-0.030211324,0.088526205,0.088704873,-0.030272298,0.273439758,1.002018249,
Duke Ellis NYA,L,0.048955224,0.007462687,-0.123880597,0.134328358,-0.050149254,0,9.655172414,-0.02987388,0.088181936,0.089368507,-0.030275862,0.276554898,1.013455943,
Ethan Anderson BAL,B,0.012352941,0,-0.123529412,0.135294118,0.084705882,0,9.685863874,-0.03,0.088571429,0.088977283,-0.030137467,0.274023911,1.004582222,
Marcos CastaÃ±on SDN,R,0.003529412,0,-0.121568627,0.131372549,0.016666667,0,9.683544304,-0.029911156,0.088286154,0.088460419,-0.029970196,0.273304401,1.001973857,
Riley Tirotta TOR,R,0.006428571,0,-0.121428571,0.130357143,-0.082678571,0,9.69151671,-0.030169927,0.088291405,0.086987843,-0.029724489,0.268722049,0.985235689,
Andrew Pinckney WAS,R,0.015692008,0,-0.121832359,0.131578947,0.016647173,0,9.681614784,-0.030073462,0.088006978,0.087023238,-0.029737301,0.269619134,0.988822021,
Miguel Cabrera NA,R,-0.018888889,0,-0.116666667,0.127777778,-0.113333333,0,9.688888889,-0.029577465,0.087323944,0.087844201,-0.029753681,0.274289481,1.005957791,
Luca Tresh KCA,R,0.003653846,0,-0.123076923,0.132692308,0.084038462,0,9.674952199,-0.030072144,0.087867046,0.086977795,-0.029767801,0.26988077,0.989879585,
Dominic Miroglio NA,R,0.011176471,0,-0.123529412,0.135294118,0.084705882,0,9.682539683,-0.03,0.088571429,0.088547033,-0.029991737,0.272553909,0.999724567,
James Herron NA,R,0.014047619,0,-0.121428571,0.130952381,-0.04952381,0,9.646017699,-0.030172607,0.088151342,0.088450723,-0.03027508,0.273536848,1.003396224,
Tyler Wade TEX,L,0.015758267,-0.029874572,-0.121664766,0.131128848,0.027787913,0,9.684963738,-0.03014621,0.08792409,0.087800494,-0.030103833,0.272179855,0.998594288,
Aaron McKeithan SEA,R,0.007647059,0,-0.123529412,0.135294118,0.084705882,0,9.672131148,-0.03,0.088571429,0.088007068,-0.029808846,0.270819324,0.993628187,
Max Stassi NA,R,-0.0025,-0.0125,-0.125,0.13125,0.08375,0.013,9.668874172,-0.030769231,0.087692308,0.088251869,-0.030965568,0.274293157,1.006380963,
Angelo Castellano CHA,R,0.011176471,0,-0.123529412,0.135294118,0.017058824,0,9.714285714,-0.03,0.088571429,0.08858804,-0.030005626,0.272600116,1.000187548,
Riley Mahan NA,L,0.009473684,0,-0.126315789,0.131578947,-0.084210526,0,9.705882353,-0.030769231,0.088461538,0.08859684,-0.030816292,0.272939823,1.001529497,
Joseph Redfield LAA,L,0.012105263,0,-0.126315789,0.131578947,-0.050526316,0,9.692307692,-0.030769231,0.088461538,0.088837815,-0.030900109,0.273680184,1.004253558,
Justice Thompson NA,R,0.009444444,0,-0.116666667,0.127777778,-0.048888889,0,9.622641509,-0.029584413,0.087344457,0.08747235,-0.029627731,0.27287697,1.001464228,
Pedro Leon PHI,R,0.009433333,-0.044444444,-0.120666667,0.129666667,-0.005555556,0,9.683026255,-0.030233744,0.08783376,0.087702405,-0.03018853,0.272056531,0.998504503,
Riley Unroe HOU,B,0.015294118,0,-0.123529412,0.135294118,0.050588235,0,9.705882353,-0.03,0.087142857,0.08602946,-0.029616699,0.268965041,0.987223307,
Jake Noll NA,R,0.005,0,-0.125,0.13125,-0.085,0,9.672131148,-0.03030303,0.087878788,0.087787245,-0.030271464,0.27207928,0.998958302,
Terrell Tatum NA,L,0.017068273,0,-0.122891566,0.131726908,-0.049919679,0,9.676375405,-0.030366319,0.087724921,0.08797934,-0.030454387,0.273085713,1.002900201,
Tyler Gentry KCA,R,0.006757813,-0.01328125,-0.12265625,0.130859375,-0.050039062,0,9.67943706,-0.030432249,0.087710783,0.087920207,-0.030504912,0.272903051,1.002387672,
Ruben Ibarra CIN,R,0.006470588,0,-0.123529412,0.135294118,-0.084705882,0,9.658119658,-0.03,0.087142857,0.085326438,-0.029374675,0.266568324,0.979155842,
Yeiner Fernandez LAN,R,0.006470588,0,-0.123529412,0.131764706,0.016588235,0,9.672727273,-0.030515351,0.087767961,0.087149102,-0.030300185,0.270319423,0.992948927,
Matt Gorski LAN,R,0.0092,0.004,-0.122,0.13,-0.0826,0,9.684542587,-0.030443554,0.087837139,0.087272134,-0.030247728,0.270485856,0.993567575,
Morgan McCullough NA,L,0.011052632,0,-0.126315789,0.131578947,0.050526316,0,9.694656489,-0.030769231,0.087179487,0.087006259,-0.030708091,0.271635179,0.998012973,
Juan Guerrero NA,R,0.010952381,0,-0.123809524,0.133333333,-0.05047619,0,9.692307692,-0.03016964,0.087027807,0.087019374,-0.030166716,0.272125628,0.999903098,
Patrick Hilson PIT,R,0.011764706,0,-0.123529412,0.135294118,-0.050588235,0,9.583333333,-0.03,0.087142857,0.083239406,-0.028656189,0.259959394,0.955206298,
Geonchang Seo NA,L,-0.006315789,0,-0.126315789,0.131578947,0.016842105,0,9.677419355,-0.030769231,0.087179487,0.08763677,-0.030930625,0.273567456,1.0052453,
Jose Ramos NYN,R,0.007433155,0,-0.123529412,0.132085561,-0.050053476,0,9.680851064,-0.030448678,0.087523474,0.086599818,-0.030127346,0.269256168,0.98944676,
Rodolfo Castro NA,B,0.007792208,-0.009090909,-0.123376623,0.131168831,0.016623377,0,9.673913043,-0.030487787,0.087612271,0.088256367,-0.030711922,0.274124562,1.007351656,
Bon Ki Shin NA,R,-0.002352941,0,-0.123529412,0.135294118,-0.118235294,0,9.685863874,-0.03,0.087142857,0.087183664,-0.030014048,0.272248428,1.000468277,
John Peck DET,R,0.013529412,0,-0.123529412,0.135294118,0.050588235,0,9.69924812,-0.03,0.087142857,0.087440808,-0.030102573,0.273028333,1.00341911,
Eddinson Paulino NA,L,0.008064516,0,-0.122580645,0.129032258,0.016451613,0,9.696969697,-0.030601139,0.087776951,0.088458522,-0.030838751,0.274173501,1.007764806,
Bret Boswell NA,L,0.004736842,0,-0.126315789,0.131578947,0.016842105,0,9.622641509,-0.030769231,0.087179487,0.087356279,-0.030831628,0.272587663,1.002027904,
Jake Scheiner NA,R,0.004324324,0,-0.124324324,0.131756757,-0.083445946,0,9.680656934,-0.030623286,0.087542655,0.087493972,-0.030606256,0.271838744,0.999443891,
Joshua Kasevich TOR,R,0.007530201,0,-0.124161074,0.131677852,0.049973154,0,9.682190492,-0.030639363,0.087446398,0.087991282,-0.030830279,0.273645544,1.006231064,
Alsander Womack NA,R,0.008214286,0,-0.125,0.132142857,0.016428571,0,9.673913043,-0.030989699,0.087656576,0.087776716,-0.031032172,0.272297692,1.001370569,
D'Andre Smith NYN,R,0.017647059,0,-0.123529412,0.135294118,-0.050588235,0,9.72972973,-0.03,0.087142857,0.085900222,-0.029572208,0.268028689,0.985740252,
Bryan Lavastida OAK,R,0.015,0,-0.123333333,0.131666667,0.082833333,-0.001,9.67791411,-0.030620865,0.087310843,0.087211505,-0.030586025,0.271552686,0.998862239,
Alexfri Planez NA,R,0.008441558,0,-0.124675325,0.131168831,-0.04987013,0,9.676258993,-0.030799973,0.08726659,0.087661031,-0.030939187,0.273088795,1.004519955,
Drew Romo CHA,B,0.00704918,-0.004918033,-0.121311475,0.12852459,0.083311475,0.0033,9.682224429,-0.030700669,0.087372446,0.091908424,-0.032294508,0.28596952,1.051915426,
Martin Costes NA,R,0.010588235,0,-0.129411765,0.135294118,-0.050588235,0,9.666666667,-0.031428571,0.087142857,0.0871827,-0.031442941,0.271929274,1.000457217,
Colin Barber NA,L,0.007619048,0,-0.123809524,0.133333333,-0.05,0,9.718309859,-0.030491379,0.086783156,0.086892315,-0.030529732,0.272112845,1.001257842,
Eduardo Quintero LAN,R,0.016470588,0,-0.129411765,0.135294118,0.017058824,0,9.710144928,-0.031428571,0.087142857,0.084581527,-0.030504813,0.263742257,0.97060769,
James Jarvis ATL,L,0.011578947,0,-0.126315789,0.131578947,0.050526316,0,9.696969697,-0.030769231,0.087179487,0.090073561,-0.031790669,0.280649294,1.033196729,
Junior Franco ARI,L,0.012631579,0,-0.126315789,0.131578947,-0.050526316,0,9.6875,-0.030769231,0.087179487,0.095392179,-0.033667828,0.297173882,1.094204412,
Quincy Nieporte NA,R,0.01,0,-0.129411765,0.135294118,-0.118235294,0,9.666666667,-0.031428571,0.087142857,0.087277536,-0.031477144,0.272007738,1.001545495,
Ryan Jackson SDN,R,0.010588235,0,-0.129411765,0.135294118,0.017058824,0,9.661016949,-0.031428571,0.087142857,0.084042271,-0.030310327,0.261878473,0.964419507,
Connor Kokx NA,R,0.013461538,0,-0.123076923,0.130769231,0.016538462,0,9.702970297,-0.030626901,0.08709525,0.087447527,-0.030750779,0.272630274,1.004044731,
Kevin Newman KCA,R,0.012482468,-0.002945302,-0.12173913,0.127629734,0.016661992,0,9.682606446,-0.031012832,0.087071742,0.084637444,-0.030145795,0.263893045,0.972042614,
Vincent Johnson CIN,B,0.01,0,-0.126923077,0.132692308,-0.050384615,0,9.677419355,-0.031011898,0.086927291,0.08942781,-0.031903975,0.279255345,1.028765634,
Kyle Nevin LAN,R,0.011176471,0,-0.129411765,0.135294118,-0.084705882,0,9.663865546,-0.031428571,0.087142857,0.087502915,-0.031558428,0.272566559,1.004131809,
Joe Perez NA,R,0.006428571,-0.007142857,-0.125,0.128571429,0.016428571,0,9.642857143,-0.031331675,0.086833498,0.087104906,-0.031429605,0.272182085,1.003125613,
Thomas Gavello SFN,L,0.008947368,0,-0.126315789,0.131578947,0.016842105,0,9.672131148,-0.030769231,0.087179487,0.086823642,-0.030643638,0.270145811,0.995918242,
Ian Petrutz SLN,L,0.008421053,0,-0.126315789,0.131578947,-0.050526316,0,9.722222222,-0.030769231,0.087179487,0.087200961,-0.03077681,0.2712608,1.000246318,
Jared Oliva SFN,R,0.04125,-0.03125,-0.13125,0.13125,-0.050625,0,9.701492537,-0.031818182,0.086363636,0.086773374,-0.031969138,0.272417334,1.004744327,
Chad Stevens COL,R,0.010666667,-0.013333333,-0.126666667,0.13,0.017,0,9.636363636,-0.031671174,0.086679003,0.087467329,-0.031959216,0.27357871,1.009094769,
Luis Baez HOU,R,0.01,0,-0.129411765,0.135294118,-0.050588235,0,9.672131148,-0.031428571,0.087142857,0.084678239,-0.030539693,0.26341901,0.971717499,
Bryan Ramos BAL,R,0.009890777,-0.000121359,-0.127427184,0.132038835,0.016674757,0,9.682179342,-0.031356501,0.086723122,0.08494211,-0.03071254,0.26548841,0.979463245,
Albert Almora Jr. NA,R,0.00675841,-0.012538226,-0.127217125,0.131804281,-0.050061162,0,9.682265146,-0.031342814,0.086720143,0.086816538,-0.031377654,0.271350289,1.001111567,
Christian Vazquez HOU,R,-0.012388377,-0.000496102,-0.120694543,0.12508859,0.083345145,0.049900708,9.683063604,-0.031361459,0.086699793,0.088812727,-0.032125759,0.277650555,1.024370695,
Diego Infante NA,R,0.010588235,0,-0.129411765,0.135294118,-0.050588235,0,9.666666667,-0.031428571,0.087142857,0.087284708,-0.031479731,0.2714832,1.001627792,
Patrick Dorrian NA,L,0.002857143,0,-0.128571429,0.133333333,0.016666667,0,9.622641509,-0.031829548,0.08723654,0.087504843,-0.031927443,0.27187461,1.003075586,
Myles Straw TOR,R,0.026676602,0.026005961,-0.124590164,0.128874814,-0.026918778,0,9.68303483,-0.031422222,0.086646025,0.089076712,-0.032303712,0.278577711,1.028053079,
Benjamin Gobbel LAA,R,0.010588235,0,-0.129411765,0.135294118,-0.118235294,0,9.664804469,-0.031428571,0.087142857,0.087963611,-0.031724581,0.273468628,1.009418486,
Yasel Antuna NA,B,0.011764706,0,-0.129411765,0.135294118,-0.050588235,0,9.655172414,-0.031428571,0.087142857,0.087109571,-0.031416566,0.27077753,0.999618024,
Chavez Young NA,B,0.018235294,0,-0.129411765,0.135294118,0.017058824,0,9.722222222,-0.031428571,0.087142857,0.087273787,-0.031475792,0.271222894,1.001502474,
Bryson Brigman CIN,R,0.00673913,0,-0.12826087,0.132608696,0.01673913,0,9.696969697,-0.031535226,0.086588248,0.086718708,-0.031582739,0.271131892,1.001506671,
Tanner Allen NA,L,0.004333333,0,-0.13,0.133333333,-0.050666667,0,9.69924812,-0.031742044,0.086273248,0.08659198,-0.031859313,0.271681017,1.003694448,
Wil Myers NA,R,0.004705882,-0.029411765,-0.129411765,0.129411765,-0.049411765,0,9.692307692,-0.032352941,0.086764706,0.087291923,-0.032549531,0.272238238,1.006076402,
Parker Chavers CHN,L,0.013684211,0,-0.131578947,0.131578947,-0.050526316,0,9.722222222,-0.032051282,0.085897436,0.082147613,-0.030652094,0.258715325,0.956345347,
Samuel Zavala CHA,L,0.01,0,-0.131578947,0.131578947,-0.050526316,0,9.625,-0.032051282,0.085897436,0.094746576,-0.0353532,0.298335982,1.103019839,
Brandon Dixon NA,R,-0.00125,-0.0125,-0.13125,0.13125,-0.085,0,9.693251534,-0.031818182,0.086363636,0.086817851,-0.031985524,0.271844237,1.005259324,
Andrew Compton ATL,B,0.007058824,0,-0.129411765,0.135294118,-0.084705882,0,9.682539683,-0.031428571,0.085714286,0.083192062,-0.030503756,0.262412168,0.970574062,
Korry Howell NA,R,0.013529412,0,-0.129411765,0.135294118,0.017058824,0,9.6875,-0.031428571,0.085714286,0.085881882,-0.031490023,0.27088763,1.001955289,
Ryan Yeager NA,R,0.007111111,0,-0.128888889,0.131111111,-0.083222222,0,9.679767103,-0.031837964,0.086182075,0.086468616,-0.03194382,0.271224787,1.003324826,
Taegun Kim NA,R,-0.005294118,0,-0.129411765,0.135294118,0.084705882,0,9.666666667,-0.031428571,0.085714286,0.085618481,-0.031393443,0.270012864,0.998882282,
Jefferson Rojas CHN,R,0.012941176,0,-0.129411765,0.135294118,0.050588235,0,9.672131148,-0.031428571,0.085714286,0.085740706,-0.031438259,0.270378316,1.000308241,
Osleivis Basabe SFN,R,0.01,-0.00625,-0.13125,0.13125,0.050625,0,9.666666667,-0.031818182,0.086363636,0.085882788,-0.031641027,0.268731403,0.994432285,
Kellen Strahm HOU,R,0.014285714,0,-0.131428571,0.131428571,-0.050285714,0,9.692307692,-0.032319091,0.085715849,0.084951686,-0.032030963,0.267809977,0.991084924,
Thayron Liranzo DET,B,0.006470588,0,-0.129411765,0.135294118,0.084705882,0,9.705882353,-0.031428571,0.085714286,0.085768172,-0.03144833,0.270351856,1.000628673,
Alerick Soularie NA,R,0.018235294,0,-0.129411765,0.135294118,-0.050588235,0,9.782608696,-0.031428571,0.085714286,0.085960199,-0.03151874,0.270871905,1.002868988,
Jorge Mateo ATL,R,0.048590116,-0.010368217,-0.126792636,0.128246124,0.00873062,0,9.68307821,-0.032130436,0.085930808,0.087329559,-0.032653444,0.274483381,1.016277648,
Eduardo Antonini DET,L,0.009473684,0,-0.131578947,0.131578947,0.084210526,0,9.673913043,-0.032051282,0.085897436,0.084280464,-0.031447934,0.264945854,0.981175555,
Brock Rodden SEA,B,0.015882353,0,-0.135294118,0.135294118,0.050588235,0,9.658119658,-0.032857143,0.085714286,0.084743456,-0.032484992,0.266953752,0.988673659,
Steven Berman NA,R,0.011176471,0,-0.135294118,0.135294118,0.084705882,0,9.702380952,-0.032857143,0.085714286,0.086325201,-0.033091327,0.271922369,1.007127345,
Joshua Hatcher NA,L,0.00754386,0,-0.129824561,0.131578947,-0.05,0,9.666666667,-0.032038831,0.085725522,0.085733261,-0.032041724,0.270019375,1.000090279,
Cameron Sisneros CHN,L,0.009473684,0,-0.131578947,0.131578947,-0.084210526,0,9.659863946,-0.032051282,0.085897436,0.086310433,-0.032205386,0.271253957,1.004808032,
Tanner Schobel MIN,R,0.008352941,0,-0.130588235,0.131764706,0.016647059,0,9.673913043,-0.032227943,0.085796009,0.084786738,-0.031848826,0.266760577,0.988236386,
Jase Bowen SDN,R,0.014857143,0,-0.131428571,0.131428571,-0.05,0,9.68503937,-0.032417399,0.085624218,0.087004728,-0.032940062,0.274237344,1.016122896,
Trey Paige SLN,L,0.008421053,0,-0.131578947,0.131578947,-0.084210526,0,9.66442953,-0.032051282,0.085897436,0.085093777,-0.031751409,0.267352024,0.990643975,
Neyfy Castillo NA,R,0.010857143,0,-0.128571429,0.131428571,-0.082571429,0,9.678714859,-0.0320212,0.085389866,0.085585967,-0.032094738,0.270448674,1.002296543,
Jeremy De La Rosa NA,L,0.01,0,-0.129166667,0.129166667,-0.049166667,0,9.690721649,-0.03228211,0.085391386,0.085721205,-0.032406797,0.270861157,1.00386243,
Joseph Suozzi NA,R,0.01,0,-0.133333333,0.133333333,-0.083333333,0,9.705882353,-0.032813386,0.086135139,0.08609173,-0.032796849,0.269679022,0.999496032,
Jacob Berry MIA,B,0.014193548,0,-0.131612903,0.132258065,0.016709677,0,9.683168317,-0.032364121,0.085669731,0.088042229,-0.033260398,0.277258356,1.027693536,
Billy Cook PIT,R,0.011937173,-0.040488656,-0.127399651,0.127748691,0.016684119,0,9.677419355,-0.032413022,0.085650301,0.085321765,-0.032288693,0.26869438,0.996164224,
Kody Hoese NA,R,0.002567568,0,-0.131756757,0.131756757,0.016689189,0,9.693877551,-0.032518643,0.085715808,0.085625491,-0.032484379,0.26942981,0.998946328,
Sean Roby NA,R,0.008823529,0,-0.135294118,0.135294118,0.017058824,0,9.777777778,-0.032857143,0.085714286,0.085932293,-0.032940712,0.270345857,1.002543414,
Greg Deichmann NA,L,0.005263158,-0.031578947,-0.131578947,0.131578947,-0.050526316,0,9.668874172,-0.032051282,0.085897436,0.086176966,-0.032155584,0.270509446,1.003254235,
Lamar Sparks NA,R,0.008076923,0,-0.132692308,0.132692308,-0.050384615,0,9.691629956,-0.03242153,0.085517659,0.085774791,-0.032519014,0.270437706,1.003006769,
Logan Porter SFN,R,0.001666667,-0.004166667,-0.129166667,0.129166667,0.08375,0.006,9.672897196,-0.032263287,0.085341597,0.085433819,-0.032298151,0.269898344,1.001080625,
Brandon Butterworth BAL,R,0.013529412,0,-0.135294118,0.135294118,0.050588235,0,9.646017699,-0.032857143,0.085714286,0.085462716,-0.032760708,0.268779814,0.997065018,
Jose Fernandez ARI,R,0.010588235,0,-0.135294118,0.135294118,0.050588235,0,9.719626168,-0.032857143,0.085714286,0.092044862,-0.035283864,0.289474187,1.073856721,
Coco Montes NA,R,0.009375,-0.01875,-0.1375,0.13125,0.016875,0,10,-0.033333333,0.084848485,0.084988023,-0.033388152,0.26991917,1.001644562,
Luis Diaz NA,R,0.012941176,0,-0.135294118,0.135294118,0.017058824,0,9.622641509,-0.032857143,0.085714286,0.085640919,-0.032829019,0.269235353,0.999144059,
Joseph Naranjo NA,L,0.0052,0,-0.132,0.132,-0.084,0,9.704433498,-0.032288771,0.085124942,0.085359938,-0.032377908,0.270074517,1.002760607,
Sean Keys TOR,L,0.007368421,0,-0.136842105,0.131578947,-0.084210526,0,9.689440994,-0.033333333,0.085897436,0.097536883,-0.037850134,0.305783281,1.135504009,
Cam Devanney NA,R,0.005359477,-0.006535948,-0.130718954,0.130065359,0.016601307,0,9.699570815,-0.032720011,0.085235629,0.085027228,-0.032640011,0.268631589,0.997555011,
Delino DeShields NA,R,0.00625,-0.05625,-0.1375,0.13125,0.016875,0,9.692307692,-0.033333333,0.084848485,0.084868217,-0.033341085,0.269344625,1.000232563,
Nick Ward NA,L,0.010526316,0,-0.136842105,0.131578947,0.016842105,0,9.76744186,-0.033333333,0.085897436,0.086166101,-0.033437591,0.270121236,1.003127745,
Nick Podkul NA,R,0.007647059,0,-0.135294118,0.135294118,-0.084705882,0,9.703703704,-0.032857143,0.085714286,0.085904064,-0.032929891,0.269858167,1.002214078,
Michael Perez NA,L,0.001578947,0.010526316,-0.136842105,0.131578947,0.084210526,-0.0145,9.66442953,-0.033333333,0.084615385,0.084907752,-0.033448509,0.270159255,1.003455256,
Francisco Mejia NA,B,0.003846154,-0.015384615,-0.132692308,0.130769231,0.083269231,-0.0488,9.674796748,-0.032756809,0.085452546,#N/A,#N/A,#N/A,#N/A,
Jacob Rucker MIN,R,0.006190476,0,-0.133333333,0.132142857,0.016666667,0,9.680851064,-0.03283803,0.085173641,0.084398979,-0.032539365,0.266730794,0.990904915,
Livan Soto NA,L,0.005581395,0.011627907,-0.133139535,0.131976744,0.016627907,0,9.689655172,-0.032818122,0.085269794,0.085559141,-0.032929484,0.270090401,1.00339331,
JosÃ© Alvarez NA,R,0.011176471,0,-0.135294118,0.135294118,-0.050588235,0,9.710144928,-0.032857143,0.085714286,0.085947931,-0.032946707,0.269876647,1.002725863,
Ramon Hernandez NA,R,0.008823529,0,-0.135294118,0.135294118,0.017058824,0,9.777777778,-0.032857143,0.085714286,0.085870434,-0.032917,0.269614272,1.001821733,
Colby Shade MIA,R,0.026470588,0,-0.135294118,0.135294118,-0.050588235,0,9.761904762,-0.032857143,0.085714286,0.084673169,-0.032458048,0.26578202,0.987853633,
Javier Jasso MIA,R,0.007058824,0,-0.135294118,0.135294118,0.017058824,0,9.761904762,-0.032857143,0.085714286,0.083857074,-0.032145212,0.263207648,0.978332527,
Christopher Suero NYN,R,0.015294118,0,-0.135294118,0.135294118,-0.118235294,0,9.668508287,-0.032857143,0.085714286,0.084643199,-0.03244656,0.265672149,0.987503992,
Trevor Schwecke NA,R,0.007954545,0,-0.134090909,0.131818182,0.016590909,0,9.702970297,-0.033108021,0.08529524,0.085560153,-0.033210849,0.269786319,1.003105841,
John Hicks NA,R,0,0,-0.1375,0.13125,0.085,-0.0005,9.689922481,-0.033333333,0.084848485,0.085099933,-0.033432116,0.269700895,1.002963493,
Cristian Santana LAN,R,0.01,0,-0.135294118,0.135294118,-0.084705882,0,9.694656489,-0.032857143,0.084285714,0.084326463,-0.032873028,0.269005992,1.000483464,
Baron Radcliff NA,L,0.008421053,0,-0.136842105,0.131578947,-0.117894737,0,9.688888889,-0.033333333,0.084615385,0.084543522,-0.033305024,0.268643651,0.999150715,
Payton Henry NYA,R,0.0075,0,-0.1375,0.13125,0.085,0.0005,9.652777778,-0.033333333,0.084848485,0.083770645,-0.032909896,0.265431807,0.98729689,
Brian Anderson NA,R,0.00247619,-0.023809524,-0.134285714,0.131428571,-0.05,0,9.677018634,-0.033147741,0.084867622,0.085286456,-0.03331133,0.270161741,1.00493515,
Dru Baker CHA,R,0.015882353,0,-0.135294118,0.131372549,0.016666667,0,9.668874172,-0.033288222,0.084909088,0.085137495,-0.033377768,0.269552155,1.002690019,
Narciso Crook NA,R,0.011875,-0.01875,-0.1375,0.13125,-0.050625,0,9.714285714,-0.033333333,0.084848485,0.084945877,-0.033371595,0.269117549,1.001147837,
Neftali Soto NA,R,-0.005882353,0,-0.135294118,0.135294118,-0.084705882,0,9.685534591,-0.032857143,0.084285714,0.08386096,-0.032691561,0.26744639,0.994960547,
Geraldo Quintero ATL,B,0.017014925,0,-0.135820896,0.132835821,-0.050298507,0,9.6812749,-0.033294279,0.084882118,0.084947418,-0.033319892,0.268885696,1.000769305,
Michael Papierski NA,B,0.001891892,-0.010810811,-0.135135135,0.12972973,0.082702703,-0.00525,9.666666667,-0.033619325,0.0847207,0.085137087,-0.033784558,0.269932179,1.004914818,
Jordan Brewer NA,R,0.011764706,0,-0.135294118,0.135294118,-0.084705882,0,9.6875,-0.032857143,0.084285714,0.084152413,-0.032805178,0.268184183,0.998418456,
Brycelin Ball NA,L,0.007368421,0,-0.136842105,0.131578947,-0.084210526,0,9.689440994,-0.033333333,0.084615385,0.084621725,-0.033335831,0.268547121,1.000074931,
Aaron Sabato MIN,R,0.003269231,0,-0.134615385,0.130769231,-0.082692308,0,9.686800895,-0.033495447,0.08469563,0.083969438,-0.033208252,0.266185948,0.991425866,
Franklin Barreto NA,R,0.011875,0,-0.1375,0.13125,0.050625,0,9.677419355,-0.033333333,0.084848485,#N/A,#N/A,#N/A,#N/A,
Marco Luciano NYA,R,0.008432056,0.020905923,-0.134843206,0.130662021,0.016655052,0,9.685230024,-0.033497305,0.084565548,0.085662766,-0.033931925,0.271856089,1.012974763,
Braden Shewmake HOU,L,0.013541667,-0.045416667,-0.13375,0.129583333,0.05,0,9.682080925,-0.033508263,0.084553562,0.08540344,-0.033845067,0.271047283,1.010051362,
Cameron Cauley TEX,R,0.017598784,0,-0.136322188,0.131762918,0.049969605,0,9.682391632,-0.033643034,0.084426388,0.085524453,-0.034080602,0.271710545,1.013006185,
Jose Cordova COL,R,0.009411765,0,-0.141176471,0.135294118,-0.084705882,0,9.65034965,-0.034285714,0.084285714,0.084170861,-0.034238994,0.267842522,0.998637334,
Cayden Wallace WAS,R,0.01,0,-0.138095238,0.133333333,0.016666667,0,9.583333333,-0.033650752,0.084707065,0.08655529,-0.034384978,0.274038576,1.021819014,
Erick Mejia WAS,B,0.013529412,0,-0.141176471,0.135294118,0.017058824,0,9.76744186,-0.034285714,0.084285714,0.084435359,-0.034346587,0.268645118,1.00177544,
Korey Lee CHA,R,0.00830282,-0.012666997,-0.134487877,0.129737754,0.083330035,-0.055792078,9.683200347,-0.033685992,0.084376097,0.081681853,-0.032610352,0.259595351,0.968068642,
Chase Strumpf NA,R,0.008823529,0,-0.141176471,0.135294118,0.017058824,0,9.714285714,-0.034285714,0.084285714,0.084631635,-0.034426428,0.269223415,1.004104143,
Jackson Frazier NA,R,0.006875,-0.025,-0.1375,0.13125,-0.049375,0,9.672131148,-0.034375,0.084375,0.084611901,-0.034471515,0.268828681,1.002807715,
Dakota Harris SLN,R,0.012380952,0,-0.138095238,0.133333333,-0.084285714,0,9.698795181,-0.033650752,0.084707065,0.083772042,-0.033279304,0.26509118,0.988961686,
Miguel Ugueto SLN,R,0.014705882,0,-0.141176471,0.135294118,0.017058824,0,9.777777778,-0.034285714,0.084285714,0.084577306,-0.034404328,0.268959275,1.003459568,
Francisco Acuna SDN,R,0.012941176,0,-0.141176471,0.135294118,0.050588235,0,9.702970297,-0.034285714,0.084285714,0.081176039,-0.033020762,0.258096877,0.963105547,
Jesus Aguilar NA,R,-0.01,-0.01875,-0.1375,0.13125,-0.085,0,9.696969697,-0.033333333,0.084848485,0.084879267,-0.033345426,0.268073218,1.000362786,
Robert Perez Jr. NA,R,0.008165138,0,-0.137614679,0.132110092,-0.050183486,0,9.682242991,-0.033805535,0.084288467,0.08442036,-0.033858433,0.268366278,1.00156478,
Kyle Garlick NA,R,-0.000261438,-0.026797386,-0.137254902,0.131372549,-0.049869281,0,9.686544343,-0.033948188,0.084223838,0.084048001,-0.033877313,0.267358656,0.997912257,
Haydn McGeary CHN,R,0.005757576,0,-0.139393939,0.133333333,-0.083939394,0,9.68641115,-0.034077936,0.084454017,0.082653452,-0.033351393,0.262182484,0.978679941,
Kobe Kato NA,L,0.016315789,0,-0.136842105,0.131578947,0.016842105,0,9.636363636,-0.033333333,0.084615385,0.084990297,-0.033481026,0.269045826,1.004430786,
Patrick Winkel MIN,L,0.006842105,0,-0.136842105,0.131578947,-0.117894737,0,9.692982456,-0.033333333,0.084615385,0.08505452,-0.033506326,0.26923204,1.005189776,
Andrew Cossetti MIN,R,0.004,0,-0.138,0.132,0.0842,0,9.693396226,-0.03372493,0.084067941,0.08222402,-0.032985217,0.26195354,0.978066296,
Matt Reynolds NA,R,-0.001875,-0.0125,-0.1375,0.13125,0.01625,0,10,-0.034375,0.084375,0.08428893,-0.034339935,0.267541806,0.998979915,
Ali Sanchez NYA,R,0.003063063,0.002252252,-0.132432432,0.126576577,0.083243243,0.018227273,9.683982727,-0.03401303,0.08399136,0.085431834,-0.034596363,0.272334863,1.017150263,
Cooper Bowman OAK,R,0.021184211,0,-0.138157895,0.132236842,0.016710526,0,9.6812749,-0.033987923,0.083998723,0.080968463,-0.032761806,0.258078366,0.963924919,
Angel Ortiz ARI,L,0.006842105,0,-0.142105263,0.131578947,-0.050526316,0,9.716981132,-0.034615385,0.084615385,0.092540065,-0.037857299,0.292802151,1.093655318,
Steven Duggar NA,L,0.011052632,-0.052631579,-0.142105263,0.136842105,0.016842105,0,9.661016949,-0.034177215,0.083544304,0.083929432,-0.034334768,0.268887849,1.004609866,
Ryan Lasko OAK,R,0.012352941,0,-0.141176471,0.135294118,-0.050588235,0,9.74025974,-0.034285714,0.084285714,0.081239461,-0.033046561,0.257975634,0.963858016,
Charles Szykowny SFN,L,0.006842105,0,-0.142105263,0.131578947,-0.084210526,0,9.709302326,-0.034615385,0.083333333,0.091107783,-0.037844772,0.292595926,1.0932934,
Carter Trice CHN,R,0.014117647,0,-0.141176471,0.135294118,-0.050588235,0,9.72972973,-0.034285714,0.084285714,0.083998099,-0.034168718,0.266659939,0.996587619,
Dermis Garcia NA,R,0.005581395,0.013953488,-0.137209302,0.130232558,-0.082790698,0,9.679487179,-0.03405164,0.083686233,0.083819345,-0.034105802,0.267990589,1.0015906,
Aaron Schunk ATL,R,0.005746606,-0.04479638,-0.135294118,0.128959276,0.050045249,0,9.716981132,-0.034152687,0.083839706,0.084412895,-0.034386179,0.26936809,1.006836723,
Andrew Thomas SDN,L,0.00440678,0,-0.138983051,0.13220339,-0.117288136,0,9.684499314,-0.034103435,0.0840109,0.083986368,-0.034093476,0.267440881,0.999707987,
Bobby Dalbec NA,R,0.00368,0.0072,-0.1384,0.1312,-0.0832,0,9.683390161,-0.034280174,0.083817998,0.085041143,-0.03478042,0.271373154,1.014592866,
John Head NA,L,0.008947368,0,-0.142105263,0.131578947,-0.050526316,0,9.705882353,-0.034615385,0.083333333,0.083648594,-0.034746339,0.26847585,1.003783126,
Alfred Lewis COL,R,0.01,0,-0.141176471,0.135294118,-0.118235294,0,9.7,-0.034285714,0.084285714,0.084168278,-0.034237944,0.266979495,0.998606687,
Moises Gomez NA,R,0.008823529,0,-0.141176471,0.135294118,-0.050588235,0,9.642857143,-0.034285714,0.084285714,0.084744344,-0.034472276,0.268751463,1.005441374,
Nicholas Meyer NA,R,0.011176471,0,-0.141176471,0.135294118,-0.084705882,0,9.712230216,-0.034285714,0.084285714,0.084410267,-0.03433638,0.267648934,1.001477748,
Alika Williams PIT,R,0.004936709,0.008227848,-0.137341772,0.12943038,0.01664557,0,9.678321678,-0.034512515,0.083577543,0.085610533,-0.035352018,0.273640122,1.024324599,
D'Shawn Knowles NA,B,0.014705882,0,-0.141176471,0.135294118,-0.050588235,0,9.726027397,-0.034285714,0.082857143,0.083133571,-0.034400098,0.268029226,1.003336201,
Yonny Hernandez NYN,B,0.01047619,-0.033333333,-0.138095238,0.128571429,0.016190476,0,9.714285714,-0.034670266,0.083686849,0.082729502,-0.034273651,0.264081051,0.988560368,
Tomas Frick NYA,R,0.008235294,0,-0.141176471,0.135294118,0.084705882,0,9.673202614,-0.034285714,0.082857143,0.082986467,-0.034339228,0.267498864,1.001560809,
Jack Blomgren HOU,R,0.014705882,0,-0.141176471,0.135294118,0.050588235,0,9.711538462,-0.034285714,0.082857143,0.082311081,-0.034059758,0.265319835,0.993409596,
Chris Williams NA,R,0.008823529,0,-0.141176471,0.135294118,0.084705882,0,9.675324675,-0.034285714,0.082857143,0.083084931,-0.034379971,0.267807228,1.002749166,
Jax Biggers HOU,L,0.006440678,0,-0.138983051,0.130508475,0.016610169,0,9.662921348,-0.03455228,0.083431115,0.083117606,-0.034422443,0.265997689,0.996242295,
Steward Berroa MIL,B,0.029581994,-0.050482315,-0.141318328,0.132636656,0.016672026,0,9.686369119,-0.0346157,0.083447859,0.083620046,-0.034687126,0.267545921,1.002063413,
Jean Segura NA,R,-0.000588235,-0.017647059,-0.141176471,0.135294118,0.017058824,0,10,-0.034285714,0.082857143,0.083423514,-0.034520075,0.268819042,1.006835517,
Ryan McBroom NA,R,-0.0025,0,-0.14375,0.13125,-0.11875,0,9.683257919,-0.034848485,0.083333333,0.083789788,-0.035039366,0.268424274,1.005477461,
Eliezer Alfonzo LAN,B,0.003137255,0,-0.141176471,0.131372549,0.083529412,0,9.679012346,-0.034735536,0.083461774,0.084983985,-0.035369057,0.271815691,1.018238418,
Ehire Adrianza NA,B,-0.0015625,-0.01875,-0.14375,0.134375,0.016875,0,9.761904762,-0.034729478,0.083048753,0.083683144,-0.034994769,0.268955922,1.007638787,
Abrahan Gutierrez NYA,R,0.008235294,0,-0.141176471,0.135294118,0.084705882,0,9.673202614,-0.034285714,0.082857143,0.082933937,-0.034317491,0.267110335,1.000926824,
Nicholas Mitchell CLE,L,0.013684211,0,-0.142105263,0.131578947,0.016842105,0,9.743589744,-0.034615385,0.083333333,0.093142165,-0.038689822,0.298246429,1.117705983,
Nick Senzel LAN,R,0.005104478,-0.017910448,-0.14238806,0.132835821,0.016686567,0,9.693877551,-0.034830341,0.083242325,0.082582802,-0.034554383,0.264667312,0.992077067,
Glenn Santiago NA,R,0.010588235,0,-0.141176471,0.135294118,-0.050588235,0,9.62962963,-0.034285714,0.082857143,0.083009806,-0.034348885,0.267272541,1.001842489,
Blake Hunt SDN,R,0.007058824,0,-0.141176471,0.135294118,0.084705882,0,9.668874172,-0.034285714,0.082857143,0.083160853,-0.034411388,0.267741816,1.003665472,
Jeremy Arocho NA,B,0.015490196,0,-0.141176471,0.131372549,0.016666667,0,9.661016949,-0.034735536,0.083461774,0.083832299,-0.034889743,0.267932215,1.004439452,
Landon Stephens NA,R,0.009411765,0,-0.141176471,0.135294118,-0.050588235,0,9.638554217,-0.034285714,0.082857143,0.08292027,-0.034311836,0.26689819,1.000761882,
Jack Rogers WAS,L,0.006842105,0,-0.142105263,0.131578947,-0.050526316,0,9.716981132,-0.034615385,0.083333333,0.081640739,-0.033912307,0.261269304,0.979688863,
Nicholas Lorusso NYN,R,0.01,0,-0.141176471,0.135294118,0.017058824,0,9.72972973,-0.034285714,0.082857143,0.081234008,-0.033614072,0.261441151,0.980410444,
Emaarion Boyd MIA,R,0.026470588,0,-0.141176471,0.135294118,-0.050588235,0,9.622641509,-0.034285714,0.082857143,0.083261731,-0.03445313,0.267955055,1.004882957,
Antonio Bullard MIA,R,0.011176471,0,-0.141176471,0.135294118,-0.084705882,0,9.712230216,-0.034285714,0.082857143,0.082888771,-0.034298802,0.266745784,1.000381722,
Yoelqui CÃ©spedes CHA,R,0.011176471,0,-0.141176471,0.135294118,-0.118235294,0,9.696969697,-0.034285714,0.082857143,0.082981787,-0.034337291,0.267043117,1.001504328,
Jared Walsh NA,L,-0.002764977,-0.003225806,-0.140552995,0.130875576,-0.083456221,0,9.684826655,-0.034881504,0.083143781,0.083426379,-0.035000063,0.267535247,1.003398906,
Austin Nola NA,R,-0.004705882,-0.017647059,-0.141176471,0.129411765,0.082941176,-0.0545,9.62962963,-0.035294118,0.083823529,0.083782172,-0.035276704,0.266474461,0.999506617,
Luis Santana NA,R,0.009411765,0,-0.141176471,0.135294118,0.017058824,0,9.722222222,-0.034285714,0.082857143,0.082622877,-0.034188777,0.265834264,0.997172656,
Gage Miller MIA,R,0.013529412,0,-0.141176471,0.135294118,0.017058824,0,9.76744186,-0.034285714,0.082857143,0.083180534,-0.034419531,0.267605401,1.003902992,
Jose Azocar ATL,R,0.020098814,-0.003754941,-0.144268775,0.133992095,-0.049960474,0,9.681778131,-0.035003133,0.08304853,0.082916118,-0.034947325,0.266087075,0.998405607,
Thomas Harber SFN,R,0.008823529,0,-0.147058824,0.135294118,0.017058824,0,9.6,-0.035714286,0.082857143,0.081987724,-0.035339536,0.263694715,0.989507019,
Brett Phillips NA,L,0.012631579,-0.057894737,-0.142105263,0.131578947,0.016842105,0,9.736842105,-0.034615385,0.083333333,0.083257329,-0.034583814,0.266173016,0.999087953,
Andrew Pintar MIA,R,0.016666667,0,-0.142857143,0.133333333,0.016666667,0,9.615384615,-0.034811123,0.082386324,0.080110229,-0.033849392,0.259007081,0.972372904,
Shane Sasaki CIN,R,0.021764706,0,-0.147058824,0.135294118,-0.050588235,0,9.718309859,-0.035714286,0.082857143,0.081913079,-0.035307362,0.263284594,0.988606123,
Jacob Gonzalez CHA,L,0.01,0,-0.142696629,0.131460674,0.016741573,0,9.65034965,-0.035149385,0.082753276,0.08593322,-0.036500064,0.276511251,1.038426804,
Dylan Campbell PHI,R,0.019411765,0,-0.147058824,0.135294118,-0.050588235,0,9.733333333,-0.035714286,0.082857143,0.081087354,-0.034951446,0.260569879,0.978640483,
ArquÃ­medes Gamboa NA,B,0.011764706,0,-0.147058824,0.135294118,0.050588235,0,9.662921348,-0.035714286,0.082857143,0.083103717,-0.035820568,0.267005222,1.002975895,
Garret Guillemette HOU,R,0.008235294,0,-0.147058824,0.135294118,-0.084705882,0,9.677419355,-0.035714286,0.082857143,0.080458815,-0.034680524,0.258456879,0.971054659,
Jose Osuna NA,R,-0.005,0,-0.14375,0.13125,-0.026875,0,9.726027397,-0.034848485,0.083333333,0.082891971,-0.034663915,0.264656822,0.994703652,
Kenneth Betancourt NA,R,0.011764706,0,-0.147058824,0.135294118,0.017058824,0,9.666666667,-0.035714286,0.082857143,0.083016026,-0.03578277,0.266574194,1.001917561,
Payton Green MIA,R,0.011176471,0,-0.147058824,0.135294118,0.050588235,0,9.659090909,-0.035714286,0.082857143,0.083399427,-0.035948029,0.267737901,1.006544814,
Graysen Tarlow SLN,R,0.008823529,0,-0.147058824,0.135294118,0.084705882,0,9.652777778,-0.035714286,0.082857143,0.081351504,-0.035065303,0.261136925,0.981828496,
Jake Marisnick NA,R,0.00625,-0.04375,-0.14375,0.13125,0.016875,0,9.636363636,-0.035384615,0.083076923,0.083068625,-0.035381081,0.265941434,0.999900116,
Shawn Goosenberg NA,R,0.014117647,0,-0.147058824,0.135294118,-0.050588235,0,9.647058824,-0.035714286,0.082857143,0.083097301,-0.035817802,0.266717836,1.002898457,
Jorge Ona NA,R,0.01125,0,-0.14375,0.13125,-0.11875,0,9.696969697,-0.034848485,0.083333333,0.083210685,-0.034797195,0.265534614,0.998528215,
Damon Keith LAN,R,0.011176471,0,-0.147058824,0.135294118,-0.050588235,0,9.666666667,-0.035714286,0.082857143,0.085528031,-0.036865531,0.274479506,1.032234856,
Denzer Guzman LAA,R,0.008734177,0.033273056,-0.140687161,0.12875226,0.033327306,0,9.682407907,-0.035526082,0.082559326,0.083138104,-0.035775135,0.267738903,1.007010449,
Andrick Nava MIL,B,0.008235294,0,-0.147058824,0.135294118,0.084705882,0,9.65034965,-0.035714286,0.082857143,0.083455889,-0.035972366,0.267669368,1.007226247,
Tyrell Schofield-Sam NA,L,0.006315789,0,-0.147368421,0.131578947,-0.084210526,0,9.673913043,-0.035897436,0.082051282,0.082262085,-0.035989662,0.266428743,1.002569156,
Johnny Ascanio CIN,B,0.008823529,0,-0.147058824,0.135294118,0.017058824,0,9.6,-0.035714286,0.082857143,0.082586956,-0.035597826,0.264838569,0.996739124,
Wilfred Veras CHA,R,0.0121875,0,-0.144791667,0.131770833,-0.050104167,0,9.683168317,-0.03565567,0.082341512,0.08124383,-0.03518035,0.262162929,0.986669159,
Anthony Bemboom NA,L,-0.002631579,-0.005263158,-0.147368421,0.131578947,0.084210526,0.0015,9.672131148,-0.035897436,0.082051282,0.08231421,-0.036012467,0.266525335,1.003204435,
Andrew Yerzy SLN,L,0.007894737,0,-0.147368421,0.131578947,0.084210526,0,9.666666667,-0.035897436,0.082051282,0.079457338,-0.034762585,0.257256663,0.968386302,
Elijah Wilson NA,R,0.01,0,-0.147058824,0.135294118,0.084705882,0,9.657534247,-0.035714286,0.082857143,0.083123925,-0.035829278,0.26649129,1.003219782,
Colton Conn OAK,B,0.01,0,-0.147058824,0.135294118,0.084705882,0,9.657534247,-0.035714286,0.082857143,0.084566333,-0.036451006,0.271100272,1.020628158,
Evan Mendoza NA,R,0.012941176,0,-0.147058824,0.135294118,0.050588235,0,9.67032967,-0.035714286,0.082857143,0.082923757,-0.035742999,0.265807527,1.00080396,
Hunter Bishop NA,L,0.008509317,0,-0.145341615,0.131677019,-0.05,0,9.683751363,-0.035831926,0.082229676,0.082306931,-0.03586559,0.265802488,1.000939504,
James Glowenke NA,R,0.005384615,0,-0.146153846,0.132692308,0.016730769,0,9.782608696,-0.035710671,0.082228519,0.082380055,-0.035776481,0.266037369,1.001842865,
Jared Serna MIA,R,0.011510791,0,-0.145323741,0.131798561,0.027798561,0,9.681252854,-0.035817955,0.082274906,0.082644854,-0.03597901,0.266716921,1.004496488,
Devonte Brown NA,R,0.008431373,0,-0.145098039,0.131372549,0.016666667,0,9.666666667,-0.035700412,0.08201446,0.082358692,-0.035850254,0.266530005,1.004197204,
George Lombard NYA,R,0.017058824,0,-0.147058824,0.135294118,0.050588235,0,9.693877551,-0.035714286,0.081428571,0.083423749,-0.036589364,0.271854728,1.024502184,
Stone Garrett NA,R,0.005858586,0,-0.146464646,0.132323232,-0.116767677,0,9.67943706,-0.035996006,0.082170194,0.082189585,-0.036004501,0.265350605,1.000235989,
Jean Sio SFN,L,0.009473684,0,-0.147368421,0.131578947,-0.117894737,0,9.672131148,-0.035897436,0.082051282,0.082293968,-0.036003611,0.26601448,1.002957735,
Alexander McKenna NA,R,0.010588235,0,-0.147058824,0.135294118,-0.050588235,0,9.67032967,-0.035714286,0.081428571,0.081593813,-0.03578676,0.265711111,1.002029283,
Roberto Campos DET,R,0.008823529,0,-0.147058824,0.135294118,-0.050588235,0,9.680851064,-0.035714286,0.081428571,0.081783045,-0.035869756,0.266319311,1.00435318,
MoisÃ©s Castillo NA,R,0.01,0,-0.147058824,0.135294118,0.050588235,0,9.651162791,-0.035714286,0.081428571,0.081757304,-0.035858467,0.266211392,1.004037067,
Gavin Collins NA,R,0.008235294,0,-0.147058824,0.135294118,0.084705882,0,9.65034965,-0.035714286,0.081428571,0.081602927,-0.035790758,0.265645588,1.002141211,
Austin Barnes NYN,R,-0.003561254,-0.048148148,-0.140740741,0.126495726,0.083247863,0.0268,9.68045119,-0.036198825,0.081850379,0.082119232,-0.036317727,0.265915593,1.003284699,
Michael Siani LAN,L,0.017674699,0.002409639,-0.140963855,0.126506024,0.016662651,0,9.680795395,-0.036206207,0.081850785,0.080617881,-0.03566084,0.261029037,0.984937182,
Jean Correa NA,R,0.007692308,0,-0.146153846,0.130769231,-0.115769231,0,9.668674699,-0.036369445,0.081352706,0.081837017,-0.036585961,0.266558493,1.005953231,
Jared Sundstrom SEA,R,0.018823529,0,-0.147058824,0.135294118,-0.050588235,0,9.736842105,-0.035714286,0.081428571,0.080934337,-0.035497516,0.263364735,0.993930457,
Trey Lipscomb WAS,R,0.008129252,-0.022789116,-0.1430839,0.128117914,0.016678005,0,9.686174724,-0.036298573,0.081772458,0.081042074,-0.035974357,0.262563671,0.991068097,
Christopher Rotondo NA,R,0.011764706,0,-0.147058824,0.135294118,-0.050588235,0,9.662921348,-0.035714286,0.081428571,0.081706037,-0.035835981,0.265818695,1.003407476,
Daniel Robertson NA,R,0.004375,-0.01875,-0.15,0.13125,0.016875,0,9.62962963,-0.036363636,0.081818182,0.08216324,-0.036516996,0.265946888,1.004217377,
Michael Moss PIT,R,0.010588235,0,-0.147058824,0.135294118,-0.084705882,0,9.668874172,-0.035714286,0.081428571,0.088394546,-0.038769538,0.287476742,1.085547054,
Tsung-Che Cheng BOS,L,0.011713287,-0.007692308,-0.147552448,0.131468531,0.050034965,0,9.679144385,-0.036444341,0.081697504,0.082509007,-0.036806343,0.267408045,1.009933019,
James Haley NA,R,0.008305085,0,-0.147457627,0.13220339,0.016610169,0,9.661016949,-0.036473186,0.081750244,0.081483202,-0.036354044,0.263850293,0.996733442,
Gabriel Martinez NA,R,0.007058824,0,-0.147058824,0.131764706,-0.049882353,0,9.68627451,-0.036327798,0.08166489,0.082015257,-0.036483655,0.265848696,1.004290292,
Christopher Miller BOS,L,0.007894737,0,-0.147368421,0.131578947,-0.084210526,0,9.668508287,-0.035897436,0.082051282,0.081939355,-0.035848468,0.264338919,0.998635886,
Samuel Ruta KCA,L,0.007368421,0,-0.147368421,0.131578947,0.016842105,0,9.411764706,-0.035897436,0.082051282,0.082201315,-0.035963075,0.265179001,1.001828523,
Adam Walker NA,R,-0.001176471,0,-0.152941176,0.135294118,-0.027058824,0,9.62962963,-0.037142857,0.081428571,0.081285989,-0.03707782,0.264198575,0.998248993,
Eric Haase SFN,R,-0.001663778,-0.002079723,-0.146793761,0.13067591,0.083327556,-0.021275863,9.68488221,-0.036498109,0.081571335,0.080486758,-0.036012828,0.261131198,0.986703941,
Diego Hernandez NA,L,0.00875,0,-0.1475,0.13125,0.016625,0,9.733333333,-0.03659975,0.081574019,0.081737175,-0.036672953,0.265170308,1.002000098,
Leonel Valera NA,R,0.013529412,0,-0.152941176,0.135294118,0.050588235,0,9.634146341,-0.037142857,0.081428571,0.081960071,-0.037385295,0.266362321,1.006527183,
Byung-ho Park NA,R,-0.010588235,0,-0.152941176,0.135294118,-0.084705882,0,9.696969697,-0.037142857,0.081428571,0.08177821,-0.037302341,0.265753214,1.004293806,
Mike Zunino NA,R,-0.001764706,-0.017647059,-0.141176471,0.129411765,0.081176471,0.011,9.63963964,-0.035820896,0.082089552,0.081690506,-0.035646766,0.26331375,0.995138889,
Joshua Adamczewski MIL,L,0.008421053,0,-0.152631579,0.131578947,-0.050526316,0,9.677419355,-0.037179487,0.082051282,0.086033232,-0.038983808,0.277415876,1.04853001,
Freylin Minyety NA,R,0.011176471,0,-0.152941176,0.135294118,0.017058824,0,9.473684211,-0.037142857,0.081428571,0.081503591,-0.037177077,0.264812746,1.000921295,
Jacob Gonzalez NA,R,0.01,0,-0.152941176,0.135294118,-0.084705882,0,9.691358025,-0.037142857,0.081428571,0.081527146,-0.037187821,0.264871255,1.001210561,
Donta' Williams NA,L,0.009310345,0,-0.148275862,0.131034483,0.016551724,0,9.615384615,-0.036933883,0.081598114,0.081964267,-0.037099616,0.26570798,1.004487281,
Nicholas Decker NA,L,0.010526316,0,-0.152631579,0.131578947,-0.050526316,0,9.666666667,-0.037179487,0.082051282,0.082193536,-0.037243946,0.264974598,1.001733725,
Calvin Harris CHA,L,0.007894737,0,-0.152631579,0.131578947,0.084210526,0,9.712230216,-0.037179487,0.080769231,0.081811469,-0.037659248,0.267873578,1.012903899,
Zack Short DET,R,0.006060606,-0.047619048,-0.145021645,0.128138528,0.05004329,0,9.7,-0.036743005,0.081273334,0.080792027,-0.03652541,0.262749706,0.994077922,
Felix Valerio NA,R,0.011176471,0,-0.152941176,0.135294118,-0.050588235,0,9.7,-0.037142857,0.081428571,0.081690635,-0.037262395,0.265157627,1.003218329,
Connor Caskenette MIA,R,0.012352941,0,-0.152941176,0.135294118,0.084705882,0,9.712230216,-0.037142857,0.081428571,0.084954528,-0.038751188,0.275743471,1.043301227,
Christian Arroyo NYN,R,0.00225,-0.025,-0.15,0.1325,0.01675,0,9.690721649,-0.03679336,0.081252002,0.080993623,-0.036676358,0.26338178,0.996820023,
Cameron Cannon NA,R,0.010588235,0,-0.152941176,0.135294118,0.017058824,0,9.444444444,-0.037142857,0.081428571,0.081199542,-0.037038388,0.263470862,0.997187363,
Davis Wendzel PIT,R,0.003518851,-0.085996409,-0.151166966,0.133213645,0.049964093,0,9.683086129,-0.036902376,0.081167696,0.081720151,-0.037153546,0.265968032,1.006806344,
Cristofer Torin ARI,R,0.01,0,-0.152941176,0.135294118,0.050588235,0,9.733333333,-0.037142857,0.081428571,0.087018661,-0.039692722,0.282305328,1.068650218,
Jakson Reetz SEA,R,0.004634146,-0.002439024,-0.147560976,0.129268293,0.083292683,0.005125,9.68903437,-0.036998471,0.081029709,0.081430727,-0.037181577,0.265461303,1.004949018,
Logan Davidson TBA,B,-0.000277778,0.011111111,-0.15,0.130555556,-0.083333333,0,9.678362573,-0.036974259,0.080795603,0.080067059,-0.036640857,0.261746326,0.99098288,
Landon Wallace NA,R,0.011176471,0,-0.152941176,0.135294118,-0.050588235,0,9.7,-0.037142857,0.081428571,0.081953602,-0.037382345,0.265711264,1.00644775,
Adrian Pinto TOR,R,0.011764706,0,-0.152941176,0.135294118,0.017058824,0,9.5,-0.037142857,0.081428571,0.082297468,-0.037539196,0.266822109,1.010670665,
Kevin Plawecki NA,R,-0.00375,-0.025,-0.15,0.13125,0.085,0.003,9.705882353,-0.036363636,0.08030303,0.080381996,-0.036399394,0.2642576,1.000983341,
Daniel Mateo NA,R,0.012857143,0,-0.152380952,0.133333333,0.016666667,0,9.565217391,-0.037131864,0.081225953,0.081488546,-0.037251907,0.264817362,1.003232873,
Stanley Consuegra NA,R,0.008571429,0,-0.147619048,0.128571429,0.016190476,0,10,-0.037102729,0.081386632,0.081647379,-0.037221599,0.264769561,1.003203805,
Max Ferguson BOS,L,0.019473684,0,-0.152631579,0.131578947,0.016842105,0,9.666666667,-0.037179487,0.080769231,0.081928796,-0.037713256,0.267703903,1.014356528,
Keshawn Ogans ATL,R,0.010909091,0,-0.150649351,0.131168831,0.016623377,0,9.6875,-0.037216634,0.080849929,0.079637389,-0.03665848,0.259922482,0.985002585,
Alan Trejo NA,R,0.002957198,-0.050583658,-0.146303502,0.128015564,0.05,0,9.691943128,-0.037121822,0.080957165,0.080618269,-0.036966426,0.262744498,0.995813886,
John Pineda KCA,L,0.01,0,-0.152631579,0.131578947,0.016842105,0,10,-0.037179487,0.080769231,0.080304741,-0.036965674,0.262320713,0.994249172,
Wilderd PatiÃ±o NA,R,0.016296296,0,-0.151851852,0.133333333,0.017037037,0,9.756097561,-0.036790392,0.080759396,0.081112362,-0.036951187,0.264949948,1.004370588,
Brian Navarreto MIA,R,0.002142857,-0.003571429,-0.153571429,0.135714286,0.083928571,0.014333333,9.696969697,-0.036959681,0.080795581,0.080317995,-0.036741211,0.262236691,0.994088959,
Jacob Amaya ARI,R,0.010454545,-0.014646465,-0.145454545,0.127272727,0.049949495,0,9.680851064,-0.037157443,0.08089485,0.080981086,-0.037197054,0.264074212,1.001066033,
Joey Wendle NA,L,0.003804348,-0.014130435,-0.15,0.131521739,0.01673913,0,9.652173913,-0.037175811,0.080816979,0.080835394,-0.037184281,0.263843103,1.00022785,
Preston Palmeiro NA,L,0.004210526,0,-0.152631579,0.131578947,-0.050526316,0,9.696969697,-0.037179487,0.080769231,0.08057069,-0.037088096,0.263117632,0.997541882,
Duncan Pastore NYA,R,0.010588235,0,-0.152941176,0.135294118,0.017058824,0,9.444444444,-0.037142857,0.081428571,0.079161839,-0.036108909,0.256392419,0.972162933,
Dustin Peterson NA,R,0.01,0,-0.152941176,0.135294118,-0.027058824,0,9.672131148,-0.037142857,0.081428571,0.081505939,-0.037178148,0.263889492,1.000950133,
Michael De La Cruz SDN,B,0.004117647,0,-0.152941176,0.135294118,0.084705882,0,9.68,-0.037142857,0.08,0.080247945,-0.037257974,0.264415975,1.00309931,
AdriÃ¡n Sugastey SFN,R,0.006538462,0,-0.153846154,0.130769231,0.083846154,0,9.668508287,-0.037731802,0.081123375,0.080648854,-0.037511095,0.261989508,0.994150624,
Mark Coley MIA,R,0.017058824,0,-0.152941176,0.135294118,0.017058824,0,9.655172414,-0.037142857,0.08,0.07863422,-0.036508745,0.259018173,0.982927754,
Jay Allen II CIN,R,0.015882353,0,-0.152941176,0.135294118,0.017058824,0,9.62962963,-0.037142857,0.08,0.079539123,-0.036928879,0.261980992,0.994239037,
Jackson Cluff NYN,L,0.016315789,0,-0.152631579,0.131578947,0.016842105,0,9.583333333,-0.037179487,0.080769231,0.079118982,-0.036419849,0.258109403,0.979568349,
Edwin DÃ­az HOU,R,0.008823529,0,-0.152941176,0.135294118,0.050588235,0,9.726027397,-0.037142857,0.08,0.079927488,-0.037109191,0.263168248,0.9990936,
Jaeho Kim NA,R,-0.008823529,0,-0.152941176,0.135294118,0.050588235,0,9.761904762,-0.037142857,0.08,0.080393183,-0.037325406,0.26469958,1.004914789,
Rylan Bannon NA,R,0.006064516,-0.041290323,-0.151612903,0.131612903,0.016645161,0,9.676375405,-0.037488495,0.080560383,0.081101942,-0.037740508,0.265156587,1.006722404,
Sheng-Ping Chen NA,L,0.009473684,0,-0.152631579,0.131578947,0.016842105,0,10,-0.037179487,0.080769231,0.081143503,-0.037351771,0.264554249,1.004633845,
AndrÃ©s Alvarez PIT,R,0.00483871,0,-0.151612903,0.132258065,0.016774194,0,10,-0.037455581,0.080489652,0.081081321,-0.037730912,0.265220373,1.007350867,
Alfredo Duno CIN,R,0.008235294,0,-0.152941176,0.135294118,-0.118235294,0,9.6875,-0.037142857,0.08,0.080911728,-0.03756616,0.266238019,1.011396603,
Brian O'Keefe SEA,R,-0.00375,0,-0.15625,0.13125,0.085,-0.0055,9.634146341,-0.037878788,0.08030303,0.080200634,-0.037830488,0.262813453,0.998724878,
Demetrio Crisantes ARI,R,0.011764706,0,-0.152941176,0.135294118,0.017058824,0,9.5,-0.037142857,0.08,0.080349569,-0.037305157,0.26425567,1.004369608,
Nicholas Decolati NA,R,0.011666667,0,-0.155555556,0.133333333,-0.05,0,9.646017699,-0.038282284,0.080666241,0.081191076,-0.038531358,0.264797703,1.006506249,
Damon Gladney NYA,R,0.0095,0,-0.155,0.13,0.0165,0,10,-0.038044025,0.07976973,0.080416269,-0.038352374,0.265215305,1.008105066,
Jack Hurley ARI,L,0.008947368,0,-0.152631579,0.131578947,0.016842105,0,10,-0.037179487,0.080769231,0.083385125,-0.038383629,0.27159115,1.032387264,
Tanner Murray CHA,R,0.005456942,0,-0.153251318,0.131810193,0.012961336,0,9.690140845,-0.037794355,0.080269663,0.082274156,-0.038738156,0.269618883,1.024971994,
James Govern NA,R,0.010588235,0,-0.152941176,0.135294118,0.017058824,0,9.444444444,-0.037142857,0.08,0.079995798,-0.037140906,0.263024183,0.999947471,
Sam Huff BAL,R,0.000909091,-0.007692308,-0.148251748,0.127272727,0.083496503,0.0035,9.679633867,-0.037793996,0.080223105,0.078654127,-0.037054833,0.257838682,0.980442319,
Carlos Gutierrez SFN,L,0.012631579,0,-0.157894737,0.131578947,-0.050526316,0,9.682539683,-0.038461538,0.080769231,0.084038679,-0.040018418,0.273627216,1.040478877,
Tim Lopes NA,R,0.01,-0.03125,-0.15625,0.13125,0.016875,0,9.591836735,-0.037878788,0.08030303,0.080514579,-0.037978575,0.263645717,1.002634376,
Kevin Parada NYN,R,0.007272727,0,-0.153246753,0.131168831,0.083246753,0,9.6875,-0.0378583,0.080208262,0.079008925,-0.037292213,0.258936404,0.985047206,
Esteban GonzÃ¡lez CLE,L,0.014736842,0,-0.157894737,0.131578947,-0.050526316,0,9.672131148,-0.038461538,0.079487179,0.077309625,-0.037407883,0.255602528,0.972604957,
Michael Reed NA,B,0.011764706,0,-0.158823529,0.135294118,-0.027058824,0,9.705882353,-0.038571429,0.08,0.08035181,-0.038741051,0.263919539,1.004397631,
Trayce Thompson NA,R,0.005625,-0.05625,-0.15625,0.13125,0.016875,0,9.690721649,-0.038461538,0.08,#N/A,#N/A,#N/A,#N/A,
Carson McCusker NA,R,0.004148148,-0.006666667,-0.154074074,0.131111111,-0.050148148,0,9.686907021,-0.038220721,0.079932757,0.078633838,-0.037599628,0.258366159,0.983749853,
Jake Snider TEX,L,0.012631579,0,-0.157894737,0.131578947,-0.050526316,0,9.682539683,-0.038461538,0.079487179,0.084797307,-0.041030955,0.280168553,1.066804835,
Izaac Pacheco DET,L,0.006315789,0,-0.157894737,0.131578947,0.016842105,0,10,-0.038461538,0.079487179,0.081176074,-0.039278745,0.268159137,1.02124738,
Miguel Bleis BOS,R,0.017647059,0,-0.158823529,0.135294118,-0.050588235,0,9.696969697,-0.038571429,0.08,0.077749935,-0.037486576,0.2551403,0.971874191,
Brandon Valenzuela TOR,B,0.005941499,0,-0.155027422,0.131809872,0.083345521,0,9.683815908,-0.038229258,0.079839642,0.082641766,-0.039570987,0.271728463,1.035096901,
Jonathan Davis NA,R,0.005882353,-0.035294118,-0.152941176,0.129411765,0.016470588,0,9.6875,-0.03880597,0.079104478,0.079222982,-0.038864104,0.262857191,1.001498076,
Avisail Garcia NA,R,-0.000555556,-0.027777778,-0.154444444,0.131111111,-0.050111111,0,9.682875264,-0.038217923,0.079735235,0.079794017,-0.038246098,0.262567426,1.000737215,
Joseph Rosa NA,B,0.011764706,0,-0.158823529,0.135294118,0.050588235,0,9.705882353,-0.038571429,0.08,0.080246628,-0.038690338,0.263167812,1.003082844,
Adrian Placencia LAA,B,0.008823529,0,-0.158823529,0.135294118,0.017058824,0,10,-0.038571429,0.08,0.079672337,-0.038413448,0.261270492,0.995904218,
Miguel Hiraldo NA,R,0.013684211,0,-0.152631579,0.131578947,0.016315789,0,9.444444444,-0.037896428,0.079713177,0.079435646,-0.037764487,0.26141268,0.996518378,
Yolbert Sanchez NA,R,0.005,0,-0.158333333,0.133333333,0.016875,0,10,-0.03866219,0.079867944,0.080209551,-0.038827553,0.263384737,1.004277145,
Jacob Pearson NA,L,0.01,0,-0.157894737,0.131578947,-0.050526316,0,9.694656489,-0.038461538,0.079487179,0.079527042,-0.038480827,0.262384519,1.000501497,
Anthony Vilar SDN,L,0.01,0,-0.157894737,0.131578947,0.084210526,0,9.69924812,-0.038461538,0.079487179,0.079535475,-0.038484907,0.262385325,1.000607587,
Joseph Gray Jr. NA,R,0.011764706,0,-0.158823529,0.135294118,0.017058824,0,10,-0.038571429,0.08,0.080382645,-0.038755918,0.263443068,1.004783069,
Judson Fabian BAL,R,0.008528678,0,-0.156109726,0.131670823,0.016658354,0,9.677419355,-0.038504005,0.079591346,0.079948908,-0.038676983,0.263364869,1.004492477,
Ryan Cesarini CLE,L,0.015263158,0,-0.157894737,0.131578947,-0.050526316,0,9.669421488,-0.038461538,0.079487179,0.080757893,-0.0390764,0.266376394,1.015986399,
Zachary Morgan SFN,R,0.009411765,0,-0.158823529,0.135294118,0.084705882,0,9.677419355,-0.038571429,0.08,0.080635263,-0.038877716,0.26421152,1.007940793,
Rene Pinto PHI,R,0.001046025,-0.028870293,-0.151882845,0.128033473,0.08334728,0.002375,9.678953627,-0.038601139,0.07954174,0.079149965,-0.038411013,0.260822984,0.995074601,
Brett Auerbach SFN,R,0.010588235,0,-0.158823529,0.135294118,0.017058824,0,10,-0.038571429,0.08,0.080163385,-0.038650203,0.262610238,1.002042308,
Josh Harrison NA,R,-0.001875,-0.01875,-0.15625,0.13125,0.016875,0,9.583333333,-0.038461538,0.08,0.080373547,-0.038641128,0.26328465,1.004669333,
Patrick Frick NA,R,0.011764706,0,-0.158823529,0.135294118,0.017058824,0,10,-0.038571429,0.08,0.080263593,-0.038698518,0.262890357,1.003294916,
Orlando Calixte NA,R,-0.003529412,0,-0.158823529,0.135294118,-0.027058824,0,9.684210526,-0.038571429,0.08,0.079275616,-0.038222172,0.259610796,0.990945199,
Darlin Moquete NA,R,0.015882353,0,-0.158823529,0.135294118,-0.050588235,0,9.705882353,-0.038571429,0.08,0.08049744,-0.038811266,0.263608992,1.006218001,
Rolando Espinosa NA,R,0.012777778,0,-0.15,0.127777778,-0.048888889,0,9.722222222,-0.038037102,0.078891768,0.078870507,-0.038026851,0.261904398,0.999730501,
Kaden Polcovich SEA,B,0.014705882,0,-0.158823529,0.135294118,0.017058824,0,10,-0.038571429,0.08,0.080406726,-0.038767529,0.26324559,1.005084073,
Connor Hoover NA,L,0.01,0,-0.157894737,0.131578947,0.016842105,0,10,-0.038461538,0.079487179,0.079758649,-0.038592895,0.262799475,1.003415265,
Jorel Ortega MIN,R,0.01,0,-0.157142857,0.131428571,0.016714286,0,10,-0.038759934,0.079281683,0.076902816,-0.037596932,0.254041622,0.969994738,
Michael Trautwein CIN,L,0.008421053,0,-0.157894737,0.131578947,0.084210526,0,9.692307692,-0.038461538,0.079487179,0.078605082,-0.038034717,0.258982724,0.988902642,
Benjamin Cowles CHN,R,0.011144578,0,-0.157228916,0.131726908,0.016666667,0,9.663865546,-0.038779599,0.079292642,0.078954788,-0.038614365,0.260704426,0.995739157,
Taylor Young LAN,R,0.019705882,0,-0.157352941,0.131617647,0.016654412,0,9.697986577,-0.038849013,0.079241094,0.079180375,-0.038819244,0.261600392,0.999233739,
Christopher Familia NA,L,0.007894737,0,-0.157894737,0.131578947,-0.050526316,0,9.703703704,-0.038461538,0.079487179,0.079249331,-0.03834645,0.26093586,0.997007707,
Jae-Gyun Hwang NA,R,-0.01,0,-0.158823529,0.135294118,0.017058824,0,9.655172414,-0.038571429,0.078571429,0.078220712,-0.038399259,0.260512945,0.99553634,
Joshua Mears SDN,R,0.012941176,0,-0.158823529,0.135294118,-0.050588235,0,9.719626168,-0.038571429,0.078571429,0.07722657,-0.037911225,0.257109578,0.982883622,
Griffin Lockwood-Powell LAN,R,0.003111111,0,-0.157777778,0.131111111,-0.082666667,0,9.67611336,-0.039221223,0.078994857,0.079882686,-0.039662033,0.264441038,1.011239065,
Damiano Palmegiani TOR,R,0.005321101,0,-0.158715596,0.132110092,-0.083302752,0,9.685641461,-0.039142297,0.078963361,0.079084557,-0.039202373,0.261879325,1.001534833,
Lucas Ritter LAA,R,0.002881944,0,-0.158333333,0.131597222,0.016666667,0,9.672897196,-0.039052165,0.078960737,0.077903489,-0.038529275,0.257965092,0.986610466,
Brett Callahan DET,L,0.010526316,0,-0.163157895,0.131578947,-0.050526316,0,9.714285714,-0.03974359,0.079487179,0.09013571,-0.045067855,0.296452571,1.133965387,
Christopher Hinojosa TBA,R,0.005217391,0,-0.158695652,0.132608696,0.050217391,0,9.712230216,-0.039018161,0.079105313,0.079230994,-0.039080152,0.261779249,1.001588777,
Konner Piotto NA,L,0.008947368,0,-0.163157895,0.131578947,0.084210526,0,9.669421488,-0.03974359,0.079487179,0.079488546,-0.039744273,0.261355492,1.000017188,
Colton Becker KCA,R,0.030588235,0,-0.158823529,0.135294118,0.017058824,0,9.761904762,-0.038571429,0.078571429,0.079394362,-0.038975414,0.264059007,1.010473695,
Marco Dinges MIL,R,0.008235294,0,-0.158823529,0.135294118,-0.118235294,0,9.700854701,-0.038571429,0.078571429,0.080304674,-0.039422294,0.267074364,1.022059485,
David Hensley MIA,R,0.008086124,-0.013875598,-0.157894737,0.131100478,-0.050047847,0,9.680493274,-0.039162133,0.078917632,0.079508244,-0.039455219,0.26325756,1.007483908,
Michael Berglund NA,L,0.01,0,-0.163157895,0.131578947,0.084210526,0,9.674796748,-0.03974359,0.078205128,0.078637596,-0.039963368,0.262711783,1.00552991,
Matthew Dyer NA,R,0.011176471,0,-0.158823529,0.135294118,-0.050588235,0,9.63963964,-0.038571429,0.078571429,0.078597971,-0.038584458,0.261351258,1.000337813,
Willy Vasquez BAL,R,0.011710526,0,-0.159210526,0.131578947,0.016710526,0,10,-0.039158007,0.078963254,0.078141792,-0.038750643,0.258527242,0.989596899,
Hun Gon Kim NA,R,-0.008823529,0,-0.158823529,0.135294118,-0.027058824,0,9.711538462,-0.038571429,0.078571429,0.0791672,-0.038863898,0.263200712,1.007582543,
Jeron Williams HOU,R,0.019047619,0,-0.161904762,0.133333333,0.05047619,0,9.662921348,-0.039452606,0.078905211,0.079069758,-0.039534879,0.261757725,1.002085367,
Mike Brosseau NA,R,0.002826087,-0.030434783,-0.158695652,0.130434783,0.016521739,0,9.679144385,-0.03954716,0.078552578,0.078696142,-0.039619437,0.261678378,1.001827627,
Jae-Hoon Ha NA,R,0.004705882,0,-0.164705882,0.135294118,-0.027058824,0,9.67032967,-0.04,0.078571429,0.07899903,-0.040217688,0.262616477,1.005442206,
Mason Auer TBA,R,0.020540541,0,-0.159459459,0.132432432,-0.026756757,0,9.68503937,-0.039232857,0.078465713,0.078412437,-0.039206218,0.261005663,0.999321024,
Edward Park CHA,L,0.010526316,0,-0.163157895,0.131578947,-0.050526316,0,9.714285714,-0.03974359,0.078205128,0.078171482,-0.039726491,0.261044643,0.999569772,
Hayden Cantrelle CHN,B,0.018823529,0,-0.164705882,0.135294118,0.017058824,0,10,-0.04,0.078571429,0.07830677,-0.039865265,0.26025739,0.996631615,
Caleb Cali SEA,R,0.010588235,0,-0.164705882,0.135294118,0.017058824,0,10,-0.04,0.078571429,0.079013566,-0.040225088,0.262545128,1.005627204,
Miguel Palma NYA,R,0.007142857,0,-0.161904762,0.133333333,0.084285714,0,9.705882353,-0.039452606,0.078905211,0.077926296,-0.038963148,0.257810368,0.987593777,
Stephen Piscotty NA,R,-0.0025,-0.03125,-0.1625,0.13125,-0.05,0,9.684210526,-0.04,0.078461538,0.078459875,-0.039999152,0.261000466,0.999978797,
Sang-soo Kim NA,R,-0.004117647,0,-0.164705882,0.135294118,0.050588235,0,9.666666667,-0.04,0.078571429,0.080076763,-0.040766352,0.265943375,1.019158804,
Justin Farmer NA,R,0.012941176,0,-0.164705882,0.135294118,-0.050588235,0,9.661016949,-0.04,0.078571429,0.079148687,-0.040293877,0.262796666,1.007346926,
Jackson Hornung TOR,R,0.008235294,0,-0.164705882,0.135294118,-0.084705882,0,9.677419355,-0.04,0.078571429,0.07970522,-0.040577203,0.264638432,1.014430077,
Cade Hunter CIN,L,0.007894737,0,-0.163157895,0.131578947,0.084210526,0,9.663865546,-0.03974359,0.078205128,0.07988528,-0.040597437,0.26640811,1.021483906,
Yolmer Sanchez LAA,B,-0.000322581,-0.025806452,-0.161290323,0.132258065,0.016774194,0,9.674796748,-0.039831583,0.078069903,0.077874522,-0.039731899,0.260151303,0.997497366,
Gavin Logan ARI,L,0.007368421,0,-0.163157895,0.131578947,0.084210526,0,9.661016949,-0.03974359,0.078205128,0.080438282,-0.040878471,0.268248194,1.028555082,
Tyler Payne NA,R,0.003529412,0,-0.164705882,0.135294118,0.084705882,0,9.708737864,-0.04,0.078571429,0.078746931,-0.040089347,0.261236215,1.00223367,
Terry Bowens BAL,R,0.003555556,0,-0.16,0.131111111,-0.082666667,0,9.6812749,-0.039773634,0.078442446,0.078089349,-0.039594599,0.259454822,0.995498649,
Bryce Teodosio LAA,R,0.024867328,-0.006218172,-0.151675154,0.123988207,0.016668453,0,9.683673469,-0.039755026,0.078315786,0.076842606,-0.039007204,0.255722442,0.981189226,
Colby Smelley NA,R,0.007647059,0,-0.164705882,0.135294118,0.084705882,0,9.63963964,-0.04,0.078571429,0.078404427,-0.039914981,0.260051091,0.997874527,
Bubba Thompson NA,R,0.027831325,-0.056626506,-0.162650602,0.13373494,0.016746988,0,9.686609687,-0.039690809,0.078205595,0.078333335,-0.03975564,0.26096957,1.00163339,
Chris Owings NA,R,-0.00125,-0.05,-0.1625,0.13125,0.05,0,9.62962963,-0.04,0.078461538,0.078910316,-0.040228789,0.262019152,1.005719716,
Austin Hendrick CIN,L,0.00784,0,-0.1608,0.1312,-0.04984,0,9.686147186,-0.039784899,0.078184253,0.079111372,-0.040256673,0.263613328,1.011858132,
Jeffrey Schwarz NA,R,0.01,0,-0.164705882,0.135294118,0.084705882,0,9.652173913,-0.04,0.078571429,0.078907139,-0.040170907,0.261575875,1.00427268,
Joshua Bissonette NA,R,0.010588235,0,-0.164705882,0.135294118,0.017058824,0,10,-0.04,0.078571429,0.078837436,-0.040135422,0.261322737,1.003385554,
Tim Anderson NA,R,0.012541667,0.01,-0.159166667,0.129583333,0.016666667,0,9.665271967,-0.039907061,0.078142623,0.077861624,-0.039763557,0.25949649,0.996404027,
Jay Harry TOR,L,0.008947368,0,-0.163157895,0.131578947,0.016842105,0,10,-0.03974359,0.078205128,0.078965304,-0.040129909,0.262811006,1.009720287,
Luke Mann OAK,L,0.007368421,0,-0.163157895,0.131578947,-0.084210526,0,9.671361502,-0.03974359,0.078205128,0.077219479,-0.039242686,0.256863332,0.987396622,
Jaison Chourio CLE,B,0.012352941,0,-0.164705882,0.135294118,0.017058824,0,#DIV/0!,-0.04,0.078571429,0.080473009,-0.040968077,0.266393898,1.024201931,
Christian Cairo PHI,R,0.020571429,0,-0.162857143,0.131428571,0.016714286,0,9.761904762,-0.040169386,0.077872231,0.079755553,-0.041140874,0.266380217,1.024184771,
Tyler Robertson SDN,R,0.014705882,0,-0.164705882,0.135294118,0.017058824,0,10,-0.04,0.078571429,0.07907421,-0.040255962,0.261747281,1.006399038,
Edward Hodo BAL,R,0.021764706,0,-0.164705882,0.135294118,0.017058824,0,9.411764706,-0.04,0.077142857,0.077524319,-0.040197795,0.261287676,1.00494487,
Eduardo Guerrero LAN,B,0.009411765,0,-0.164705882,0.135294118,0.017058824,0,10,-0.04,0.077142857,0.077084244,-0.039969608,0.259754487,0.999240194,
James O'Ferrall BAL,R,0.019411765,0,-0.164705882,0.135294118,0.017058824,0,10,-0.04,0.077142857,0.076101156,-0.039459859,0.256401283,0.986496466,
Jordan Nwogu CHN,R,0.015294118,0,-0.164705882,0.135294118,-0.050588235,0,9.649122807,-0.04,0.077142857,0.079559818,-0.041253239,0.268022293,1.031330972,
Hector Nieves NA,L,0.01,0,-0.168421053,0.131578947,0.016842105,0,9.5,-0.041025641,0.078205128,0.078840583,-0.041358994,0.261917051,1.00812549,
William Knight SEA,R,0.02,0,-0.164705882,0.135294118,-0.050588235,0,9.714285714,-0.04,0.077142857,0.077045861,-0.039949705,0.259469342,0.998742637,
Andres Sosa NA,R,0.007037037,0,-0.166666667,0.133333333,0.084074074,0,9.689440994,-0.040811199,0.077994737,0.078035858,-0.040832716,0.259899955,1.000527231,
Andrew Knapp NA,B,-0.001219512,-0.014634146,-0.163414634,0.130487805,0.083170732,-0.017125,9.666666667,-0.040519901,0.077713542,0.078242876,-0.040795897,0.261527302,1.006811347,
Cody Milligan NA,L,0.016551724,0,-0.165517241,0.132758621,0.016724138,0,10,-0.040481732,0.077589987,0.077940444,-0.04066458,0.260901137,1.004516791,
Gabriel Rodriguez NA,R,0.01,0,-0.164705882,0.135294118,0.017058824,0,10,-0.04,0.077142857,0.077316483,-0.040090028,0.260294531,1.002250707,
Carlos Jorge CIN,L,0.017368421,0,-0.168421053,0.131578947,-0.050526316,0,9.708029197,-0.041025641,0.078205128,0.086360555,-0.045303898,0.286774436,1.104282503,
Jacob Stallings BAL,R,-0.014882629,-0.029107981,-0.161032864,0.129107981,0.083380282,-0.050380954,9.687500323,-0.040598923,0.077528555,0.077464518,-0.040565389,0.259418547,0.999174015,
Kyle Datres NA,R,0.006296296,0,-0.166666667,0.133333333,-0.084444444,0,9.678456592,-0.040531209,0.077459644,0.077618532,-0.040614348,0.260153546,1.002051244,
Roman Quinn COL,B,0.012352941,-0.052941176,-0.164705882,0.129411765,0.016470588,0,9.711538462,-0.041176471,0.077941176,0.0784736,-0.041457751,0.261380401,1.006831099,
Grae Kessinger NYN,R,0.005402299,-0.009195402,-0.168965517,0.135632184,0.016551724,0,9.675675676,-0.04057911,0.077293542,0.077906733,-0.040901035,0.261560701,1.007933276,
Tanner Kirwer NA,R,0.015882353,0,-0.164705882,0.135294118,0.017058824,0,10,-0.04,0.077142857,0.07728323,-0.040072786,0.259914094,1.001819651,
Garrett Martin NYA,R,0.014705882,0,-0.170588235,0.135294118,-0.050588235,0,9.68,-0.041428571,0.077142857,0.078895197,-0.042369643,0.265317974,1.022715521,
Collin Price HOU,R,0.008235294,0,-0.170588235,0.135294118,-0.084705882,0,9.693877551,-0.041428571,0.077142857,0.077070588,-0.04138976,0.259176968,0.999063172,
Kendall Simmons NA,R,0.008823529,0,-0.170588235,0.135294118,0.017058824,0,9.411764706,-0.041428571,0.077142857,0.077412909,-0.041573599,0.260283989,1.003500667,
Garrett Spain MIN,L,0.008076923,0,-0.165384615,0.132051282,-0.05,0,9.686468647,-0.040792798,0.07715847,0.07894939,-0.041739637,0.265383058,1.023210936,
Stephen Paolini NA,L,0.016315789,0,-0.168421053,0.131578947,-0.050526316,0,9.712230216,-0.041025641,0.076923077,0.076901923,-0.041014359,0.259273679,0.999724996,
Dante Nori PHI,L,0.017894737,0,-0.168421053,0.131578947,0.016842105,0,10,-0.041025641,0.076923077,0.087472351,-0.04665192,0.294882153,1.13714056,
Cameron Leary OAK,L,0.016315789,0,-0.168421053,0.131578947,0.016842105,0,10,-0.041025641,0.076923077,0.084779068,-0.045215503,0.285798293,1.102127887,
Laz Rivera NA,R,0.010588235,0,-0.170588235,0.135294118,0.017058824,0,10,-0.041428571,0.077142857,0.077473919,-0.041606364,0.260407777,1.004291548,
Freddy Zamora MIL,R,0.012571429,0,-0.165714286,0.134285714,0.050285714,0,9.649122807,-0.040536318,0.076879223,0.075754595,-0.039943332,0.255453618,0.985371493,
Dong-Yub Kim CHN,R,-0.002352941,0,-0.170588235,0.135294118,-0.027058824,0,9.649122807,-0.041428571,0.077142857,0.077177974,-0.04144743,0.259362011,1.000455212,
Elih Marrero KCA,B,0.013529412,0,-0.170588235,0.135294118,-0.118235294,0,9.674796748,-0.041428571,0.077142857,0.075770626,-0.040691633,0.254546087,0.982211822,
Charles Pagliarini SEA,L,0.006842105,0,-0.168421053,0.131578947,-0.084210526,0,9.6875,-0.041025641,0.076923077,0.082060401,-0.043765547,0.276414716,1.066785211,
Eduardo Tait MIN,L,0.006315789,0,-0.168421053,0.131578947,0.084210526,0,9.714285714,-0.041025641,0.076923077,0.076338466,-0.040713848,0.257130854,0.992400054,
Garrett Hampson CIN,R,0.020152284,-0.024111675,-0.166370558,0.131852792,0.027779188,0,9.678530425,-0.040994529,0.077048452,0.075344765,-0.040088063,0.253342451,0.977888112,
Hunter Stovall PIT,R,0.005483871,0,-0.164516129,0.132258065,0.049677419,0,9.726027397,-0.040881116,0.076952689,0.076976675,-0.040893858,0.259083729,1.000311691,
Justin Dean CHN,R,0.021407249,-0.010021322,-0.170149254,0.134328358,0.016652452,0,9.681697613,-0.041143662,0.076925243,0.076799012,-0.041076147,0.258502113,0.998359047,
Scott Kingery CHN,R,0.008391608,-0.004195804,-0.163636364,0.129370629,0.016713287,0,9.695431472,-0.041069884,0.076874398,0.075708811,-0.040447173,0.254972531,0.984837778,
Reivaj Garcia NA,B,0.010588235,0,-0.170588235,0.135294118,0.017058824,0,10,-0.041428571,0.077142857,0.07738242,-0.041557226,0.259692966,1.003105447,
Alex De Jesus NA,R,0.008311688,0,-0.166233766,0.131168831,0.016623377,0,9.62962963,-0.04106663,0.076999932,0.077219704,-0.041183842,0.259601842,1.002854182,
Tyler Tolbert KCA,R,0.046211775,-0.004609767,-0.167549064,0.132177088,0.006061159,0,9.683567062,-0.041204762,0.076864671,0.076045841,-0.040765812,0.256069746,0.989347116,
Brady Allen NA,R,0.005490196,0,-0.166666667,0.131372549,0.016666667,0,9.710144928,-0.04100723,0.076707642,0.076873788,-0.04109605,0.259357544,1.00216596,
Emilien Pitre TBA,L,0.009473684,0,-0.168421053,0.131578947,0.016842105,0,9.523809524,-0.041025641,0.076923077,0.076279871,-0.040682598,0.256596331,0.991638317,
Rio Foster LAA,R,0.008823529,0,-0.170588235,0.135294118,-0.050588235,0,9.703703704,-0.041428571,0.077142857,0.076812514,-0.041251165,0.257638988,0.995717778,
John Olmstead MIA,R,0.015294118,0,-0.170588235,0.135294118,0.017058824,0,10,-0.041428571,0.077142857,0.076692179,-0.041186541,0.257222445,0.99415788,
Robert Moore PHI,B,0.009655172,0,-0.167241379,0.131034483,0.016637931,0,9.663865546,-0.041386391,0.076799488,0.078708939,-0.042415373,0.265148409,1.024862819,
Caeden Trenkle NA,L,0.0085,0,-0.165,0.13,-0.049,0,9.679487179,-0.041721608,0.07712176,0.077313536,-0.041825356,0.259352322,1.002486663,
P.J. Higgins CIN,R,-0.000964286,-0.004285714,-0.1675,0.131785714,-0.083321429,0,9.682804944,-0.041315938,0.076729599,0.076938102,-0.041428209,0.259405992,1.002717371,
Yophery Rodriguez BOS,L,0.008947368,0,-0.168421053,0.131578947,-0.050526316,0,9.675324675,-0.041025641,0.076923077,0.078339656,-0.04178115,0.263368367,1.018415532,
Logan Warmoth NA,R,0.012941176,0,-0.170588235,0.135294118,0.050588235,0,9.6,-0.041428571,0.077142857,0.077248272,-0.041485183,0.258912319,1.001366493,
Frainyer Chavez TEX,B,0.006470588,0,-0.168627451,0.131372549,0.016666667,0,9.72972973,-0.041489668,0.076707642,0.07830685,-0.042354649,0.263919857,1.020848091,
Victor Figueroa BAL,L,0.008421053,0,-0.168421053,0.131578947,-0.084210526,0,9.683257919,-0.041025641,0.076923077,0.081717976,-0.04358292,0.274593073,1.062333684,
Lucas Berryhill NA,R,0.01,0,-0.170588235,0.135294118,0.084705882,0,9.711538462,-0.041428571,0.077142857,0.077384461,-0.041558322,0.25927248,1.003131899,
Trevor Austin HOU,R,0.010588235,0,-0.170588235,0.135294118,0.017058824,0,10,-0.041428571,0.077142857,0.077767721,-0.041764146,0.260544474,1.008100081,
Carter Aldrete NA,R,0.008235294,0,-0.170588235,0.135294118,-0.084705882,0,9.693877551,-0.041428571,0.077142857,0.077281128,-0.041502828,0.258891206,1.001792399,
Alexander RamÃ­rez NA,R,0.020465839,0,-0.168322981,0.131677019,-0.05,0,9.681962744,-0.041527948,0.07654321,0.075863,-0.041158905,0.256111626,0.991113379,
Joshua Zamora NA,R,0.007647059,0,-0.170588235,0.135294118,0.017058824,0,9.473684211,-0.041428571,0.077142857,0.077438702,-0.041587451,0.259397999,1.003835032,
Anthony Stephan CIN,L,0.008947368,0,-0.168421053,0.131578947,-0.050526316,0,9.675324675,-0.041025641,0.076923077,0.077192906,-0.04116955,0.259296374,1.003507775,
Maddux Houghton MIN,R,0.014705882,0,-0.170588235,0.135294118,0.017058824,0,10,-0.041428571,0.077142857,0.075879165,-0.040749922,0.254097264,0.983618812,
Matthew Scheffler NA,R,0.011764706,0,-0.170588235,0.135294118,0.084705882,0,9.719626168,-0.041428571,0.077142857,0.077521395,-0.04163186,0.259580535,1.004906973,
Tyler McDonough BOS,B,0.008076923,0,-0.171153846,0.132692308,-0.050384615,0,9.677419355,-0.041819075,0.076589992,0.07522715,-0.041074947,0.253676312,0.982206015,
Jacob Burke CHA,R,0.015238095,0,-0.166666667,0.128571429,-0.049047619,0,9.679487179,-0.041890178,0.076599183,0.077052079,-0.042137856,0.259794013,1.005912536,
Chadwick Tromp ATL,R,0.002698413,-0.003703704,-0.162433862,0.126455026,0.083333333,0.017315791,9.686495338,-0.041714976,0.076364224,0.075304573,-0.041136128,0.254661521,0.986123724,
Matt Duffy NA,R,-0.002040816,-0.032653061,-0.169387755,0.130612245,0.016734694,0,9.68641115,-0.041937426,0.076295798,0.076815189,-0.042222918,0.259974835,1.006807588,
McCarthy Tatum NA,R,0.010588235,0,-0.170588235,0.135294118,-0.050588235,0,9.696969697,-0.041428571,0.075714286,0.076140202,-0.04166162,0.259663518,1.005625314,
Ryan Kreidler MIN,R,0.016852064,-0.025860092,-0.165424312,0.128841743,0.036668578,0,9.682637854,-0.041723929,0.076346835,0.077947552,-0.042598728,0.263596163,1.02096638,
Hector Osorio TEX,L,0.008947368,0,-0.173684211,0.131578947,0.016842105,0,9.6875,-0.042307692,0.076923077,0.079316651,-0.043624158,0.266210555,1.031116463,
Joshua Morgan NA,R,0.01,0,-0.170588235,0.135294118,0.017058824,0,10,-0.041428571,0.075714286,0.075996655,-0.041583075,0.259134827,1.003729401,
Greg Jones MIL,B,0.026106195,-0.012389381,-0.169911504,0.132743363,-0.05,0,9.684947491,-0.04171836,0.076266377,0.073962355,-0.040458041,0.250331843,0.969789807,
Dayan Frias CLE,B,0.011818182,0,-0.168831169,0.131168831,0.016623377,0,9.726027397,-0.041708296,0.076358266,0.074988982,-0.040960368,0.253450053,0.982067642,
Zavier Warren CIN,B,0.009142857,0,-0.171428571,0.134285714,-0.084,0,9.679012346,-0.041934122,0.076180321,0.076454087,-0.042084819,0.258999423,1.00359366,
Eduardo Garcia MIL,R,0.017058824,0,-0.170588235,0.135294118,0.050588235,0,9.649122807,-0.041428571,0.075714286,0.074823985,-0.040941426,0.255022587,0.988241307,
Samuel Petersen WAS,R,0.017058824,0,-0.170588235,0.135294118,-0.050588235,0,9.669421488,-0.041428571,0.075714286,0.082394683,-0.045083883,0.280798592,1.088231661,
Maverick Handley BAL,R,0.006701389,-0.016666667,-0.164930556,0.128125,0.083402778,0.021620691,9.683362291,-0.041861881,0.076144557,0.075872682,-0.041712412,0.257050908,0.996429488,
Onix Vega NYN,R,0.009411765,0,-0.170588235,0.135294118,-0.118235294,0,9.683794466,-0.041428571,0.075714286,0.076414948,-0.041811952,0.26035827,1.009254025,
Nicholas Raposo SEA,R,0.007647059,0,-0.170588235,0.135294118,0.084705882,0,9.7,-0.041428571,0.075714286,0.075621095,-0.04137758,0.257616528,0.998769174,
JesÃºs Made MIL,B,0.017647059,0,-0.170588235,0.135294118,0.017058824,0,10,-0.041428571,0.075714286,0.084260111,-0.046104589,0.287029047,1.112869389,
Joshua Stowers NA,R,0.012352941,0,-0.170588235,0.135294118,-0.050588235,0,9.689922481,-0.041428571,0.075714286,0.075932265,-0.041547843,0.25858733,1.002878978,
Sebastian Espino NA,R,0.01,0,-0.170588235,0.135294118,0.050588235,0,9.772727273,-0.041428571,0.075714286,0.075627902,-0.041381305,0.257522853,0.998859086,
Ronaiker Palma NA,R,0.008823529,0,-0.170588235,0.135294118,0.084705882,0,9.705882353,-0.041428571,0.075714286,0.075920215,-0.04154125,0.258506184,1.002719823,
Hudson Haskin NA,R,0.014117647,0,-0.176470588,0.135294118,-0.050588235,0,9.705882353,-0.042857143,0.075714286,0.07580309,-0.042907409,0.257934173,1.001172886,
Jose Briceno NA,R,-0.001875,0,-0.175,0.13125,0.085,0,9.692307692,-0.042424242,0.075757576,0.075606314,-0.042339536,0.257103626,0.998003346,
Manuel Palencia NYA,R,0.008823529,0,-0.176470588,0.135294118,0.084705882,0,9.673913043,-0.042857143,0.075714286,0.074015423,-0.041895522,0.251756479,0.977562192,
Julio Rodriguez NA,R,0.008235294,0,-0.176470588,0.135294118,0.084705882,0,9.67032967,-0.042857143,0.075714286,0.076112407,-0.043082494,0.258875097,1.0052582,
Elio Prado NA,R,0.011764706,0,-0.176470588,0.135294118,0.017058824,0,9.545454545,-0.042857143,0.075714286,0.075542408,-0.042759854,0.256862574,0.997729917,
Austin Deming NA,R,0.010588235,0,-0.176470588,0.135294118,-0.084705882,0,9.702970297,-0.042857143,0.075714286,0.075745885,-0.04287503,0.257523434,1.000417356,
Aledmys Diaz HOU,R,-0.005816327,-0.064285714,-0.170408163,0.130612245,0.050102041,0,9.685950413,-0.042385644,0.075634262,0.075872972,-0.042519417,0.258201349,1.003156114,
Micael Ramirez NA,R,0.009411765,0,-0.176470588,0.135294118,0.084705882,0,9.677419355,-0.042857143,0.075714286,0.075976233,-0.043005415,0.25827547,1.003459681,
Brennan Orf TOR,L,0.007894737,0,-0.173684211,0.131578947,-0.084210526,0,9.698275862,-0.042307692,0.075641026,0.072987692,-0.040823624,0.248352597,0.96492203,
Scott Kapers NA,R,0.01,0,-0.176470588,0.135294118,0.084705882,0,9.680851064,-0.042857143,0.075714286,0.075994218,-0.043015595,0.258241256,1.003697213,
Miguel Hernandez NA,R,0.01,0,-0.176470588,0.135294118,0.017058824,0,9.6,-0.042857143,0.075714286,0.07562289,-0.04280541,0.256906511,0.998792891,
Pascanel Ferreras HOU,R,0.010263158,0,-0.172368421,0.131578947,0.016710526,0,9.722222222,-0.042553101,0.07568605,0.076444659,-0.042979615,0.259750669,1.010023093,
Nathan George BAL,R,0.022941176,0,-0.176470588,0.135294118,0.017058824,0,10,-0.042857143,0.075714286,0.075156161,-0.042541223,0.25524649,0.992628548,
Justin Janas NA,L,0.008421053,0,-0.173684211,0.131578947,-0.050526316,0,9.696969697,-0.042307692,0.075641026,0.075340865,-0.042139806,0.255996104,0.99603178,
Andrew Navigato NA,R,0.008843537,0,-0.172789116,0.131292517,0.049863946,0,9.69348659,-0.042752664,0.075237956,0.075627799,-0.042974186,0.258217046,1.005181466,
Michael Sandle NA,R,0.011764706,0,-0.176470588,0.135294118,-0.050588235,0,9.714285714,-0.042857143,0.075714286,0.075888646,-0.042955837,0.257464544,1.002302866,
Jesus Valdez ARI,R,0.008235294,0,-0.176470588,0.135294118,0.017058824,0,9.642857143,-0.042857143,0.075714286,0.075515158,-0.042744429,0.256161521,0.997370009,
Cole Tucker NA,B,0.008295964,-0.001345291,-0.174887892,0.132735426,0.016636771,0,9.672897196,-0.042806807,0.075186315,0.075448418,-0.042956034,0.257677154,1.003486047,
Devin Ortiz CHN,R,0.010588235,0,-0.176470588,0.135294118,0.017058824,0,9.583333333,-0.042857143,0.075714286,0.074937128,-0.042417242,0.254138383,0.989735655,
Kenedy Corona NYA,R,0.013384615,-0.009230769,-0.175384615,0.132307692,0.016615385,0,9.666666667,-0.042983889,0.07503328,0.075469621,-0.043233853,0.258254139,1.005815287,
Bryson Ware PHI,R,0.009411765,0,-0.176470588,0.135294118,0.050588235,0,9.696969697,-0.042857143,0.075714286,0.075733969,-0.042868285,0.256812747,1.000259973,
Justin Johnson KCA,R,0.010588235,0,-0.176470588,0.135294118,0.017058824,0,9.583333333,-0.042857143,0.075714286,0.073478044,-0.041591346,0.249151294,0.970464738,
Nicholas Northcut NA,R,0.004038462,0,-0.175,0.132692308,0.016730769,0,9.655172414,-0.04275883,0.07518036,0.075508821,-0.042945642,0.257847628,1.004368969,
Daniel Vellojin TBA,L,0.007368421,0,-0.173684211,0.131578947,-0.117894737,0,9.698996656,-0.042307692,0.075641026,0.075040517,-0.041971814,0.254671997,0.992061069,
Ethan Murray MIL,R,0.009081325,0,-0.173945783,0.131777108,0.016671687,0,9.680284192,-0.042900753,0.075178462,0.07300519,-0.04166057,0.24928607,0.971091828,
Simon Whiteman NA,R,0.012941176,0,-0.176470588,0.135294118,0.050588235,0,9.743589744,-0.042857143,0.075714286,0.075891726,-0.042957581,0.257257485,1.002343545,
Juan Centeno ARI,L,-0.001578947,0,-0.178947368,0.131578947,0.084210526,0,9.710144928,-0.043589744,0.075641026,0.075881102,-0.043728093,0.257388337,1.003173887,
Samuel Praytor MIA,R,0.011176471,0,-0.176470588,0.135294118,0.084705882,0,9.6875,-0.042857143,0.075714286,0.07619449,-0.043128957,0.258187186,1.006342321,
Edgar Alvarez CHN,L,0.007894737,0,-0.178947368,0.131578947,-0.084210526,0,9.670781893,-0.043589744,0.075641026,0.08390956,-0.048354662,0.284599753,1.10931283,
Luis Encarnacion NA,R,0.008235294,0,-0.176470588,0.135294118,-0.084705882,0,9.661835749,-0.042857143,0.074285714,0.074285514,-0.042857027,0.256504308,0.999997302,
Jonathan Farmelo SEA,L,0.01,0,-0.178947368,0.131578947,0.016842105,0,9.75,-0.043589744,0.074358974,0.073751062,-0.043233381,0.254308794,0.991824629,
Drew Maggi NA,R,-0.001875,-0.01875,-0.18125,0.13125,0.016875,0,9.662921348,-0.043939394,0.074242424,0.074088234,-0.043848138,0.255834563,0.997923145,
Cameron Barstad CLE,L,0.006315789,0,-0.178947368,0.131578947,-0.117894737,0,9.679487179,-0.043589744,0.074358974,0.073484581,-0.043077168,0.253307889,0.98824092,
Cesar Hernandez NA,B,0,-0.035294118,-0.176470588,0.135294118,0.017058824,0,9.711538462,-0.042857143,0.074285714,0.074894174,-0.043208177,0.258412408,1.008190798,
Cody Morissette MIA,L,0.01325,0,-0.175,0.1325,0.01675,0,9.615384615,-0.043096919,0.075111774,0.075421278,-0.043274504,0.257341042,1.004120577,
Dom Nunez CLE,L,0.001779141,-0.006441718,-0.173619632,0.130674847,0.083374233,-0.000666667,9.686706181,-0.043231234,0.074776286,0.073508969,-0.042498546,0.251927691,0.98305189,
Kevin Padlo NA,R,0.011052632,0.026315789,-0.173684211,0.131578947,-0.082631579,0,9.707602339,-0.043294287,0.074781042,0.074950638,-0.043392475,0.256832155,1.002267913,
Ryan McCarty TOR,R,0.01,0,-0.176470588,0.135294118,0.017058824,0,9.6,-0.042857143,0.074285714,0.073301258,-0.042289187,0.252854098,0.9867477,
Dasan Brown MIL,R,0.022857143,0,-0.176190476,0.133333333,0.016666667,0,10,-0.042933718,0.074263728,0.074909618,-0.043307123,0.258456477,1.008697242,
Jacob Campbell SDN,R,0.009411765,0,-0.176470588,0.135294118,-0.050588235,0,9.655172414,-0.042857143,0.074285714,0.074152303,-0.042780175,0.255766838,0.998204085,
Will Wilson SEA,R,0.00640625,-0.01875,-0.1734375,0.13125,0.0165625,0,9.6812749,-0.043140511,0.074621424,0.074814784,-0.043252297,0.256850835,1.002591213,
Jancarlos Cintron NA,R,0.005691057,0,-0.174796748,0.130894309,0.049837398,0,9.662162162,-0.043277366,0.074678617,0.074393453,-0.043112109,0.255192798,0.996181449,
Monte Harrison NA,R,0.015,-0.0125,-0.18125,0.13125,-0.050625,0,9.691358025,-0.043939394,0.074242424,0.074617643,-0.044161462,0.257351103,1.005053965,
Garrett Pennington DET,R,0.008823529,0,-0.176470588,0.135294118,-0.084705882,0,9.660194175,-0.042857143,0.074285714,0.074458757,-0.042956975,0.25661638,1.002329427,
Rainiel Rodriguez SLN,R,0.008823529,0,-0.176470588,0.135294118,0.084705882,0,9.673913043,-0.042857143,0.074285714,0.078102848,-0.045059335,0.269161789,1.051384489,
Edward Florentino PIT,L,0.015263158,0,-0.178947368,0.131578947,0.016842105,0,9.666666667,-0.043589744,0.074358974,0.07647809,-0.044831984,0.263282234,1.028498455,
Justin Gonzales BOS,R,0.010588235,0,-0.176470588,0.135294118,-0.050588235,0,9.65034965,-0.042857143,0.074285714,0.076467251,-0.044115722,0.263494236,1.029366842,
Carlos De La Cruz NA,R,0.005636364,0,-0.176363636,0.130909091,-0.05,0,9.68627451,-0.043489461,0.074425263,0.074250428,-0.043387298,0.255371685,0.997650866,
Weston Kath CHA,L,0.007894737,0,-0.178947368,0.131578947,-0.084210526,0,9.670781893,-0.043589744,0.074358974,0.074281391,-0.043544264,0.255670963,0.998956634,
Nicklaus Tanielu NA,R,0.004705882,0,-0.176470588,0.135294118,-0.084705882,0,9.671361502,-0.042857143,0.074285714,0.074051072,-0.042721773,0.255116625,0.99684136,
Nerwilian CedeÃ±o NA,B,0.011176471,0,-0.182352941,0.135294118,0.017058824,0,9.696969697,-0.044285714,0.074285714,0.074449509,-0.044383361,0.256413129,1.002204929,
Madison Stokes NA,R,0.010588235,0,-0.182352941,0.135294118,0.050588235,0,9.6,-0.044285714,0.074285714,0.074279519,-0.044282021,0.255792666,0.999916603,
Dylan Dreiling TEX,L,0.01,0,-0.178947368,0.131578947,0.016842105,0,9.75,-0.043589744,0.074358974,0.082737341,-0.0485012,0.284637738,1.112674592,
Travis Honeyman SLN,R,0.008823529,0,-0.182352941,0.135294118,0.017058824,0,9.72972973,-0.044285714,0.074285714,0.083594819,-0.049835373,0.28782516,1.125314869,
Luis De Los Santos NA,R,0.004976526,-0.015023474,-0.176056338,0.130985915,0.016666667,0,9.680851064,-0.043608602,0.074425348,0.074520366,-0.043664277,0.256098542,1.001276692,
Jalen Vasquez NA,L,0.013684211,0,-0.178947368,0.131578947,0.016842105,0,9.696969697,-0.043589744,0.074358974,0.074721041,-0.043801989,0.256990266,1.00486917,
Tomas Nido DET,R,-0.006975881,-0.015213358,-0.169387755,0.125974026,0.083376623,0.025777778,9.68273597,-0.04370505,0.074389538,0.073952334,-0.043448186,0.254219064,0.994122774,
Gregory Barrios TBA,R,0.022941176,0,-0.182352941,0.135294118,0.050588235,0,9.782608696,-0.044285714,0.074285714,0.074229909,-0.044252446,0.255514906,0.999248773,
Jose Mujica OAK,R,0.01,0,-0.182352941,0.135294118,0.084705882,0,9.642857143,-0.044285714,0.074285714,0.074674346,-0.044517399,0.256984438,1.005231581,
Ryan Spikes TBA,R,0.013529412,0,-0.182352941,0.135294118,-0.050588235,0,9.662162162,-0.044285714,0.074285714,0.071897152,-0.042861763,0.247392153,0.96784627,
Daniel Serretti ARI,B,0.009411765,0,-0.182352941,0.135294118,0.017058824,0,9.722222222,-0.044285714,0.074285714,0.07882721,-0.046993144,0.271227299,1.061135516,
Eli Serrano NYN,L,0.008947368,0,-0.178947368,0.131578947,-0.050526316,0,9.657142857,-0.043589744,0.074358974,0.083373396,-0.04887406,0.28658038,1.121228428,
Dilan Rosario NA,R,0.011176471,0,-0.182352941,0.135294118,0.017058824,0,9.696969697,-0.044285714,0.074285714,0.074673286,-0.044516767,0.256926509,1.005217314,
Richie Martin TEX,R,0.014375,-0.00625,-0.18125,0.13125,0.016875,0,9.756097561,-0.043939394,0.074242424,0.074443124,-0.044058175,0.256235814,1.002703297,
Noah Miller LAN,B,0.005172414,0,-0.179310345,0.134482759,0.050344828,0,9.6875,-0.043852314,0.074211608,0.07519164,-0.044431424,0.258907546,1.013205911,
Marshall Toole TBA,L,0.016842105,0,-0.178947368,0.131578947,-0.050526316,0,9.685534591,-0.043589744,0.074358974,0.072375386,-0.042426951,0.248694056,0.97332416,
Glenallen Hill COL,B,0.016470588,0,-0.182352941,0.135294118,0.017058824,0,9.583333333,-0.044285714,0.074285714,0.072450538,-0.043191667,0.249194879,0.975295702,
Zach Remillard CHA,R,0.009107981,-0.018309859,-0.176056338,0.130516432,0.016666667,0,9.677804296,-0.043884956,0.074194831,0.074511053,-0.044071995,0.256592969,1.004262043,
Jackson DiChiara NA,R,0.007647059,0,-0.182352941,0.135294118,-0.118235294,0,9.675090253,-0.044285714,0.074285714,0.074370746,-0.044336406,0.25567032,1.001144656,
Javier D'Orazio LAA,R,0.005833333,0,-0.183333333,0.133333333,0.084583333,0,9.7,-0.044501227,0.073831582,0.073409686,-0.044246934,0.253892844,0.994285708,
Tucker Barnhart NA,L,-0.004018692,0.005607477,-0.173831776,0.128037383,0.083364486,-0.018545455,9.684684234,-0.044134978,0.074032866,0.074365559,-0.044333314,0.256471386,1.004493843,
Maxton Martin TEX,L,0.008421053,0,-0.178947368,0.131578947,-0.050526316,0,9.659090909,-0.043589744,0.074358974,0.073336686,-0.042990471,0.251786187,0.986251986,
Slade Caldwell ARI,L,0.011052632,0,-0.178947368,0.131578947,0.016842105,0,9.736842105,-0.043589744,0.074358974,0.073503649,-0.043088346,0.252340637,0.988497346,
Brandon Lewis NA,R,0.008235294,0,-0.182352941,0.135294118,-0.084705882,0,9.677419355,-0.044285714,0.074285714,0.07455474,-0.044446095,0.256148293,1.003621497,
Delvin PÃ©rez NA,R,0.014705882,0,-0.182352941,0.135294118,0.017058824,0,9.62962963,-0.044285714,0.074285714,0.074533681,-0.044433541,0.256062899,1.003338018,
Yan Gomes NA,R,-0.002608696,0.006086957,-0.172173913,0.126956522,0.083565217,-0.082749998,9.678638374,-0.04417071,0.073840935,0.073841059,-0.044170785,0.255161429,1.000001681,
Kevin Smith NA,R,0.011290323,0,-0.177419355,0.132258065,-0.115806452,0,9.686847599,-0.043967217,0.073545162,0.073842523,-0.044144987,0.256191673,1.00404324,
Jair Camargo ATL,R,0.005217391,0,-0.176811594,0.130434783,0.082898551,-0.000285714,9.694915254,-0.044055838,0.074028253,0.0713077,-0.042436777,0.245726951,0.963249802,
Viandel Pena WAS,B,0.013529412,0,-0.182352941,0.135294118,0.017058824,0,9.655172414,-0.044285714,0.074285714,0.074785419,-0.044583615,0.256782783,1.006726793,
Nicholas Kahle NA,R,0.008235294,0,-0.182352941,0.135294118,0.084705882,0,9.62962963,-0.044285714,0.074285714,0.074643358,-0.044498925,0.256287971,1.00481444,
Loidel Chapelli NA,L,0.012105263,0,-0.184210526,0.131578947,0.016842105,0,9.782608696,-0.044871795,0.074358974,0.074489441,-0.044950525,0.255506514,1.001754551,
Jefrey De Los Santos NA,L,0.01,0,-0.184210526,0.131578947,-0.050526316,0,9.672131148,-0.044871795,0.074358974,0.074523354,-0.04497099,0.255553687,1.002210624,
Alexander Stone TOR,R,0.008823529,0,-0.182352941,0.135294118,0.084705882,0,9.634146341,-0.044285714,0.074285714,0.075711972,-0.045135983,0.259841887,1.019199626,
Kenneth Piper TBA,R,0.007446809,0,-0.180851064,0.131914894,0.083404255,0,9.704433498,-0.044531961,0.073870665,0.073694647,-0.044425851,0.254332531,0.997617208,
Sebastian Rivero LAA,R,0.003883162,-0.004467354,-0.175601375,0.128865979,0.083195876,-0.009586207,9.683944501,-0.04431515,0.073714046,0.07341852,-0.044137487,0.253885057,0.995990918,
Luke Williams ATL,R,0.017542373,-0.056355932,-0.175423729,0.128813559,0.049915254,0,9.687861272,-0.044330378,0.073669808,0.073655642,-0.044321854,0.254849987,0.999807716,
Hedbert Perez TOR,L,0.008421053,0,-0.184210526,0.131578947,-0.117894737,0,9.685534591,-0.044871795,0.073076923,0.072659527,-0.044615499,0.25339337,0.994288265,
Anthony Scull LAA,L,0.008421053,0,-0.184210526,0.131578947,0.016842105,0,9.62962963,-0.044871795,0.073076923,0.071983573,-0.04420044,0.251022253,0.98503837,
Kervin Pichardo WAS,R,0.008571429,0,-0.180519481,0.131168831,0.016623377,0,9.6875,-0.044595794,0.073470768,0.075517105,-0.045837894,0.261897818,1.027852395,
Paul Witt NA,R,0.005925926,0,-0.181481481,0.133333333,-0.117407407,0,9.685393258,-0.044438862,0.073460159,0.073532895,-0.044482862,0.255020257,1.000990144,
Joshua Breaux CHA,R,0.007647059,0,-0.182352941,0.135294118,0.084705882,0,9.625,-0.044285714,0.074285714,0.073436807,-0.043779635,0.251835855,0.988572407,
Tyler Tolve ATL,L,0.007,0,-0.175,0.13,0.0815,0,9.666666667,-0.04425019,0.073328887,0.07301776,-0.044062441,0.253570542,0.995757103,
Jay Thomason MIN,L,0.013684211,0,-0.184210526,0.131578947,0.016842105,0,9.76744186,-0.044871795,0.073076923,0.07132382,-0.043795328,0.248499021,0.976010169,
Tayden Hall MIL,L,0.007894737,0,-0.184210526,0.131578947,-0.084210526,0,9.683794466,-0.044871795,0.073076923,0.07306016,-0.044861502,0.254547597,0.999770614,
Carlos Jimenez SEA,L,0.011578947,0,-0.184210526,0.131578947,0.016842105,0,9.583333333,-0.044871795,0.073076923,0.076722118,-0.047110072,0.267279911,1.049881613,
John Garcia HOU,R,0.01,0,-0.182352941,0.135294118,0.084705882,0,9.642857143,-0.044285714,0.072857143,0.072243998,-0.043913018,0.252435543,0.991584281,
Benjamin Ross MIN,R,0.011142857,0,-0.181428571,0.131428571,0.016714286,0,9.6875,-0.044750106,0.073291512,0.07678199,-0.046881311,0.266689602,1.047624592,
Austin Hedges CLE,R,0.001295164,0.006725959,-0.172429127,0.125458588,0.083340745,0.148961107,9.683064882,-0.044677915,0.073382972,0.074689099,-0.045473128,0.259036915,1.017798784,
Tyler Hardman NYA,R,0.011176471,0,-0.182352941,0.135294118,-0.084705882,0,9.669811321,-0.044285714,0.072857143,0.074422887,-0.045237441,0.259937693,1.021490606,
Jeral Perez CHA,R,0.008823529,0,-0.182352941,0.135294118,0.017058824,0,9.72972973,-0.044285714,0.072857143,0.076608052,-0.046565678,0.267565637,1.051483061,
Brenden Dixon NA,R,0.011666667,0,-0.177777778,0.127777778,-0.081111111,0,9.684684685,-0.04508101,0.073256642,0.073105402,-0.04498794,0.253813912,0.99793548,
Antonis Macias TEX,L,0.007368421,0,-0.184210526,0.131578947,-0.084210526,0,9.68503937,-0.044871795,0.073076923,0.073136827,-0.044908578,0.25453548,1.000819732,
William Holland NA,R,0.017058824,0,-0.182352941,0.135294118,0.050588235,0,9.722222222,-0.044285714,0.072857143,0.072954062,-0.044344626,0.254651302,1.001330258,
Mark Kolozsvary PHI,R,0.01,0,-0.1875,0.13125,0.085,-0.001,9.677419355,-0.045454545,0.072727273,0.072963384,-0.045602115,0.255119574,1.003246534,
Jorge Alfaro KCA,R,0,-0.0125,-0.1875,0.1375,0.085,-0.029,9.565217391,-0.044776119,0.073134328,0.072033205,-0.044101962,0.25046432,0.984943825,
Lucius Fox NA,B,0.011176471,-0.041176471,-0.182352941,0.135294118,0.050588235,0,9.782608696,-0.044285714,0.072857143,0.073180824,-0.044482462,0.255410691,1.004442687,
Matthew Hogan CHA,L,0.011052632,0,-0.184210526,0.131578947,0.016842105,0,9.591836735,-0.044871795,0.073076923,0.073364891,-0.045048617,0.255282018,1.003940609,
Macauley Horvath TBA,R,0.021176471,0,-0.182352941,0.135294118,0.017058824,0,10,-0.044285714,0.072857143,0.078519243,-0.047727383,0.274026306,1.077715094,
Hayden Senger NYN,R,0.004784053,0.003654485,-0.173754153,0.125913621,0.083289037,0.040666667,9.683688693,-0.044855445,0.073158116,0.072135322,-0.044228339,0.250698393,0.98601941,
Kevin Graham NA,L,0.004807692,0,-0.182692308,0.132692308,-0.050384615,0,9.688109162,-0.044666296,0.07334676,0.073555878,-0.044793643,0.254957839,1.002851081,
Samuel Kulasingam KCA,B,0.011764706,0,-0.188235294,0.135294118,-0.084705882,0,9.683257919,-0.045714286,0.072857143,0.082039607,-0.051475832,0.286133077,1.126033824,
JosÃ© SÃ¡nchez NA,R,0.010588235,0,-0.188235294,0.135294118,0.017058824,0,9.772727273,-0.045714286,0.072857143,0.072936924,-0.045764344,0.254374243,1.001095031,
Ryan Campos SLN,L,0.009473684,0,-0.184210526,0.131578947,-0.117894737,0,9.683544304,-0.044871795,0.073076923,0.081070537,-0.049780154,0.28183737,1.109386297,
Jansel Luis ARI,B,0.012941176,0,-0.188235294,0.135294118,0.017058824,0,9.75,-0.045714286,0.072857143,0.07746039,-0.048602598,0.270024793,1.063181823,
Guillermo Williamson NA,L,0.007368421,0,-0.184210526,0.131578947,-0.084210526,0,9.68503937,-0.044871795,0.073076923,0.072845078,-0.044729434,0.253145311,0.996827384,
Andrew Garriola CHN,R,0.008823529,0,-0.188235294,0.135294118,-0.050588235,0,9.698795181,-0.045714286,0.072857143,0.076155894,-0.04778409,0.265417775,1.045276976,
Brandon Parker NA,R,0.011176471,0,-0.188235294,0.135294118,-0.050588235,0,9.691358025,-0.045714286,0.072857143,0.07289105,-0.045735561,0.253972142,1.000465393,
Cameron Masterman NA,R,0.009411765,0,-0.188235294,0.135294118,-0.118235294,0,9.683098592,-0.045714286,0.072857143,0.073346603,-0.046021398,0.255550352,1.006718084,
Logan Braunschweig ATL,L,0.01,0,-0.184210526,0.131578947,-0.050526316,0,9.672131148,-0.044871795,0.073076923,0.073439583,-0.045094481,0.255055517,1.004962714,
Brayan Buelvas OAK,R,0.010952381,0,-0.185714286,0.133333333,0.016666667,0,9.62962963,-0.04525446,0.073103358,0.074638539,-0.04620481,0.259109418,1.02100015,
Brooks Brannon BOS,R,0.008235294,0,-0.188235294,0.135294118,0.084705882,0,9.714285714,-0.045714286,0.072857143,0.073910311,-0.046375097,0.257446423,1.014455244,
Cam Eden NA,R,0.0236,-0.02,-0.182,0.13,-0.0496,0,9.683794466,-0.045291043,0.07266475,0.072985016,-0.045490661,0.254874416,1.004407447,
Bradley Zimmer NA,L,0.006842105,-0.057894737,-0.184210526,0.131578947,0.016842105,0,9.705882353,-0.044871795,0.073076923,0.073089551,-0.044879549,0.253727837,1.000172802,
Hiroyuki Nakajima NA,R,-0.012352941,0,-0.188235294,0.135294118,0.050588235,0,9.615384615,-0.045714286,0.072857143,0.072909548,-0.045747167,0.253849458,1.000719282,
Dylan Rock NA,R,0.010588235,0,-0.188235294,0.135294118,-0.050588235,0,9.693251534,-0.045714286,0.072857143,0.07300684,-0.045808213,0.254114049,1.002054666,
Jackson Glenn NA,R,0.009411765,0,-0.188235294,0.135294118,0.017058824,0,9.782608696,-0.045714286,0.072857143,0.07320612,-0.045933252,0.254805672,1.004789886,
Dustin Dickerson KCA,R,0.012941176,0,-0.188235294,0.135294118,0.017058824,0,9.75,-0.045714286,0.072857143,0.072274499,-0.045348706,0.251551112,0.992002934,
Dixon Machado NA,R,-0.00375,-0.04375,-0.1875,0.13125,0.050625,0,9.659090909,-0.045454545,0.072727273,0.073300591,-0.045812869,0.25557497,1.00788312,
Diego Cartaya SFN,R,0.006153846,0,-0.184615385,0.131868132,0.083296703,0,9.68115942,-0.045569371,0.072693996,0.069549923,-0.043598459,0.242534967,0.956749206,
Andrew Blake LAA,R,0.012352941,0,-0.188235294,0.135294118,0.017058824,0,9.756097561,-0.045714286,0.072857143,0.073081971,-0.045855355,0.254269231,1.003085882,
Chia Lin NA,R,0.009411765,0,-0.188235294,0.135294118,0.084705882,0,9.722222222,-0.045714286,0.072857143,0.07299039,-0.045797892,0.253949595,1.001828878,
Silas Ardoin BAL,R,0.006142857,0,-0.184285714,0.131428571,-0.116714286,0,9.686706181,-0.045454832,0.072586786,0.071462888,-0.044751032,0.249506017,0.984516502,
Beau Philip NA,R,0.010588235,0,-0.188235294,0.135294118,0.050588235,0,10,-0.045714286,0.072857143,0.073115881,-0.045876631,0.25430492,1.003551311,
Cristian Pache NYN,R,0.008755365,-0.023819742,-0.181545064,0.129399142,0.016652361,0,9.683518688,-0.045562116,0.072490081,0.072818303,-0.045768413,0.254539312,1.004527815,
Jantzen Witte NA,R,-0.002352941,0,-0.188235294,0.135294118,0.017058824,0,9.701492537,-0.045714286,0.072857143,0.073011916,-0.045811398,0.253910248,1.002124339,
Lucas Dunn NA,R,0.010588235,0,-0.188235294,0.135294118,0.017058824,0,9.772727273,-0.045714286,0.072857143,0.072662603,-0.045592222,0.252693464,0.99732985,
Deniel Ortiz SLN,R,0.014705882,0,-0.188235294,0.135294118,0.017058824,0,9.72972973,-0.045714286,0.072857143,0.07224159,-0.045328057,0.25117381,0.991551237,
Ronald Rosario BOS,R,0.008235294,0,-0.188235294,0.135294118,-0.118235294,0,9.685314685,-0.045714286,0.072857143,0.07259411,-0.045549245,0.25237755,0.99638974,
Christopher Alleyne NA,B,0.014117647,0,-0.188235294,0.135294118,0.017058824,0,9.736842105,-0.045714286,0.072857143,0.073295338,-0.045989232,0.254787243,1.006014447,
Jordyn Adams MIL,R,0.016932084,-0.029508197,-0.183606557,0.130444965,0.016674473,0,9.681145579,-0.045724225,0.072318928,0.072009938,-0.045528864,0.252126144,0.995727402,
Marvin Alcantara BOS,R,0.009411765,0,-0.188235294,0.135294118,0.017058824,0,9.782608696,-0.045714286,0.072857143,0.071562132,-0.04490173,0.248641505,0.982225341,
Luis PeÃ±a MIL,R,0.022352941,0,-0.188235294,0.135294118,0.017058824,0,9.583333333,-0.045714286,0.072857143,0.07387002,-0.046349816,0.256647044,1.013902231,
Vaun Brown NA,R,0.019259259,0,-0.185185185,0.133333333,-0.05037037,0,9.696969697,-0.045345777,0.072553243,0.072553672,-0.045346045,0.253120495,1.000005906,
Cade Doughty TOR,R,0.007619048,0,-0.19047619,0.133333333,0.016666667,0,9.718309859,-0.04641483,0.071942987,0.070775868,-0.045661851,0.24894383,0.983777174,
David GarcÃ­a MIL,B,0.008823529,0,-0.188235294,0.135294118,0.084705882,0,9.718309859,-0.045714286,0.072857143,0.074001958,-0.046432601,0.256997772,1.015713147,
Mason McCoy SDN,R,0.015271493,-0.019570136,-0.183257919,0.129638009,0.050022624,0,9.680998613,-0.045934033,0.072133444,0.073894028,-0.047055159,0.259132026,1.024407317,
Austin Callahan CIN,L,0.007916667,0,-0.183333333,0.129166667,0.01625,0,9.72972973,-0.045819768,0.071853728,0.071592174,-0.045652981,0.252022267,0.996359919,
William Hawke CLE,L,0.026315789,0,-0.189473684,0.131578947,-0.050526316,0,9.689440994,-0.046153846,0.071794872,0.071288645,-0.045828414,0.251150557,0.992948979,
Jordan Arruda SEA,B,0.010754717,0,-0.186792453,0.132075472,0.016792453,0,9.66442953,-0.04587922,0.072294529,0.071787509,-0.045557458,0.251158124,0.992986747,
Garrett Wolforth NA,R,0.010588235,0,-0.188235294,0.135294118,0.084705882,0,9.72972973,-0.045714286,0.071428571,0.07170051,-0.045888326,0.253820666,1.003807141,
Keiner Delgado PIT,B,0.012941176,0,-0.188235294,0.135294118,0.017058824,0,9.75,-0.045714286,0.071428571,0.078129048,-0.05000259,0.276560265,1.093806666,
Lucas Shliger SFN,L,0.01,0,-0.189473684,0.131578947,0.084210526,0,9.718309859,-0.046153846,0.071794872,0.071378059,-0.045885895,0.25136018,0.994194393,
Jarryd Dale NA,R,0.011764706,0,-0.188235294,0.135294118,0.017058824,0,9.761904762,-0.045714286,0.071428571,0.075958166,-0.048613226,0.268858789,1.063414321,
Ben DeLuzio NA,R,0.011764706,-0.041176471,-0.182352941,0.129411765,0.016470588,0,9.655172414,-0.046268657,0.071641791,0.071753021,-0.046340493,0.253206515,1.001552584,
Matheu Nelson NA,R,0.007647059,0,-0.188235294,0.135294118,0.084705882,0,9.710144928,-0.045714286,0.071428571,0.071402978,-0.045697906,0.252702423,0.999641695,
Nolan Sailors KCA,L,0.016315789,0,-0.189473684,0.131578947,0.016842105,0,9.591836735,-0.046153846,0.071794872,0.069094887,-0.044418142,0.243223675,0.962393067,
Kane Kepley CHN,L,0.013157895,0,-0.189473684,0.131578947,-0.050526316,0,9.679144385,-0.046153846,0.071794872,0.078806381,-0.050661245,0.277334852,1.097660302,
Jose Barrero BAL,R,0.012386364,0.013636364,-0.182954545,0.129545455,0.016590909,0,9.693877551,-0.046091181,0.071856438,0.073414183,-0.047090372,0.258125048,1.021678573,
Mateo Gil NA,R,0.009411765,0,-0.188235294,0.135294118,-0.084705882,0,9.688888889,-0.045714286,0.071428571,0.071564259,-0.045801126,0.253111907,1.001899629,
Kasen Wells SDN,L,0.013684211,0,-0.189473684,0.131578947,0.016842105,0,9.62962963,-0.046153846,0.071794872,0.070750985,-0.045482776,0.248929204,0.985460147,
Kevyn Castillo LAA,L,0.009473684,0,-0.189473684,0.131578947,0.016842105,0,9.677419355,-0.046153846,0.071794872,0.070832719,-0.045535319,0.249103316,0.986598581,
David Martin ARI,L,0.007894737,0,-0.189473684,0.131578947,0.084210526,0,9.701492537,-0.046153846,0.071794872,0.071505279,-0.045967679,0.251467569,0.995966386,
John Rhodes LAN,R,0.007532468,0,-0.187012987,0.131168831,-0.082857143,0,9.683604986,-0.046364935,0.071801253,0.071954739,-0.046464047,0.253004681,1.002137647,
Kevin Made WAS,R,0.010588235,0,-0.188235294,0.135294118,0.017058824,0,9.772727273,-0.045714286,0.071428571,0.071251469,-0.04560094,0.251786161,0.997520566,
Eladio Exposito ATL,R,0.012352941,0,-0.188235294,0.135294118,0.017058824,0,9.756097561,-0.045714286,0.071428571,0.071514361,-0.045769191,0.252706148,1.001201048,
Javier Rivas PIT,R,0.007647059,0,-0.188235294,0.135294118,0.017058824,0,9.6,-0.045714286,0.071428571,0.071379102,-0.045682625,0.2522182,0.999307429,
Kale Emshoff NA,R,0.008823529,0,-0.194117647,0.135294118,-0.118235294,0,9.694915254,-0.047142857,0.071428571,0.072052252,-0.047554487,0.254358717,1.008731532,
Peyton Burdick NA,R,0.01,-0.011764706,-0.182352941,0.129411765,-0.048823529,0,9.67032967,-0.046268657,0.071641791,0.071859128,-0.04640902,0.252880833,1.003033655,
Samuel Munoz LAN,L,0.009473684,0,-0.189473684,0.131578947,-0.050526316,0,9.690721649,-0.046153846,0.071794872,0.071246724,-0.045801465,0.250189131,0.992365085,
Jared McKenzie WAS,L,0.01,0,-0.189473684,0.131578947,-0.050526316,0,9.689119171,-0.046153846,0.071794872,0.072206301,-0.046418337,0.253557765,1.005730625,
Brandon Martorano NA,R,0.009411765,0,-0.194117647,0.135294118,0.084705882,0,9.677419355,-0.047142857,0.071428571,0.071895588,-0.047451088,0.253707021,1.006538235,
David Banuelos MIN,R,0.004883721,0,-0.190697674,0.13255814,-0.116744186,0,9.682119205,-0.046492874,0.071440269,0.072156562,-0.046959032,0.254516567,1.010026457,
Wyatt Hendrie PIT,R,0.010588235,0,-0.194117647,0.135294118,0.084705882,0,9.6875,-0.047142857,0.071428571,0.071190566,-0.046985774,0.251121447,0.996667925,
Alexander Vargas CIN,R,0.013703704,0,-0.192592593,0.133333333,0.050740741,0,10,-0.046660984,0.070888803,0.072364285,-0.047632188,0.257198178,1.02081403,
Caleb Bonemer CHA,R,0.012941176,0,-0.194117647,0.135294118,0.017058824,0,9.607843137,-0.047142857,0.071428571,0.074427945,-0.049122444,0.262489053,1.041991231,
Jean Walters ARI,B,0.008095238,0,-0.19047619,0.133333333,0.016666667,0,9.714285714,-0.04641483,0.070782616,0.071031986,-0.046578352,0.252734267,1.00352304,
Hunter Dozier NA,R,-0.002352941,-0.047058824,-0.188235294,0.129411765,0.016470588,0,9.689440994,-0.046376812,0.071014493,0.071352969,-0.046597857,0.252933838,1.004766293,
Bryson Horne NA,L,0.004210526,0,-0.189473684,0.131578947,-0.083333333,0,9.677819083,-0.046759376,0.071004978,0.071106123,-0.046825984,0.252044523,1.001424485,
Kaden Hollow SDN,L,0.006842105,0,-0.194736842,0.131578947,-0.050526316,0,9.666666667,-0.047435897,0.070512821,0.070272185,-0.047274015,0.250790209,0.996587346,
Zachary Humphreys LAA,R,0.011764706,0,-0.194117647,0.135294118,0.084705882,0,9.696969697,-0.047142857,0.071428571,0.070493855,-0.046525944,0.248300646,0.986913968,
Kody Huff CLE,R,0.006857143,0,-0.191428571,0.131428571,0.083285714,0,9.678899083,-0.047216647,0.071177333,0.073128245,-0.048510816,0.258462241,1.027409163,
Jack Moss CIN,L,0.006842105,0,-0.194736842,0.131578947,-0.084210526,0,9.673913043,-0.047435897,0.070512821,0.071991592,-0.048430707,0.256789689,1.020971668,
Juan Zabala NA,R,0.010588235,0,-0.194117647,0.135294118,0.084705882,0,9.6875,-0.047142857,0.071428571,0.071725761,-0.047339003,0.252557452,1.004160661,
Jadiel Sanchez NA,B,0.008823529,0,-0.194117647,0.135294118,-0.050588235,0,9.661016949,-0.047142857,0.071428571,0.071167363,-0.04697046,0.250553384,0.996343083,
Cade Bunnell NA,L,0.007894737,0,-0.194736842,0.131578947,-0.084210526,0,9.671532847,-0.047435897,0.070512821,0.070741697,-0.047589869,0.252269187,1.003245883,
Maikel Franco NA,R,-0.004705882,-0.029411765,-0.188235294,0.129411765,0.016470588,0,9.701492537,-0.047058824,0.070588235,#N/A,#N/A,#N/A,#N/A,
Phillip Sikes BOS,R,0.011911765,0,-0.192647059,0.132352941,-0.050294118,0,9.682539683,-0.047276892,0.070734892,0.070803677,-0.047322866,0.251614444,1.000972447,
Maikol Escotto NA,R,0.015294118,0,-0.194117647,0.135294118,0.050588235,0,10,-0.047142857,0.071428571,0.071704162,-0.047324747,0.252304717,1.003858265,
Marcus Smith NA,L,0.011578947,0,-0.194736842,0.131578947,0.016842105,0,9.705882353,-0.047435897,0.070512821,0.07043608,-0.047384272,0.251058472,0.998911687,
Keyber Rodriguez TEX,R,0.009714286,0,-0.191428571,0.131428571,0.016714286,0,9.670781893,-0.047216647,0.07082497,0.071175452,-0.047450301,0.252560656,1.004948555,
Ethan Hearn CHN,L,0.008421053,0,-0.194736842,0.131578947,0.084210526,0,9.655172414,-0.047435897,0.070512821,0.070266733,-0.047270347,0.250438914,0.996510027,
Anthony Garcia NA,B,0.010588235,0,-0.194117647,0.135294118,-0.050588235,0,9.710982659,-0.047142857,0.071428571,0.071380937,-0.047111419,0.251052467,0.999333122,
Michael Davis SEA,R,0.011176471,0,-0.194117647,0.135294118,-0.050588235,0,9.709302326,-0.047142857,0.07,0.068749057,-0.046300385,0.246611707,0.982129387,
Justin Riemer OAK,R,0.010588235,0,-0.194117647,0.135294118,0.017058824,0,9.636363636,-0.047142857,0.07,0.072509756,-0.048833101,0.260002376,1.035853659,
Hogan Windish SEA,R,0.007218543,0,-0.192715232,0.131788079,-0.083377483,0,9.681945744,-0.047523741,0.070550708,0.070554256,-0.047526131,0.251005622,1.000050288,
Maxwell Wagner BAL,R,0.011764706,0,-0.194117647,0.135294118,0.017058824,0,9.622641509,-0.047142857,0.07,0.072163726,-0.04860006,0.258719328,1.030910369,
Nelson Taylor BOS,L,0.013684211,0,-0.194736842,0.131578947,0.016842105,0,9.6875,-0.047435897,0.070512821,0.07354502,-0.04947574,0.26168714,1.043002096,
Diosbel Arias NA,R,0.010588235,0,-0.194117647,0.135294118,0.017058824,0,9.636363636,-0.047142857,0.07,#N/A,#N/A,#N/A,#N/A,
Kade Kretzschmar NA,L,0.008947368,0,-0.194736842,0.131578947,-0.050526316,0,9.660194175,-0.047435897,0.070512821,0.070506579,-0.047431699,0.250764802,0.999911487,
Won-Bin Cho SLN,L,0.012105263,0,-0.194736842,0.131578947,-0.050526316,0,9.698492462,-0.047435897,0.070512821,0.070646421,-0.047525774,0.251198045,1.001894701,
Chad Wallach OAK,R,-0.004375,-0.00625,-0.2,0.13125,0.085,-0.0095,10,-0.048484848,0.06969697,0.069134488,-0.048093557,0.248694608,0.99192961,
Carlos Sanchez CIN,L,0.01,0,-0.194736842,0.131578947,0.016842105,0,9.718309859,-0.047435897,0.070512821,0.072598113,-0.048838731,0.258034735,1.029573243,
Luis Suisbel SEA,B,0.008235294,0,-0.2,0.135294118,0.017058824,0,9.710144928,-0.048571429,0.07,0.068568173,-0.047577916,0.245409408,0.979545323,
Cooper Johnson TEX,R,0.007647059,0,-0.2,0.135294118,0.084705882,0,9.591836735,-0.048571429,0.07,0.068825792,-0.047756672,0.24629998,0.983225603,
Leonard Gabrielson NYA,R,0.014117647,0,-0.2,0.135294118,-0.050588235,0,9.662921348,-0.048571429,0.07,0.07147181,-0.049592685,0.255767999,1.02102586,
Jose Salas MIN,B,0.016470588,0,-0.2,0.135294118,-0.084705882,0,9.699570815,-0.048571429,0.07,0.069565958,-0.048270257,0.24890998,0.993799404,
Jason Delay BOS,R,0.001450382,-0.026717557,-0.192366412,0.130534351,0.083587786,0.052846155,9.682779607,-0.047896365,0.070133963,0.06981241,-0.047676768,0.249275846,0.99541516,
Joshua Crouch LAA,R,0.007647059,0,-0.2,0.135294118,0.084705882,0,9.591836735,-0.048571429,0.07,0.068994795,-0.04787394,0.246770727,0.985639931,
Blake Robertson TBA,L,0.006842105,0,-0.194736842,0.131578947,-0.084210526,0,9.673913043,-0.047435897,0.070512821,0.070219673,-0.047238689,0.249286301,0.995842642,
Agnnel Escobar PHI,R,0.011764706,0,-0.2,0.135294118,0.017058824,0,9.682539683,-0.048571429,0.07,0.076938022,-0.053385566,0.275085302,1.099114596,
Shervyen Newton NA,B,0.009411765,0,-0.2,0.135294118,0.050588235,0,10,-0.048571429,0.07,0.070097588,-0.048639143,0.250549808,1.001394111,
Ricardo GenovÃ©s NA,R,0.007647059,0,-0.2,0.135294118,0.084705882,0,9.591836735,-0.048571429,0.07,0.070098088,-0.048639489,0.250513541,1.00140125,
Jaylen Palmer CHN,R,0.013809524,0,-0.19047619,0.128571429,-0.049047619,0,9.668246445,-0.04787449,0.06941801,0.069470441,-0.047910649,0.250274888,1.000755292,
Joshua Moylan NYA,L,0.007894737,0,-0.2,0.131578947,0.016842105,0,9.651162791,-0.048717949,0.069230769,0.067863166,-0.047755562,0.245056533,0.980245737,
Casey Yamauchi OAK,R,0.011176471,0,-0.2,0.135294118,0.017058824,0,9.6875,-0.048571429,0.07,0.070822113,-0.049141874,0.252929036,1.011744473,
Axel Sanchez SEA,R,0.012352941,0,-0.2,0.135294118,0.017058824,0,9.677419355,-0.048571429,0.07,0.070809453,-0.04913309,0.252854487,1.011563613,
Robert Martin NA,L,0.009473684,0,-0.2,0.131578947,-0.050526316,0,9.674418605,-0.048717949,0.069230769,0.069403613,-0.048839579,0.250556989,1.002496625,
Seaver King WAS,R,0.015882353,0,-0.2,0.135294118,0.017058824,0,9.642857143,-0.048571429,0.07,0.072529216,-0.050326395,0.258929302,1.036131661,
Bladimir Restituyo NA,R,0.013837209,0,-0.196511628,0.13255814,-0.050116279,0,9.685393258,-0.048391382,0.069580508,0.069321758,-0.048211428,0.24894977,0.99628128,
Marco Vargas NYN,L,0.016315789,0,-0.2,0.131578947,0.050526316,0,10,-0.048717949,0.069230769,0.075041932,-0.052807285,0.270706182,1.083939017,
Jacob Nottingham SEA,R,0.00375,0,-0.2,0.13125,-0.11875,0,9.671052632,-0.048484848,0.06969697,0.07013279,-0.048788028,0.251223155,1.006253074,
Carter Cunningham TOR,L,0.008947368,0,-0.2,0.131578947,-0.117894737,0,9.683908046,-0.048717949,0.069230769,0.072715701,-0.051170308,0.262187449,1.050337907,
Alex De Goti NA,R,0.010625,-0.03125,-0.2,0.13125,0.016875,0,9.666666667,-0.048484848,0.06969697,0.069733304,-0.048510124,0.249739124,1.000521311,
Jacob Wetzel TOR,L,0.01,0,-0.2,0.131578947,-0.050526316,0,9.672897196,-0.048717949,0.069230769,0.069071726,-0.048606029,0.248888912,0.997702704,
Erick Brito PHI,R,0.013333333,0,-0.2,0.133333333,0.05047619,0,10,-0.048735572,0.069622245,0.069780519,-0.048846364,0.249983004,1.002273326,
John Lindsly WAS,L,0.007368421,0,-0.2,0.131578947,0.084210526,0,9.777777778,-0.048717949,0.069230769,0.069638912,-0.04900516,0.250812976,1.005895397,
Pablo Aliendo NA,R,0.006842105,0,-0.194736842,0.131578947,0.082631579,0,9.615384615,-0.048350615,0.06925899,0.069509127,-0.04852524,0.25020941,1.003611623,
Taylor Snyder NA,R,0.012352941,0,-0.2,0.135294118,0.017058824,0,9.677419355,-0.048571429,0.068571429,0.068653599,-0.048629633,0.249594737,1.001198322,
Gilbert Lara NA,R,0.010588235,0,-0.2,0.135294118,0.050588235,0,10,-0.048571429,0.068571429,0.068589699,-0.04858437,0.249332415,1.000266442,
Jan Mercado NA,R,0.010588235,0,-0.2,0.135294118,0.084705882,0,9.62962963,-0.048571429,0.068571429,0.068744195,-0.048693805,0.249893026,1.002519511,
Christian Bethancourt CHN,R,0.001323529,0.008088235,-0.189705882,0.125735294,0.083382353,-0.028214287,10.00006667,-0.048940839,0.069048316,0.069956832,-0.049584788,0.252507266,1.013157695,
Juneiker Caceres CLE,L,0.008947368,0,-0.2,0.131578947,-0.050526316,0,9.675925926,-0.048717949,0.069230769,0.071484109,-0.050303632,0.257250101,1.03254824,
Frank Rodriguez LAN,R,0.007647059,0,-0.2,0.135294118,0.084705882,0,9.591836735,-0.048571429,0.068571429,0.069777228,-0.049425537,0.253511863,1.017584576,
Oswaldo Linares SDN,R,0.008823529,0,-0.2,0.135294118,0.084705882,0,9.607843137,-0.048571429,0.068571429,0.067434106,-0.047765825,0.244962537,0.98341404,
Cody Roberts NA,R,0.008823529,0,-0.2,0.135294118,0.084705882,0,9.607843137,-0.048571429,0.068571429,0.068688848,-0.048654601,0.249515531,1.001712364,
Drake Logan CHA,R,0.016470588,0,-0.2,0.135294118,-0.050588235,0,9.710982659,-0.048571429,0.068571429,0.068685736,-0.048652396,0.249460154,1.001666984,
Logan Cerny NA,R,0.015294118,0,-0.2,0.135294118,0.017058824,0,9.649122807,-0.048571429,0.068571429,0.069164114,-0.048991247,0.251183456,1.008643326,
Jonah Cox SFN,R,0.024117647,0,-0.2,0.135294118,0.017058824,0,9.756097561,-0.048571429,0.068571429,0.0786361,-0.055700571,0.285477386,1.146776463,
Kevin Kilpatrick ATL,R,0.018095238,0,-0.2,0.133333333,-0.05047619,0,9.674418605,-0.048762325,0.068499456,0.06830812,-0.04862612,0.248239663,0.997206753,
Blake Wright COL,R,0.009411765,0,-0.2,0.135294118,0.017058824,0,9.701492537,-0.048571429,0.068571429,0.068712088,-0.048671063,0.249419584,1.002051288,
Carlos Luis NA,L,0.008947368,0,-0.2,0.131578947,-0.117894737,0,9.683908046,-0.048717949,0.069230769,0.069003504,-0.048558022,0.248062001,0.996717284,
Jacob Means NA,R,0.010588235,0,-0.2,0.135294118,0.017058824,0,9.692307692,-0.048571429,0.068571429,0.068984046,-0.048863699,0.250329306,1.006017337,
Alfredo Velasquez BAL,R,0.014705882,0,-0.2,0.135294118,0.017058824,0,9.655172414,-0.048571429,0.068571429,0.067517925,-0.047825197,0.244990338,0.984636406,
Jesus BaÃ©z SLN,R,0.009411765,0,-0.205882353,0.135294118,0.017058824,0,9.74025974,-0.05,0.068571429,0.068649573,-0.05005698,0.249040485,1.001139606,
Julio Carreras NA,R,0.014285714,0,-0.198214286,0.130357143,0.016607143,0,9.672897196,-0.049138503,0.068616828,0.068786105,-0.049259726,0.249332585,1.002466981,
Jose Gomez NA,R,0.011176471,0,-0.205882353,0.135294118,0.017058824,0,9.72972973,-0.05,0.068571429,0.06876791,-0.050143268,0.249388545,1.002865355,
Jack Penney DET,L,0.007894737,0,-0.205263158,0.131578947,0.016842105,0,9.6875,-0.05,0.069230769,0.06909048,-0.04989868,0.24814813,0.997973594,
Juan Chacon BOS,R,0.011176471,0,-0.205882353,0.135294118,-0.050588235,0,9.689119171,-0.05,0.068571429,0.068680184,-0.050079301,0.248972249,1.001586017,
Isaiah Greene BAL,L,0.011052632,0,-0.205263158,0.131578947,-0.050526316,0,9.684684685,-0.05,0.067948718,0.068078488,-0.050095491,0.24902068,1.001909828,
Chuckie Robinson LAN,R,0.001969697,0.000505051,-0.193939394,0.127272727,0.083434343,0.0115,9.683042789,-0.049481703,0.068552776,0.068474642,-0.049425306,0.248220767,0.998860248,
Byeong-woo Jeon NA,R,-0.002941176,0,-0.205882353,0.135294118,0.017058824,0,9.696969697,-0.05,0.068571429,0.070673034,-0.05153242,0.256102731,1.030648408,
Dillon Lewis MIA,R,0.012352941,0,-0.205882353,0.135294118,0.017058824,0,9.722222222,-0.05,0.068571429,0.075855281,-0.055311142,0.274844385,1.106222847,
Jackson Strong DET,L,0.010526316,0,-0.205263158,0.131578947,0.016842105,0,9.67032967,-0.05,0.067948718,0.065795287,-0.0484154,0.240523834,0.968308,
Joshua Hood SEA,R,0.014117647,0,-0.205882353,0.135294118,0.050588235,0,10,-0.05,0.068571429,0.06759014,-0.049284477,0.24475854,0.985689536,
Jackie Bradley Jr. NA,L,0,-0.052631579,-0.2,0.131578947,0.016315789,0,9.660194175,-0.05,0.068421053,0.068705882,-0.050208145,0.249294485,1.004162897,
Jacob Sharp TOR,R,0.008235294,0,-0.205882353,0.135294118,0.084705882,0,9.743589744,-0.05,0.068571429,0.067843004,-0.049468857,0.245549555,0.989377141,
Jose Izarra LAN,R,0.010588235,0,-0.205882353,0.135294118,0.050588235,0,9.411764706,-0.05,0.068571429,0.068488256,-0.049939354,0.247882971,0.998787073,
Jackson Appel CHA,B,0.01,0,-0.205882353,0.135294118,0.084705882,0,9.761904762,-0.05,0.068571429,0.068796536,-0.050164141,0.248941557,1.003282823,
Elis Cuevas BAL,L,0.018421053,0,-0.205263158,0.131578947,-0.050526316,0,9.663461538,-0.05,0.067948718,0.064473627,-0.047442858,0.235350733,0.948857154,
William Taylor PIT,R,0.014117647,0,-0.205882353,0.135294118,0.017058824,0,9.710144928,-0.05,0.068571429,0.076635645,-0.055880158,0.277205818,1.117603162,
Anthony Sherwin HOU,L,0.008947368,0,-0.205263158,0.131578947,0.016842105,0,9.680851064,-0.05,0.067948718,0.068353629,-0.050297954,0.249487909,1.00595907,
Estarling Mercado NYN,L,0.008947368,0,-0.205263158,0.131578947,-0.084210526,0,9.691780822,-0.05,0.067948718,0.067679485,-0.049801885,0.246996435,0.996037709,
Cutter Coffey TOR,R,0.009411765,0,-0.205882353,0.135294118,0.017058824,0,9.74025974,-0.05,0.068571429,0.071014988,-0.051781762,0.256642842,1.035635248,
Nicholas Kent COL,R,0.0052,0,-0.204,0.132,0.0504,0,9.647058824,-0.049854244,0.067938627,0.067774982,-0.04973416,0.247188156,0.997591283,
Yohairo Cuevas NYN,L,0.011052632,0,-0.205263158,0.131578947,-0.050526316,0,9.684684685,-0.05,0.067948718,0.065194662,-0.047973431,0.2377237,0.959468612,
Ashton Creal NA,R,0.011176471,0,-0.205882353,0.135294118,0.017058824,0,9.72972973,-0.05,0.068571429,0.068993196,-0.050307538,0.249186318,1.006150769,
Jeremy Eierman OAK,R,0.003214286,0,-0.2,0.128571429,0.049285714,0,9.636363636,-0.050046728,0.067920559,0.068126285,-0.050198315,0.248409138,1.003028915,
Jean Ramirez KCA,L,0.011052632,0,-0.205263158,0.131578947,-0.050526316,0,9.684684685,-0.05,0.067948718,0.067772342,-0.049870214,0.247011161,0.997404286,
Ray-Patrick Didder NA,R,0.010338983,0,-0.203389831,0.13220339,0.049830508,0,9.701492537,-0.050307842,0.067915587,0.067913502,-0.050306298,0.247634395,0.99996929,
Eric Yang CHN,R,0.00516129,0,-0.20483871,0.132258065,-0.116774194,0,9.686174724,-0.050403558,0.067866208,0.06783614,-0.050381227,0.247526285,0.999556951,
Pablo Nunez CIN,L,0.009473684,0,-0.205263158,0.131578947,0.016842105,0,9.677419355,-0.05,0.067948718,0.067577243,-0.04972665,0.246196645,0.994533003,
Angel Zarate NA,L,0.010526316,0,-0.205263158,0.131578947,-0.050526316,0,9.686098655,-0.05,0.067948718,0.067762495,-0.049862968,0.246782799,0.997259362,
Derek Bernard COL,L,0.010526316,0,-0.205263158,0.131578947,-0.050526316,0,9.686098655,-0.05,0.067948718,0.069191346,-0.050914386,0.251920311,1.018287729,
Kevin Maitan NA,R,0.008235294,0,-0.205882353,0.135294118,-0.084705882,0,9.689922481,-0.05,0.067142857,0.067417366,-0.050204421,0.248316089,1.004088429,
Drew Brutcher HOU,L,0.007368421,0,-0.205263158,0.131578947,-0.050526316,0,9.694323144,-0.05,0.067948718,0.068860962,-0.050671274,0.250590733,1.013425485,
Jack Winkler HOU,R,0.017480916,-0.001526718,-0.20610687,0.132824427,0.016641221,0,9.690909091,-0.050561189,0.067602182,0.065946696,-0.049323013,0.241179573,0.97551135,
Victor Mesa MIA,R,0.012352941,0,-0.205882353,0.135294118,-0.050588235,0,9.685863874,-0.05,0.067142857,0.067166995,-0.050017975,0.247244852,1.000359498,
Elijah Nunez WAS,L,0.015263158,0,-0.205263158,0.131578947,0.016842105,0,9.634146341,-0.05,0.067948718,0.06923771,-0.050948504,0.251819093,1.018970073,
Andrew Atwood NA,R,0.011176471,0,-0.205882353,0.135294118,0.017058824,0,9.72972973,-0.05,0.067142857,0.067596293,-0.050337665,0.248785855,1.006753299,
Matthew Batten NA,R,0.011801075,0.037096774,-0.20483871,0.131451613,-0.083387097,0,9.683880543,-0.050615002,0.067420245,0.06752646,-0.050694741,0.247488283,1.001575413,
Yeremy Cabrera WAS,L,0.013684211,0,-0.210526316,0.131578947,-0.050526316,0,9.691629956,-0.051282051,0.067948718,0.069150688,-0.052189199,0.251455779,1.017689374,
William Turner BOS,L,0.009473684,0,-0.210526316,0.131578947,0.016842105,0,9.708737864,-0.051282051,0.067948718,0.082380408,-0.062173893,0.299524811,1.212390908,
Daniel Bautista OAK,R,0.011176471,0,-0.211764706,0.135294118,-0.084705882,0,9.69581749,-0.051428571,0.067142857,0.067263597,-0.051521053,0.247445169,1.001798248,
William Lugo PIT,R,0.008235294,0,-0.211764706,0.135294118,0.050588235,0,9.677419355,-0.051428571,0.067142857,0.067465945,-0.051676043,0.248156397,1.004811947,
Tres Barrera WAS,R,0.001875,-0.0125,-0.2125,0.13125,0.085,0.003,10,-0.051515152,0.066666667,0.066210051,-0.051162312,0.245265532,0.993150759,
Maick Collado CLE,B,0.007647059,0,-0.211764706,0.135294118,-0.084705882,0,9.666666667,-0.051428571,0.067142857,0.067023269,-0.051336972,0.246461244,0.998218897,
Benjamin Montgomery COL,R,0.010588235,0,-0.211764706,0.135294118,-0.050588235,0,9.705882353,-0.051428571,0.067142857,0.066751298,-0.051128654,0.245404471,0.994168264,
Andy Lugo MIN,R,0.012352941,0,-0.211764706,0.135294118,-0.084705882,0,9.69348659,-0.051428571,0.067142857,0.065850143,-0.050438407,0.242021832,0.980746808,
Ryan Wrobleski NA,R,0.012941176,0,-0.211764706,0.135294118,-0.050588235,0,9.7,-0.051428571,0.067142857,0.067186607,-0.051462082,0.246917786,1.000651597,
Elijah Hainline LAN,R,0.014705882,0,-0.211764706,0.135294118,0.017058824,0,9.743589744,-0.051428571,0.067142857,0.073311208,-0.056153266,0.269404496,1.091869059,
Brody Moore SLN,R,0.012941176,0,-0.211764706,0.135294118,0.050588235,0,9.565217391,-0.051428571,0.067142857,0.06696965,-0.051295902,0.24608454,0.997420325,
Tai Peete SLN,L,0.014210526,0,-0.210526316,0.131578947,0.016842105,0,9.680851064,-0.051282051,0.066666667,0.067810286,-0.052161758,0.2509401,1.017154288,
Pat Valaika NA,R,-0.00125,-0.03125,-0.2125,0.13125,0.016875,0,9.6875,-0.051515152,0.066666667,0.066948554,-0.051732973,0.247714,1.004228304,
Khadim Diaw MIN,R,0.009411765,0,-0.211764706,0.135294118,0.084705882,0,9.677419355,-0.051428571,0.067142857,0.06750285,-0.05170431,0.247988522,1.00536159,
Caleb Knight NA,R,0.010588235,0,-0.211764706,0.135294118,0.084705882,0,9.696969697,-0.051428571,0.067142857,0.067574106,-0.051758889,0.248249292,1.006422849,
Aidan Smith TBA,R,0.018823529,0,-0.211764706,0.135294118,0.017058824,0,9.718309859,-0.051428571,0.067142857,0.066791393,-0.051159365,0.245367847,0.994765433,
Trevor Cohen SFN,L,0.010526316,0,-0.210526316,0.131578947,-0.050526316,0,9.699570815,-0.051282051,0.066666667,0.070413091,-0.054163916,0.260514003,1.056196369,
Oliver Carrillo NA,R,0.007647059,0,-0.211764706,0.135294118,-0.084705882,0,9.666666667,-0.051428571,0.067142857,0.067153261,-0.051436541,0.246665216,1.000154955,
Ahbram Liendo BOS,R,0.022352941,0,-0.211764706,0.135294118,0.050588235,0,10,-0.051428571,0.067142857,0.064936284,-0.04973843,0.238433875,0.967136138,
Andruw Jones ARI,R,0.012352941,0,-0.211764706,0.135294118,0.017058824,0,9.638554217,-0.051428571,0.067142857,0.071672662,-0.054898209,0.263161124,1.067465183,
Christopher Seise NA,R,0.011764706,0,-0.211764706,0.135294118,0.017058824,0,9.642857143,-0.051428571,0.067142857,0.067217378,-0.051485651,0.246786601,1.001109885,
Erik Gonzalez NA,R,-0.000689655,-0.089655172,-0.210344828,0.131034483,0.050344828,0,9.691876751,-0.051539654,0.066748077,#N/A,#N/A,#N/A,#N/A,
Luis Verdugo SDN,R,0.006428571,0,-0.207142857,0.131428571,0.016714286,0,9.684210526,-0.05109264,0.066948977,0.066975519,-0.051112896,0.246593725,1.000396457,
Korey Holland NA,R,0.012352941,0,-0.211764706,0.135294118,-0.050588235,0,9.701492537,-0.051428571,0.067142857,0.067507696,-0.051708023,0.247810268,1.005433775,
Enrique Romero NA,L,0.009473684,0,-0.210526316,0.131578947,-0.084210526,0,9.668874172,-0.051282051,0.066666667,0.066722885,-0.051325296,0.24661779,1.000843269,
Maxwell Romero WAS,L,0.006842105,0,-0.210526316,0.131578947,-0.117894737,0,9.678284182,-0.051282051,0.066666667,0.066642746,-0.051263651,0.246310591,0.999641196,
Andy Perez COL,L,0.010526316,0,-0.210526316,0.131578947,0.050526316,0,9.714285714,-0.051282051,0.066666667,0.073427491,-0.056482686,0.271210681,1.101412372,
Christopher Brito KCA,R,0.008823529,0,-0.211764706,0.135294118,-0.084705882,0,9.700374532,-0.051428571,0.067142857,0.067268043,-0.051524458,0.246693095,1.001864466,
Caden Kendle MIN,R,0.011764706,0,-0.211764706,0.135294118,-0.050588235,0,9.702970297,-0.051428571,0.067142857,0.06806073,-0.052131623,0.249564649,1.013670441,
Chris Roller NA,R,0.007545455,-0.02,-0.21,0.132727273,0.016727273,0,9.686369119,-0.05147645,0.06662969,0.066506961,-0.051381632,0.245722553,0.998158037,
Kevin Watson NA,L,0.009473684,0,-0.210526316,0.131578947,-0.117894737,0,9.673913043,-0.051282051,0.066666667,0.066425501,-0.051096539,0.245284464,0.996382508,
Kamren James TBA,R,0.009411765,0,-0.211764706,0.135294118,-0.050588235,0,9.661835749,-0.051428571,0.067142857,0.066171377,-0.050684459,0.242578635,0.985531141,
Eduardo Lopez NA,B,0.01,0,-0.211764706,0.135294118,-0.050588235,0,9.660194175,-0.051428571,0.067142857,0.066953025,-0.051283168,0.245433121,0.997172706,
Raylin Heredia PHI,R,0.01,0,-0.211764706,0.135294118,-0.050588235,0,9.660194175,-0.051428571,0.067142857,0.07357324,-0.056353971,0.269680362,1.095771655,
Henry Gatewood NA,R,0.01,0,-0.211764706,0.135294118,0.017058824,0,9.655172414,-0.051428571,0.067142857,0.067306551,-0.051553954,0.246619794,1.002437989,
Shalin Polanco PIT,L,0.01,0,-0.210526316,0.131578947,-0.050526316,0,9.700854701,-0.051282051,0.066666667,0.066114244,-0.050857111,0.243971479,0.991713666,
Jonathan Ornelas NYA,R,0.00879562,-0.041240876,-0.209854015,0.132481752,0.05,0,9.681039003,-0.051524782,0.06648937,0.067623674,-0.05240379,0.250189621,1.01705992,
Trent Youngblood ARI,L,0.011052632,0,-0.210526316,0.131578947,-0.050526316,0,9.698275862,-0.051282051,0.066666667,0.070408691,-0.054160532,0.259739423,1.056130372,
Chase Adkison SLN,R,0.008235294,0,-0.211764706,0.135294118,-0.118235294,0,9.694189602,-0.051428571,0.067142857,0.0668557,-0.051208621,0.244874221,0.995723189,
Alexis Hernandez TOR,R,0.012941176,0,-0.211764706,0.135294118,-0.050588235,0,9.7,-0.051428571,0.065714286,0.064850277,-0.050752391,0.242628429,0.986852038,
William Amick MIN,R,0.008235294,0,-0.211764706,0.135294118,-0.084705882,0,9.665427509,-0.051428571,0.065714286,0.074878486,-0.058600554,0.280071255,1.139455215,
Julian Brock TEX,R,0.011764706,0,-0.211764706,0.135294118,0.084705882,0,9.714285714,-0.051428571,0.065714286,0.065330605,-0.051128299,0.24433007,0.994161374,
Marwin Gonzalez NA,B,-0.001764706,-0.029411765,-0.211764706,0.135294118,-0.050588235,0,9.676258993,-0.051428571,0.065714286,0.065788506,-0.051486657,0.246034567,1.001129437,
Nick Ahmed NA,R,0.004475524,-0.02027972,-0.200699301,0.125874126,0.05,0,9.683333333,-0.051832264,0.066280282,0.066216194,-0.051782146,0.245496394,0.999033076,
Ian Moller TEX,R,0.011176471,0,-0.211764706,0.135294118,0.084705882,0,9.705882353,-0.051428571,0.065714286,0.065416015,-0.051195142,0.244604701,0.995461098,
Caleb Hamilton NA,R,0.01125,-0.00625,-0.2125,0.13125,0.085,0.0015,9.444444444,-0.051515152,0.066666667,0.066766998,-0.05159268,0.246048738,1.001504964,
Logan Wagner LAN,B,0.010588235,0,-0.211764706,0.135294118,0.017058824,0,9.651162791,-0.051428571,0.065714286,0.068297962,-0.053450579,0.255235422,1.039316809,
Aaron Whitefield NA,R,0.01375,0,-0.2125,0.13125,-0.050625,0,9.692307692,-0.051515152,0.066666667,0.06699667,-0.051770154,0.246753424,1.004950044,
Jared Wegner NA,R,0.009148936,0,-0.210638298,0.131914894,-0.05,0,9.689655172,-0.051866637,0.066012084,0.066138412,-0.051965895,0.245912707,1.001913711,
Kyler Castillo NA,R,0.011176471,0,-0.211764706,0.135294118,-0.050588235,0,9.704433498,-0.051428571,0.065714286,0.065917688,-0.051587756,0.246174621,1.003095251,
Andrew Swift OAK,R,0.013529412,0,-0.211764706,0.135294118,0.017058824,0,9.62962963,-0.051428571,0.065714286,0.066204623,-0.051812313,0.247230081,1.007461648,
Ryan Higgins NA,R,0.010588235,0,-0.211764706,0.135294118,0.017058824,0,9.651162791,-0.051428571,0.065714286,0.06591013,-0.051581841,0.246116307,1.002980243,
Juan Benjamin CLE,B,0.012941176,0,-0.211764706,0.135294118,-0.084705882,0,9.692307692,-0.051428571,0.065714286,0.070321052,-0.055033866,0.26254013,1.070102959,
Alexander Darby SFN,L,0.008947368,0,-0.215789474,0.131578947,0.016842105,0,9.652173913,-0.052564103,0.065384615,0.066670402,-0.053597774,0.250124838,1.019664975,
Donovan Casey LAN,R,0.013529412,0,-0.211764706,0.135294118,-0.050588235,0,9.698492462,-0.051428571,0.065714286,0.065953868,-0.05161607,0.24618127,1.003645811,
Daniel Cope NA,R,0.008235294,0,-0.211764706,0.135294118,0.084705882,0,9.655172414,-0.051428571,0.065714286,0.065924678,-0.051593227,0.246034196,1.003201628,
Adam Zebrowski ATL,R,0.007647059,0,-0.217647059,0.135294118,0.084705882,0,9.444444444,-0.052857143,0.065714286,0.067010477,-0.053899731,0.250064015,1.019724643,
Fernando Peguero BAL,B,0.018235294,0,-0.217647059,0.135294118,0.017058824,0,9.638554217,-0.052857143,0.065714286,0.065275554,-0.05250425,0.243488458,0.993323643,
Chris Okey NA,R,0.00875,-0.00625,-0.2125,0.13125,0.085,-0.001,10,-0.051515152,0.065151515,0.065422076,-0.051729083,0.246122871,1.004152796,
Cole Turney NA,L,0.008947368,0,-0.215789474,0.131578947,-0.117894737,0,9.683377309,-0.052564103,0.065384615,0.065242317,-0.052449706,0.244451831,0.997823667,
Alexander Suarez NA,R,0.013529412,0,-0.217647059,0.135294118,-0.050588235,0,9.666666667,-0.052857143,0.065714286,0.065494579,-0.052680422,0.244103135,0.996656629,
Micah McDowell MIA,L,0.009473684,0,-0.215789474,0.131578947,-0.050526316,0,9.674796748,-0.052564103,0.065384615,0.06521839,-0.05243047,0.244298343,0.997457723,
Andrew Jenkins DET,R,0.006470588,0,-0.217647059,0.135294118,-0.084705882,0,9.680851064,-0.052857143,0.065714286,0.071432846,-0.057456855,0.266187669,1.087021574,
Jorge Caballero NA,R,0.009411765,0,-0.217647059,0.135294118,-0.050588235,0,9.677419355,-0.052857143,0.065714286,0.06571488,-0.052857621,0.244871213,1.000009037,
Alejandro Nunez HOU,L,0.012631579,0,-0.215789474,0.131578947,0.016842105,0,9.719626168,-0.052564103,0.065384615,0.065266022,-0.052468763,0.244421867,0.99818622,
Karell Paz NA,L,0.011052632,0,-0.215789474,0.131578947,-0.050526316,0,9.670781893,-0.052564103,0.065384615,0.065278866,-0.052479089,0.244464977,0.998382662,
Derik Alcantara CHN,L,0.009473684,0,-0.215789474,0.131578947,0.016842105,0,9.649122807,-0.052564103,0.065384615,0.063303451,-0.05089101,0.236928731,0.968170429,
Theodore Gillen TBA,L,0.014210526,0,-0.215789474,0.131578947,0.016842105,0,9.711538462,-0.052564103,0.065384615,0.071603222,-0.057563375,0.267988285,1.095108106,
Thomas Sacco HOU,B,0.008759124,0,-0.212408759,0.131386861,0.016642336,0,9.682337992,-0.052545101,0.065545951,0.065315814,-0.052360611,0.243849807,0.996488919,
Milkar Perez NA,B,0.007058824,0,-0.217647059,0.135294118,-0.084705882,0,9.679715302,-0.052857143,0.065714286,0.065741743,-0.052879228,0.244810245,1.000417825,
Carter Dorighi SEA,L,0.01,0,-0.215789474,0.131578947,0.016842105,0,9.646017699,-0.052564103,0.065384615,0.065835204,-0.05292634,0.246299722,1.006891355,
Torin Montgomery NA,R,0.008823529,0,-0.217647059,0.135294118,-0.084705882,0,9.676258993,-0.052857143,0.065714286,0.065562617,-0.052735148,0.243982585,0.997691998,
Ian Lewis MIA,B,0.021764706,0,-0.217647059,0.135294118,0.017058824,0,9.736842105,-0.052857143,0.065714286,0.073410753,-0.05904778,0.273169392,1.117120157,
Carlos Franco OAK,R,0.007647059,0,-0.217647059,0.135294118,0.084705882,0,9.444444444,-0.052857143,0.065714286,0.065562519,-0.052735069,0.243935328,0.997690503,
Michael Messina COL,R,0.010588235,0,-0.217647059,0.135294118,-0.118235294,0,9.670658683,-0.052857143,0.065714286,0.072311712,-0.058163768,0.268953194,1.100395614,
Dominic Pitelli CIN,L,0.01483871,0,-0.212903226,0.129032258,0.016451613,0,9.702380952,-0.053149346,0.065228743,0.065243527,-0.053161392,0.244468395,1.000226645,
Adam Retzbach BAL,R,0.007647059,0,-0.217647059,0.135294118,-0.084705882,0,9.678571429,-0.052857143,0.065714286,0.065217907,-0.052457881,0.242550924,0.992446405,
Nicholas Goodwin TOR,R,0.009411765,0,-0.217647059,0.135294118,0.017058824,0,9.693877551,-0.052857143,0.065714286,0.071778965,-0.057735254,0.26691601,1.092288594,
Peyton Graham DET,R,0.012352941,0,-0.217647059,0.135294118,0.050588235,0,9.705882353,-0.052857143,0.065714286,0.071551193,-0.057552046,0.26602329,1.088822497,
Trevor Boone NA,R,0.008888889,0,-0.211111111,0.12962963,0.016296296,0,9.681528662,-0.0529561,0.065033807,0.065057211,-0.052975158,0.244349904,1.000359876,
Omar De Los Santos NA,R,0.031176471,0,-0.217647059,0.135294118,-0.050588235,0,9.664804469,-0.052857143,0.065714286,0.065907346,-0.05301243,0.24496256,1.00293787,
Jorge Ruiz LAA,L,0.01,0,-0.215789474,0.131578947,-0.050526316,0,9.673469388,-0.052564103,0.065384615,0.064573631,-0.051912135,0.2411405,0.987596706,
Kekai Rios NA,R,0.010588235,0,-0.217647059,0.135294118,0.084705882,0,9.565217391,-0.052857143,0.065714286,0.065908401,-0.053013279,0.24485315,1.002953935,
Nelson Medina NA,R,0.011764706,0,-0.217647059,0.135294118,0.017058824,0,9.680851064,-0.052857143,0.065714286,0.066082704,-0.05315348,0.245478571,1.00560637,
Zachary Arnold PHI,R,0.009411765,0,-0.217647059,0.135294118,0.017058824,0,9.693877551,-0.052857143,0.064285714,0.064399903,-0.052951031,0.244495519,1.001776266,
Antonio Gomez NYA,R,0.008823529,0,-0.217647059,0.135294118,0.084705882,0,9.5,-0.052857143,0.064285714,0.064622737,-0.05313425,0.245336486,1.00524257,
Joseph Vetrano LAN,L,0.011052632,0,-0.215789474,0.131578947,-0.084210526,0,9.676375405,-0.052564103,0.065384615,0.073732564,-0.059275199,0.27519656,1.127674511,
Jeremy Rivas SLN,R,0.013176471,0,-0.215294118,0.131764706,0.049882353,0,9.666666667,-0.053183897,0.064808792,0.064856849,-0.053223333,0.244134896,1.000741517,
Misael Urbina NA,R,0.008823529,0,-0.217647059,0.135294118,-0.050588235,0,9.678899083,-0.052857143,0.064285714,0.064164764,-0.052757694,0.243492017,0.998118544,
Tyler Wilson NYA,B,0.011176471,0,-0.217647059,0.135294118,-0.050588235,0,9.672897196,-0.052857143,0.064285714,0.063910647,-0.052548754,0.242487929,0.994165614,
Juan Matheus MIA,B,0.015294118,0,-0.217647059,0.135294118,0.017058824,0,9.659090909,-0.052857143,0.064285714,0.06511126,-0.053535925,0.247010851,1.012841823,
Yasmil Bucce BAL,L,0.006842105,0,-0.221052632,0.131578947,0.084210526,0,10,-0.053846154,0.065384615,0.065253239,-0.053737961,0.243377998,0.997990708,
Axiel Plaz PIT,R,0.007647059,0,-0.217647059,0.135294118,-0.084705882,0,9.678571429,-0.052857143,0.064285714,0.066202394,-0.05443308,0.251097738,1.029815025,
Terone Harris NA,R,0.003666667,0,-0.22,0.133333333,-0.118333333,0,9.679487179,-0.053487166,0.064832928,0.064921982,-0.053560635,0.244161918,1.001373589,
Dyan Jorge COL,R,0.014705882,0,-0.217647059,0.135294118,0.050588235,0,9.666666667,-0.052857143,0.064285714,0.064238174,-0.052818054,0.243619707,0.999260488,
Isaiah Drake ATL,L,0.016315789,0,-0.221052632,0.131578947,0.016842105,0,9.63963964,-0.053846154,0.064102564,0.064232927,-0.053955659,0.244192599,1.002033669,
Michael Peabody NA,L,0.009473684,0,-0.221052632,0.131578947,-0.050526316,0,9.6875,-0.053846154,0.064102564,0.064185576,-0.053915884,0.24400858,1.00129499,
William Simoneit TOR,R,0.009411765,0,-0.217647059,0.135294118,-0.118235294,0,9.672619048,-0.052857143,0.064285714,0.065081902,-0.053511786,0.246647393,1.012385146,
Hudson Potts NA,R,0.01,0,-0.217647059,0.135294118,-0.084705882,0,9.673913043,-0.052857143,0.064285714,0.064492037,-0.053026786,0.244403898,1.003209472,
Arturo De Freitas NA,R,0.01,0,-0.217647059,0.135294118,0.084705882,0,9.545454545,-0.052857143,0.064285714,0.064406676,-0.0529566,0.244063372,1.00188162,
Jakob Gelof LAN,R,0.011764706,0,-0.217647059,0.135294118,0.017058824,0,9.680851064,-0.052857143,0.064285714,0.070394374,-0.057879819,0.266729132,1.095023594,
Errol Robinson BAL,R,0.014117647,0,-0.217647059,0.135294118,0.050588235,0,9.677419355,-0.052857143,0.064285714,0.064097824,-0.052702656,0.242827201,0.997077269,
Kenni Gomez HOU,L,0.013684211,0,-0.221052632,0.131578947,0.016842105,0,9.655172414,-0.053846154,0.064102564,0.063169567,-0.053062436,0.239941134,0.985445239,
Jesus Chirinos NA,R,0.008823529,0,-0.223529412,0.135294118,-0.118235294,0,9.682997118,-0.054285714,0.064285714,0.06417585,-0.05419294,0.24304293,0.998291006,
Cade Fergus PHI,R,0.013809524,0,-0.219047619,0.133333333,0.016666667,0,9.666666667,-0.053377055,0.064980762,0.064116039,-0.052666747,0.240210321,0.986692631,
Blake Mitchell KCA,L,0.011052632,0,-0.221052632,0.131578947,0.084210526,0,10,-0.053846154,0.064102564,0.067567874,-0.056757014,0.25660746,1.05405883,
Matthew Suggs WAS,R,0.008823529,0,-0.223529412,0.135294118,0.084705882,0,10,-0.054285714,0.064285714,0.063441622,-0.053572925,0.240246515,0.986869678,
Joe Hudson NA,R,-0.002352941,0,-0.223529412,0.135294118,0.084705882,0,10,-0.054285714,0.064285714,0.064453925,-0.054427759,0.244041896,1.00261661,
Gleider Figuereo TEX,L,0.006842105,0,-0.221052632,0.131578947,-0.117894737,0,9.694656489,-0.053846154,0.064102564,0.063015209,-0.052932775,0.23926537,0.983037256,
Angel Mateo TBA,R,0.011176471,0,-0.223529412,0.135294118,-0.050588235,0,9.6875,-0.054285714,0.064285714,0.063149602,-0.05332633,0.238930447,0.982327136,
Modeifi Marte ARI,R,0.009411765,0,-0.223529412,0.135294118,-0.084705882,0,9.68641115,-0.054285714,0.064285714,0.063720984,-0.053808831,0.241032835,0.991215307,
Jakob Christian SFN,R,0.01,0,-0.223529412,0.135294118,-0.084705882,0,9.685314685,-0.054285714,0.064285714,0.065517427,-0.055325827,0.247814864,1.01915998,
Carlos Aguiar NA,L,0.008947368,0,-0.221052632,0.131578947,-0.050526316,0,9.688715953,-0.053846154,0.064102564,0.064132807,-0.053871558,0.243203688,1.000471794,
Connor Kaiser KCA,R,0.005853659,-0.004878049,-0.219512195,0.134146341,0.016829268,0,9.685314685,-0.053608353,0.064330023,0.064427121,-0.053689268,0.243452907,1.001509371,
Eric Brown MIL,R,0.014285714,0,-0.218571429,0.131428571,0.016714286,0,9.679802956,-0.053911545,0.064130073,0.064917541,-0.054573537,0.246043578,1.012279233,
Tanner Murphy NA,R,0.011764706,0,-0.223529412,0.135294118,-0.050588235,0,9.686098655,-0.054285714,0.064285714,0.064537052,-0.054497955,0.243990213,1.003909698,
Seby Zavala LAN,R,-0.000553191,-0.021276596,-0.214468085,0.129148936,0.083361702,0.053319151,9.68597418,-0.05393317,0.06415265,0.064765741,-0.054448596,0.245350559,1.009556755,
David Fletcher NA,R,0.007755102,-0.016326531,-0.214285714,0.130612245,0.016734694,0,9.685863874,-0.053738199,0.063974046,0.06381741,-0.053606624,0.242366126,0.997551566,
Jheremy Vargas MIL,R,0.013529412,0,-0.223529412,0.135294118,0.017058824,0,9.702970297,-0.054285714,0.064285714,0.06417616,-0.054193202,0.242503026,0.998295821,
John Freethy TOR,B,0.009411765,0,-0.223529412,0.135294118,-0.050588235,0,9.691629956,-0.054285714,0.064285714,0.062565611,-0.052833183,0.236377328,0.97324284,
Tommy Hopfe COL,B,0.011764706,0,-0.223529412,0.135294118,0.017058824,0,9.711538462,-0.054285714,0.064285714,0.061790845,-0.052178936,0.233386767,0.961190919,
Alexander Mooney CLE,R,0.018823529,0,-0.223529412,0.135294118,0.017058824,0,9.673913043,-0.054285714,0.064285714,0.063264473,-0.053423333,0.238900568,0.984114023,
Arjun Nimmala TOR,R,0.010588235,0,-0.223529412,0.135294118,0.050588235,0,9.583333333,-0.054285714,0.064285714,0.06494866,-0.054845535,0.24519678,1.010312492,
Karson Simas CHN,R,0.015294118,0,-0.223529412,0.135294118,0.050588235,0,9.743589744,-0.054285714,0.064285714,0.065507245,-0.055317229,0.247295383,1.019001595,
Justin Boyd NA,R,0.009411765,0,-0.223529412,0.135294118,-0.050588235,0,9.691629956,-0.054285714,0.064285714,0.064442086,-0.054417762,0.243216176,1.002432452,
Casey Opitz CHN,B,0.008823529,0,-0.223529412,0.135294118,0.084705882,0,10,-0.054285714,0.064285714,0.064653297,-0.054596118,0.243966057,1.00571796,
Adam Hall NA,R,0.02,0,-0.223529412,0.135294118,-0.050588235,0,9.66507177,-0.054285714,0.064285714,0.064696312,-0.054632441,0.244096166,1.006387075,
Jack Costello SDN,R,0.009411765,0,-0.223529412,0.135294118,-0.084705882,0,9.68641115,-0.054285714,0.064285714,0.065938045,-0.055681015,0.248757574,1.025702916,
Elijah Snell CHN,L,0.014736842,0,-0.221052632,0.131578947,-0.050526316,0,9.674796748,-0.053846154,0.064102564,0.062329045,-0.052356398,0.235777166,0.972333108,
Raudelis Martinez BOS,L,0.007368421,0,-0.221052632,0.131578947,-0.084210526,0,9.693251534,-0.053846154,0.064102564,0.062550608,-0.052542511,0.236487461,0.975789486,
Fabian Pertuz NA,R,0.00952381,0,-0.223809524,0.133333333,0.05047619,0,9.696969697,-0.054537426,0.063820392,0.064063711,-0.054745353,0.243248879,1.003812562,
Ryan McCrystal CIN,L,0.006842105,0,-0.226315789,0.131578947,0.084210526,0,10,-0.055128205,0.064102564,0.065892381,-0.056667447,0.248939886,1.027921141,
Matthew Ellis SEA,L,0.007368421,0,-0.226315789,0.131578947,0.084210526,0,10,-0.055128205,0.062820513,0.064354781,-0.056474604,0.248076335,1.024423052,
Bryan Gonzalez NA,R,0.012352941,0,-0.223529412,0.135294118,-0.118235294,0,9.677419355,-0.054285714,0.062857143,0.062965845,-0.054379594,0.242550733,1.001729358,
Anderdson Rojas ARI,L,0.011578947,0,-0.226315789,0.131578947,0.050526316,0,9.6875,-0.055128205,0.062820513,0.069120247,-0.060656543,0.266395751,1.100281481,
Sean McLain LAN,R,0.01,0,-0.223529412,0.135294118,0.050588235,0,9.591836735,-0.054285714,0.062857143,0.06225013,-0.053761476,0.239712519,0.990342983,
David Mershon LAA,B,0.015769231,0,-0.223076923,0.130769231,0.050384615,0,9.714285714,-0.054711113,0.063200769,0.062724766,-0.054299051,0.240214073,0.992468395,
Kyle Hess MIN,L,0.008947368,0,-0.226315789,0.131578947,-0.050526316,0,9.700374532,-0.055128205,0.062820513,0.062694048,-0.055017226,0.241521808,0.997986885,
Dakota Jordan SFN,R,0.012352941,0,-0.223529412,0.135294118,-0.050588235,0,9.684684685,-0.054285714,0.062857143,0.065774251,-0.056805035,0.253156572,1.046408541,
Brayden Jobert NA,L,0.009473684,0,-0.226315789,0.131578947,-0.084210526,0,9.66966967,-0.055128205,0.062820513,0.062472239,-0.054822577,0.240520136,0.994456055,
Nick Dalesandro NA,R,0.014705882,0,-0.223529412,0.135294118,-0.050588235,0,9.678899083,-0.054285714,0.062857143,0.06322335,-0.054601984,0.243225833,1.00582603,
Herard Gonzalez NA,B,0.010588235,0,-0.223529412,0.135294118,0.017058824,0,9.716981132,-0.054285714,0.062857143,0.062882233,-0.054307383,0.241859501,1.000399155,
Tyler Duvall NA,L,0.01,0,-0.226315789,0.131578947,0.084210526,0,10,-0.055128205,0.062820513,0.06314261,-0.055410862,0.242947299,1.005127257,
Tucker Mitchell TEX,R,0.008823529,0,-0.229411765,0.135294118,0.084705882,0,10,-0.055714286,0.062857143,0.064605586,-0.057264042,0.248395409,1.027816136,
Cristian Hernandez MIA,R,0.021764706,0,-0.229411765,0.135294118,0.050588235,0,9.736842105,-0.055714286,0.062857143,0.065493061,-0.058050667,0.251700251,1.041935054,
Victor Rodrigues LAN,R,0.008823529,0,-0.229411765,0.135294118,0.084705882,0,10,-0.055714286,0.062857143,0.064798496,-0.057435031,0.248956707,1.030885171,
Wade Stauss NA,L,0.008421053,0,-0.226315789,0.131578947,0.084210526,0,10,-0.055128205,0.062820513,0.063253666,-0.055508319,0.243161137,1.006895091,
Wady Mendez TEX,L,0.012105263,0,-0.226315789,0.131578947,-0.117894737,0,9.694656489,-0.055128205,0.062820513,0.061750412,-0.054189137,0.237352807,0.982965747,
Arturo Disla TEX,R,0.008235294,0,-0.229411765,0.135294118,-0.084705882,0,9.698996656,-0.055714286,0.062857143,0.065061941,-0.057668539,0.249916077,1.03507634,
Jancel Villarroel SFN,R,0.011176471,0,-0.229411765,0.135294118,0.084705882,0,10,-0.055714286,0.062857143,0.06310846,-0.055937044,0.242407341,1.003998231,
Hak-Ju Lee NA,L,-0.002105263,0,-0.226315789,0.131578947,0.050526316,0,9.67032967,-0.055128205,0.062820513,0.063023773,-0.055306576,0.242165015,1.003235571,
Tyresse Turner CLE,B,0.019411765,0,-0.229411765,0.135294118,0.017058824,0,9.702970297,-0.055714286,0.062857143,0.063043908,-0.055879828,0.242087174,1.002971264,
Caleb Ketchup LAA,R,0.021764706,0,-0.229411765,0.135294118,-0.050588235,0,9.675925926,-0.055714286,0.062857143,0.063041811,-0.055877969,0.242035997,1.00293791,
Johnathon Thomas WAS,R,0.024117647,0,-0.229411765,0.135294118,0.017058824,0,9.677419355,-0.055714286,0.062857143,0.064722212,-0.057367415,0.248460777,1.02967156,
Yerlin Confidan CIN,L,0.008947368,0,-0.226315789,0.131578947,-0.050526316,0,9.700374532,-0.055128205,0.062820513,0.062980947,-0.055268994,0.241744808,1.002553853,
Derlin Figueroa KCA,L,0.010526316,0,-0.226315789,0.131578947,0.016842105,0,9.696969697,-0.055128205,0.062820513,0.063654534,-0.055860101,0.244167151,1.013276248,
Bennett Hostetler MIA,R,0.013529412,0,-0.229411765,0.135294118,0.084705882,0,10,-0.055714286,0.062857143,0.063159007,-0.055981847,0.242117182,1.004802382,
Leandro Emiliani NA,L,0.008947368,0,-0.226315789,0.131578947,-0.084210526,0,9.670658683,-0.055128205,0.062820513,0.062650199,-0.054978746,0.240161125,0.997288883,
Brian Sanchez PIT,L,0.012631579,0,-0.226315789,0.131578947,-0.050526316,0,9.692307692,-0.055128205,0.062820513,0.061242382,-0.053743315,0.234762498,0.974878735,
Roynier Hernandez COL,L,0.008421053,0,-0.226315789,0.131578947,0.016842105,0,9.705882353,-0.055128205,0.062820513,0.06540394,-0.057395294,0.25067141,1.041123936,
Matt O'Neill ARI,R,0.008823529,0,-0.229411765,0.135294118,0.084705882,0,10,-0.055714286,0.062857143,0.063157056,-0.055980118,0.241888655,1.004771351,
Thomas Francisco NA,L,0.008947368,0,-0.231578947,0.131578947,-0.084210526,0,9.680232558,-0.056410256,0.062820513,0.063122901,-0.056681789,0.241884741,1.004813527,
Anthony Donofrio SEA,L,0.008947368,0,-0.231578947,0.131578947,-0.050526316,0,9.676258993,-0.056410256,0.062820513,0.062061669,-0.055728846,0.237684768,0.987920446,
Peyton Stovall CIN,L,0.010526316,0,-0.231578947,0.131578947,0.016842105,0,9.65034965,-0.056410256,0.061538462,0.060755588,-0.055692622,0.2374197,0.987278307,
Leonel Espinoza CHN,R,0.012941176,0,-0.229411765,0.135294118,0.017058824,0,9.646017699,-0.055714286,0.061428571,0.061183762,-0.05549225,0.239471823,0.996014736,
Griffin Doersching NA,R,0.008823529,0,-0.229411765,0.135294118,-0.084705882,0,9.697986577,-0.055714286,0.061428571,0.061414385,-0.055701419,0.240320488,0.999769062,
Yeison Morrobel TEX,L,0.007894737,0,-0.231578947,0.131578947,-0.050526316,0,9.678571429,-0.056410256,0.061538462,0.062245602,-0.057058469,0.243126031,1.011491034,
Kai Roberts SDN,L,0.015789474,0,-0.231578947,0.131578947,0.016842105,0,9.696969697,-0.056410256,0.061538462,0.066237858,-0.060718037,0.258714062,1.076365195,
Anthony Mulrine NA,R,0.01,0,-0.229411765,0.135294118,0.084705882,0,10,-0.055714286,0.061428571,0.061810531,-0.056060714,0.241843478,1.00621795,
Jose Torres COL,R,0.010588235,0,-0.229411765,0.135294118,0.017058824,0,9.658119658,-0.055714286,0.061428571,0.060591961,-0.0549555,0.23685764,0.986380764,
Adam Engel NA,R,0.001875,-0.05625,-0.23125,0.13125,0.016875,0,9.691629956,-0.056060606,0.062121212,0.06209492,-0.056036879,0.239961395,0.999576757,
Peter Burns LAA,L,0.008421053,0,-0.231578947,0.131578947,0.084210526,0,10,-0.056410256,0.061538462,0.060904465,-0.055829093,0.237588774,0.989697553,
Jaden Rudd NA,L,0.010526316,0,-0.231578947,0.131578947,0.016842105,0,9.65034965,-0.056410256,0.061538462,0.061641662,-0.056504857,0.240463584,1.001677007,
Jack Payton SFN,R,0.008235294,0,-0.229411765,0.135294118,-0.118235294,0,9.69273743,-0.055714286,0.061428571,0.061494374,-0.055773967,0.240316151,1.001071199,
Brock Vradenburg PHI,L,0.01,0,-0.231578947,0.131578947,-0.084210526,0,9.678362573,-0.056410256,0.061538462,0.060460211,-0.05542186,0.23579384,0.982478427,
Chase Jaworsky MIA,L,0.017894737,0,-0.231578947,0.131578947,0.050526316,0,9.677419355,-0.056410256,0.061538462,0.058499051,-0.05362413,0.22814535,0.950609586,
Ivan Brethowr PIT,R,0.014117647,0,-0.229411765,0.135294118,-0.118235294,0,9.683908046,-0.055714286,0.061428571,0.060394562,-0.054776463,0.235938518,0.983167282,
Michael Perez NA,R,0.013529412,0,-0.229411765,0.135294118,0.017058824,0,9.642857143,-0.055714286,0.061428571,0.06140099,-0.05568927,0.239867252,0.999551003,
Pierce Bennett NA,R,0.009411765,0,-0.229411765,0.135294118,-0.050588235,0,9.663865546,-0.055714286,0.061428571,0.061405526,-0.055693384,0.239871976,0.999624841,
Luke Davis PHI,B,0.007647059,0,-0.235294118,0.135294118,-0.084705882,0,9.678456592,-0.057142857,0.061428571,0.060181523,-0.055982812,0.234993592,0.979699212,
Lisbel Diaz SFN,R,0.011764706,0,-0.235294118,0.135294118,-0.050588235,0,9.672131148,-0.057142857,0.061428571,0.063905405,-0.059446889,0.249522965,1.040320552,
Jack Lopez NA,R,0.006040609,-0.008629442,-0.226395939,0.129949239,0.016649746,0,9.683771461,-0.056512605,0.061581,0.061826588,-0.05673798,0.240784447,1.003988054,
Cristian Arguelles COL,L,0.007368421,0,-0.231578947,0.131578947,0.016842105,0,9.66442953,-0.056410256,0.061538462,0.061634524,-0.056498314,0.240187351,1.001561012,
Jordy Barley NA,R,0.017647059,0,-0.235294118,0.135294118,0.017058824,0,9.652173913,-0.057142857,0.061428571,0.061684062,-0.057380523,0.240713014,1.004159147,
Jamari Baylor NA,R,0.011176471,0,-0.235294118,0.135294118,0.017058824,0,9.682539683,-0.057142857,0.061428571,0.061265563,-0.056991221,0.239037995,0.997346375,
Luis Ravelo NA,B,0.007647059,0,-0.235294118,0.135294118,0.017058824,0,9.696969697,-0.057142857,0.061428571,0.061672367,-0.057369643,0.240621193,1.003968761,
Luis Castillo MIL,L,0.007368421,0,-0.231578947,0.131578947,-0.050526316,0,9.679715302,-0.056410256,0.061538462,0.06094455,-0.055865837,0.237341084,0.990348936,
Christopher Lanzilli NA,R,0.01,0,-0.235294118,0.135294118,-0.050588235,0,9.67611336,-0.057142857,0.061428571,0.06129601,-0.057019544,0.23912386,0.997842022,
Jose Cordoba SLN,R,0.012352941,0,-0.235294118,0.135294118,-0.050588235,0,9.670781893,-0.057142857,0.061428571,0.060446832,-0.056229611,0.235791423,0.984018191,
Eric Bitonti MIL,L,0.009473684,0,-0.231578947,0.131578947,-0.084210526,0,9.679300292,-0.056410256,0.061538462,0.063903143,-0.058577881,0.248821426,1.038426077,
Osvaldo Tovalin NA,L,0.008947368,0,-0.231578947,0.131578947,-0.084210526,0,9.680232558,-0.056410256,0.061538462,0.061723777,-0.056580129,0.24029344,1.00301137,
Walking Cabrera NA,R,0.010588235,0,-0.235294118,0.135294118,0.017058824,0,9.68503937,-0.057142857,0.061428571,0.061548698,-0.057254603,0.240002422,1.001955555,
Tyler Reichenborn NA,R,0.010588235,0,-0.235294118,0.135294118,-0.050588235,0,9.674796748,-0.057142857,0.061428571,0.061274445,-0.056999484,0.238911056,0.997490965,
Edward Duran TOR,R,0.008823529,0,-0.235294118,0.135294118,0.084705882,0,10,-0.057142857,0.061428571,0.060609155,-0.056380609,0.236283523,0.986660666,
Trace Willhoite NYN,R,0.01,0,-0.235294118,0.135294118,-0.084705882,0,9.674267101,-0.057142857,0.061428571,0.059870249,-0.055693255,0.233361978,0.97463196,
Luke Brown NA,L,0.010526316,0,-0.231578947,0.131578947,-0.050526316,0,9.672727273,-0.056410256,0.061538462,0.061369187,-0.056255088,0.238774389,0.997249289,
Anthony Gutierrez TEX,R,0.026470588,0,-0.235294118,0.135294118,-0.118235294,0,9.673590504,-0.057142857,0.061428571,0.061214895,-0.056944088,0.23858121,0.996521548,
Caden Rose BOS,R,0.012352941,0,-0.235294118,0.135294118,0.017058824,0,9.677419355,-0.057142857,0.061428571,0.061319225,-0.057041139,0.238880021,0.99821994,
Dameury Pena MIN,R,0.013529412,0,-0.235294118,0.135294118,0.017058824,0,9.672131148,-0.057142857,0.061428571,0.061686861,-0.057383127,0.240303176,1.004204716,
Adam Hackenberg CHA,R,0.006785714,0,-0.232142857,0.132142857,0.083928571,0,9.62962963,-0.056806152,0.061175856,0.060943633,-0.056590516,0.238379663,0.996204001,
Mario Gomez NA,L,0.007894737,0,-0.231578947,0.131578947,0.084210526,0,10,-0.056410256,0.061538462,0.061525773,-0.056398625,0.239238662,0.999793813,
Narbe Cruz HOU,R,0.009411765,0,-0.235294118,0.135294118,0.017058824,0,9.689922481,-0.057142857,0.061428571,0.061702406,-0.057397587,0.240345653,1.004457779,
Yunior Garcia NA,R,0.009411765,0,-0.235294118,0.135294118,-0.050588235,0,9.677419355,-0.057142857,0.061428571,0.061328094,-0.057049389,0.23884768,0.998364314,
Jose Sanabria NA,R,0.01,0,-0.235294118,0.135294118,0.017058824,0,9.6875,-0.057142857,0.061428571,0.061356745,-0.057076041,0.238959264,0.998830726,
Will Banfield CIN,R,0.00422619,-0.003571429,-0.232738095,0.132738095,0.08327381,0.005235294,9.679144385,-0.05703536,0.061046798,0.061329859,-0.057299821,0.240276972,1.004636791,
Torriano McCants CHA,L,0.013157895,0,-0.236842105,0.131578947,-0.050526316,0,9.678571429,-0.057692308,0.061538462,0.059679481,-0.055949513,0.231905287,0.969791564,
Gabriel Moncada NA,L,0.006842105,0,-0.236842105,0.131578947,-0.084210526,0,9.69273743,-0.057692308,0.061538462,0.061636178,-0.057783917,0.239452621,1.001587887,
Jeffrey Wehler NA,R,0.011176471,0,-0.235294118,0.135294118,0.017058824,0,9.682539683,-0.057142857,0.061428571,0.061390109,-0.057107078,0.238908319,0.999373872,
Jeremiah Jenkins SFN,L,0.006842105,0,-0.236842105,0.131578947,-0.084210526,0,9.69273743,-0.057692308,0.061538462,0.061715218,-0.057858017,0.239711549,1.00287229,
Rodney Green Jr. OAK,L,0.01,0,-0.236842105,0.131578947,0.016842105,0,9.675324675,-0.057692308,0.061538462,0.062501426,-0.058595087,0.242748039,1.015648175,
Gionti Turner NA,R,0.012352941,0,-0.235294118,0.135294118,0.017058824,0,9.677419355,-0.057142857,0.061428571,0.061509958,-0.057218566,0.239290617,1.001324901,
Carlos Linarez SLN,R,0.008823529,0,-0.235294118,0.135294118,-0.118235294,0,9.673913043,-0.057142857,0.061428571,0.059566863,-0.055411036,0.231689748,0.969693125,
Israel Pineda NA,R,0.009411765,0,-0.223529412,0.129411765,0.081176471,-0.0005,10,-0.056716418,0.06119403,0.061280618,-0.05679667,0.239260069,1.001414976,
Aramis Garcia ARI,R,-0.002608696,0.002173913,-0.232608696,0.132608696,0.083913043,0.0082,9.722222222,-0.057276855,0.06102394,0.06261218,-0.058767573,0.245138256,1.026026519,
Kehden Hettiger PHI,L,0.006842105,0,-0.236842105,0.131578947,0.084210526,0,9.642857143,-0.057692308,0.06025641,0.067283516,-0.064420388,0.266704699,1.11662005,
Maxwell McDowell NA,R,0.002941176,0,-0.235294118,0.135294118,0.084705882,0,9.545454545,-0.057142857,0.06,0.060373756,-0.057498815,0.240199,1.006229264,
Enmanuel Tejeda NYA,R,0.015294118,0,-0.235294118,0.135294118,0.017058824,0,9.663865546,-0.057142857,0.06,0.060193402,-0.05732705,0.239469419,1.003223372,
Ryan Hadeen DET,B,0.015882353,0,-0.235294118,0.135294118,0.017058824,0,9.661016949,-0.057142857,0.06,0.059524535,-0.056690034,0.23679753,0.992075588,
Spencer Henson NA,R,0.009411765,0,-0.235294118,0.135294118,-0.084705882,0,9.675324675,-0.057142857,0.06,0.059826639,-0.056977752,0.237942509,0.997110652,
Enmanuel Terrero NA,L,0.011578947,0,-0.236842105,0.131578947,-0.050526316,0,9.681978799,-0.057692308,0.06025641,0.060262147,-0.0576978,0.238555708,1.000095199,
Johnfrank Salazar SLN,R,0.011764706,0,-0.235294118,0.135294118,-0.084705882,0,9.671052632,-0.057142857,0.06,0.060398422,-0.057522307,0.240042455,1.006640366,
Quinn McDaniel SFN,R,0.012941176,0,-0.235294118,0.135294118,0.017058824,0,9.674796748,-0.057142857,0.06,0.06001159,-0.057153895,0.238451051,1.000193163,
Wilfredo Lara MIA,R,0.013529412,0,-0.235294118,0.135294118,0.050588235,0,9.682539683,-0.057142857,0.06,0.059819554,-0.056971004,0.237655113,0.99699257,
Jose Escobar CHN,L,0.008421053,0,-0.236842105,0.131578947,-0.050526316,0,9.688581315,-0.057692308,0.06025641,0.061682833,-0.059058032,0.243901246,1.023672552,
Luis Durango NYA,L,0.020526316,0,-0.236842105,0.131578947,-0.050526316,0,9.698113208,-0.057692308,0.06025641,0.060704092,-0.058120939,0.239886116,1.007429608,
Brian Kalmer CHN,R,0.007647059,0,-0.241176471,0.135294118,-0.084705882,0,9.68847352,-0.058571429,0.06,0.059287718,-0.057876106,0.235274417,0.988128639,
Bennett Thompson CLE,R,0.009411765,0,-0.241176471,0.135294118,0.084705882,0,9.523809524,-0.058571429,0.06,0.064194586,-0.062666143,0.254697368,1.06990976,
Jhon Diaz TBA,L,0.011052632,0,-0.236842105,0.131578947,-0.050526316,0,9.683098592,-0.057692308,0.06025641,0.066805292,-0.063962514,0.263923232,1.108683568,
Adrian Santana TBA,B,0.025882353,0,-0.241176471,0.135294118,0.050588235,0,9.615384615,-0.058571429,0.06,0.06014281,-0.058710839,0.238520372,1.002380174,
Sahid Valenzuela NA,B,0.006296296,0,-0.237037037,0.133333333,0.016666667,0,9.688888889,-0.058042595,0.059856426,0.059890882,-0.058076007,0.238017936,1.000575649,
Shawn Ross PIT,R,0.008235294,0,-0.241176471,0.135294118,0.084705882,0,9.565217391,-0.058571429,0.06,0.06219201,-0.060711248,0.246534311,1.036533503,
Ildefonso Ruiz MIN,R,0.007647059,0,-0.241176471,0.135294118,0.084705882,0,9.583333333,-0.058571429,0.06,0.060335909,-0.05889934,0.239090089,1.00559848,
Beau Brewer NA,R,0.01,0,-0.241176471,0.135294118,0.017058824,0,9.710144928,-0.058571429,0.06,0.06037882,-0.058941229,0.23916453,1.006313661,
Cole Fontenelle LAA,B,0.013529412,0,-0.241176471,0.135294118,0.017058824,0,9.696969697,-0.058571429,0.06,0.06036399,-0.058926752,0.239096733,1.006066496,
Rafe Perich TEX,B,0.008235294,0,-0.241176471,0.135294118,-0.118235294,0,9.683377309,-0.058571429,0.06,0.05907069,-0.057664245,0.233941593,0.984511506,
Anderson De Los Santos BAL,R,0.011764706,0,-0.241176471,0.135294118,0.017058824,0,9.703703704,-0.058571429,0.06,0.068829956,-0.067191147,0.272502384,1.147165931,
Eric Rodriguez LAA,R,0.013529412,0,-0.241176471,0.135294118,-0.050588235,0,9.6812749,-0.058571429,0.06,0.07285941,-0.071124662,0.288449191,1.214323505,
Brandon Compton MIA,L,0.011578947,0,-0.242105263,0.131578947,-0.050526316,0,9.692832765,-0.058974359,0.06025641,0.062795437,-0.061459364,0.247535685,1.042137041,
Boston Baro NYN,L,0.012631579,0,-0.242105263,0.131578947,0.050526316,0,9.677419355,-0.058974359,0.06025641,0.06044748,-0.059161363,0.238278179,1.003170946,
Owen Carey ATL,L,0.009473684,0,-0.242105263,0.131578947,-0.050526316,0,9.696969697,-0.058974359,0.06025641,0.063794457,-0.062437128,0.251398591,1.058716524,
Lance DeBarge MIN,R,0.025882353,0,-0.241176471,0.135294118,0.017058824,0,9.63963964,-0.058571429,0.06,0.063332458,-0.061824542,0.250559037,1.055540967,
Brian Serven OAK,R,0.000989011,-0.015384615,-0.232967033,0.129120879,0.083461538,0.004055556,9.688581315,-0.0585264,0.059630672,0.061030114,-0.059899927,0.242911036,1.023468495,
Werner Blakely NA,L,0.011052632,0,-0.242105263,0.131578947,0.016842105,0,9.691358025,-0.058974359,0.058974359,0.059020424,-0.059020424,0.237515378,1.000781098,
Philip Verdung ATL,R,0.009411765,0,-0.241176471,0.135294118,-0.084705882,0,9.685534591,-0.058571429,0.06,0.060402592,-0.058964435,0.238870103,1.006709864,
Robert Brooks TOR,R,0.008823529,0,-0.241176471,0.135294118,0.084705882,0,9.545454545,-0.058571429,0.06,0.06023072,-0.058796655,0.238186398,1.003845335,
Ronny Hernandez BOS,L,0.006315789,0,-0.242105263,0.131578947,0.084210526,0,9.743589744,-0.058974359,0.058974359,0.059185345,-0.059185345,0.238116849,1.003577596,
Bryce Madron NA,L,0.008947368,0,-0.242105263,0.131578947,-0.050526316,0,9.697986577,-0.058974359,0.058974359,0.058869053,-0.058869053,0.236835343,0.998214369,
Aeverson Arteaga SFN,R,0.007142857,0,-0.238095238,0.133333333,0.05047619,0,9.705882353,-0.058050387,0.059211394,0.059856441,-0.058682785,0.239826504,1.010893956,
Andrew Velazquez TEX,R,0.0216,-0.037333333,-0.237333333,0.130666667,0.049733333,0,9.680284192,-0.058793677,0.05945428,0.059704026,-0.059040648,0.238138146,1.004200631,
Aaron Parker TOR,R,0.008823529,0,-0.241176471,0.135294118,0.084705882,0,9.545454545,-0.058571429,0.06,0.069365365,-0.067713809,0.274113426,1.156089421,
Brandon Winokur MIN,R,0.013529412,0,-0.241176471,0.135294118,0.017058824,0,9.696969697,-0.058571429,0.06,0.058148422,-0.056763936,0.229780273,0.969140364,
Ching-Hsien Ko LAN,L,0.007894737,0,-0.242105263,0.131578947,-0.050526316,0,9.667774086,-0.058974359,0.058974359,0.060541985,-0.060541985,0.243286465,1.026581479,
Jose Acosta NA,B,0.012941176,0,-0.241176471,0.135294118,0.017058824,0,9.69924812,-0.058571429,0.058571429,0.058476688,-0.058476688,0.236583699,0.998382471,
Joo-Hyung Kim NA,R,0.010588235,0,-0.241176471,0.135294118,0.017058824,0,9.708029197,-0.058571429,0.058571429,0.058387681,-0.058387681,0.236170765,0.996862849,
Kevin Bruggeman LAA,R,0.010588235,0,-0.241176471,0.135294118,-0.084705882,0,9.683544304,-0.058571429,0.058571429,0.057424098,-0.057424098,0.232215351,0.980411437,
Luke Gold NA,R,0.007647059,0,-0.241176471,0.135294118,-0.084705882,0,9.68847352,-0.058571429,0.058571429,0.058209144,-0.058209144,0.23536612,0.993814661,
Emil Morales LAN,R,0.009411765,0,-0.241176471,0.135294118,0.050588235,0,9.62962963,-0.058571429,0.058571429,0.059642083,-0.059642083,0.241066462,1.018279464,
Alex Hall NA,B,0.01,0,-0.241176471,0.135294118,-0.050588235,0,9.688715953,-0.058571429,0.058571429,0.05879917,-0.05879917,0.237633404,1.00388827,
Ryan Johnson HOU,R,0.01,0,-0.241176471,0.135294118,0.050588235,0,9.625,-0.058571429,0.058571429,0.058509018,-0.058509018,0.23635788,0.998934449,
Cole Urman NA,R,0.008235294,0,-0.241176471,0.135294118,-0.084705882,0,9.6875,-0.058571429,0.058571429,0.058891073,-0.058891073,0.237892215,1.005457352,
Jared Dupere NA,L,0.009473684,0,-0.242105263,0.131578947,0.016842105,0,9.696969697,-0.058974359,0.058974359,0.058767185,-0.058767185,0.235750899,0.996487049,
Robert Calaz COL,R,0.008823529,0,-0.241176471,0.135294118,-0.050588235,0,9.691119691,-0.058571429,0.058571429,0.058787727,-0.058787727,0.237379394,1.003692904,
Dylan Neuse NA,R,0.011176471,0,-0.241176471,0.135294118,0.017058824,0,9.705882353,-0.058571429,0.058571429,0.058623459,-0.058623459,0.236705086,1.000888332,
Dalvy Rosario NA,R,0.011904762,0,-0.242857143,0.133333333,-0.05047619,0,9.68847352,-0.059178909,0.059178909,0.059553441,-0.059553441,0.237970599,1.00632881,
Rodolfo Nolasco NA,R,0.01,0,-0.247058824,0.135294118,-0.050588235,0,9.700374532,-0.06,0.058571429,0.058579839,-0.060008615,0.236365935,1.00014359,
Walter Ahuna SFN,L,0.01,0,-0.242105263,0.131578947,0.050526316,0,9.693877551,-0.058974359,0.058974359,0.066493284,-0.066493284,0.26632555,1.127494814,
Martin Maldonado NA,R,-0.015700935,-0.037383178,-0.226168224,0.124299065,0.083551402,-0.048818182,9.680059524,-0.059341992,0.058606347,0.058241225,-0.058972286,0.234725473,0.993769917,
Connor Pavolony BAL,R,0.008823529,0,-0.247058824,0.135294118,0.084705882,0,9.6875,-0.06,0.058571429,#N/A,#N/A,#N/A,#N/A,
Danny De Andrade MIN,R,0.011176471,0,-0.247058824,0.135294118,0.017058824,0,9.659863946,-0.06,0.058571429,0.057606605,-0.059011644,0.232259995,0.983527398,
Corey Collins NYN,L,0.008421053,0,-0.242105263,0.131578947,-0.084210526,0,9.672131148,-0.058974359,0.058974359,0.060363925,-0.060363925,0.241710121,1.023562207,
Anthony Hall NA,L,0.009473684,0,-0.242105263,0.131578947,-0.050526316,0,9.696969697,-0.058974359,0.058974359,0.058958987,-0.058958987,0.23604346,0.999739353,
Cortland Lawson WAS,R,0.005686275,0,-0.241176471,0.131372549,0.050196078,0,9.683098592,-0.059339874,0.058374998,0.058757821,-0.059729025,0.237607074,1.006557996,
Juan Baez MIL,R,0.008823529,0,-0.247058824,0.135294118,0.017058824,0,9.668874172,-0.06,0.058571429,0.058496385,-0.059923126,0.235670662,0.99871876,
Treylen White WAS,B,0.008235294,0,-0.247058824,0.135294118,-0.118235294,0,9.69151671,-0.06,0.058571429,0.06030487,-0.06177572,0.242946405,1.029595339,
Ely Brown CHA,L,0.012105263,0,-0.247368421,0.131578947,-0.050526316,0,9.669966997,-0.06025641,0.058974359,0.063288192,-0.064664022,0.253215615,1.0731476,
Ronald Hernandez NYN,B,0.012352941,0,-0.247058824,0.135294118,0.084705882,0,9.615384615,-0.06,0.058571429,0.059307332,-0.060753852,0.238822381,1.012564206,
Omar Hernandez KCA,R,0.012941176,0,-0.247058824,0.135294118,0.084705882,0,9.6,-0.06,0.058571429,0.058565732,-0.059994164,0.235819061,0.999902736,
Johanfran Garcia BOS,R,0.008235294,0,-0.247058824,0.135294118,0.084705882,0,9.696969697,-0.06,0.058571429,0.059072186,-0.060512971,0.237746387,1.00854952,
Abrahan Ramirez MIA,L,0.008947368,0,-0.247368421,0.131578947,-0.117894737,0,9.682539683,-0.06025641,0.057692308,0.05778053,-0.060348553,0.236037393,1.001529182,
John Taylor TEX,L,0.009473684,0,-0.247368421,0.131578947,0.016842105,0,9.659090909,-0.06025641,0.057692308,0.069647434,-0.072742875,0.284232012,1.207222181,
Jalen Battles TBA,R,0.010588235,0,-0.247058824,0.135294118,0.017058824,0,9.662162162,-0.06,0.058571429,0.058821052,-0.060255712,0.23638818,1.004261869,
Christopher Pittaro OAK,L,0.007368421,0,-0.247368421,0.131578947,-0.084210526,0,9.682539683,-0.06025641,0.057692308,0.057471543,-0.060025834,0.234461368,0.996173418,
Elliot Soto NA,R,0.001875,0,-0.25,0.13125,0.050625,0,9.724770642,-0.060606061,0.057575758,0.057813364,-0.060856172,0.236285104,1.004126843,
Carter Young BAL,L,0.008947368,0,-0.247368421,0.131578947,0.050526316,0,9.63963964,-0.06025641,0.057692308,0.058372587,-0.060966924,0.237929854,1.011791501,
Grant Koch NA,R,0.006097561,0,-0.243902439,0.131707317,0.083658537,-0.001,9.696969697,-0.060134907,0.05772951,0.057840849,-0.060250885,0.235605521,1.001928629,
Samuel Shaw TOR,L,0.008421053,0,-0.247368421,0.131578947,0.016842105,0,9.662921348,-0.06025641,0.057692308,0.05789557,-0.060468707,0.235961425,1.003523219,
Tyler Rodriguez MIL,R,0.012941176,0,-0.247058824,0.135294118,-0.050588235,0,9.694656489,-0.06,0.057142857,0.057403703,-0.060273888,0.236124965,1.004564798,
Ryan Cermak TBA,R,0.014117647,0,-0.247058824,0.135294118,-0.050588235,0,9.692307692,-0.06,0.057142857,0.056980091,-0.059829096,0.2343396,0.997151598,
Peyton Powell NA,L,0.007368421,0,-0.247368421,0.131578947,-0.084210526,0,9.682539683,-0.06025641,0.057692308,0.057620437,-0.060181345,0.234684276,0.998754244,
Luiyin Alastre MIL,B,0.010588235,0,-0.247058824,0.135294118,-0.050588235,0,9.69924812,-0.06,0.057142857,0.056579936,-0.059408933,0.232643401,0.990148882,
Cristopher Navarro NA,R,0.01,0,-0.247058824,0.135294118,0.017058824,0,9.66442953,-0.06,0.057142857,0.057230201,-0.060091711,0.23531313,1.001528512,
Damian Bravo SFN,R,0.01,0,-0.247058824,0.135294118,-0.050588235,0,9.700374532,-0.06,0.057142857,0.057565794,-0.060444084,0.236683922,1.0074014,
Bryce Arnold NA,R,0.009411765,0,-0.247058824,0.135294118,-0.050588235,0,9.665427509,-0.06,0.057142857,0.057048187,-0.059900597,0.234549771,0.998343276,
Justin Lavey NA,R,0.011764706,0,-0.247058824,0.135294118,0.017058824,0,9.657534247,-0.06,0.057142857,0.057413803,-0.060284493,0.236006756,1.004741546,
Michel Triana NA,L,0.009473684,0,-0.247368421,0.131578947,-0.084210526,0,9.679144385,-0.06025641,0.057692308,#N/A,#N/A,#N/A,#N/A,
Tanner O'Tremba NA,R,0.011176471,0,-0.247058824,0.135294118,-0.050588235,0,9.698113208,-0.06,0.057142857,0.057158044,-0.060015947,0.234863405,1.000265778,
George Wolkow CHA,L,0.011578947,0,-0.247368421,0.131578947,-0.050526316,0,9.671052632,-0.06025641,0.057692308,0.059223639,-0.061855801,0.241027182,1.026543078,
Jose Mena NA,R,0.01,0,-0.247058824,0.135294118,0.084705882,0,9.666666667,-0.06,0.057142857,0.05737522,-0.060243981,0.235655377,1.004066353,
Cesar Hernandez HOU,L,0.015263158,0,-0.247368421,0.131578947,-0.050526316,0,9.695945946,-0.06025641,0.057692308,0.061096774,-0.063812186,0.248502167,1.059010748,
Brendan Durfee SDN,L,0.006315789,0,-0.247368421,0.131578947,0.084210526,0,9.6,-0.06025641,0.057692308,0.057801389,-0.06037034,0.235076631,1.001890744,
Junior Tilien DET,R,0.007647059,0,-0.247058824,0.135294118,-0.050588235,0,9.669117647,-0.06,0.057142857,0.056021001,-0.058822051,0.229991279,0.98036752,
Felnin Celesten SEA,B,0.011764706,0,-0.252941176,0.135294118,0.050588235,0,9.690721649,-0.061428571,0.057142857,0.05912786,-0.063562449,0.242739081,1.034737546,
Alexander Albertus CHA,R,0.010588235,0,-0.252941176,0.135294118,0.017058824,0,9.683544304,-0.061428571,0.057142857,0.057302628,-0.061600325,0.235200784,1.002795984,
Jose Astudillo SFN,R,0.011176471,0,-0.252941176,0.135294118,-0.050588235,0,9.673913043,-0.061428571,0.057142857,0.059395591,-0.06385026,0.243776877,1.039422835,
Zachary Evans SDN,R,0.009411765,0,-0.252941176,0.135294118,0.017058824,0,9.6875,-0.061428571,0.057142857,0.056028877,-0.060231043,0.229954979,0.980505353,
Narciso Polanco TBA,L,0.012631579,0,-0.247368421,0.131578947,0.016842105,0,9.704142012,-0.06025641,0.057692308,0.059226153,-0.061858427,0.240754076,1.026586656,
Lamar King SDN,R,0.010588235,0,-0.252941176,0.135294118,0.084705882,0,9.743589744,-0.061428571,0.057142857,0.05759586,-0.061915549,0.236342883,1.007927547,
Garret Forrester MIA,R,0.01,0,-0.252941176,0.135294118,0.084705882,0,9.75,-0.061428571,0.057142857,0.058993418,-0.063417924,0.242077721,1.032384815,
Freili Encarnacion BOS,R,0.01,0,-0.252941176,0.135294118,-0.084705882,0,9.674556213,-0.061428571,0.057142857,0.058224071,-0.062590876,0.238887104,1.018921242,
Davis Diaz OAK,R,0.008823529,0,-0.252941176,0.135294118,0.084705882,0,9.761904762,-0.061428571,0.057142857,0.060283074,-0.064804304,0.247309652,1.054953789,
Kyle Hayes KCA,R,0.008235294,0,-0.252941176,0.135294118,0.084705882,0,9.76744186,-0.061428571,0.057142857,0.057364779,-0.061667137,0.235328393,1.003883631,
William Sullivan NA,L,0.008947368,0,-0.252631579,0.131578947,-0.084210526,0,9.688311688,-0.061538462,0.057692308,0.05794422,-0.061807168,0.235305991,1.004366476,
Lizandro Espinoza ATL,R,0.014705882,0,-0.252941176,0.135294118,0.017058824,0,9.668874172,-0.061428571,0.057142857,0.058474438,-0.062860021,0.239729114,1.023302659,
Erick Torres KCA,R,0.011176471,0,-0.252941176,0.135294118,-0.050588235,0,9.673913043,-0.061428571,0.057142857,0.056111308,-0.060319656,0.230030132,0.981947895,
Cristian Santana DET,R,0.008235294,0,-0.252941176,0.135294118,-0.084705882,0,9.677419355,-0.061428571,0.057142857,0.057915225,-0.062258866,0.237424332,1.013516431,
Carlos Rojas NA,R,0.007058824,0,-0.252941176,0.135294118,0.084705882,0,9.777777778,-0.061428571,0.057142857,0.057555646,-0.061872319,0.235936133,1.007223805,
Yonatan Henriquez NYN,B,0.014117647,0,-0.252941176,0.135294118,-0.050588235,0,9.667896679,-0.061428571,0.057142857,0.05622439,-0.060441219,0.230429758,0.983926821,
Titus Dumitru PIT,R,0.011764706,0,-0.252941176,0.135294118,-0.050588235,0,9.672727273,-0.061428571,0.057142857,0.063558058,-0.068324912,0.260338095,1.112266012,
Arol Vera LAA,B,0.007714286,0,-0.251428571,0.134285714,0.016857143,0,9.671641791,-0.061177952,0.057006728,0.057317522,-0.061511487,0.235333049,1.005451873,
Avery Owusu-Asiedu ARI,R,0.014705882,0,-0.252941176,0.135294118,-0.050588235,0,9.666666667,-0.061428571,0.057142857,0.055337437,-0.059487744,0.226631982,0.968405143,
Caleb Lomavita WAS,R,0.008823529,0,-0.252941176,0.135294118,0.084705882,0,9.761904762,-0.061428571,0.057142857,0.064655521,-0.069504685,0.264700995,1.131471613,
Ariel Armas CHN,R,0.010588235,0,-0.252941176,0.135294118,0.084705882,0,9.743589744,-0.061428571,0.057142857,0.064188591,-0.069002735,0.262765784,1.123300334,
Steven Rivas NA,L,0.009473684,0,-0.252631579,0.131578947,-0.117894737,0,9.688888889,-0.061538462,0.056410256,0.056152968,-0.061257783,0.232826208,0.995438974,
Branden Fryman NA,R,0.010588235,0,-0.252941176,0.135294118,0.050588235,0,9.696969697,-0.061428571,0.057142857,0.057454515,-0.061763604,0.235085203,1.005454014,
Maxwell Burt DET,R,0.009032258,0,-0.248387097,0.132258065,0.05,0,9.672131148,-0.061363398,0.056581835,0.056495276,-0.061269525,0.233431351,0.998470206,
Robert Hipwell SFN,L,0.006842105,0,-0.252631579,0.131578947,-0.084210526,0,9.69151671,-0.061538462,0.056410256,0.056040858,-0.061135482,0.23213387,0.99345158,
Geovanny Planchart TOR,R,0.007647059,0,-0.252941176,0.135294118,0.084705882,0,9.772727273,-0.061428571,0.057142857,0.057530493,-0.06184528,0.235221908,1.006783634,
Michael Kane NA,R,0.008235294,0,-0.252941176,0.135294118,-0.084705882,0,9.677419355,-0.061428571,0.057142857,0.057210013,-0.061500764,0.233747383,1.001175224,
Juan Corniel NA,B,0.01,0,-0.252941176,0.135294118,0.050588235,0,9.7,-0.061428571,0.055714286,0.055897883,-0.061630999,0.234197224,1.003295337,
Samuel Infante NA,R,0.011764706,0,-0.252941176,0.135294118,0.017058824,0,9.679487179,-0.061428571,0.055714286,0.055652607,-0.061360566,0.233168582,0.998892939,
Yosy Galan NA,R,0.014705882,0,-0.252941176,0.135294118,-0.050588235,0,9.666666667,-0.061428571,0.055714286,0.055559446,-0.061257851,0.232674555,0.997220827,
Matthew Whatley NA,R,0.010588235,0,-0.252941176,0.135294118,0.084705882,0,9.743589744,-0.061428571,0.055714286,0.055977311,-0.061718574,0.23440542,1.004720965,
John Gil ATL,R,0.021176471,0,-0.252941176,0.135294118,-0.118235294,0,9.681697613,-0.061428571,0.055714286,0.058775796,-0.064804083,0.246028099,1.054950191,
James Parker NA,R,0.01,0,-0.252941176,0.135294118,0.050588235,0,9.7,-0.061428571,0.055714286,0.055885329,-0.061617158,0.233686223,1.003070009,
Brett Roberts NA,R,0.011176471,0,-0.258823529,0.135294118,-0.118235294,0,9.679012346,-0.062857143,0.055714286,0.055522754,-0.062641056,0.232013645,0.996562256,
Capri Ortiz LAA,B,0.014705882,0,-0.258823529,0.135294118,0.050588235,0,9.705882353,-0.062857143,0.055714286,0.055286576,-0.062374599,0.230976117,0.992323166,
Ghordy Santos NA,B,0.010588235,0,-0.258823529,0.135294118,0.017058824,0,9.702380952,-0.062857143,0.055714286,0.055922571,-0.063092131,0.233627151,1.003738453,
Cole McConnell CHA,L,0.008421053,0,-0.257894737,0.131578947,-0.050526316,0,9.696969697,-0.062820513,0.056410256,0.056399484,-0.062808516,0.232710552,0.999809035,
Devin Taylor OAK,L,0.008421053,0,-0.257894737,0.131578947,-0.050526316,0,9.696969697,-0.062820513,0.056410256,0.063770816,-0.0710175,0.263122099,1.130482655,
Dillon Head MIA,L,0.013684211,0,-0.257894737,0.131578947,0.016842105,0,9.680851064,-0.062820513,0.056410256,0.05564546,-0.061968807,0.229589499,0.986442239,
Mitchell Daly LAA,R,0.008823529,0,-0.258823529,0.135294118,0.017058824,0,9.707602339,-0.062857143,0.055714286,#N/A,#N/A,#N/A,#N/A,
Braylon Payne MIL,L,0.014736842,0,-0.257894737,0.131578947,0.016842105,0,9.677419355,-0.062820513,0.056410256,0.06310611,-0.070277259,0.260279916,1.118699217,
Luis Rodriguez LAN,R,0.01,0,-0.258823529,0.135294118,-0.050588235,0,9.6875,-0.062857143,0.055714286,0.055702014,-0.062843298,0.232564765,0.999779744,
Jeffry Parra NA,R,0.01,0,-0.258823529,0.135294118,0.084705882,0,9.607843137,-0.062857143,0.055714286,0.055830753,-0.062988541,0.233070201,1.002090432,
Robert Richardson SLN,R,0.013529412,0,-0.258823529,0.135294118,0.017058824,0,9.693251534,-0.062857143,0.055714286,0.054917699,-0.06195843,0.229237883,0.985702296,
Nick Biddison PHI,R,0.014117647,0,-0.258823529,0.135294118,0.017058824,0,9.691358025,-0.062857143,0.055714286,0.054991724,-0.062041945,0.229522203,0.98703095,
C.J. Stubbs TOR,R,0.01,0,-0.25625,0.13125,0.085625,-0.005,9.661016949,-0.062121212,0.056060606,0.055373546,-0.061359875,0.229667349,0.987744333,
Natanael Yuten BOS,L,0.008947368,0,-0.257894737,0.131578947,-0.050526316,0,9.696048632,-0.062820513,0.055128205,0.05637762,-0.064244265,0.237722293,1.022663809,
Jay Beshears MIA,R,0.008823529,0,-0.258823529,0.135294118,-0.084705882,0,9.685714286,-0.062857143,0.055714286,0.059860902,-0.067535376,0.249753649,1.074426439,
Roque Salinas NA,L,0.008947368,0,-0.257894737,0.131578947,-0.050526316,0,9.696048632,-0.062820513,0.055128205,0.055230826,-0.062937453,0.232802556,1.001861497,
Brandon Pimentel WAS,L,0.008421053,0,-0.257894737,0.131578947,-0.084210526,0,9.672544081,-0.062820513,0.055128205,0.055246247,-0.062955026,0.232834487,1.00214123,
Samuel Stafura PIT,R,0.012941176,0,-0.258823529,0.135294118,0.050588235,0,9.714285714,-0.062857143,0.055714286,0.055053543,-0.06211169,0.229468955,0.988140516,
Chase Luttrell NA,L,0.008947368,0,-0.257894737,0.131578947,-0.050526316,0,9.696048632,-0.062820513,0.055128205,0.054903993,-0.062565016,0.231224746,0.995932902,
Alec Makarewicz CHA,B,0.008823529,0,-0.258823529,0.135294118,-0.084705882,0,9.685714286,-0.062857143,0.055714286,0.064236863,-0.072472358,0.267639925,1.152969336,
Brady Day PHI,L,0.009473684,0,-0.257894737,0.131578947,0.016842105,0,9.693877551,-0.062820513,0.055128205,0.062093431,-0.070757631,0.26140575,1.126345962,
Myles Smith CIN,L,0.011578947,0,-0.257894737,0.131578947,-0.050526316,0,9.691358025,-0.062820513,0.055128205,0.055037678,-0.062717354,0.23167793,0.998357875,
Joshua Rivera TOR,R,0.006376812,0,-0.256521739,0.131884058,0.050289855,0,9.690082645,-0.062963754,0.055137751,0.056055302,-0.064011539,0.235844463,1.016641074,
Kyle Dernedde CLE,R,0.008823529,0,-0.258823529,0.135294118,0.017058824,0,9.707602339,-0.062857143,0.055714286,0.055827756,-0.06298516,0.232342236,1.002036641,
Camryn Williams NA,B,0.01,0,-0.258823529,0.135294118,-0.118235294,0,9.680589681,-0.062857143,0.055714286,0.05599792,-0.063177141,0.23303434,1.005090876,
Zachary Fascia NA,L,0.008421053,0,-0.257894737,0.131578947,0.084210526,0,9.696969697,-0.062820513,0.055128205,0.055296558,-0.063012357,0.232522927,1.003053845,
Walker Janek HOU,R,0.014705882,0,-0.258823529,0.135294118,0.084705882,0,9.761904762,-0.062857143,0.055714286,0.059089778,-0.06666539,0.245856504,1.060585751,
Kellum Clark NA,L,0.008947368,0,-0.257894737,0.131578947,-0.084210526,0,9.671717172,-0.062820513,0.055128205,0.054904693,-0.062565813,0.230853217,0.995945594,
Ariel Almonte CIN,L,0.006842105,0,-0.257894737,0.131578947,-0.050526316,0,9.670658683,-0.062820513,0.055128205,0.054356921,-0.061941608,0.228500747,0.986009273,
Jose Perez TBA,B,0.008823529,0,-0.258823529,0.135294118,0.017058824,0,9.707602339,-0.062857143,0.055714286,0.055251492,-0.062335017,0.229808097,0.991693445,
Skyler Messinger COL,R,0.01,0,-0.258823529,0.135294118,0.017058824,0,9.704142012,-0.062857143,0.055714286,0.055756065,-0.062904279,0.231906775,1.000749893,
Rayne Doncon MIN,R,0.008235294,0,-0.258823529,0.135294118,0.017058824,0,9.709302326,-0.062857143,0.055714286,0.055642326,-0.062775957,0.231417717,0.998708412,
Joshua Kross SLN,B,0.007647059,0,-0.258823529,0.135294118,-0.084705882,0,9.6875,-0.062857143,0.054285714,0.054331984,-0.062910718,0.23183243,1.000852332,
Jordan Viars NA,L,0.007368421,0,-0.257894737,0.131578947,-0.050526316,0,9.66966967,-0.062820513,0.055128205,0.055100355,-0.062788776,0.231511982,0.999494804,
Kendall Toman TOR,B,0.007647059,0,-0.258823529,0.135294118,-0.118235294,0,9.683698297,-0.062857143,0.054285714,0.055141712,-0.063848298,0.235281413,1.015768375,
Lonnie White PIT,R,0.014117647,0,-0.258823529,0.135294118,0.017058824,0,9.691358025,-0.062857143,0.054285714,0.057255627,-0.066295989,0.244298007,1.054708914,
Joseph Olsavsky ATL,R,0.009411765,0,-0.258823529,0.135294118,-0.084705882,0,9.684813754,-0.062857143,0.054285714,0.053393163,-0.061823663,0.227762589,0.983558272,
Kodey Shojinaga PHI,R,0.007647059,0,-0.258823529,0.135294118,0.084705882,0,9.636363636,-0.062857143,0.054285714,0.0558732,-0.064695285,0.238323313,1.029243164,
Calvin Conley ATL,B,0.012884615,0,-0.256410256,0.132051282,0.016666667,0,9.685658153,-0.063188505,0.054816028,0.056054384,-0.064616004,0.236764612,1.022591118,
Michael Curialle NA,R,0.008823529,0,-0.258823529,0.135294118,0.017058824,0,9.707602339,-0.062857143,0.054285714,0.054196938,-0.06275435,0.230946704,0.998364656,
Kyle Lodise CHA,R,0.012941176,0,-0.258823529,0.135294118,0.017058824,0,9.695121951,-0.062857143,0.054285714,0.055433669,-0.064186353,0.236196298,1.021146529,
Ambioris Tavarez ATL,R,0.012352941,0,-0.258823529,0.135294118,0.017058824,0,9.696969697,-0.062857143,0.054285714,0.054965727,-0.063644526,0.234110312,1.012526543,
Hector Salas HOU,L,0.011052632,0,-0.257894737,0.131578947,0.016842105,0,9.689119171,-0.062820513,0.055128205,0.055798625,-0.06358448,0.233993429,1.012161107,
Victor Ortega MIA,L,0.007368421,0,-0.263157895,0.131578947,0.084210526,0,9.743589744,-0.064102564,0.055128205,0.055965382,-0.065076025,0.234642984,1.015185992,
Roismar Quintana NA,R,0.008235294,0,-0.258823529,0.135294118,-0.084705882,0,9.686609687,-0.062857143,0.054285714,0.054202824,-0.062761164,0.230761105,0.99847307,
Ramon Ramirez KCA,R,0.008823529,0,-0.258823529,0.135294118,-0.118235294,0,9.682151589,-0.062857143,0.054285714,0.057400972,-0.066464283,0.244339773,1.057386318,
Quincy Scott TEX,R,0.011764706,0,-0.264705882,0.135294118,-0.050588235,0,9.694915254,-0.064285714,0.054285714,0.055226205,-0.065399453,0.235031536,1.017324821,
Jhonny Level SFN,B,0.011176471,0,-0.264705882,0.135294118,0.050588235,0,9.663865546,-0.064285714,0.054285714,0.05667072,-0.067110063,0.241146737,1.043934307,
Yhoswar Garcia NA,R,0.040588235,0,-0.264705882,0.135294118,-0.050588235,0,9.673469388,-0.064285714,0.054285714,0.054343812,-0.064354514,0.231221193,1.00107022,
Leandro Arias BAL,B,0.009411765,0,-0.264705882,0.135294118,0.050588235,0,9.672131148,-0.064285714,0.054285714,0.054752261,-0.064838204,0.232893497,1.008594282,
Jason Matthews CHA,R,0.006363636,0,-0.259090909,0.131818182,0.016590909,0,9.683544304,-0.063965412,0.05442671,0.05371062,-0.063123822,0.227859097,0.986843038,
Welbyn Francisca CLE,B,0.017647059,0,-0.264705882,0.135294118,0.050588235,0,9.719626168,-0.064285714,0.054285714,0.05443473,-0.064462181,0.231469653,1.002745035,
Carlos Dominguez NA,R,0.010588235,0,-0.264705882,0.135294118,-0.050588235,0,9.696969697,-0.064285714,0.054285714,0.054438734,-0.064466921,0.231458596,1.002818776,
Christian Martin SLN,L,0.011578947,0,-0.263157895,0.131578947,0.016842105,0,9.702970297,-0.064102564,0.053846154,0.054572052,-0.064966728,0.233919514,1.013480963,
Cameron Fisher NA,L,0.012631579,0,-0.263157895,0.131578947,-0.050526316,0,9.66966967,-0.064102564,0.053846154,0.053913502,-0.064182741,0.231060639,1.001250754,
Carter Graham CIN,R,0.01,0,-0.264705882,0.135294118,0.017058824,0,9.666666667,-0.064285714,0.054285714,0.054912943,-0.065028486,0.233383767,1.011554222,
Jose Meza LAN,R,0.011176471,0,-0.264705882,0.135294118,-0.084705882,0,9.691011236,-0.064285714,0.054285714,0.057161934,-0.067691764,0.242897905,1.052982993,
Dario Laverde LAA,L,0.006315789,0,-0.263157895,0.131578947,-0.117894737,0,9.685534591,-0.064102564,0.053846154,0.053992126,-0.06427634,0.23126725,1.002710911,
Arnaldo Lantigua CIN,R,0.008823529,0,-0.264705882,0.135294118,-0.050588235,0,9.667774086,-0.064285714,0.054285714,0.05271406,-0.062424545,0.223964562,0.971048473,
Miguel Villarroel SLN,R,0.017647059,0,-0.264705882,0.135294118,0.050588235,0,9.719626168,-0.064285714,0.054285714,0.05463152,-0.064695221,0.231983403,1.006370097,
Nathan Flewelling TBA,L,0.007894737,0,-0.263157895,0.131578947,-0.117894737,0,9.683544304,-0.064102564,0.053846154,0.059372033,-0.070680992,0.254165738,1.102623478,
Wilder Dalis COL,B,0.011176471,0,-0.264705882,0.135294118,0.017058824,0,9.662921348,-0.064285714,0.054285714,0.053439456,-0.063283567,0.22691462,0.98441104,
Chad Castillo NA,L,0.008947368,0,-0.263157895,0.131578947,-0.084210526,0,9.679802956,-0.064102564,0.053846154,0.05408091,-0.064382036,0.231411519,1.004359759,
Roldy Brito COL,B,0.014117647,0,-0.264705882,0.135294118,0.017058824,0,9.709302326,-0.064285714,0.054285714,0.055736501,-0.066003751,0.236524588,1.026725014,
Bryce Rainer DET,L,0.010526316,0,-0.263157895,0.131578947,0.050526316,0,9.710144928,-0.064102564,0.053846154,0.04923737,-0.058615917,0.210642181,0.914408297,
Sandy Leon ATL,B,-0.01,-0.017647059,-0.264705882,0.135294118,0.084117647,0.006,9.655172414,-0.064285714,0.054285714,0.053077636,-0.062855095,0.225218885,0.977745925,
Victor Acosta CIN,B,0.010588235,0,-0.264705882,0.135294118,0.017058824,0,9.664804469,-0.064285714,0.054285714,0.054528679,-0.064573436,0.231275501,1.004475672,
Joshwan Wright NA,R,0.01,0,-0.264705882,0.135294118,0.017058824,0,9.666666667,-0.064285714,0.054285714,0.05422759,-0.064216883,0.22992755,0.998929288,
Francisco Hernandez NA,R,0.011176471,0,-0.264705882,0.135294118,0.017058824,0,9.662921348,-0.064285714,0.054285714,0.054452316,-0.064483005,0.230851309,1.003068974,
Jared Sprague-Lott OAK,R,0.01,0,-0.264705882,0.135294118,-0.084705882,0,9.69273743,-0.064285714,0.054285714,0.056305846,-0.066677975,0.238660624,1.037212944,
Shane Muntz NA,R,0.01,0,-0.264705882,0.135294118,-0.084705882,0,9.69273743,-0.064285714,0.054285714,0.054193186,-0.064176141,0.229704805,0.998295523,
Jose Cerice KCA,R,0.008823529,0,-0.264705882,0.135294118,0.017058824,0,9.67032967,-0.064285714,0.054285714,0.0580416,-0.068733474,0.245990076,1.069187367,
Dervy Ventura SEA,B,0.014705882,0,-0.264705882,0.135294118,0.017058824,0,9.707602339,-0.064285714,0.054285714,0.052727903,-0.062440937,0.223459048,0.971303472,
Isaac De Leon NA,R,0.011764706,0,-0.264705882,0.135294118,-0.084705882,0,9.690140845,-0.064285714,0.054285714,0.054221901,-0.064210146,0.229789564,0.998824498,
Marcos Torres TEX,L,0.011578947,0,-0.263157895,0.131578947,-0.050526316,0,9.671641791,-0.064102564,0.053846154,0.054932918,-0.065396331,0.234609389,1.02018276,
Christopher Espinola NA,L,0.01,0,-0.263157895,0.131578947,-0.050526316,0,9.674556213,-0.064102564,0.053846154,0.053886737,-0.064150878,0.230100294,1.000753691,
Brailer Guerrero TBA,L,0.009473684,0,-0.263157895,0.131578947,-0.050526316,0,9.675516224,-0.064102564,0.053846154,0.052182286,-0.062121769,0.222720409,0.969099603,
Yassel Pino NA,R,0.01,0,-0.264705882,0.135294118,-0.084705882,0,9.69273743,-0.064285714,0.052857143,0.052970982,-0.064424167,0.230308953,1.002153711,
Garrett Frechette NA,L,0.008947368,0,-0.263157895,0.131578947,-0.084210526,0,9.679802956,-0.064102564,0.053846154,0.053913273,-0.064182468,0.230050401,1.001246501,
Gilberto Jimenez NA,B,0.010588235,0,-0.264705882,0.135294118,0.017058824,0,9.664804469,-0.064285714,0.052857143,0.052775762,-0.064186738,0.229363319,0.998460362,
Alex McCoy SDN,R,0.011176471,0,-0.264705882,0.135294118,-0.050588235,0,9.695945946,-0.064285714,0.052857143,0.059633003,-0.072526625,0.259162614,1.128191951,
Luis Valdez NA,B,0.033529412,0,-0.264705882,0.135294118,-0.050588235,0,9.688715953,-0.064285714,0.052857143,0.052886809,-0.064321795,0.229777892,1.000561257,
Ryan Wilson NA,R,0.008235294,0,-0.264705882,0.135294118,-0.050588235,0,9.668874172,-0.064285714,0.052857143,0.052926433,-0.064369986,0.229896977,1.001310898,
Eric Hartman ATL,L,0.017894737,0,-0.268421053,0.131578947,-0.050526316,0,9.66966967,-0.065384615,0.053846154,0.0603519,-0.07328445,0.257310238,1.120820994,
Daury Arias NA,L,0.009473684,0,-0.268421053,0.131578947,-0.050526316,0,9.684813754,-0.065384615,0.053846154,0.054122331,-0.065719974,0.230745457,1.005129012,
Jose Devers CLE,R,0.010588235,0,-0.264705882,0.135294118,0.017058824,0,9.664804469,-0.064285714,0.052857143,0.05544143,-0.067428766,0.240707059,1.048891915,
William Bartlett NA,R,0.010588235,0,-0.264705882,0.135294118,-0.084705882,0,9.691876751,-0.064285714,0.052857143,0.05332533,-0.064855131,0.23149448,1.008857589,
Osiris Johnson NA,R,0.013529412,0,-0.264705882,0.135294118,0.017058824,0,9.710982659,-0.064285714,0.052857143,0.052918496,-0.064360332,0.229581172,1.001160727,
Ethan Frey HOU,R,0.012352941,0,-0.264705882,0.135294118,0.017058824,0,9.659090909,-0.064285714,0.052857143,0.053881594,-0.065531669,0.233756413,1.019381511,
Randy De Jesus LAA,R,0.007647059,0,-0.270588235,0.135294118,-0.050588235,0,9.680511182,-0.065714286,0.052857143,0.052892138,-0.065757793,0.22931172,1.00066207,
Yassel Soler ARI,R,0.008235294,0,-0.270588235,0.135294118,0.017058824,0,9.689119171,-0.065714286,0.052857143,0.054138144,-0.067306881,0.234662515,1.024235149,
Ricardo Cova SEA,R,0.014117647,0,-0.270588235,0.135294118,-0.050588235,0,9.668874172,-0.065714286,0.052857143,0.054647803,-0.067940512,0.236864405,1.033877361,
Hayden Alvarez LAA,R,0.015882353,0,-0.270588235,0.135294118,0.017058824,0,9.666666667,-0.065714286,0.052857143,0.052908733,-0.065778424,0.229261546,1.000976021,
Jeffrey Mercedes CLE,B,0.008823529,0,-0.270588235,0.135294118,0.017058824,0,9.6875,-0.065714286,0.052857143,0.050686308,-0.063015409,0.219623771,0.958930145,
Malcolm Moore TEX,L,0.008421053,0,-0.268421053,0.131578947,-0.117894737,0,9.689440994,-0.065384615,0.052564103,0.053788265,-0.066907355,0.234347496,1.023288952,
Casey Cook TEX,L,0.013684211,0,-0.268421053,0.131578947,0.016842105,0,9.66507177,-0.065384615,0.052564103,0.052829616,-0.065714888,0.230156731,1.005051227,
Carlos Rodriguez SDN,L,0.007368421,0,-0.268421053,0.131578947,0.084210526,0,9.662921348,-0.065384615,0.052564103,0.055649974,-0.069223139,0.242441747,1.058706832,
Echedry Vargas MIA,R,0.011764706,0,-0.270588235,0.135294118,0.017058824,0,9.679144385,-0.065714286,0.052857143,0.052126107,-0.06480543,0.225829877,0.986169587,
Andruw Musett BOS,R,0.007058824,0,-0.270588235,0.135294118,0.084705882,0,9.736842105,-0.065714286,0.052857143,0.052679879,-0.065493903,0.228177199,0.996646352,
Lexer Saduy NA,L,0.010526316,0,-0.268421053,0.131578947,-0.050526316,0,9.682997118,-0.065384615,0.052564103,0.052772703,-0.065644094,0.229842524,1.003968497,
Connor Burns CIN,R,0.007058824,0,-0.270588235,0.135294118,0.084705882,0,9.736842105,-0.065714286,0.052857143,0.052972493,-0.065857694,0.229432599,1.002182294,
Vincent Perozo NYN,L,0.007894737,0,-0.268421053,0.131578947,0.084210526,0,9.659090909,-0.065384615,0.052564103,0.052195545,-0.064926165,0.227308949,0.99298841,
Jose Colmenares PHI,R,0.012941176,0,-0.270588235,0.135294118,0.017058824,0,9.675675676,-0.065714286,0.052857143,0.054690319,-0.06799337,0.236801395,1.034681711,
Esmil Valencia MIA,R,0.024117647,0,-0.270588235,0.135294118,-0.050588235,0,9.683098592,-0.065714286,0.052857143,0.052960672,-0.065842997,0.229286214,1.001958652,
Drew Davies CIN,L,0.008421053,0,-0.268421053,0.131578947,-0.084210526,0,9.6882494,-0.065384615,0.052564103,0.053751556,-0.066861692,0.233976907,1.022590587,
Christian Olivo CHN,R,0.014117647,0,-0.270588235,0.135294118,0.017058824,0,9.672131148,-0.065714286,0.052857143,0.053192975,-0.066131806,0.230201368,1.006353577,
Troy Schreffler NA,R,0.014117647,0,-0.270588235,0.135294118,-0.050588235,0,9.668874172,-0.065714286,0.052857143,0.052883791,-0.065747416,0.228800293,1.000504156,
Ricardo Cabrera CIN,R,0.011176471,0,-0.270588235,0.135294118,0.017058824,0,9.680851064,-0.065714286,0.052857143,0.053025208,-0.065923232,0.229338898,1.003179614,
Aiden Taurek SEA,R,0.011176471,0,-0.270588235,0.135294118,-0.050588235,0,9.674267101,-0.065714286,0.052857143,0.052945885,-0.065824614,0.228994818,1.001678913,
Daniel Vazquez KCA,R,0.012941176,0,-0.270588235,0.135294118,0.050588235,0,9.682539683,-0.065714286,0.052857143,0.057529742,-0.071523463,0.248815977,1.088400517,
John Faile CIN,R,0.007647059,0,-0.270588235,0.135294118,-0.084705882,0,9.678284182,-0.065714286,0.052857143,0.053852519,-0.06695178,0.232881434,1.01883144,
Jacob Jenkins-Cowart MIA,L,0.016842105,0,-0.268421053,0.131578947,-0.050526316,0,9.671641791,-0.065384615,0.052564103,0.052214625,-0.064949899,0.227002648,0.993351397,
Cam Gallagher NA,R,-0.001176471,-0.011764706,-0.258823529,0.129411765,0.081176471,0.0335,9.736842105,-0.065671642,0.052238806,0.052466045,-0.065957313,0.229511049,1.00435,
Rosman Verdugo SDN,R,0.008235294,0,-0.270588235,0.135294118,0.017058824,0,9.689119171,-0.065714286,0.052857143,0.05405054,-0.067197968,0.233608916,1.022577778,
Harold Coll LAA,R,0.011764706,0,-0.270588235,0.135294118,-0.118235294,0,9.693396226,-0.065714286,0.052857143,0.060624163,-0.075370581,0.261859846,1.146943625,
Jack Reinheimer NA,R,0.005882353,0,-0.270588235,0.135294118,0.050588235,0,9.710144928,-0.065714286,0.052857143,0.053102242,-0.066019003,0.229317439,1.004637009,
Samuel Gil DET,R,0.009411765,0,-0.270588235,0.135294118,0.017058824,0,9.685863874,-0.065714286,0.052857143,0.053969867,-0.067097673,0.23295291,1.021051545,
Wilson Rodriguez NYA,L,0.009473684,0,-0.268421053,0.131578947,-0.050526316,0,9.684813754,-0.065384615,0.052564103,0.056716329,-0.07054958,0.246165909,1.07899357,
Jaime Ferrer MIN,R,0.008235294,0,-0.270588235,0.135294118,-0.084705882,0,9.677419355,-0.065714286,0.052857143,0.056237422,-0.069916795,0.242709618,1.063951228,
Cesar Quintas SEA,R,0.008823529,0,-0.270588235,0.135294118,-0.050588235,0,9.678456592,-0.065714286,0.051428571,0.052805301,-0.06747344,0.234197965,1.026769746,
Engelth Urena NYA,R,0.008235294,0,-0.270588235,0.135294118,0.084705882,0,9.72972973,-0.065714286,0.051428571,0.050381531,-0.064376401,0.223211176,0.979640887,
Jace Grady NA,B,0.010588235,0,-0.270588235,0.135294118,-0.050588235,0,9.675324675,-0.065714286,0.051428571,0.051158729,-0.065369487,0.226646528,0.994753066,
Cameron Decker LAN,R,0.008823529,0,-0.270588235,0.135294118,-0.084705882,0,9.676549865,-0.065714286,0.051428571,0.050141086,-0.064069165,0.222086428,0.974965551,
Spencer Bramwell MIA,R,0.010588235,0,-0.270588235,0.135294118,0.084705882,0,9.714285714,-0.065714286,0.051428571,0.050915335,-0.065058484,0.225473187,0.990020404,
Darlyn Montero NA,L,0.008421053,0,-0.273684211,0.131578947,-0.084210526,0,9.672897196,-0.066666667,0.051282051,0.051369636,-0.066780527,0.228086887,1.001707907,
Lyle Miller-Green CHA,R,0.008823529,0,-0.270588235,0.135294118,-0.084705882,0,9.676549865,-0.065714286,0.051428571,0.051786567,-0.066171725,0.229251797,1.006961031,
Ty Southisene CHN,R,0.016470588,0,-0.270588235,0.135294118,0.050588235,0,9.666666667,-0.065714286,0.051428571,0.052508981,-0.067094809,0.232418168,1.02100796,
Esteban Mejia TEX,R,0.011176471,0,-0.270588235,0.135294118,0.017058824,0,9.680851064,-0.065714286,0.051428571,0.051508963,-0.065817008,0.227970801,1.00156317,
Yordys Valdes NA,B,0.012987013,0,-0.268831169,0.131168831,0.04987013,0,9.680672269,-0.066412441,0.051654121,0.051941626,-0.066782091,0.22887486,1.005565973,
Robert Blandford OAK,L,0.008421053,0,-0.273684211,0.131578947,0.016842105,0,9.694323144,-0.066666667,0.051282051,0.051273222,-0.066655189,0.227433836,0.99982783,
Casey Saucke CHA,R,0.010588235,0,-0.276470588,0.135294118,-0.118235294,0,9.679633867,-0.067142857,0.051428571,#N/A,#N/A,#N/A,#N/A,
Jesus Castillo PIT,R,0.012352941,0,-0.276470588,0.135294118,0.017058824,0,9.693877551,-0.067142857,0.051428571,0.057126434,-0.074581733,0.25263848,1.110791769,
Caberea Weaver NA,R,0.011176471,0,-0.276470588,0.135294118,-0.050588235,0,9.684542587,-0.067142857,0.051428571,0.051392398,-0.06709563,0.227250044,0.999296618,
Yiddi Cappe MIA,R,0.017058824,0,-0.276470588,0.135294118,0.017058824,0,9.680851064,-0.067142857,0.051428571,0.051552631,-0.067304824,0.227831268,1.00241227,
Channy Ortiz NA,B,0.010588235,0,-0.276470588,0.135294118,0.050588235,0,9.714285714,-0.067142857,0.051428571,0.051606295,-0.067374886,0.228035318,1.003455745,
Miguel Rodriguez BAL,R,0.01,0,-0.276470588,0.135294118,0.084705882,0,9.634146341,-0.067142857,0.051428571,0.05143415,-0.06715014,0.227246647,1.000108471,
Jorge Puerta NA,R,0.01,0,-0.276470588,0.135294118,0.084705882,0,9.634146341,-0.067142857,0.051428571,0.051325271,-0.067007993,0.226755617,0.997991378,
Estiven Machado NA,B,0.010588235,0,-0.276470588,0.135294118,0.050588235,0,9.714285714,-0.067142857,0.051428571,0.051790796,-0.067615761,0.22872067,1.00704325,
Carlos Colmenarez TBA,L,0.007894737,0,-0.273684211,0.131578947,0.016842105,0,9.695652174,-0.066666667,0.051282051,0.05401605,-0.070220866,0.239209485,1.053312983,
Michael Jarvis PIT,R,0.023529412,0,-0.276470588,0.135294118,0.017058824,0,9.661016949,-0.067142857,0.051428571,0.050786138,-0.066304125,0.224196958,0.987508239,
Luis Sanchez ATL,R,0.010588235,0,-0.276470588,0.135294118,0.017058824,0,9.698492462,-0.067142857,0.051428571,0.051715393,-0.067517319,0.228246894,1.005577092,
Esmith Pineda CIN,R,0.008235294,0,-0.276470588,0.135294118,-0.050588235,0,9.689440994,-0.067142857,0.051428571,0.052967577,-0.069152114,0.233727084,1.029925107,
Mason White BOS,L,0.009473684,0,-0.273684211,0.131578947,0.050526316,0,9.689440994,-0.066666667,0.051282051,0.054229416,-0.070498241,0.239948165,1.057473613,
Walker Martin SFN,L,0.007894737,0,-0.273684211,0.131578947,0.016842105,0,9.695652174,-0.066666667,0.051282051,0.053553418,-0.069619444,0.236909049,1.044291654,
William Tears SDN,L,0.007894737,0,-0.273684211,0.131578947,-0.117894737,0,9.676767677,-0.066666667,0.051282051,0.054001904,-0.070202475,0.238865677,1.053037128,
Caleb Bartolero LAA,R,0.008823529,0,-0.276470588,0.135294118,0.017058824,0,9.702970297,-0.067142857,0.051428571,0.053667938,-0.070066474,0.236680823,1.043543233,
Jacob Steels ATL,R,0.008823529,0,-0.276470588,0.135294118,-0.050588235,0,9.68847352,-0.067142857,0.051428571,0.052004066,-0.067894198,0.229323776,1.011190179,
Noelberth Romero NA,R,0.01,0,-0.276190476,0.133333333,-0.05047619,0,9.673366834,-0.067301504,0.051056313,0.051370218,-0.067715287,0.228147123,1.006148201,
Asbel Gonzalez KCA,R,0.024705882,0,-0.276470588,0.135294118,0.017058824,0,9.657142857,-0.067142857,0.051428571,0.053816032,-0.07025982,0.237257546,1.046422852,
Gerardo Rodriguez BOS,R,0.009411765,0,-0.276470588,0.135294118,0.084705882,0,9.638554217,-0.067142857,0.051428571,0.053980295,-0.070474275,0.237935546,1.049616857,
Perry Morlando MIA,L,0.008421053,0,-0.273684211,0.131578947,-0.050526316,0,9.695290859,-0.066666667,0.051282051,0.051693796,-0.067201934,0.228445584,1.008029017,
Benjamin Hartl TEX,R,0.008823529,0,-0.276470588,0.135294118,0.084705882,0,9.642857143,-0.067142857,0.051428571,0.05097963,-0.06655674,0.224646698,0.991270592,
Colin Summerhill LAA,R,0.008235294,0,-0.276470588,0.135294118,-0.084705882,0,9.685863874,-0.067142857,0.051428571,0.051149856,-0.066778978,0.225388855,0.994580526,
Kaeden Kent NYA,L,0.008947368,0,-0.273684211,0.131578947,0.016842105,0,9.692982456,-0.066666667,0.051282051,0.056344169,-0.073247419,0.24892403,1.098711291,
Eduarqui Fernandez NA,R,0.012352941,0,-0.276470588,0.135294118,-0.050588235,0,9.682539683,-0.067142857,0.051428571,0.051364643,-0.067059395,0.226246415,0.998756953,
Cody Schrier MIA,R,0.014117647,0,-0.276470588,0.135294118,-0.084705882,0,9.677419355,-0.067142857,0.051428571,0.050850739,-0.066388465,0.223867129,0.988764367,
Juan Alonso NA,R,0.008823529,0,-0.276470588,0.135294118,-0.050588235,0,9.68847352,-0.067142857,0.051428571,0.051296904,-0.066970958,0.225816381,0.9974398,
Zachary Daudet HOU,R,0.012352941,0,-0.276470588,0.135294118,-0.084705882,0,9.68,-0.067142857,0.051428571,0.054653818,-0.071353596,0.240565309,1.062713132,
Danyer Cueva TEX,L,0.01,0,-0.278947368,0.131578947,0.050526316,0,9.705882353,-0.067948718,0.051282051,0.050679703,-0.067150607,0.223689364,0.98825421,
Jose Ramos SFN,R,0.014705882,0,-0.276470588,0.135294118,0.017058824,0,9.6875,-0.067142857,0.05,0.050101387,-0.067279005,0.22679996,1.002027737,
Mahki Backstrom NA,L,0.009473684,0,-0.278947368,0.131578947,-0.084210526,0,9.678899083,-0.067948718,0.051282051,0.051448812,-0.068169675,0.227042911,1.003251826,
Pedro Pineda OAK,R,0.009411765,0,-0.276470588,0.135294118,0.017058824,0,9.701492537,-0.067142857,0.05,0.048720968,-0.0654253,0.22049064,0.974419367,
Luis Marquez TEX,R,0.009411765,0,-0.276470588,0.135294118,0.017058824,0,9.701492537,-0.067142857,0.05,0.049332284,-0.066246211,0.223148669,0.98664569,
Matthew Halbach CHN,R,0.007647059,0,-0.276470588,0.135294118,-0.084705882,0,9.686684073,-0.067142857,0.05,0.052863658,-0.070988341,0.239122413,1.057273159,
Wooyeoul Shin NA,R,0.012352941,0,-0.276470588,0.135294118,-0.050588235,0,9.682539683,-0.067142857,0.05,0.049804448,-0.066880259,0.225273488,0.996088964,
Charles Mack NA,L,0.009473684,0,-0.278947368,0.131578947,-0.117894737,0,9.6812749,-0.067948718,0.05,0.049988619,-0.067933251,0.226038536,0.999772374,
Ernny Ordonez NA,R,0.01,0,-0.276470588,0.135294118,-0.084705882,0,9.683377309,-0.067142857,0.05,0.050293886,-0.067537505,0.227399784,1.005877729,
Angel Acosta KCA,L,0.01,0,-0.278947368,0.131578947,0.016842105,0,9.703389831,-0.067948718,0.05,0.04891143,-0.066469379,0.221064012,0.9782286,
Jake Anchia NA,R,0.008235294,0,-0.276470588,0.135294118,0.084705882,0,9.647058824,-0.067142857,0.05,0.050087515,-0.067260378,0.226368522,1.001750306,
Cristopher Barete NA,L,0.011578947,0,-0.278947368,0.131578947,0.016842105,0,9.699570815,-0.067948718,0.05,0.050105104,-0.068091552,0.226433984,1.00210208,
Daiverson Gutierrez NYN,R,0.008235294,0,-0.276470588,0.135294118,0.084705882,0,9.647058824,-0.067142857,0.05,0.051521938,-0.069186602,0.232814241,1.030438755,
Everett Cooper WAS,L,0.010526316,0,-0.278947368,0.131578947,0.016842105,0,9.70212766,-0.067948718,0.05,0.049977199,-0.067917732,0.225831969,0.999543979,
Emmanuel Cedeno TBA,B,0.009411765,0,-0.276470588,0.135294118,0.017058824,0,9.701492537,-0.067142857,0.05,0.049850336,-0.066941879,0.225213846,0.997006711,
Dustin Crenshaw SEA,L,0.008421053,0,-0.278947368,0.131578947,-0.050526316,0,9.677419355,-0.067948718,0.05,0.046858735,-0.06367982,0.211664656,0.937174706,
Anthony Servideo NA,L,0.008448276,0,-0.277586207,0.132758621,0.016724138,0,9.679218968,-0.067891238,0.050180481,0.050201916,-0.06792024,0.225910462,1.000427175,
Dereck Salom OAK,R,0.008823529,0,-0.276470588,0.135294118,0.017058824,0,9.702970297,-0.067142857,0.05,0.05038044,-0.067653733,0.227520081,1.007608794,
Jackson Feltner NA,R,0.007647059,0,-0.276470588,0.135294118,-0.084705882,0,9.686684073,-0.067142857,0.05,0.050223561,-0.067443068,0.226802572,1.004471228,
Jesus Bugarin NA,R,0.01,0,-0.276470588,0.135294118,-0.050588235,0,9.686520376,-0.067142857,0.05,0.049756168,-0.066815426,0.224662036,0.995123364,
Lizandro Rodriguez NA,B,0.012941176,0,-0.282352941,0.135294118,0.050588235,0,9.659863946,-0.068571429,0.05,0.050032404,-0.068615868,0.225781229,1.000648078,
Kadon Morton NA,R,0.011764706,0,-0.282352941,0.135294118,-0.027058824,0,9.684210526,-0.068571429,0.05,0.050155772,-0.068785059,0.226244664,1.003115446,
Reylin Perez HOU,B,0.011764706,0,-0.282352941,0.135294118,0.017058824,0,9.663461538,-0.068571429,0.05,0.049410602,-0.067763111,0.222839837,0.988212033,
Nicholas Roselli NYN,L,0.008421053,0,-0.278947368,0.131578947,0.016842105,0,9.666666667,-0.067948718,0.05,0.050130298,-0.068125789,0.226077617,1.002605956,
Estanlin Cassiani NA,L,0.008947368,0,-0.278947368,0.131578947,-0.050526316,0,9.676549865,-0.067948718,0.05,0.050204504,-0.068226634,0.226404241,1.004090087,
Derek Datil TBA,L,0.008947368,0,-0.278947368,0.131578947,0.016842105,0,9.665271967,-0.067948718,0.05,0.048124068,-0.065399375,0.216987574,0.962481366,
Hayden Gilliland TOR,L,0.007894737,0,-0.278947368,0.131578947,0.084210526,0,9.722222222,-0.067948718,0.05,0.050184561,-0.068199532,0.226193861,1.003691221,
Edward Howard CHN,R,0.01,0,-0.282352941,0.135294118,0.017058824,0,9.668246445,-0.068571429,0.05,0.049312124,-0.067628055,0.222207333,0.986242474,
Enrique Jimenez MIN,B,0.008823529,0,-0.282352941,0.135294118,0.084705882,0,9.680851064,-0.068571429,0.05,0.050009969,-0.0685851,0.225319914,1.000199374,
Kenny Castillo ARI,R,0.007647059,0,-0.282352941,0.135294118,0.084705882,0,9.6875,-0.068571429,0.05,0.050122238,-0.06873907,0.225799681,1.002444766,
Dominic Johnson NA,R,0.014117647,0,-0.282352941,0.135294118,-0.050588235,0,9.689440994,-0.068571429,0.05,0.050094428,-0.06870093,0.225538139,1.001888558,
John Spikerman PHI,B,0.017647059,0,-0.282352941,0.135294118,-0.050588235,0,9.683544304,-0.068571429,0.05,0.052595843,-0.072131442,0.236764396,1.051916865,
Johan Macias LAA,B,0.009411765,0,-0.282352941,0.135294118,0.017058824,0,9.669811321,-0.068571429,0.05,0.051055485,-0.070018951,0.229770105,1.021109701,
Abraham Nunez CHA,L,0.012105263,0,-0.278947368,0.131578947,0.016842105,0,9.698275862,-0.067948718,0.05,0.050489544,-0.068613995,0.227173662,1.009790871,
Jesus Caba MIA,B,0.015294118,0,-0.282352941,0.135294118,0.050588235,0,9.65034965,-0.068571429,0.05,0.053387019,-0.073216484,0.240087832,1.067740385,
Handelfry Encarnacion MIL,L,0.008421053,0,-0.278947368,0.131578947,0.016842105,0,9.666666667,-0.067948718,0.05,0.049817392,-0.067700558,0.224003903,0.996347839,
Marcus Brown WAS,L,0.009473684,0,-0.284210526,0.131578947,0.016842105,0,9.677419355,-0.069230769,0.05,0.049834179,-0.06900117,0.224057457,0.996683572,
Mason Guerra ATL,R,0.007058824,0,-0.282352941,0.135294118,-0.084705882,0,9.670886076,-0.068571429,0.05,0.051352795,-0.070426691,0.230852383,1.027055906,
David Smith NA,B,0.012941176,0,-0.282352941,0.135294118,-0.050588235,0,9.691358025,-0.068571429,0.05,0.050192993,-0.068836105,0.225490015,1.003859867,
Starlyn Nunez BOS,B,0.011764706,0,-0.282352941,0.135294118,0.050588235,0,9.66442953,-0.068571429,0.05,0.04904261,-0.067258437,0.22031608,0.980852206,
Jakey Josepha ARI,L,0.011578947,0,-0.284210526,0.131578947,0.016842105,0,9.672131148,-0.069230769,0.048717949,0.04784765,-0.067994028,0.220598541,0.982135964,
Jordan Thompson LAN,R,0.011176471,0,-0.282352941,0.135294118,0.050588235,0,9.666666667,-0.068571429,0.05,0.049782385,-0.068272985,0.223624465,0.995647701,
Ismael Mena NA,L,0.01,0,-0.284210526,0.131578947,-0.050526316,0,9.683377309,-0.069230769,0.048717949,0.048861633,-0.069434952,0.225149082,1.002949311,
Jean Arnaez NA,R,0.01,0,-0.282352941,0.135294118,0.017058824,0,9.668246445,-0.068571429,0.048571429,0.048479374,-0.068441469,0.224044574,0.998104753,
Samuel Mongelli LAN,R,0.013529412,0,-0.282352941,0.135294118,0.017058824,0,9.705882353,-0.068571429,0.048571429,0.048883833,-0.069012471,0.225883568,1.006431866,
Bryan Rincon PHI,B,0.020588235,0,-0.282352941,0.135294118,0.050588235,0,9.69924812,-0.068571429,0.048571429,0.056146706,-0.079265938,0.259437086,1.155961601,
Wyatt Crenshaw NA,L,0.009473684,0,-0.284210526,0.131578947,-0.050526316,0,9.684210526,-0.069230769,0.048717949,0.048383421,-0.068755388,0.222803515,0.99313338,
Willy Montero NYA,R,0.008823529,0,-0.282352941,0.135294118,0.017058824,0,9.671361502,-0.068571429,0.048571429,0.047463009,-0.067006601,0.219194086,0.977179593,
Jesus Hernandez MIA,R,0.013529412,0,-0.282352941,0.135294118,0.017058824,0,9.705882353,-0.068571429,0.048571429,0.04812002,-0.067934145,0.222152015,0.990706287,
Jordan Sprinkle CHA,R,0.030588235,0,-0.282352941,0.135294118,0.017058824,0,9.657142857,-0.068571429,0.048571429,0.0531755,-0.075071295,0.245462802,1.094789715,
Jacob Vogel NA,R,0.013529412,0,-0.282352941,0.135294118,0.017058824,0,9.705882353,-0.068571429,0.048571429,0.048476548,-0.068437479,0.223723117,0.998046569,
Ynmanol Marinez NA,R,0.01,0,-0.282352941,0.135294118,0.017058824,0,9.668246445,-0.068571429,0.048571429,0.048710429,-0.068767664,0.224696194,1.002861771,
Joseph Stewart NA,R,0.014705882,0,-0.282352941,0.135294118,-0.050588235,0,9.68847352,-0.068571429,0.048571429,0.048451766,-0.068402493,0.223464103,0.99753635,
Justin Miknis NA,L,0.008421053,0,-0.284210526,0.131578947,-0.084210526,0,9.6875,-0.069230769,0.048717949,0.048693336,-0.069195793,0.223858847,0.99949479,
Luis Lameda MIL,B,0.009411765,0,-0.288235294,0.135294118,0.017058824,0,9.684684685,-0.07,0.048571429,0.049314164,-0.071070413,0.227280136,1.015291619,
Manuel Sequera NA,R,0.01,0,-0.288235294,0.135294118,-0.118235294,0,9.673202614,-0.07,0.048571429,0.048507426,-0.069907761,0.223459158,0.998682294,
Timothy Borden NA,R,0.01,0,-0.288235294,0.135294118,0.017058824,0,9.683257919,-0.07,0.048571429,0.048540137,-0.069954903,0.22357787,0.999355763,
Aiva Arquette MIA,R,0.012941176,0,-0.288235294,0.135294118,0.050588235,0,9.681528662,-0.07,0.048571429,0.049234762,-0.07095598,0.226775313,1.013656861,
Archer Brookman ATL,R,0.007647059,0,-0.288235294,0.135294118,0.084705882,0,9.716981132,-0.07,0.048571429,0.056496785,-0.081421838,0.260207909,1.16316911,
Ty Hanchey SFN,L,0.008421053,0,-0.284210526,0.131578947,0.084210526,0,9.661016949,-0.069230769,0.048717949,0.048788413,-0.069330902,0.224014539,1.001446366,
Jake DeLeo NA,R,0.011176471,0,-0.288235294,0.135294118,-0.050588235,0,9.674556213,-0.07,0.048571429,0.048377447,-0.069720439,0.222758794,0.996006269,
Marek Houston MIN,R,0.012352941,0,-0.288235294,0.135294118,0.050588235,0,9.683544304,-0.07,0.048571429,0.050868396,-0.073310336,0.234217097,1.04729051,
Brenny Escanio NA,B,0.012352941,0,-0.288235294,0.135294118,0.050588235,0,9.683544304,-0.07,0.048571429,0.048542091,-0.069957719,0.223497924,0.999395993,
Manuel Beltre TOR,R,0.012352941,0,-0.288235294,0.135294118,0.050588235,0,9.683544304,-0.07,0.048571429,0.049486413,-0.071318655,0.2277765,1.018837922,
Jayce Easley NA,R,0.015294118,0,-0.288235294,0.135294118,0.017058824,0,9.669811321,-0.07,0.048571429,0.048781829,-0.070303224,0.224468151,1.004331772,
Cody Miller ATL,R,0.013529412,0,-0.288235294,0.135294118,0.017058824,0,9.674418605,-0.07,0.048571429,0.045589808,-0.065702958,0.209753878,0.938613688,
Jorge Camarillo OAK,R,0.011176471,0,-0.288235294,0.135294118,0.050588235,0,9.6875,-0.07,0.048571429,0.05069574,-0.073061507,0.233145532,1.043735818,
Alberto Mendez NA,L,0.008421053,0,-0.284210526,0.131578947,0.016842105,0,9.68,-0.069230769,0.048717949,0.048939726,-0.069545926,0.22427433,1.004552267,
Ethan Long SDN,R,0.007647059,0,-0.288235294,0.135294118,-0.084705882,0,9.678217822,-0.07,0.048571429,0.048447546,-0.069821464,0.222653666,0.997449483,
Stephen Hrustich DET,R,0.008823529,0,-0.288235294,0.135294118,-0.050588235,0,9.678362573,-0.07,0.048571429,0.04921284,-0.070924387,0.22611809,1.013205524,
Zane Zielinski SFN,R,0.014705882,0,-0.288235294,0.135294118,0.050588235,0,9.675324675,-0.07,0.048571429,0.048902827,-0.070477604,0.224599034,1.006822909,
Jonathan GuzmÃ¡n NA,R,0.01,0,-0.288235294,0.135294118,0.017058824,0,9.683257919,-0.07,0.048571429,0.048534923,-0.069947389,0.222889355,0.999248421,
Juan Flores LAA,R,0.007647059,0,-0.288235294,0.135294118,0.084705882,0,9.716981132,-0.07,0.048571429,0.049662912,-0.07157302,0.228053113,1.022471711,
Yeiker Reyes COL,L,0.014736842,0,-0.289473684,0.131578947,0.016842105,0,9.677419355,-0.070512821,0.047435897,0.047582618,-0.070730918,0.223714821,1.003093021,
Justin Bench NA,R,0.01,0,-0.288235294,0.135294118,0.017058824,0,9.683257919,-0.07,0.048571429,0.048539488,-0.069953968,0.222865348,0.999342403,
Rafhlmil Torres CIN,B,0.011764706,0,-0.288235294,0.135294118,0.017058824,0,9.678899083,-0.07,0.048571429,0.047472754,-0.068416615,0.217927445,0.97738022,
Carlos Santiago NA,B,0.010588235,0,-0.288235294,0.135294118,0.017058824,0,9.681818182,-0.07,0.048571429,0.048776707,-0.070295843,0.223908328,1.00422633,
Alfredo Alcantara CIN,R,0.008823529,0,-0.288235294,0.135294118,0.017058824,0,9.686098655,-0.07,0.048571429,0.049926891,-0.07195346,0.229139906,1.027906576,
Elaineiker Coronado TOR,L,0.007368421,0,-0.289473684,0.131578947,0.016842105,0,9.694656489,-0.070512821,0.047435897,0.047454237,-0.070540083,0.222999184,1.000386626,
Barrett Riebock NA,L,0.01,0,-0.289473684,0.131578947,-0.117894737,0,9.674329502,-0.070512821,0.047435897,0.047451441,-0.070535925,0.22298104,1.000327669,
Albertson Asigen NA,R,0.012941176,0,-0.288235294,0.135294118,-0.050588235,0,9.671641791,-0.07,0.048571429,0.048772931,-0.070290401,0.223801624,1.004148584,
Franyerber Montilla DET,B,0.015294118,0,-0.288235294,0.135294118,0.050588235,0,9.673202614,-0.07,0.048571429,0.048324154,-0.069643634,0.22169061,0.994909054,
Camden Janik PIT,R,0.009411765,0,-0.288235294,0.135294118,-0.050588235,0,9.677419355,-0.07,0.047142857,0.048004046,-0.071278736,0.226855777,1.018267651,
Yoeilin Cespedes BOS,R,0.009411765,0,-0.288235294,0.135294118,-0.118235294,0,9.673913043,-0.07,0.047142857,0.051303621,-0.076178103,0.242418313,1.088258617,
Jose Sibrian NA,R,0.01,0,-0.288235294,0.135294118,0.084705882,0,9.705882353,-0.07,0.047142857,0.047055528,-0.06987033,0.222336374,0.998147574,
Kevin Bazzell WAS,R,0.009411765,0,-0.288235294,0.135294118,0.084705882,0,9.708737864,-0.07,0.047142857,0.046166643,-0.068550469,0.218079608,0.979292419,
Michael Salvatore NA,R,0.010588235,0,-0.288235294,0.135294118,0.017058824,0,9.681818182,-0.07,0.047142857,0.047409123,-0.070395365,0.223919611,1.005648072,
Manolfi Jimenez PHI,L,0.008947368,0,-0.289473684,0.131578947,-0.050526316,0,9.693094629,-0.070512821,0.047435897,0.046514922,-0.069143803,0.218331138,0.980584845,
Ruben Santana ARI,R,0.009411765,0,-0.288235294,0.135294118,-0.084705882,0,9.675810474,-0.07,0.047142857,0.046830147,-0.069535674,0.221096621,0.993366765,
John Tincher CLE,R,0.008823529,0,-0.288235294,0.135294118,0.084705882,0,9.711538462,-0.07,0.047142857,0.047778981,-0.070944547,0.225332043,1.013493528,
Austin St. Laurent SEA,R,0.01,0,-0.288235294,0.135294118,0.017058824,0,9.683257919,-0.07,0.047142857,0.047706802,-0.070837373,0.224973425,1.011962472,
Wyatt Sanford PIT,L,0.015789474,0,-0.289473684,0.131578947,0.050526316,0,9.666666667,-0.070512821,0.047435897,0.050328454,-0.074812566,0.235859701,1.060978215,
Ryan McCarthy NA,L,0.009473684,0,-0.289473684,0.131578947,-0.050526316,0,9.692307692,-0.070512821,0.047435897,0.047610369,-0.07077217,0.223119636,1.003678042,
Braylin Morel TEX,R,0.008823529,0,-0.288235294,0.135294118,-0.118235294,0,9.67462039,-0.07,0.047142857,0.047033167,-0.069837126,0.221782759,0.99767323,
Javier Mogollon CHA,R,0.012941176,0,-0.288235294,0.135294118,0.017058824,0,9.675925926,-0.07,0.047142857,0.046420508,-0.068927421,0.218868194,0.984677443,
Mac Guscette ATL,R,0.008235294,0,-0.288235294,0.135294118,0.084705882,0,9.714285714,-0.07,0.047142857,0.047081333,-0.069908646,0.221954958,0.998694945,
Brandon Eike SEA,R,0.007647059,0,-0.294117647,0.135294118,-0.084705882,0,9.685990338,-0.071428571,0.047142857,0.047591428,-0.072108225,0.224217352,1.009515146,
Jefferson Valladares NA,R,0.008823529,0,-0.294117647,0.135294118,0.084705882,0,9.652173913,-0.071428571,0.047142857,0.04721312,-0.07153503,0.222432024,1.001490421,
Ryan Leitch NA,R,0.01,0,-0.294117647,0.135294118,0.084705882,0,9.646017699,-0.071428571,0.047142857,0.047019667,-0.071241919,0.221502668,0.997386869,
Kay-Lan Nicasia MIL,B,0.012941176,0,-0.294117647,0.135294118,-0.050588235,0,9.68115942,-0.071428571,0.047142857,0.050981569,-0.077244801,0.24015146,1.081427214,
Marco Argudin TEX,L,0.009473684,0,-0.289473684,0.131578947,0.016842105,0,9.689922481,-0.070512821,0.047435897,0.047193511,-0.070152517,0.220900454,0.994890238,
Luis Caicuto PHI,R,0.008235294,0,-0.294117647,0.135294118,0.084705882,0,9.655172414,-0.071428571,0.047142857,0.048714096,-0.073809236,0.229368107,1.03332931,
Samuel Hernandez SLN,R,0.008823529,0,-0.294117647,0.135294118,-0.084705882,0,9.684466019,-0.071428571,0.047142857,0.047921287,-0.07260801,0.225558962,1.016512143,
Jesus Galiz LAN,R,0.008823529,0,-0.294117647,0.135294118,0.084705882,0,9.652173913,-0.071428571,0.047142857,0.04881571,-0.073963197,0.229766819,1.035484756,
Edgleen Perez PIT,R,0.007647059,0,-0.294117647,0.135294118,0.084705882,0,9.658119658,-0.071428571,0.047142857,0.047256546,-0.071600827,0.222423101,1.002411582,
Ronaldo Flores NA,R,0.009411765,0,-0.294117647,0.135294118,0.084705882,0,9.649122807,-0.071428571,0.047142857,0.047199303,-0.071514095,0.222143662,1.001197334,
Stiven Acevedo NA,R,0.013529412,0,-0.294117647,0.135294118,-0.050588235,0,9.680232558,-0.071428571,0.047142857,0.0471918,-0.071502728,0.222101344,1.001038189,
John Dix ARI,B,0.012941176,0,-0.294117647,0.135294118,0.017058824,0,9.690265487,-0.071428571,0.047142857,0.046793788,-0.070899678,0.220087206,0.992595493,
Curtis Washington SEA,R,0.016470588,0,-0.294117647,0.135294118,-0.050588235,0,9.675516224,-0.071428571,0.047142857,0.046833161,-0.070959335,0.220220736,0.993430694,
Pedro Ibarguen MIL,R,0.012352941,0,-0.294117647,0.135294118,-0.050588235,0,9.682080925,-0.071428571,0.047142857,0.04783052,-0.072470484,0.224835474,1.014586779,
Randy Guzman NYN,R,0.009411765,0,-0.294117647,0.135294118,-0.084705882,0,9.683698297,-0.071428571,0.047142857,0.04869375,-0.073778408,0.228824029,1.032897719,
Larry Martinez TBA,R,0.008235294,0,-0.294117647,0.135294118,-0.084705882,0,9.685230024,-0.071428571,0.047142857,0.046773943,-0.07086961,0.219758724,0.992174544,
Kalae Harrison NA,L,0.011052632,0,-0.294736842,0.131578947,0.016842105,0,9.698113208,-0.071794872,0.046153846,0.046094423,-0.071702435,0.2211499,0.998712489,
Geraldi Diaz WAS,L,0.009473684,0,-0.294736842,0.131578947,0.084210526,0,9.705882353,-0.071794872,0.046153846,0.046275587,-0.071984247,0.222000035,1.002637727,
Luis Guanipa ATL,R,0.01,0,-0.294117647,0.135294118,-0.050588235,0,9.685714286,-0.071428571,0.047142857,0.049933143,-0.075656277,0.234494664,1.05918788,
Jommer Hernandez NA,R,0.009411765,0,-0.294117647,0.135294118,0.084705882,0,9.649122807,-0.071428571,0.047142857,0.047276553,-0.071631141,0.222001812,1.002835979,
Rafael Morel NA,R,0.012352941,0,-0.294117647,0.135294118,-0.050588235,0,9.682080925,-0.071428571,0.047142857,0.046936032,-0.0711152,0.22022955,0.995612794,
Trevor Werner KCA,R,0.012941176,0,-0.294117647,0.135294118,-0.050588235,0,9.68115942,-0.071428571,0.047142857,0.04744764,-0.071890363,0.222577741,1.006465087,
Luis Mendez COL,L,0.009473684,0,-0.294736842,0.131578947,-0.084210526,0,9.678800857,-0.071794872,0.046153846,0.045856137,-0.071331768,0.219714558,0.993549627,
Benjamin Metzinger NA,R,0.009411765,0,-0.294117647,0.135294118,-0.084705882,0,9.683698297,-0.071428571,0.047142857,0.047154501,-0.071446213,0.221174613,1.000246984,
Jordan Dissin PHI,R,0.008235294,0,-0.294117647,0.135294118,0.084705882,0,9.655172414,-0.071428571,0.047142857,0.04762343,-0.072156712,0.223335702,1.010193964,
Jarrod Belbin NA,L,0.008947368,0,-0.294736842,0.131578947,-0.084210526,0,9.679487179,-0.071794872,0.046153846,0.046051568,-0.071635772,0.220584092,0.997783964,
Dylan Shockley NA,R,0.007647059,0,-0.294117647,0.135294118,0.084705882,0,9.658119658,-0.071428571,0.047142857,0.047294842,-0.071658851,0.221740576,1.003223917,
Harrison Spohn NA,R,0.005740741,0,-0.288888889,0.131481481,0.016481481,0,9.681697613,-0.071834818,0.04650844,0.046615551,-0.072000257,0.221514988,1.002303051,
Nolan Beltran PHI,L,0.007894737,0,-0.294736842,0.131578947,0.050526316,0,9.660194175,-0.071794872,0.046153846,0.048588641,-0.075582331,0.232604921,1.052753898,
Devin Fitz-Gerald WAS,B,0.010588235,0,-0.294117647,0.135294118,0.050588235,0,9.707602339,-0.071428571,0.045714286,0.05264668,-0.082260438,0.254451606,1.151646131,
Devin Saltiban PHI,R,0.014705882,0,-0.294117647,0.135294118,0.017058824,0,9.686098655,-0.071428571,0.045714286,0.044449631,-0.069452548,0.21480937,0.972335677,
Cristhian Vaquero WAS,B,0.013529412,0,-0.294117647,0.135294118,0.017058824,0,9.688888889,-0.071428571,0.045714286,0.047078382,-0.073559971,0.227444195,1.0298396,
German Ortiz OAK,L,0.007368421,0,-0.294736842,0.131578947,-0.084210526,0,9.681528662,-0.071794872,0.046153846,0.046237809,-0.07192548,0.221245756,1.001819185,
Jesus Ordonez NA,R,0.01,0,-0.294117647,0.135294118,0.084705882,0,9.646017699,-0.071428571,0.045714286,0.045846596,-0.071635307,0.22146313,1.002894296,
Dominick Tello PHI,R,0.007058824,0,-0.294117647,0.135294118,-0.084705882,0,9.686746988,-0.071428571,0.045714286,0.047890645,-0.074829132,0.231239529,1.047607853,
Jacob Friend CIN,L,0.008947368,0,-0.294736842,0.131578947,0.084210526,0,9.708029197,-0.071794872,0.046153846,0.048747467,-0.075829393,0.233119161,1.056195115,
Bryan Broecker TBA,R,0.008823529,0,-0.294117647,0.135294118,0.084705882,0,9.652173913,-0.071428571,0.045714286,0.046047603,-0.07194938,0.222259838,1.007291324,
Jack Herman NA,R,0.010588235,0,-0.294117647,0.135294118,-0.050588235,0,9.684813754,-0.071428571,0.045714286,0.04590512,-0.071726751,0.221551022,1.004174509,
Angel Galarraga NA,L,0.009473684,0,-0.294736842,0.131578947,0.084210526,0,9.705882353,-0.071794872,0.046153846,0.046079438,-0.071679126,0.220267318,0.998387829,
Wilman Diaz NA,R,0.010588235,0,-0.294117647,0.135294118,0.017058824,0,9.695652174,-0.071428571,0.045714286,0.045927098,-0.07176109,0.221642021,1.004655264,
Carter Frederick KCA,R,0.011176471,0,-0.294117647,0.135294118,-0.050588235,0,9.683908046,-0.071428571,0.045714286,0.045706248,-0.071416013,0.220523222,0.999824185,
Fadriel Cruz NA,L,0.01,0,-0.294736842,0.131578947,-0.050526316,0,9.675,-0.071794872,0.046153846,0.0463226,-0.072057378,0.221255036,1.003656338,
Kade Kern NA,R,0.011764706,0,-0.294117647,0.135294118,-0.050588235,0,9.682997118,-0.071428571,0.045714286,0.045671505,-0.071361727,0.220227714,0.999064182,
Enzo Paulino NA,L,0.008947368,0,-0.294736842,0.131578947,-0.084210526,0,9.679487179,-0.071794872,0.046153846,0.046432115,-0.072227734,0.221753975,1.006029148,
Emanuel Andrews NA,R,0.010588235,0,-0.3,0.135294118,-0.050588235,0,9.693593315,-0.072857143,0.045714286,0.046146705,-0.073546311,0.222468649,1.009459167,
Jean Joseph TOR,R,0.008823529,0,-0.3,0.135294118,0.017058824,0,9.672131148,-0.072857143,0.045714286,0.045782303,-0.072965545,0.220688869,1.001487872,
Robert Lopez NA,L,0.007368421,0,-0.294736842,0.131578947,-0.084210526,0,9.681528662,-0.071794872,0.046153846,0.046391982,-0.072165305,0.221480887,1.0051596,
David McCroskey LAA,R,0.012941176,0,-0.3,0.135294118,0.017058824,0,9.703389831,-0.072857143,0.045714286,0.045794964,-0.072985724,0.220729865,1.001764833,
Chase Call HOU,R,0.013529412,0,-0.3,0.135294118,-0.050588235,0,9.689265537,-0.072857143,0.045714286,0.044572912,-0.071038078,0.214785996,0.97503244,
Carlos Gutierrez NA,L,0.010526316,0,-0.294736842,0.131578947,-0.050526316,0,9.674185464,-0.071794872,0.046153846,0.046003884,-0.071561597,0.219501474,0.996750814,
Patrick Lee DET,R,0.021764706,0,-0.3,0.135294118,-0.118235294,0,9.673202614,-0.072857143,0.045714286,0.045663171,-0.072775679,0.219927816,0.998881866,
Jaron Elkins LAN,R,0.02,0,-0.3,0.135294118,-0.050588235,0,9.679300292,-0.072857143,0.045714286,0.046273548,-0.073748468,0.22281292,1.012233872,
John Cruz MIA,L,0.01,0,-0.294736842,0.131578947,-0.050526316,0,9.675,-0.071794872,0.046153846,0.046553946,-0.072417249,0.221962619,1.008668828,
Jong Hyoun Sim NA,R,0.009411765,0,-0.3,0.135294118,0.017058824,0,9.670781893,-0.072857143,0.045714286,0.045823021,-0.07303044,0.220546343,1.002378583,
Ryan Burrowes CHA,R,0.018823529,0,-0.3,0.135294118,-0.118235294,0,9.676724138,-0.072857143,0.045714286,0.046590959,-0.074254341,0.224168032,1.019177231,
Angelo DiSpigna NA,L,0.008947368,0,-0.3,0.131578947,-0.050526316,0,9.684466019,-0.073076923,0.046153846,0.046092111,-0.072979176,0.219620843,0.998662406,
Robert Robertis NA,L,0.009473684,0,-0.3,0.131578947,-0.050526316,0,9.683698297,-0.073076923,0.044871795,0.044915648,-0.073148342,0.220088884,1.000977305,
Thomas Loftin NA,R,0.017058824,0,-0.3,0.135294118,0.017058824,0,9.694323144,-0.072857143,0.045714286,0.04564165,-0.07274138,0.21946374,0.998411104,
Theodore Hardy TEX,B,0.012352941,0,-0.3,0.135294118,0.017058824,0,9.663865546,-0.072857143,0.045714286,0.043979502,-0.070092331,0.211402182,0.962051606,
Max Durrington OAK,L,0.008947368,0,-0.3,0.131578947,0.016842105,0,9.678571429,-0.073076923,0.044871795,0.045096889,-0.073443505,0.220828231,1.005016389,
Aneudis Mordan NA,R,0.008823529,0,-0.3,0.135294118,-0.084705882,0,9.691943128,-0.072857143,0.045714286,0.045910892,-0.073170483,0.220642867,1.004300754,
Kendry Chirinos TOR,R,0.007058824,0,-0.3,0.135294118,-0.084705882,0,9.694117647,-0.072857143,0.045714286,0.047593642,-0.075852367,0.228642535,1.041110926,
Austin Charles KCA,R,0.013529412,0,-0.3,0.135294118,0.017058824,0,9.70212766,-0.072857143,0.045714286,0.048572591,-0.077412567,0.23334546,1.062525431,
Andres Valor MIA,R,0.017647059,0,-0.3,0.135294118,-0.050588235,0,9.682997118,-0.072857143,0.045714286,0.044382559,-0.070734703,0.213152232,0.970868475,
Ronny Ugarte COL,L,0.006842105,0,-0.3,0.131578947,-0.084210526,0,9.68879668,-0.073076923,0.044871795,0.045384002,-0.073911089,0.222024787,1.011414898,
Cody Wilson NA,R,0.013529412,0,-0.3,0.135294118,-0.118235294,0,9.682875264,-0.072857143,0.045714286,0.04606782,-0.073420589,0.22114814,1.007733572,
Colby Jones ATL,R,0.022352941,0,-0.3,0.135294118,0.017058824,0,9.681818182,-0.072857143,0.045714286,0.047351519,-0.075466483,0.227304308,1.035814477,
Edwin Amparo BAL,B,0.020588235,0,-0.3,0.135294118,0.017058824,0,9.686098655,-0.072857143,0.045714286,0.044041183,-0.070190636,0.21131524,0.963400884,
Roger Lasso NA,R,0.008235294,0,-0.3,0.135294118,-0.084705882,0,9.692671395,-0.072857143,0.045714286,0.045555981,-0.072604845,0.218549553,0.996537092,
Nikau Pouaka-Grego PHI,L,0.007894737,0,-0.3,0.131578947,0.016842105,0,9.680851064,-0.073076923,0.044871795,0.046101358,-0.075079354,0.225311244,1.027401684,
Jeremy Rodriguez NYN,L,0.013157895,0,-0.3,0.131578947,0.050526316,0,9.660194175,-0.073076923,0.044871795,0.044657173,-0.072727396,0.218245116,0.995216996,
Elio Campos ATL,R,0.012352941,0,-0.3,0.135294118,0.017058824,0,9.663865546,-0.072857143,0.044285714,0.044230169,-0.072765761,0.218927064,0.998745741,
Brian Friedrick NA,L,0.007894737,0,-0.3,0.131578947,-0.084210526,0,9.6875,-0.073076923,0.044871795,0.044771226,-0.072913139,0.218688761,0.997758742,
Diego Mosquera NYN,R,0.01,0,-0.3,0.135294118,0.017058824,0,9.669421488,-0.072857143,0.044285714,0.042035444,-0.069155086,0.208019176,0.949187452,
Miguel Briceno MIN,R,0.011764706,0,-0.3,0.135294118,-0.050588235,0,9.691876751,-0.072857143,0.044285714,0.045268788,-0.074474458,0.22395448,1.022198447,
Colin Tuft BAL,R,0.015294118,0,-0.3,0.135294118,0.084705882,0,9.649122807,-0.072857143,0.044285714,0.045780074,-0.075315605,0.226417759,1.033743598,
Sean Barnett SDN,R,0.008235294,0,-0.3,0.135294118,-0.118235294,0,9.68879668,-0.072857143,0.044285714,0.044394239,-0.073035683,0.219513615,1.002450554,
Garrett Howe CLE,L,0.014736842,0,-0.3,0.131578947,0.016842105,0,9.665427509,-0.073076923,0.044871795,0.043575336,-0.070965547,0.212588054,0.97110749,
Demetrio Nadal MIL,R,0.012941176,0,-0.3,0.135294118,-0.050588235,0,9.690140845,-0.072857143,0.044285714,0.044222035,-0.072752379,0.21858324,0.99856207,
Tyler Whitaker HOU,R,0.011176471,0,-0.3,0.135294118,-0.050588235,0,9.69273743,-0.072857143,0.044285714,0.050016341,-0.082284948,0.247211251,1.129401248,
Nicolas Perez LAN,R,0.019411765,0,-0.3,0.135294118,0.017058824,0,9.688888889,-0.072857143,0.044285714,0.049044127,-0.080685499,0.24223875,1.10744802,
Antonio Anderson BOS,B,0.007647059,0,-0.3,0.135294118,0.017058824,0,9.674796748,-0.072857143,0.044285714,0.044645024,-0.073448265,0.220508685,1.008113439,
Breyson Guedez OAK,L,0.007368421,0,-0.3,0.131578947,-0.050526316,0,9.686746988,-0.073076923,0.044871795,0.047349405,-0.077111887,0.230730212,1.055215301,
Ricardo Rosario NA,R,0.012352941,0,-0.305882353,0.135294118,-0.050588235,0,9.673024523,-0.074285714,0.044285714,0.044462572,-0.074582379,0.219419781,1.003993562,
Nicholas Lucky NA,L,0.010526316,0,-0.3,0.131578947,0.050526316,0,9.668246445,-0.073076923,0.044871795,0.045117634,-0.073477289,0.219743347,1.005478696,
Yerald Nin ARI,L,0.012631579,0,-0.3,0.131578947,0.016842105,0,9.67032967,-0.073076923,0.044871795,0.045756229,-0.074517287,0.222818925,1.019710245,
Arxy Hernandez CHA,R,0.008235294,0,-0.305882353,0.135294118,0.017058824,0,9.68627451,-0.074285714,0.044285714,0.044250877,-0.074227278,0.21831513,0.999213363,
Daniel Pena MIN,R,0.008235294,0,-0.305882353,0.135294118,0.084705882,0,9.705882353,-0.074285714,0.044285714,0.043989077,-0.073788129,0.217014577,0.993301737,
Joel Dragoo PHI,R,0.009411765,0,-0.305882353,0.135294118,-0.050588235,0,9.677419355,-0.074285714,0.044285714,0.044288866,-0.074291,0.218381539,1.00007116,
Jared Thomas NA,L,0.008947368,0,-0.305263158,0.131578947,0.084210526,0,9.683544304,-0.074358974,0.043589744,0.043776768,-0.074678016,0.219224578,1.004290561,
Ben McCabe COL,R,0.009411765,0,-0.305882353,0.135294118,0.084705882,0,9.701492537,-0.074285714,0.044285714,0.044480501,-0.074612453,0.219238074,1.0043984,
Blayberg Diaz MIL,R,0.008235294,0,-0.305882353,0.135294118,0.084705882,0,9.705882353,-0.074285714,0.044285714,0.04450261,-0.074649539,0.219327954,1.00489764,
Bernard Moon CIN,R,0.011176471,0,-0.305882353,0.135294118,0.017058824,0,9.68,-0.074285714,0.044285714,0.044518116,-0.07467555,0.219298826,1.005247788,
Haskell Ross WAS,R,0.009411765,0,-0.305882353,0.135294118,-0.084705882,0,9.675925926,-0.074285714,0.044285714,0.044369659,-0.074426525,0.218534454,1.001895526,
Cade McGee SLN,R,0.012352941,0,-0.305882353,0.135294118,0.017058824,0,9.677419355,-0.074285714,0.044285714,0.04731786,-0.079371894,0.233022142,1.068467798,
Yasser Mercedes MIN,R,0.014705882,0,-0.305882353,0.135294118,0.017058824,0,9.672131148,-0.074285714,0.044285714,0.045921721,-0.077029983,0.226115591,1.036942085,
Luis Reyes NA,R,0.008823529,0,-0.305882353,0.135294118,-0.084705882,0,9.676674365,-0.074285714,0.044285714,0.044349598,-0.074392874,0.21836154,1.001442533,
Christian Gonzalez CHA,L,0.008947368,0,-0.305263158,0.131578947,-0.050526316,0,9.691943128,-0.074358974,0.043589744,0.043460578,-0.074138632,0.217399882,0.997036781,
Gregory Duran MIN,L,0.008421053,0,-0.305263158,0.131578947,-0.084210526,0,9.673469388,-0.074358974,0.043589744,0.043736134,-0.074608699,0.218763229,1.003358371,
Henry Ramos KCA,L,0.012105263,0,-0.305263158,0.131578947,-0.050526316,0,9.6875,-0.074358974,0.043589744,0.044985937,-0.076740716,0.224998089,1.032030314,
Kevin Villavicencio NYN,R,0.013529412,0,-0.305882353,0.135294118,0.017058824,0,9.674796748,-0.074285714,0.044285714,0.04420261,-0.074146313,0.21759191,0.998123449,
Ichiro Cano CIN,L,0.007894737,0,-0.305263158,0.131578947,-0.084210526,0,9.67413442,-0.074358974,0.043589744,0.04452301,-0.075951017,0.22266028,1.021410229,
Cristian Feliz NA,L,0.007894737,0,-0.305263158,0.131578947,-0.084210526,0,9.67413442,-0.074358974,0.043589744,0.043713109,-0.074569421,0.218506659,1.002830139,
Jose De Jesus NA,B,0.012352941,0,-0.305882353,0.135294118,0.017058824,0,9.677419355,-0.074285714,0.044285714,0.044411958,-0.074497479,0.218502108,1.002850675,
Eduardo Beltre MIN,R,0.012352941,0,-0.305882353,0.135294118,0.017058824,0,9.677419355,-0.074285714,0.044285714,0.044667048,-0.074925371,0.219746028,1.008610768,
Jake Cunningham SDN,R,0.018235294,0,-0.305882353,0.135294118,-0.050588235,0,9.691011236,-0.074285714,0.044285714,0.046195014,-0.077488411,0.227249519,1.04311323,
Anthony Huezo HOU,L,0.011052632,0,-0.305263158,0.131578947,-0.050526316,0,9.688995215,-0.074358974,0.043589744,0.044016481,-0.075086938,0.21998777,1.00978986,
Sanson Faltine CIN,R,0.014117647,0,-0.305882353,0.135294118,0.017058824,0,9.673469388,-0.074285714,0.044285714,0.044190288,-0.074125644,0.217372597,0.997845214,
Angel Tejada NA,R,0.019411765,0,-0.305882353,0.135294118,-0.050588235,0,9.689265537,-0.074285714,0.044285714,0.044364768,-0.07441832,0.218179773,1.001785074,
Nicolas Deschamps TOR,L,0.007894737,0,-0.305263158,0.131578947,0.084210526,0,9.6875,-0.074358974,0.043589744,0.043488395,-0.074186086,0.217272652,0.997674946,
Luis Guevara BAL,B,0.012352941,0,-0.305882353,0.135294118,0.017058824,0,9.677419355,-0.074285714,0.044285714,0.044548617,-0.074726713,0.219067825,1.005936517,
Reidy Mercado NA,B,0.015294118,0,-0.305882353,0.135294118,-0.050588235,0,9.695290859,-0.074285714,0.044285714,0.043877546,-0.073601045,0.21572721,0.990783295,
Josmir Reyes NYN,L,0.007894737,0,-0.305263158,0.131578947,0.084210526,0,9.6875,-0.074358974,0.043589744,0.043593591,-0.074365537,0.217595202,1.000088254,
Kevin Fitzer COL,R,0.008823529,0,-0.305882353,0.135294118,-0.084705882,0,9.676674365,-0.074285714,0.044285714,0.045711032,-0.076676569,0.224508405,1.032184586,
Yeniel Laboy NA,L,0.008947368,0,-0.305263158,0.131578947,0.016842105,0,9.689655172,-0.074358974,0.043589744,0.043636253,-0.074438315,0.217717054,1.001066989,
Carlos Rodriguez OAK,R,0.007647059,0,-0.305882353,0.135294118,0.084705882,0,9.708029197,-0.074285714,0.044285714,0.04451253,-0.074666179,0.218597876,1.005121646,
Trey Snyder NYN,R,0.015294118,0,-0.305882353,0.135294118,-0.118235294,0,9.6875,-0.074285714,0.042857143,0.042870856,-0.074309483,0.217535582,1.000319967,
Jefferson Encarnacion NA,L,0.008947368,0,-0.305263158,0.131578947,-0.050526316,0,9.691943128,-0.074358974,0.043589744,0.043737308,-0.074610702,0.218154025,1.003385299,
Gavin Dugas WAS,R,0.009411765,0,-0.305882353,0.135294118,0.017058824,0,9.683794466,-0.074285714,0.042857143,0.04300326,-0.074538984,0.218055915,1.003409406,
James Obertop COL,R,0.009411765,0,-0.305882353,0.135294118,-0.084705882,0,9.675925926,-0.074285714,0.042857143,0.039855249,-0.069082432,0.202084978,0.929955813,
Filippo Di Turi MIL,B,0.008823529,0,-0.305882353,0.135294118,0.017058824,0,9.68503937,-0.074285714,0.042857143,0.042326781,-0.07336642,0.214567432,0.987624885,
Byron Chourio MIN,B,0.012352941,0,-0.305882353,0.135294118,0.017058824,0,9.677419355,-0.074285714,0.042857143,0.042820246,-0.07422176,0.216956056,0.999139074,
Yirer Garcia TBA,R,0.008823529,0,-0.305882353,0.135294118,0.084705882,0,9.703703704,-0.074285714,0.042857143,0.042864406,-0.074298305,0.217153798,1.000169485,
Drew Bowser CHN,R,0.011764706,0,-0.305882353,0.135294118,-0.084705882,0,9.672897196,-0.074285714,0.042857143,0.043326652,-0.07509953,0.219474333,1.010955213,
Jose Monzon TBA,L,0.008947368,0,-0.305263158,0.131578947,0.016842105,0,9.689655172,-0.074358974,0.043589744,0.042275187,-0.072116496,0.210540205,0.969842529,
Blaze O'Saben NA,R,0.014117647,0,-0.305882353,0.135294118,-0.050588235,0,9.67032967,-0.074285714,0.042857143,0.043070115,-0.074654866,0.21808438,1.004969356,
Joendry Vargas LAN,R,0.015882353,0,-0.305882353,0.135294118,0.050588235,0,9.672131148,-0.074285714,0.042857143,0.042977362,-0.074494094,0.217605701,1.002805113,
Carlos Pacheco OAK,R,0.012352941,0,-0.305882353,0.135294118,-0.050588235,0,9.673024523,-0.074285714,0.042857143,0.043284373,-0.075026246,0.21907837,1.009968698,
Jayvhon Blackmon NA,L,0.010526316,0,-0.305263158,0.131578947,-0.050526316,0,9.68973747,-0.074358974,0.043589744,0.043638621,-0.074442354,0.217157228,1.001121311,
Noah Martin MIL,R,0.007234043,0,-0.304255319,0.131914894,-0.116808511,0,9.685672515,-0.074918476,0.042960245,0.043152084,-0.075253024,0.217856512,1.004465494,
Randall Bednar NA,R,0.01,0,-0.305882353,0.135294118,-0.050588235,0,9.676549865,-0.074285714,0.042857143,0.042678135,-0.073975435,0.21594724,0.995823161,
Carlos Amaya NA,R,0.009411765,0,-0.311764706,0.135294118,0.084705882,0,9.655172414,-0.075714286,0.042857143,0.042836951,-0.075678614,0.216741836,0.999528859,
Anyelo EncarnaciÃ³n SLN,R,0.011176471,0,-0.311764706,0.135294118,0.017058824,0,9.692307692,-0.075714286,0.042857143,0.043695107,-0.077194689,0.221048157,1.019552496,
Greyson Mathis CHN,R,0.009411765,0,-0.311764706,0.135294118,-0.118235294,0,9.680638723,-0.075714286,0.042857143,0.047569835,-0.084040041,0.240618848,1.10996281,
Cameron Clayton MIA,R,0.009411765,0,-0.311764706,0.135294118,-0.084705882,0,9.683257919,-0.075714286,0.042857143,0.045957595,-0.081191752,0.232463781,1.072343891,
Cole Roberts NA,R,0.010588235,0,-0.311764706,0.135294118,0.017058824,0,9.69348659,-0.075714286,0.042857143,0.042890117,-0.075772541,0.216934782,1.000769403,
Chase Harlan LAN,R,0.008823529,0,-0.311764706,0.135294118,0.017058824,0,9.696969697,-0.075714286,0.042857143,0.045050992,-0.079590085,0.227825418,1.051189807,
Yaxson Lucena SLN,L,0.007368421,0,-0.310526316,0.131578947,-0.050526316,0,9.678899083,-0.075641026,0.043589744,0.04349224,-0.075471829,0.216241218,0.997763157,
Alberth Palma TBA,R,0.011764706,0,-0.311764706,0.135294118,0.050588235,0,9.7,-0.075714286,0.042857143,0.042768429,-0.075557558,0.216259417,0.997930012,
Canyon Brown KCA,R,0.010588235,0,-0.311764706,0.135294118,-0.118235294,0,9.679358717,-0.075714286,0.042857143,0.050232773,-0.088744565,0.253827206,1.172098034,
Angel Diaz LAN,R,0.008235294,0,-0.311764706,0.135294118,0.084705882,0,9.659863946,-0.075714286,0.042857143,0.043149026,-0.076229945,0.218029869,1.006810598,
Roderick Arias NYA,B,0.014705882,0,-0.311764706,0.135294118,0.017058824,0,9.68503937,-0.075714286,0.042857143,0.043530856,-0.076904512,0.219830243,1.015719976,
JosÃ© Anderson MIL,R,0.01,0,-0.311764706,0.135294118,0.017058824,0,9.694656489,-0.075714286,0.042857143,0.040764895,-0.072017982,0.205833642,0.951180889,
Alirio Ferrebus PHI,R,0.008823529,0,-0.311764706,0.135294118,0.084705882,0,9.657534247,-0.075714286,0.042857143,0.044763219,-0.079081687,0.226017102,1.044475108,
Sergio Tapia DET,R,0.008235294,0,-0.311764706,0.135294118,0.084705882,0,9.659863946,-0.075714286,0.042857143,0.042038486,-0.074267992,0.21223592,0.980898003,
Deivis Nadal NA,L,0.011052632,0,-0.310526316,0.131578947,-0.050526316,0,9.673659674,-0.075641026,0.042307692,0.042496284,-0.075978206,0.217156709,1.004457633,
Pablo Guerrero TEX,R,0.007058824,0,-0.311764706,0.135294118,-0.084705882,0,9.686098655,-0.075714286,0.042857143,0.042993609,-0.075955376,0.21687037,1.003184215,
Gunner Gouldsmith OAK,B,0.010588235,0,-0.311764706,0.135294118,0.017058824,0,9.69348659,-0.075714286,0.042857143,0.044563768,-0.078729324,0.224790639,1.039821257,
Cristhian Rodriguez NA,L,0.009473684,0,-0.310526316,0.131578947,0.016842105,0,9.698996656,-0.075641026,0.042307692,0.042493712,-0.075973606,0.217006966,1.00439683,
Reginald Preciado CHN,R,0.010588235,0,-0.311764706,0.135294118,0.017058824,0,9.69348659,-0.075714286,0.042857143,0.042778448,-0.075575259,0.215583417,0.998163798,
David Beckles TOR,R,0.008235294,0,-0.311764706,0.135294118,-0.084705882,0,9.684684685,-0.075714286,0.042857143,0.042308333,-0.074744722,0.213201423,0.987194446,
Jaxx Groshans NA,R,0.01,0,-0.311764706,0.135294118,-0.118235294,0,9.68,-0.075714286,0.042857143,0.043105022,-0.076152206,0.217178907,1.005783851,
Yohander Martinez NA,R,0.008823529,0,-0.311764706,0.135294118,0.017058824,0,9.696969697,-0.075714286,0.042857143,0.043097623,-0.076139133,0.217136597,1.005611194,
Junior Garcia ATL,L,0.008947368,0,-0.310526316,0.131578947,0.016842105,0,9.667774086,-0.075641026,0.042307692,0.041661924,-0.07448647,0.212611479,0.984736386,
Anderson Suriel NA,L,0.008947368,0,-0.310526316,0.131578947,-0.050526316,0,9.676674365,-0.075641026,0.042307692,0.04223763,-0.075515762,0.215504527,0.998343974,
James Jackson NYA,L,0.008947368,0,-0.310526316,0.131578947,0.050526316,0,9.700854701,-0.075641026,0.042307692,0.043508535,-0.077787988,0.221943684,1.028383564,
Yordany De Los Santos PIT,R,0.019411765,0,-0.311764706,0.135294118,0.050588235,0,9.679144385,-0.075714286,0.042857143,0.043793298,-0.07736816,0.220457653,1.021843626,
Tevin Tucker COL,R,0.018235294,0,-0.311764706,0.135294118,0.017058824,0,9.677419355,-0.075714286,0.042857143,0.043842228,-0.077454603,0.22065998,1.022985322,
Yolfran Castillo TEX,R,0.012941176,0,-0.311764706,0.135294118,0.050588235,0,9.696969697,-0.075714286,0.041428571,0.042124106,-0.076985434,0.219315234,1.016788756,
Rafael Ramirez Jr. WAS,L,0.009473684,0,-0.310526316,0.131578947,0.016842105,0,9.698996656,-0.075641026,0.042307692,0.042473027,-0.075936624,0.21635922,1.003907905,
JosÃ© Suarez SLN,R,0.010588235,0,-0.311764706,0.135294118,-0.050588235,0,9.684210526,-0.075714286,0.041428571,0.043384435,-0.079288794,0.225689569,1.047210491,
Jose De La Cruz NA,R,0.008823529,0,-0.311764706,0.135294118,-0.050588235,0,9.686684073,-0.075714286,0.041428571,0.041618338,-0.076061101,0.216495151,1.004580577,
Cristian Gonzalez NA,R,0.008235294,0,-0.311764706,0.135294118,0.017058824,0,9.698113208,-0.075714286,0.041428571,0.041510902,-0.075864752,0.215893192,1.001987293,
Harrison Owen NA,R,0.008235294,0,-0.311764706,0.135294118,0.084705882,0,9.659863946,-0.075714286,0.041428571,0.041382188,-0.075629517,0.215175821,0.998880409,
Luis Pineda CHA,R,0.008235294,0,-0.311764706,0.135294118,0.084705882,0,9.659863946,-0.075714286,0.041428571,0.041467293,-0.075785054,0.215586314,1.00093467,
Tony Blanco PIT,R,0.008235294,0,-0.311764706,0.135294118,-0.118235294,0,9.681908549,-0.075714286,0.041428571,0.04316044,-0.078879424,0.224324302,1.041803718,
Joshua Springer TEX,R,0.01,0,-0.311764706,0.135294118,0.084705882,0,9.652777778,-0.075714286,0.041428571,0.04348923,-0.079480318,0.225982788,1.049740044,
Enddy Azocar BOS,R,0.010588235,0,-0.311764706,0.135294118,0.017058824,0,9.69348659,-0.075714286,0.041428571,0.042688189,-0.078016345,0.221782215,1.030404552,
Thomas Carr NA,R,0.007647059,0,-0.311764706,0.135294118,-0.084705882,0,9.685393258,-0.075714286,0.041428571,0.04150278,-0.075849908,0.215609517,1.001791236,
Jesus Pinto DET,R,0.011764706,0,-0.311764706,0.135294118,0.017058824,0,9.691119691,-0.075714286,0.041428571,0.043018313,-0.078619676,0.223372739,1.038373074,
Jorge Lara ARI,B,0.011176471,0,-0.317647059,0.135294118,0.017058824,0,9.667896679,-0.077142857,0.041428571,0.041492508,-0.077261911,0.215340822,1.001543294,
Anthony DePino CHA,R,0.011764706,0,-0.317647059,0.135294118,-0.084705882,0,9.6875,-0.077142857,0.041428571,0.048524617,-0.090356184,0.251821347,1.17128387,
Slate Alford LAA,R,0.008823529,0,-0.317647059,0.135294118,-0.084705882,0,9.690949227,-0.077142857,0.041428571,0.041850823,-0.077929119,0.21718225,1.010192287,
Derek Berg PIT,R,0.009411765,0,-0.317647059,0.135294118,0.084705882,0,9.677419355,-0.077142857,0.041428571,0.048365544,-0.090059979,0.250821877,1.167444167,
Stone Russell KCA,R,0.008235294,0,-0.317647059,0.135294118,0.017058824,0,9.673913043,-0.077142857,0.041428571,0.042068897,-0.078335188,0.218144351,1.015456145,
Juan Mateo ATL,L,0.009473684,0,-0.315789474,0.131578947,0.016842105,0,9.677419355,-0.076923077,0.041025641,0.041646033,-0.078086312,0.218012688,1.015122054,
Maximus Martin BOS,R,0.011764706,0,-0.317647059,0.135294118,0.050588235,0,9.668246445,-0.077142857,0.041428571,#N/A,#N/A,#N/A,#N/A,
Angel Feliz WAS,R,0.011764706,0,-0.317647059,0.135294118,0.017058824,0,9.666666667,-0.077142857,0.041428571,0.043664854,-0.081306969,0.226264046,1.053979234,
Felix Tena NA,R,0.01,0,-0.317647059,0.135294118,-0.050588235,0,9.693094629,-0.077142857,0.041428571,0.041352115,-0.077000489,0.214268834,0.998154492,
Wyatt Hoffman SDN,R,0.012352941,0,-0.317647059,0.135294118,-0.050588235,0,9.689922481,-0.077142857,0.041428571,0.041394345,-0.077079125,0.214436696,0.999173847,
Jose Pastrano NA,B,0.010588235,0,-0.317647059,0.135294118,0.017058824,0,9.669117647,-0.077142857,0.041428571,0.041387376,-0.077066148,0.214388604,0.99900562,
Raylin Ramos BAL,R,0.010588235,0,-0.317647059,0.135294118,-0.050588235,0,9.692307692,-0.077142857,0.041428571,0.041467602,-0.077215535,0.21476214,1.000942114,
Tyson Lewis CIN,L,0.011578947,0,-0.315789474,0.131578947,0.016842105,0,9.673202614,-0.076923077,0.041025641,0.039904621,-0.074821164,0.208617416,0.972675128,
Jose Colmenares NA,R,0.008823529,0,-0.317647059,0.135294118,0.084705882,0,9.679487179,-0.077142857,0.041428571,0.041691716,-0.077632851,0.21582824,1.006351776,
Richard Paz NA,L,0.009473684,0,-0.315789474,0.131578947,0.084210526,0,9.662921348,-0.076923077,0.041025641,0.040989454,-0.076855227,0.214274832,0.99911795,
Jean Perez NA,R,0.011176471,0,-0.317647059,0.135294118,0.017058824,0,9.667896679,-0.077142857,0.041428571,0.04152574,-0.077323791,0.214962,1.002345437,
Carlos Renzullo COL,B,0.010588235,0,-0.317647059,0.135294118,-0.050588235,0,9.692307692,-0.077142857,0.041428571,0.042234581,-0.078643703,0.218617115,1.019455408,
Charles Hightower BAL,R,0.011176471,0,-0.317647059,0.135294118,0.017058824,0,9.667896679,-0.077142857,0.041428571,0.041825792,-0.077882509,0.21649405,1.009588086,
Dixon Williams ATL,L,0.009473684,0,-0.315789474,0.131578947,0.016842105,0,9.677419355,-0.076923077,0.041025641,0.046838677,-0.08782252,0.244765227,1.141692758,
Teo Banks WAS,R,0.010588235,0,-0.317647059,0.135294118,0.017058824,0,9.669117647,-0.077142857,0.041428571,0.041785574,-0.077807621,0.216230404,1.008617306,
Benjamin Newton OAK,B,0.008823529,0,-0.317647059,0.135294118,0.017058824,0,9.672727273,-0.077142857,0.041428571,0.041644502,-0.077544935,0.215470234,1.005212122,
Logan Tanner CIN,R,0.008235294,0,-0.317647059,0.135294118,0.084705882,0,9.681528662,-0.077142857,0.041428571,0.041605473,-0.07747226,0.215260261,1.004270037,
Daniel Perez NA,L,0.008947368,0,-0.315789474,0.131578947,-0.084210526,0,9.685658153,-0.076923077,0.041025641,0.041033447,-0.076937713,0.214352777,1.000190269,
Josue Gonzalez NYA,R,0.010588235,0,-0.317647059,0.135294118,-0.084705882,0,9.688888889,-0.077142857,0.041428571,0.043009429,-0.080086522,0.222469087,1.03815862,
Andrew Miller NA,R,0.008823529,0,-0.317647059,0.135294118,0.084705882,0,9.679487179,-0.077142857,0.041428571,0.041452208,-0.077186871,0.214395253,1.000570548,
Yeuni Munoz TOR,R,0.009411765,0,-0.317647059,0.135294118,-0.050588235,0,9.693877551,-0.077142857,0.041428571,0.041479952,-0.077238531,0.214514714,1.001240211,
Erick Alvarez NA,R,0.009411765,0,-0.317647059,0.135294118,-0.050588235,0,9.693877551,-0.077142857,0.041428571,0.041416707,-0.077120764,0.214042683,0.999713611,
Brenner Cox WAS,L,0.011578947,0,-0.315789474,0.131578947,-0.050526316,0,9.680365297,-0.076923077,0.041025641,0.040951746,-0.076784523,0.213717357,0.998198797,
William McGillis NA,R,0.01,0,-0.317647059,0.135294118,0.017058824,0,9.67032967,-0.077142857,0.041428571,0.041423356,-0.077133146,0.214054049,0.999874108,
Yoander Rivero WAS,R,0.008823529,0,-0.317647059,0.135294118,0.017058824,0,9.672727273,-0.077142857,0.041428571,0.041643592,-0.07754324,0.215117729,1.005190153,
Jesus Lopez TEX,L,0.007894737,0,-0.315789474,0.131578947,0.084210526,0,9.668508287,-0.076923077,0.041025641,0.040856919,-0.076606723,0.213121895,0.995887398,
Alain Camou NA,L,0.008947368,0,-0.315789474,0.131578947,0.016842105,0,9.678456592,-0.076923077,0.041025641,0.04084999,-0.076593732,0.213050903,0.995718513,
Kelvin Hidalgo COL,R,0.015294118,0,-0.317647059,0.135294118,0.050588235,0,9.705882353,-0.077142857,0.04,0.040936236,-0.078948455,0.218926991,1.023405904,
Alexey Lumpuy CHN,L,0.012631579,0,-0.315789474,0.131578947,-0.117894737,0,9.683098592,-0.076923077,0.041025641,0.04082511,-0.076547081,0.212808693,0.995112053,
Rabel Colon NA,L,0.01,0,-0.315789474,0.131578947,-0.050526316,0,9.682539683,-0.076923077,0.041025641,0.041179345,-0.077211273,0.214634135,1.003746545,
Edgardo Ordonez MIL,L,0.008421053,0,-0.315789474,0.131578947,0.084210526,0,9.666666667,-0.076923077,0.041025641,0.041146216,-0.077149155,0.214427359,1.002939017,
Junior Sanchez NA,L,0.01,0,-0.315789474,0.131578947,0.016842105,0,9.676375405,-0.076923077,0.041025641,0.041103482,-0.077069028,0.214184617,1.001897366,
Juan Montero BOS,R,0.008235294,0,-0.317647059,0.135294118,-0.118235294,0,9.688109162,-0.077142857,0.04,0.040097877,-0.07733162,0.214245963,1.00244692,
Hans Montero NYA,R,0.012941176,0,-0.317647059,0.135294118,-0.084705882,0,9.686098655,-0.077142857,0.04,0.040436617,-0.077984905,0.216010387,1.010915429,
Carter Mathison PHI,L,0.009473684,0,-0.315789474,0.131578947,-0.050526316,0,9.683257919,-0.076923077,0.041025641,0.042220103,-0.079162693,0.219894091,1.029115008,
Victor Duarte SDN,R,0.01,0,-0.317647059,0.135294118,0.084705882,0,9.675324675,-0.077142857,0.04,0.042447936,-0.081863876,0.226690016,1.061198388,
Gavin Turley OAK,R,0.008823529,0,-0.317647059,0.135294118,-0.050588235,0,9.694656489,-0.077142857,0.04,0.038148478,-0.073572065,0.203720502,0.953711949,
Luis Torres NA,R,0.009411765,0,-0.317647059,0.135294118,-0.084705882,0,9.690265487,-0.077142857,0.04,0.040183661,-0.077497061,0.214521479,1.004591526,
Edinson Duran NYA,R,0.010588235,0,-0.317647059,0.135294118,-0.118235294,0,9.685658153,-0.077142857,0.04,0.039934504,-0.077016544,0.213188354,0.998362605,
Thomas Specht NA,L,0.008947368,0,-0.321052632,0.131578947,-0.050526316,0,9.690949227,-0.078205128,0.041025641,0.040820523,-0.077814121,0.212468371,0.995000239,
Jhoneiker Betancourt NA,R,0.009411765,0,-0.317647059,0.135294118,-0.084705882,0,9.690265487,-0.077142857,0.04,0.040212228,-0.077552153,0.21463377,1.005305689,
Jose Caguana NA,R,0.009411765,0,-0.317647059,0.135294118,-0.084705882,0,9.690265487,-0.077142857,0.04,0.039803803,-0.076764478,0.2124528,0.995095082,
Byungyong Choi NA,L,0.008421053,0,-0.321052632,0.131578947,0.016842105,0,9.689440994,-0.078205128,0.03974359,0.039576208,-0.077875764,0.212581916,0.995788459,
Yordalin PeÃ±a SLN,R,0.012352941,0,-0.317647059,0.135294118,-0.050588235,0,9.689922481,-0.077142857,0.04,0.038738722,-0.074710392,0.206694325,0.96846805,
Luis Arana MIA,B,0.012941176,0,-0.317647059,0.135294118,0.050588235,0,9.66507177,-0.077142857,0.04,0.040175141,-0.077480629,0.214352457,1.004378529,
Joshua Caron SEA,R,0.010588235,0,-0.323529412,0.135294118,0.084705882,0,9.693251534,-0.078571429,0.04,0.040738413,-0.080021883,0.217215182,1.018460329,
Carlos Monteverde ATL,L,0.007368421,0,-0.321052632,0.131578947,-0.084210526,0,9.674952199,-0.078205128,0.03974359,0.039847171,-0.078408949,0.213825831,1.002606232,
Colton Bender NA,R,0.009411765,0,-0.323529412,0.135294118,-0.118235294,0,9.674329502,-0.078571429,0.04,0.040033126,-0.078636498,0.213438613,1.00082815,
Jackson Nicklaus LAN,L,0.007368421,0,-0.321052632,0.131578947,-0.084210526,0,9.674952199,-0.078205128,0.03974359,0.039914955,-0.078542332,0.214181539,1.004311781,
John McHenry NA,B,0.011176471,0,-0.323529412,0.135294118,-0.050588235,0,9.675,-0.078571429,0.04,0.040003044,-0.078577408,0.213232227,1.000076106,
Diosfran Cabeza ARI,B,0.009411765,0,-0.323529412,0.135294118,-0.084705882,0,9.676025918,-0.078571429,0.04,0.040046953,-0.078663658,0.213446256,1.001173831,
Luis Merejo CLE,R,0.008823529,0,-0.323529412,0.135294118,-0.084705882,0,9.676724138,-0.078571429,0.04,0.039976729,-0.078525717,0.213048979,0.999418214,
Braylon Bishop PIT,L,0.013157895,0,-0.321052632,0.131578947,0.016842105,0,9.680511182,-0.078205128,0.03974359,0.039625403,-0.077972567,0.212536088,0.997026261,
Luis Chevalier NA,B,0.01,0,-0.323529412,0.135294118,0.017058824,0,9.681978799,-0.078571429,0.04,0.04007449,-0.078717748,0.213526902,1.001862253,
Carlos Virahonda ARI,R,0.008235294,0,-0.323529412,0.135294118,0.084705882,0,9.700598802,-0.078571429,0.04,0.04064347,-0.079835387,0.216467119,1.01608674,
Colin Houck NYN,R,0.009411765,0,-0.323529412,0.135294118,0.017058824,0,9.683098592,-0.078571429,0.04,0.039395282,-0.07738359,0.209792681,0.984882054,
Jhonny Severino PIT,R,0.010588235,0,-0.323529412,0.135294118,0.017058824,0,9.680851064,-0.078571429,0.04,0.041725914,-0.081961616,0.222046536,1.043147842,
Andrew Salas MIA,B,0.016470588,0,-0.323529412,0.135294118,0.017058824,0,9.669117647,-0.078571429,0.04,0.038379875,-0.07538904,0.204227951,0.959496878,
Connor Hujsak TBA,R,0.013529412,0,-0.323529412,0.135294118,-0.050588235,0,9.671717172,-0.078571429,0.04,0.043215191,-0.084886983,0.229956676,1.080379783,
John Bay NYN,R,0.011176471,0,-0.323529412,0.135294118,-0.050588235,0,9.675,-0.078571429,0.04,0.043713025,-0.085864871,0.232604657,1.092825631,
Aldrin Lucas NA,R,0.009411765,0,-0.323529412,0.135294118,-0.084705882,0,9.676025918,-0.078571429,0.04,0.040059335,-0.07868798,0.213097638,1.001483387,
Juan Jerez NA,R,0.011176471,0,-0.323529412,0.135294118,-0.084705882,0,9.673913043,-0.078571429,0.04,0.040072138,-0.078713128,0.213123665,1.001803446,
Robert Gonzalez NA,L,0.011052632,0,-0.321052632,0.131578947,-0.050526316,0,9.688195991,-0.078205128,0.03974359,0.039869258,-0.078452411,0.213387601,1.003161982,
Ricardo Hurtado DET,R,0.007647059,0,-0.323529412,0.135294118,0.084705882,0,9.702380952,-0.078571429,0.04,0.043351353,-0.085154443,0.230505646,1.083783822,
Owen Cobb NYA,R,0.014705882,0,-0.323529412,0.135294118,0.017058824,0,9.672727273,-0.078571429,0.04,0.040749197,-0.080043066,0.216652276,1.018729932,
Nathan Rombach WAS,R,0.008235294,0,-0.323529412,0.135294118,0.084705882,0,9.700598802,-0.078571429,0.04,0.039115392,-0.076833806,0.207907109,0.977884798,
Edwin Sanchez HOU,R,0.008823529,0,-0.323529412,0.135294118,-0.084705882,0,9.676724138,-0.078571429,0.04,0.039817133,-0.078212226,0.21161811,0.995428336,
Jeral Toledo NA,B,0.01,0,-0.323529412,0.135294118,0.017058824,0,9.681978799,-0.078571429,0.04,0.039829496,-0.078236511,0.211651952,0.995737408,
Chandler Seagle NA,R,0.008823529,0,-0.323529412,0.135294118,-0.118235294,0,9.674952199,-0.078571429,0.04,0.039878534,-0.078332834,0.211888607,0.996963342,
Wilber Sanchez CHA,R,0.014117647,0,-0.323529412,0.135294118,0.050588235,0,9.677419355,-0.078571429,0.04,0.04005382,-0.078677145,0.212796931,1.001345488,
Devin Hurdle NA,R,0.010588235,0,-0.323529412,0.135294118,0.017058824,0,9.680851064,-0.078571429,0.04,0.040145366,-0.078856969,0.213275269,1.003634156,
Jesus Fernandez OAK,R,0.01,0,-0.323529412,0.135294118,0.050588235,0,9.6875,-0.078571429,0.04,0.039839574,-0.078256305,0.211612875,0.995989339,
Kleyver Salazar BOS,R,0.008235294,0,-0.323529412,0.135294118,0.084705882,0,9.700598802,-0.078571429,0.04,0.040203827,-0.078971803,0.213508454,1.005095676,
Jair Casanova NA,R,0.01,0,-0.323529412,0.135294118,-0.050588235,0,9.676616915,-0.078571429,0.04,0.040208723,-0.07898142,0.21353144,1.005218079,
Eddy Rodriguez NA,R,0.01,0,-0.323529412,0.135294118,-0.050588235,0,9.676616915,-0.078571429,0.04,0.04009788,-0.078763693,0.212930771,1.002447006,
Hyungchan Um KCA,R,0.008235294,0,-0.323529412,0.135294118,0.084705882,0,9.700598802,-0.078571429,0.04,0.040579631,-0.07970999,0.215480886,1.014490784,
Jordan McCants NA,L,0.013157895,0,-0.321052632,0.131578947,0.016842105,0,9.680511182,-0.078205128,0.03974359,0.039545586,-0.077815509,0.211335849,0.995017981,
Jairo Diaz CHN,L,0.009473684,0,-0.321052632,0.131578947,0.084210526,0,9.680851064,-0.078205128,0.03974359,0.039984133,-0.078678455,0.213607052,1.006052373,
Milo Rushford KCA,L,0.008947368,0,-0.321052632,0.131578947,-0.050526316,0,9.690949227,-0.078205128,0.03974359,0.0399292,-0.078570362,0.213260339,1.004670201,
Elian Rayo NA,R,0.008235294,0,-0.323529412,0.135294118,0.017058824,0,9.685314685,-0.078571429,0.04,0.039887785,-0.078351007,0.211609688,0.997194637,
Reece Walling NA,L,0.006842105,0,-0.321052632,0.131578947,-0.050526316,0,9.672489083,-0.078205128,0.03974359,0.039826343,-0.078367965,0.212632818,1.002082171,
Randal Diaz WAS,R,0.013529412,0,-0.323529412,0.135294118,0.017058824,0,9.675090253,-0.078571429,0.04,0.042267187,-0.083024831,0.224215801,1.056679663,
Sergio Campana NA,R,0.014117647,0,-0.323529412,0.135294118,0.017058824,0,9.673913043,-0.078571429,0.038571429,0.038626242,-0.078683086,0.212430456,1.001421098,
Jorge Hernandez KCA,L,0.008421053,0,-0.321052632,0.131578947,0.016842105,0,9.689440994,-0.078205128,0.03974359,0.039874902,-0.078463516,0.212792748,1.003303981,
Jose Ortiz SFN,R,0.01,0,-0.323529412,0.135294118,-0.050588235,0,9.676616915,-0.078571429,0.038571429,0.038786536,-0.079009611,0.213259724,1.005576861,
Johan De Los Santos PIT,L,0.013684211,0,-0.326315789,0.131578947,0.016842105,0,9.689440994,-0.079487179,0.03974359,0.040060759,-0.080121518,0.213729137,1.007980385,
Isaac Pena NA,B,0.010588235,0,-0.323529412,0.135294118,0.017058824,0,9.680851064,-0.078571429,0.038571429,0.038709715,-0.078853124,0.212723936,1.003585213,
Solomon Maguire NA,L,0.009473684,0,-0.326315789,0.131578947,-0.050526316,0,9.676025918,-0.079487179,0.038461538,0.038585589,-0.07974355,0.212543314,1.003225309,
Enyervert Perez ARI,R,0.008235294,0,-0.323529412,0.135294118,-0.084705882,0,9.677419355,-0.078571429,0.038571429,0.037448518,-0.076284019,0.205629121,0.970887514,
Elis Barreat NA,R,0.010588235,0,-0.323529412,0.135294118,0.017058824,0,9.680851064,-0.078571429,0.038571429,0.038648722,-0.078728878,0.21217633,1.002003901,
Owen Ayers CHN,B,0.009411765,0,-0.323529412,0.135294118,0.084705882,0,9.696969697,-0.078571429,0.038571429,0.049937159,-0.101723843,0.273937315,1.29466709,
Alexis Hernandez CHN,R,0.011764706,0,-0.329411765,0.135294118,0.017058824,0,9.689655172,-0.08,0.038571429,0.037851004,-0.078505786,0.207558504,0.981322327,
Elorky Rodriguez TEX,L,0.008421053,0,-0.326315789,0.131578947,0.016842105,0,9.66966967,-0.079487179,0.038461538,0.03861304,-0.079800282,0.212336117,1.003939032,
Jamison Hobson COL,R,0.017647059,0,-0.329411765,0.135294118,0.017058824,0,9.678571429,-0.08,0.038571429,0.038001723,-0.078818388,0.208377099,0.985229852,
Dillon Tatum NA,R,0.01,0,-0.329411765,0.135294118,0.084705882,0,9.657142857,-0.08,0.038571429,0.038702188,-0.080271205,0.212211981,1.003390061,
Ryan Stafford BAL,R,0.015294118,0,-0.329411765,0.135294118,0.084705882,0,9.696969697,-0.08,0.038571429,0.038013113,-0.078842012,0.208430684,0.985525145,
Daneurys De La Cruz NA,R,0.01,0,-0.329411765,0.135294118,-0.084705882,0,9.68220339,-0.08,0.038571429,0.038655122,-0.080173586,0.211869725,1.002169826,
Oswaldo Osorio LAN,L,0.008421053,0,-0.326315789,0.131578947,-0.117894737,0,9.681742044,-0.079487179,0.038461538,0.038626584,-0.079828274,0.212310171,1.004291193,
Richard Ramirez PIT,R,0.008235294,0,-0.329411765,0.135294118,0.084705882,0,9.662921348,-0.08,0.038571429,0.038833482,-0.080543519,0.212802018,1.006793988,
Cristian Garcia NA,B,0.009411765,0,-0.329411765,0.135294118,0.017058824,0,9.693877551,-0.08,0.038571429,0.038577073,-0.080011706,0.211325918,1.000146326,
Rafael Cruz NA,R,0.01,0,-0.329411765,0.135294118,-0.084705882,0,9.68220339,-0.08,0.038571429,0.038820937,-0.080517499,0.212586326,1.006468734,
Justin Williams NA,R,0.009411765,0,-0.329411765,0.135294118,-0.084705882,0,9.682875264,-0.08,0.038571429,0.038500448,-0.07985278,0.210759436,0.998159755,
Juan Sulbaran TEX,R,0.009411765,0,-0.329411765,0.135294118,0.084705882,0,9.659090909,-0.08,0.038571429,0.037654154,-0.078097504,0.206084671,0.976218806,
Bryan Andrade OAK,R,0.008235294,0,-0.329411765,0.135294118,0.017058824,0,9.695945946,-0.08,0.038571429,0.039513913,-0.081954782,0.216158811,1.024434776,
Angel Cepeda CHN,R,0.012352941,0,-0.329411765,0.135294118,0.017058824,0,9.688581315,-0.08,0.038571429,0.038547306,-0.079949969,0.210858049,0.99937461,
Benjamin Blackwell NA,R,0.012941176,0,-0.329411765,0.135294118,0.017058824,0,9.6875,-0.08,0.038571429,0.038538163,-0.079931004,0.21079804,0.999137549,
Hudson White BOS,R,0.008235294,0,-0.329411765,0.135294118,0.084705882,0,9.662921348,-0.08,0.038571429,0.038765734,-0.080403005,0.212000613,1.005037561,
Fernando Gonzalez SFN,R,0.008823529,0,-0.329411765,0.135294118,0.084705882,0,9.661016949,-0.08,0.038571429,0.039755613,-0.082456087,0.217210978,1.030701088,
Kevin Alvarez HOU,L,0.008947368,0,-0.326315789,0.131578947,0.016842105,0,9.668674699,-0.079487179,0.038461538,0.04401353,-0.090961294,0.241047401,1.144351769,
Anthony Quirion NA,R,0.01,0,-0.329411765,0.135294118,0.084705882,0,9.657142857,-0.08,0.038571429,0.038603684,-0.0800669,0.210811144,1.000836252,
Marcos De La Rosa NA,B,0.011764706,0,-0.329411765,0.135294118,0.017058824,0,9.689655172,-0.08,0.038571429,0.038582153,-0.080022243,0.210640549,1.000278034,
Stanley Tucker BOS,R,0.012941176,0,-0.329411765,0.135294118,-0.050588235,0,9.680589681,-0.08,0.038571429,0.039492586,-0.081910548,0.215587538,1.023881848,
Jorgelys Mota WAS,R,0.013529412,0,-0.329411765,0.135294118,0.017058824,0,9.68641115,-0.08,0.038571429,0.038875211,-0.080630067,0.212148794,1.007875843,
Alvaro Aguero NA,R,0.011176471,0,-0.329411765,0.135294118,0.017058824,0,9.690721649,-0.08,0.038571429,0.038556257,-0.079968533,0.210381217,0.999606664,
Nehomar Ochoa HOU,R,0.010588235,0,-0.329411765,0.135294118,-0.050588235,0,9.683698297,-0.08,0.038571429,0.039383535,-0.08168437,0.214831934,1.021054619,
Alexander Benua ARI,R,0.01,0,-0.329411765,0.135294118,-0.050588235,0,9.684466019,-0.08,0.038571429,0.03875464,-0.080379994,0.211383307,1.004749919,
Dariel Ramon TOR,R,0.011176471,0,-0.329411765,0.135294118,0.050588235,0,9.698275862,-0.08,0.037142857,0.038625746,-0.083193915,0.21876256,1.039923941,
Robert Arias CLE,L,0.014736842,0,-0.331578947,0.131578947,0.016842105,0,9.696969697,-0.080769231,0.038461538,0.046372997,-0.097383293,0.253608911,1.205697916,
Miguel Sosa PIT,R,0.01,0,-0.329411765,0.135294118,-0.050588235,0,9.684466019,-0.08,0.037142857,0.037539181,-0.08085362,0.212545976,1.010670255,
Jhonny Perdomo NA,R,0.015294118,0,-0.329411765,0.135294118,0.017058824,0,9.683098592,-0.08,0.037142857,0.037134504,-0.079982009,0.210243709,0.999775116,
Elijah Green WAS,R,0.014117647,0,-0.329411765,0.135294118,0.017058824,0,9.685314685,-0.08,0.037142857,0.035774723,-0.07705325,0.202448745,0.963165621,
Alberto Rios LAA,R,0.008823529,0,-0.329411765,0.135294118,0.084705882,0,9.661016949,-0.08,0.037142857,0.037148708,-0.080012601,0.210209105,1.000157511,
Jeremy Celedonio NA,R,0.01,0,-0.329411765,0.135294118,-0.118235294,0,9.679849341,-0.08,0.037142857,0.037096661,-0.079900501,0.20984668,0.998756259,
Tayler Aguilar NA,L,0.009473684,0,-0.331578947,0.131578947,-0.084210526,0,9.684601113,-0.080769231,0.037179487,0.037167518,-0.080743229,0.210004373,0.999678077,
Yeiferth Castillo CLE,L,0.007894737,0,-0.331578947,0.131578947,-0.050526316,0,9.68487395,-0.080769231,0.037179487,0.043265406,-0.093990364,0.244437785,1.163690218,
Karim Ayubi NA,L,0.008421053,0,-0.331578947,0.131578947,-0.050526316,0,9.684210526,-0.080769231,0.037179487,0.037087499,-0.080569395,0.209529305,0.997525839,
Miguel Pabon NA,R,0.008823529,0,-0.329411765,0.135294118,0.084705882,0,9.661016949,-0.08,0.037142857,0.03725217,-0.080235443,0.210609012,1.00294304,
Nathan Archer CHA,L,0.011578947,0,-0.331578947,0.131578947,-0.050526316,0,9.680170576,-0.080769231,0.037179487,0.036643565,-0.079604987,0.206859624,0.985585554,
Simon Juan NYN,R,0.011176471,0,-0.329411765,0.135294118,-0.050588235,0,9.682926829,-0.08,0.037142857,0.035710927,-0.076915842,0.201770445,0.96144803,
Keoni Cavaco NA,R,0.009411765,0,-0.329411765,0.135294118,-0.084705882,0,9.682875264,-0.08,0.037142857,0.037650795,-0.08109402,0.212718738,1.013675252,
Odalys Peguero NA,B,0.012941176,0,-0.329411765,0.135294118,-0.050588235,0,9.680589681,-0.08,0.037142857,0.037318397,-0.080378086,0.210826695,1.00472607,
Elian Pena NYN,L,0.009473684,0,-0.331578947,0.131578947,0.050526316,0,9.672727273,-0.080769231,0.037179487,0.043662006,-0.094851944,0.246410716,1.174357401,
Luis Cova MIA,R,0.015294118,0,-0.329411765,0.135294118,0.017058824,0,9.683098592,-0.08,0.037142857,0.036963575,-0.079613854,0.208769419,0.995173175,
Jose Pirela CLE,L,0.009473684,0,-0.331578947,0.131578947,-0.050526316,0,9.682875264,-0.080769231,0.037179487,0.038842362,-0.084381683,0.219102986,1.044725595,
Carlos Garces CLE,B,0.01,0,-0.335294118,0.135294118,0.017058824,0,9.671052632,-0.081428571,0.037142857,0.037041214,-0.081205739,0.208988526,0.997263464,
Erick PeÃ±a NA,L,0.008947368,0,-0.331578947,0.131578947,-0.050526316,0,9.683544304,-0.080769231,0.037179487,0.037152559,-0.080710732,0.209381241,0.999275727,
Cole Foster SFN,B,0.009411765,0,-0.335294118,0.135294118,0.017058824,0,9.672131148,-0.081428571,0.037142857,0.037110626,-0.081357912,0.209343185,0.999132252,
Ricardo Romero CLE,L,0.007368421,0,-0.331578947,0.131578947,0.016842105,0,9.68115942,-0.080769231,0.037179487,0.037720061,-0.081943582,0.212555173,1.014539581,
Paulino Santana TEX,R,0.010588235,0,-0.335294118,0.135294118,-0.050588235,0,9.691211401,-0.081428571,0.037142857,0.038717178,-0.084879967,0.218387072,1.042385562,
Frederik Jimenez BOS,B,0.01,0,-0.335294118,0.135294118,-0.084705882,0,9.68879668,-0.081428571,0.037142857,0.03674189,-0.080549529,0.207197835,0.989204737,
Yhoangel Aponte TOR,R,0.009411765,0,-0.335294118,0.135294118,0.017058824,0,9.672131148,-0.081428571,0.037142857,0.037000677,-0.08111687,0.208587477,0.996172086,
Caden Powell HOU,R,0.015294118,0,-0.335294118,0.135294118,-0.118235294,0,9.680451128,-0.081428571,0.037142857,0.038361052,-0.08409923,0.216223399,1.032797561,
Angel Del Rosario NA,R,0.024705882,0,-0.335294118,0.135294118,0.050588235,0,9.680365297,-0.081428571,0.037142857,0.037375569,-0.081938747,0.210650575,1.006265316,
Yendry Rojas NA,L,0.010526316,0,-0.331578947,0.131578947,0.016842105,0,9.675516224,-0.080769231,0.037179487,0.037196251,-0.08080565,0.209391372,1.0004509,
Carlos Sanchez MIA,B,0.008235294,0,-0.335294118,0.135294118,0.084705882,0,9.680851064,-0.081428571,0.037142857,0.038900739,-0.08528239,0.219202525,1.047327601,
Waner Luciano HOU,R,0.01,0,-0.335294118,0.135294118,0.017058824,0,9.671052632,-0.081428571,0.037142857,0.037193789,-0.08154023,0.209531926,1.001371244,
Juan Santander NA,R,0.01,0,-0.335294118,0.135294118,-0.084705882,0,9.68879668,-0.081428571,0.037142857,0.03743498,-0.082068996,0.210885643,1.007864859,
Wesley Zapata NA,B,0.011176471,0,-0.335294118,0.135294118,0.017058824,0,9.668874172,-0.081428571,0.037142857,0.037076199,-0.081282436,0.208858498,0.998205349,
Santiago Gomez NYA,R,0.015294118,0,-0.335294118,0.135294118,0.017058824,0,9.693877551,-0.081428571,0.037142857,0.036079269,-0.079096859,0.203232856,0.971364929,
Clayton Campbell DET,R,0.008823529,0,-0.335294118,0.135294118,-0.084705882,0,9.690082645,-0.081428571,0.037142857,0.038996597,-0.08549254,0.219664981,1.04990838,
Beycker Barroso TEX,R,0.010588235,0,-0.335294118,0.135294118,0.084705882,0,9.673913043,-0.081428571,0.037142857,0.037253035,-0.081670114,0.209814535,1.002966314,
Braylin Tavera BAL,R,0.011764706,0,-0.335294118,0.135294118,0.017058824,0,9.667774086,-0.081428571,0.037142857,0.038642168,-0.084715521,0.217632093,1.040366049,
Eli Lovich CHN,L,0.01,0,-0.331578947,0.131578947,-0.050526316,0,9.68220339,-0.080769231,0.037179487,0.038164959,-0.082910084,0.214622859,1.026505799,
Luis Pino SLN,R,0.008823529,0,-0.335294118,0.135294118,-0.050588235,0,9.693396226,-0.081428571,0.037142857,0.036405576,-0.079812223,0.204881758,0.980150112,
Enderson Delgado DET,B,0.008235294,0,-0.335294118,0.135294118,0.084705882,0,9.680851064,-0.081428571,0.037142857,0.037259311,-0.081683874,0.209604117,1.003135296,
Yael Romero CIN,L,0.007894737,0,-0.331578947,0.131578947,-0.084210526,0,9.686346863,-0.080769231,0.037179487,0.037308744,-0.081050029,0.209658363,1.003476552,
Diego Omana CIN,R,0.008235294,0,-0.335294118,0.135294118,0.084705882,0,9.680851064,-0.081428571,0.037142857,0.036538561,-0.080103769,0.205499334,0.9837305,
Marco Soto NA,R,0.010588235,0,-0.335294118,0.135294118,0.017058824,0,9.669966997,-0.081428571,0.037142857,0.037421369,-0.082039155,0.210419062,1.007498394,
Angel Guzman SFN,L,0.008421053,0,-0.336842105,0.131578947,-0.084210526,0,9.691470054,-0.082051282,0.037179487,0.037143716,-0.081972338,0.208641067,0.999037871,
Ricardo Gonzalez TBA,B,0.011764706,0,-0.335294118,0.135294118,0.050588235,0,9.669421488,-0.081428571,0.037142857,0.037276355,-0.08172124,0.209586592,1.00359417,
Adrian De Leon ARI,R,0.008235294,0,-0.335294118,0.135294118,0.084705882,0,9.680851064,-0.081428571,0.037142857,0.040962866,-0.089803205,0.230275427,1.10284638,
Dionmy Salon NA,R,0.008823529,0,-0.335294118,0.135294118,0.084705882,0,9.679144385,-0.081428571,0.037142857,0.037162837,-0.081472373,0.208907313,1.00053791,
Dylan Grego SDN,B,0.009411765,0,-0.335294118,0.135294118,0.017058824,0,9.672131148,-0.081428571,0.037142857,0.036529754,-0.080084461,0.205337681,0.983493376,
Alexander Ramirez CHN,R,0.010588235,0,-0.335294118,0.135294118,-0.050588235,0,9.691211401,-0.081428571,0.037142857,0.038034865,-0.083384127,0.213791927,1.024015591,
Nauris De La Cruz WAS,L,0.01,0,-0.336842105,0.131578947,0.016842105,0,9.685714286,-0.082051282,0.037179487,0.037152843,-0.08199248,0.208590407,0.999283352,
Max Holy HOU,R,0.018823529,0,-0.335294118,0.135294118,0.050588235,0,9.694323144,-0.081428571,0.037142857,0.039104184,-0.085728404,0.219749875,1.052804966,
Nicholas Schwartz OAK,R,0.008235294,0,-0.335294118,0.135294118,0.084705882,0,9.680851064,-0.081428571,0.037142857,0.037300874,-0.081774993,0.209579838,1.004254298,
Yeral Martinez NA,L,0.009473684,0,-0.336842105,0.131578947,-0.084210526,0,9.690346084,-0.082051282,0.035897436,0.03604163,-0.08238087,0.209510204,1.004016849,
Brayan Hernandez NA,L,0.008947368,0,-0.336842105,0.131578947,-0.084210526,0,9.690909091,-0.082051282,0.035897436,0.036103014,-0.082521175,0.209789585,1.005726815,
Albert Feliz NA,R,0.007647059,0,-0.335294118,0.135294118,-0.084705882,0,9.691358025,-0.081428571,0.035714286,0.035855903,-0.081751458,0.209414104,1.003965271,
Jude Warwick DET,L,0.012105263,0,-0.336842105,0.131578947,0.050526316,0,9.678571429,-0.082051282,0.035897436,0.035630635,-0.081441451,0.206895772,0.992567689,
Dylan Fien OAK,B,0.007647059,0,-0.335294118,0.135294118,0.084705882,0,9.682539683,-0.081428571,0.035714286,0.037612766,-0.085757106,0.219479065,1.053157446,
Enderso Lira NA,R,0.008823529,0,-0.335294118,0.135294118,0.084705882,0,9.679144385,-0.081428571,0.035714286,0.035654787,-0.081292914,0.207975941,0.998334034,
Julio Henriquez MIA,R,0.013529412,0,-0.335294118,0.135294118,-0.084705882,0,9.68487395,-0.081428571,0.035714286,0.037139447,-0.08467794,0.216509163,1.03990453,
Jose Escorche NA,R,0.011176471,0,-0.335294118,0.135294118,0.017058824,0,9.668874172,-0.081428571,0.035714286,0.035747009,-0.081503181,0.208267653,1.000916262,
Mairoshendrick Martinus LAN,R,0.011176471,0,-0.341176471,0.135294118,0.017058824,0,9.679487179,-0.082857143,0.035714286,0.0359855,-0.08348636,0.209538241,1.007594002,
D'Angelo Ortiz BOS,R,0.01,0,-0.341176471,0.135294118,-0.084705882,0,9.675456389,-0.082857143,0.035714286,0.03612403,-0.08380775,0.210331732,1.011472844,
Leosdany Molina NA,R,0.011176471,0,-0.341176471,0.135294118,0.050588235,0,9.683794466,-0.082857143,0.035714286,0.035851934,-0.083176486,0.208709307,1.003854142,
Javier Francisco NA,R,0.009411765,0,-0.341176471,0.135294118,0.017058824,0,9.682539683,-0.082857143,0.035714286,0.035936756,-0.083373275,0.209172909,1.006229178,
Jack Alexander NA,R,0.01,0,-0.341176471,0.135294118,0.084705882,0,9.692307692,-0.082857143,0.035714286,0.035840311,-0.083149522,0.208577421,1.003528709,
Noah Williams NA,B,0.01,0,-0.341176471,0.135294118,-0.050588235,0,9.676674365,-0.082857143,0.035714286,0.035962668,-0.083433389,0.209276402,1.006954699,
Giullianno Allende NA,L,0.011578947,0,-0.336842105,0.131578947,-0.050526316,0,9.686847599,-0.082051282,0.035897436,0.03583627,-0.081911474,0.207469887,0.998296092,
Addison Kopack NA,R,0.010588235,0,-0.341176471,0.135294118,0.084705882,0,9.690721649,-0.082857143,0.035714286,0.035808129,-0.083074859,0.208328972,1.002627607,
Kyle Battle NA,R,0.011764706,0,-0.341176471,0.135294118,-0.050588235,0,9.674418605,-0.082857143,0.035714286,0.03580457,-0.083066602,0.208264154,1.002527951,
Ezequiel Pena CHN,L,0.01,0,-0.336842105,0.131578947,0.016842105,0,9.685714286,-0.082051282,0.035897436,0.035933501,-0.082133717,0.207874638,1.001004681,
Juan Villavicencio PHI,L,0.011052632,0,-0.336842105,0.131578947,0.050526316,0,9.680851064,-0.082051282,0.035897436,0.037201977,-0.085033089,0.215196162,1.036340775,
Braden Barry TOR,R,0.012352941,0,-0.341176471,0.135294118,0.017058824,0,9.677419355,-0.082857143,0.035714286,0.035603048,-0.082599071,0.206988287,0.996885337,
Matthew Clayton NA,R,0.009411765,0,-0.341176471,0.135294118,0.084705882,0,9.693877551,-0.082857143,0.035714286,0.035865394,-0.083207714,0.20849443,1.004231032,
Kale Fountain SDN,R,0.011764706,0,-0.341176471,0.135294118,-0.084705882,0,9.673469388,-0.082857143,0.035714286,0.035822504,-0.08310821,0.208103675,1.003030124,
Juan Martinez MIL,B,0.011764706,0,-0.341176471,0.135294118,0.017058824,0,9.678456592,-0.082857143,0.035714286,0.03570626,-0.082838523,0.207106447,0.999775272,
Jason Hinchman NA,R,0.009411765,0,-0.341176471,0.135294118,-0.084705882,0,9.67611336,-0.082857143,0.035714286,0.035883443,-0.083249588,0.208033687,1.004736406,
Alberto Hernandez HOU,R,0.012941176,0,-0.341176471,0.135294118,0.017058824,0,9.676375405,-0.082857143,0.035714286,0.035889403,-0.083263415,0.207996891,1.004903281,
Renny Hidalgo NA,R,0.011764706,0,-0.341176471,0.135294118,-0.050588235,0,9.674418605,-0.082857143,0.035714286,0.036066501,-0.083674282,0.209009123,1.009862022,
Angel Salio CIN,L,0.009473684,0,-0.342105263,0.131578947,0.016842105,0,9.695290859,-0.083333333,0.034615385,0.034546659,-0.083167883,0.206557085,0.998014596,
Ethan Lege NA,R,0.01,0,-0.341176471,0.135294118,-0.084705882,0,9.675456389,-0.082857143,0.035714286,0.035645052,-0.082696521,0.206557801,0.998061457,
Jose Rodriguez NA,R,0.008235294,0,-0.341176471,0.135294118,-0.050588235,0,9.678899083,-0.082857143,0.035714286,0.035699973,-0.082823938,0.206843076,0.999599258,
Chandler Pollard TEX,R,0.018823529,0,-0.341176471,0.135294118,0.017058824,0,9.697986577,-0.082857143,0.035714286,0.037550715,-0.08711766,0.217556679,1.051420033,
Elvis Rijo NA,R,0.009411765,0,-0.341176471,0.135294118,0.017058824,0,9.682539683,-0.082857143,0.035714286,0.036045362,-0.083625239,0.208793767,1.009270128,
Diego Gonzalez NA,R,0.008823529,0,-0.341176471,0.135294118,0.050588235,0,9.688715953,-0.082857143,0.034285714,0.034277861,-0.082838163,0.206724635,0.999770931,
Abel Bastidas NA,B,0.007647059,0,-0.341176471,0.135294118,0.017058824,0,9.685534591,-0.082857143,0.034285714,0.034468304,-0.0832984,0.207655013,1.005325521,
Nomar Fana NA,B,0.010588235,0,-0.341176471,0.135294118,-0.050588235,0,9.675925926,-0.082857143,0.034285714,0.034304815,-0.082903302,0.20666907,1.000557094,
Hunter Haas TBA,R,0.01,0,-0.341176471,0.135294118,0.017058824,0,9.681528662,-0.082857143,0.034285714,0.034307087,-0.082908794,0.206611716,1.000623373,
Marlon Quintero LAA,R,0.009411765,0,-0.341176471,0.135294118,0.084705882,0,9.693877551,-0.082857143,0.034285714,0.034458072,-0.083273674,0.207403422,1.005027097,
Brennon McNair KCA,R,0.010588235,0,-0.341176471,0.135294118,-0.050588235,0,9.675925926,-0.082857143,0.034285714,0.034450094,-0.083254393,0.207347362,1.004794396,
Angel Abreu CLE,R,0.008823529,0,-0.341176471,0.135294118,-0.050588235,0,9.67816092,-0.082857143,0.034285714,0.034373416,-0.083069088,0.2068638,1.002557964,
Jaset Martinez CIN,L,0.007368421,0,-0.342105263,0.131578947,-0.084210526,0,9.680851064,-0.083333333,0.034615385,0.034427785,-0.082881704,0.205147135,0.994580443,
Carlos Arroyo NA,R,0.011176471,0,-0.347058824,0.135294118,0.017058824,0,9.689440994,-0.084285714,0.034285714,0.034234572,-0.084159989,0.20587345,0.998508349,
Eriel Dihigo COL,R,0.01,0,-0.347058824,0.135294118,0.017058824,0,9.691358025,-0.084285714,0.034285714,0.034063856,-0.083740312,0.204759399,0.99352913,
Juan Gonzalez CHA,R,0.009411765,0,-0.347058824,0.135294118,0.084705882,0,9.661835749,-0.084285714,0.034285714,0.03377306,-0.08302544,0.202926699,0.985047591,
Jose Alpuria ARI,R,0.013529412,0,-0.347058824,0.135294118,0.017058824,0,9.685534591,-0.084285714,0.034285714,0.034161448,-0.083980227,0.205213514,0.996375578,
Weston Eberly NA,R,0.009411765,0,-0.347058824,0.135294118,0.084705882,0,9.661835749,-0.084285714,0.034285714,0.034221143,-0.084126976,0.205555141,0.998116668,
Josueth Quinonez DET,R,0.008823529,0,-0.347058824,0.135294118,0.017058824,0,9.693251534,-0.084285714,0.034285714,0.034100208,-0.083829679,0.204753138,0.99458941,
Johan Benitez NA,B,0.01,0,-0.347058824,0.135294118,-0.084705882,0,9.681908549,-0.084285714,0.034285714,0.034569359,-0.084983008,0.207528793,1.008272973,
Luis Escudero NYA,B,0.012352941,0,-0.347058824,0.135294118,0.017058824,0,9.6875,-0.084285714,0.034285714,0.035020026,-0.086090898,0.210225072,1.021417434,
Manuel Mejias NA,B,0.009411765,0,-0.347058824,0.135294118,0.084705882,0,9.661835749,-0.084285714,0.034285714,0.034256426,-0.084213715,0.205590229,0.999145772,
Omar Reyes KCA,L,0.007368421,0,-0.342105263,0.131578947,-0.084210526,0,9.680851064,-0.083333333,0.034615385,0.034745546,-0.083646686,0.206539727,1.003760228,
Chase Valentine NA,R,0.011176471,0,-0.347058824,0.135294118,0.017058824,0,9.689440994,-0.084285714,0.034285714,0.034570868,-0.084986718,0.207453155,1.008316994,
Jose Hernandez NA,R,0.010588235,0,-0.347058824,0.135294118,0.084705882,0,9.705882353,-0.084285714,0.034285714,0.03430745,-0.084339147,0.205870428,1.000633946,
Carlos Tavares WAS,L,0.007894737,0,-0.347368421,0.131578947,-0.084210526,0,9.685863874,-0.084615385,0.034615385,0.034601799,-0.084582176,0.20559128,0.99960753,
Yosander Asencio NA,B,0.009411765,0,-0.347058824,0.135294118,-0.050588235,0,9.684684685,-0.084285714,0.034285714,0.034512894,-0.084844198,0.207030771,1.006626072,
Luis Morejon COL,R,0.009411765,0,-0.347058824,0.135294118,-0.050588235,0,9.684684685,-0.084285714,0.034285714,0.034183519,-0.084034483,0.205000128,0.997019294,
Moises Gallardo NA,R,0.010588235,0,-0.347058824,0.135294118,-0.050588235,0,9.683257919,-0.084285714,0.034285714,0.034487096,-0.084780778,0.206605439,1.005873636,
Antonio Pimentel PIT,L,0.01,0,-0.347368421,0.131578947,-0.050526316,0,9.681908549,-0.084615385,0.033333333,0.036909521,-0.093693398,0.227395496,1.107285616,
Jose Mejia ARI,R,0.012941176,0,-0.347058824,0.135294118,0.017058824,0,9.686520376,-0.084285714,0.034285714,0.041260678,-0.1014325,0.247101604,1.203436439,
Xavier Guillen NA,B,0.011176471,0,-0.347058824,0.135294118,-0.050588235,0,9.682539683,-0.084285714,0.034285714,0.034609837,-0.085082517,0.207248898,1.009453592,
Brock Tibbitts TOR,R,0.009411765,0,-0.347058824,0.135294118,0.084705882,0,9.661835749,-0.084285714,0.034285714,0.034424248,-0.084626277,0.206137563,1.004040578,
Ian Farrow NA,R,0.008235294,0,-0.347058824,0.135294118,-0.050588235,0,9.686098655,-0.084285714,0.034285714,0.034342651,-0.084425683,0.205629913,1.001660649,
George Feliz SEA,R,0.008823529,0,-0.347058824,0.135294118,0.017058824,0,9.693251534,-0.084285714,0.034285714,0.034303989,-0.08433064,0.205299369,1.000533013,
Nicholas Clarno NA,R,0.01,0,-0.347058824,0.135294118,0.084705882,0,9.660194175,-0.084285714,0.034285714,0.034188427,-0.08404655,0.204504059,0.997162454,
Jose Contreras NA,R,0.009411765,0,-0.347058824,0.135294118,-0.050588235,0,9.684684685,-0.084285714,0.034285714,0.034322945,-0.08437724,0.205292685,1.001085897,
Douglas Glod ATL,R,0.007647059,0,-0.347058824,0.135294118,-0.050588235,0,9.686800895,-0.084285714,0.032857143,0.033092907,-0.0848905,0.206379309,1.007175424,
Joel Mendez NA,R,0.008235294,0,-0.347058824,0.135294118,-0.050588235,0,9.686098655,-0.084285714,0.032857143,0.033048661,-0.084777,0.206085271,1.005828811,
Dakota Kotowski NA,R,0.01,0,-0.347058824,0.135294118,-0.084705882,0,9.681908549,-0.084285714,0.032857143,0.033054158,-0.084791101,0.206088365,1.005996119,
Alex Rodriguez TEX,L,0.007368421,0,-0.347368421,0.131578947,-0.050526316,0,9.68503937,-0.084615385,0.033333333,0.033144033,-0.084134852,0.20366975,0.994320983,
Jeffry Rosa NA,R,0.008823529,0,-0.347058824,0.135294118,-0.050588235,0,9.685393258,-0.084285714,0.032857143,0.03300117,-0.084655174,0.205717813,1.004383424,
Daniel Flames TEX,B,0.01,0,-0.347058824,0.135294118,0.017058824,0,9.691358025,-0.084285714,0.032857143,0.036825113,-0.094464421,0.229550464,1.120764315,
Yoiber Ocopio SDN,R,0.008823529,0,-0.347058824,0.135294118,0.084705882,0,9.663461538,-0.084285714,0.032857143,0.033014665,-0.084689792,0.20578787,1.004794147,
Eddy Isturiz NA,B,0.012352941,0,-0.347058824,0.135294118,-0.050588235,0,9.681093394,-0.084285714,0.032857143,#N/A,#N/A,#N/A,#N/A,
Yojancel Cabrera LAA,L,0.008421053,0,-0.347368421,0.131578947,-0.050526316,0,9.683794466,-0.084615385,0.033333333,0.033444705,-0.084898096,0.205398981,1.003341138,
Luis Freitez OAK,R,0.008235294,0,-0.347058824,0.135294118,-0.050588235,0,9.686098655,-0.084285714,0.032857143,0.033151265,-0.085040201,0.206501102,1.008951536,
Caleb Pendleton LAA,R,0.01,0,-0.347058824,0.135294118,-0.084705882,0,9.681908549,-0.084285714,0.032857143,0.032939597,-0.084497226,0.205136494,1.002509464,
Austin Green NYA,B,0.010588235,0,-0.347058824,0.135294118,0.017058824,0,9.690402477,-0.084285714,0.032857143,0.034177392,-0.087672441,0.212767045,1.040181498,
Jonathan Linares LAA,B,0.009411765,0,-0.352941176,0.135294118,0.084705882,0,9.677419355,-0.085714286,0.032857143,0.034693311,-0.09050429,0.215819396,1.055883384,
Juan Castillo COL,R,0.008235294,0,-0.352941176,0.135294118,0.084705882,0,9.680365297,-0.085714286,0.032857143,0.0316466,-0.082556349,0.196774984,0.963157404,
Justin Ramirez NYN,L,0.008421053,0,-0.347368421,0.131578947,0.016842105,0,9.679144385,-0.084615385,0.033333333,0.033318198,-0.084576965,0.204170254,0.999545948,
Jordan Sanchez BAL,L,0.007894737,0,-0.347368421,0.131578947,-0.050526316,0,9.684418146,-0.084615385,0.033333333,0.036785331,-0.093378148,0.225403219,1.103559929,
Griffin Burkholder PHI,R,0.009411765,0,-0.352941176,0.135294118,-0.050588235,0,9.691629956,-0.085714286,0.032857143,0.031905492,-0.083231719,0.198289583,0.971036723,
Alvaro Gonzalez NA,B,0.01,0,-0.352941176,0.135294118,0.017058824,0,9.671641791,-0.085714286,0.032857143,0.032956645,-0.085973856,0.20474817,1.003028315,
Luke Dickerson WAS,R,0.012941176,0,-0.352941176,0.135294118,0.050588235,0,9.667896679,-0.085714286,0.032857143,0.033542747,-0.087502817,0.208279164,1.020866201,
Bryan Acuna MIN,R,0.010588235,0,-0.352941176,0.135294118,0.017058824,0,9.670658683,-0.085714286,0.032857143,0.03372226,-0.087971112,0.209375352,1.026329641,
Darling Fernandez OAK,L,0.008421053,0,-0.352631579,0.131578947,-0.050526316,0,9.689922481,-0.085897436,0.032051282,0.031936401,-0.085589555,0.20322895,0.996415719,
Malvin Valdez CIN,R,0.011764706,0,-0.352941176,0.135294118,-0.050588235,0,9.688888889,-0.085714286,0.032857143,0.033091743,-0.086326285,0.205399152,1.007139995,
Riquelmin Cabral NA,B,0.01,0,-0.352941176,0.135294118,-0.084705882,0,9.688109162,-0.085714286,0.032857143,0.032963959,-0.085992937,0.204546814,1.003250937,
Alex Lodise ATL,R,0.01,0,-0.352941176,0.135294118,0.050588235,0,9.673913043,-0.085714286,0.032857143,0.033512487,-0.087423878,0.207948476,1.019945243,
Fraymi De Leon BOS,R,0.014705882,0,-0.352941176,0.135294118,0.017058824,0,9.693251534,-0.085714286,0.032857143,0.032762885,-0.085468396,0.203174475,0.997131292,
Carson Rucker DET,R,0.009411765,0,-0.352941176,0.135294118,0.017058824,0,9.672619048,-0.085714286,0.032857143,0.032430044,-0.084600116,0.201109421,0.98700135,
Ronny Polanco NA,R,0.01,0,-0.352941176,0.135294118,-0.084705882,0,9.688109162,-0.085714286,0.032857143,0.032683375,-0.085260979,0.20267842,0.99471142,
Iverson Espinoza NA,R,0.009411765,0,-0.352941176,0.135294118,0.017058824,0,9.672619048,-0.085714286,0.032857143,0.03302907,-0.086162791,0.204813118,1.005232558,
Juan Sanchez TOR,R,0.008235294,0,-0.352941176,0.135294118,0.017058824,0,9.674556213,-0.085714286,0.032857143,0.035092247,-0.091544991,0.21756308,1.068024899,
Edgar Montero OAK,B,0.008823529,0,-0.352941176,0.135294118,0.050588235,0,9.676258993,-0.085714286,0.032857143,0.034357219,-0.089627527,0.212962174,1.04565448,
Willy Fanas NA,L,0.008947368,0,-0.352631579,0.131578947,-0.050526316,0,9.689320388,-0.085897436,0.032051282,0.032170083,-0.086215823,0.204376745,1.003706599,
Luis Almeyda BAL,R,0.014117647,0,-0.352941176,0.135294118,0.017058824,0,9.694189602,-0.085714286,0.032857143,0.032733005,-0.085390448,0.202807865,0.996221896,
Abdias De La Cruz ARI,R,0.009411765,0,-0.352941176,0.135294118,-0.050588235,0,9.691629956,-0.085714286,0.032857143,0.033218903,-0.086658007,0.205813344,1.01101008,
Caleb Farmer WAS,R,0.008823529,0,-0.352941176,0.135294118,0.084705882,0,9.678899083,-0.085714286,0.032857143,0.033191775,-0.08658724,0.205616988,1.010184471,
Kellon Lindsey LAN,R,0.011764706,0,-0.352941176,0.135294118,0.050588235,0,9.67032967,-0.085714286,0.032857143,0.033059008,-0.086240891,0.204771377,1.006143725,
Nelson Beltran NA,R,0.009411765,0,-0.352941176,0.135294118,-0.050588235,0,9.691629956,-0.085714286,0.032857143,0.032795489,-0.085553448,0.202920517,0.998123565,
Diorland Zambrano CIN,R,0.008823529,0,-0.352941176,0.135294118,-0.084705882,0,9.689320388,-0.085714286,0.031428571,0.031562312,-0.086079033,0.204007452,1.004255387,
Keduar Trujillo HOU,R,0.008823529,0,-0.352941176,0.135294118,-0.084705882,0,9.689320388,-0.085714286,0.031428571,0.031488273,-0.085877108,0.203520874,1.001899594,
Kyle Henley CIN,R,0.021176471,0,-0.352941176,0.135294118,0.017058824,0,9.682539683,-0.085714286,0.031428571,0.03155304,-0.086053745,0.203873225,1.003960353,
Kevin Guerrero NA,R,0.01,0,-0.352941176,0.135294118,-0.050588235,0,9.690949227,-0.085714286,0.031428571,0.031566833,-0.086091364,0.203895055,1.004399242,
Angel Brachi MIA,R,0.01,0,-0.352941176,0.135294118,0.017058824,0,9.671641791,-0.085714286,0.031428571,0.031596309,-0.08617175,0.204068349,1.005337089,
Daniel Guilarte MIL,R,0.014117647,0,-0.352941176,0.135294118,-0.050588235,0,9.686098655,-0.085714286,0.031428571,0.031860821,-0.086893149,0.205564861,1.013753408,
Yahil Melendez CHN,L,0.009473684,0,-0.352631579,0.131578947,0.050526316,0,9.683544304,-0.085897436,0.032051282,0.031949585,-0.085624889,0.202120643,0.996827065,
David Guzman TOR,L,0.008947368,0,-0.352631579,0.131578947,-0.050526316,0,9.689320388,-0.085897436,0.032051282,0.032317844,-0.086611823,0.204404962,1.008316744,
Jefferson Pena NA,R,0.011176471,0,-0.352941176,0.135294118,-0.050588235,0,9.689578714,-0.085714286,0.031428571,0.031346049,-0.085489225,0.202179738,0.997374295,
Jack Lines TBA,L,0.009473684,0,-0.352631579,0.131578947,0.016842105,0,9.685863874,-0.085897436,0.032051282,0.031789521,-0.085195915,0.201020754,0.991833044,
Xavier Casserilla NA,R,0.01,0,-0.358823529,0.135294118,-0.084705882,0,9.675572519,-0.087142857,0.031428571,0.031399782,-0.087063032,0.202439391,0.999083978,
Giovanny Cueto LAN,R,0.008823529,0,-0.358823529,0.135294118,0.084705882,0,9.692982456,-0.087142857,0.031428571,0.031572067,-0.08754073,0.203456711,1.004565753,
Yandel Ricardo KCA,B,0.014117647,0,-0.358823529,0.135294118,0.050588235,0,9.677419355,-0.087142857,0.031428571,0.031263301,-0.086684608,0.201422203,0.994741406,
Kevin Rivas CLE,B,0.009411765,0,-0.358823529,0.135294118,-0.084705882,0,9.676190476,-0.087142857,0.031428571,0.03178267,-0.088124676,0.204725903,1.011266779,
Willmer De La Cruz NA,B,0.011176471,0,-0.358823529,0.135294118,0.017058824,0,9.679300292,-0.087142857,0.031428571,0.031379333,-0.087006333,0.202087897,0.998433324,
Colby Shelton CHA,L,0.009473684,0,-0.357894737,0.131578947,-0.117894737,0,9.680365297,-0.087179487,0.032051282,0.041076481,-0.111728027,0.259387919,1.281586192,
Adolfo Sanchez CIN,L,0.008421053,0,-0.357894737,0.131578947,0.016842105,0,9.670886076,-0.087179487,0.030769231,0.0308473,-0.087400685,0.202747121,1.002537264,
Hector Campusano BAL,B,0.01,0,-0.358823529,0.135294118,0.017058824,0,9.68115942,-0.087142857,0.031428571,0.031627801,-0.087695268,0.203371076,1.006339136,
Reyli Mariano LAN,B,0.010588235,0,-0.358823529,0.135294118,0.017058824,0,9.680232558,-0.087142857,0.031428571,0.031549424,-0.087477948,0.202813893,1.003845301,
Joseph Delossantos NA,R,0.012352941,0,-0.358823529,0.135294118,-0.118235294,0,9.688581315,-0.087142857,0.031428571,#N/A,#N/A,#N/A,#N/A,
Javier Herrera LAN,B,0.010588235,0,-0.358823529,0.135294118,-0.050588235,0,9.676025918,-0.087142857,0.031428571,0.031520502,-0.087397757,0.202585851,1.002925077,
Caleb McNeely NA,R,0.012352941,0,-0.358823529,0.135294118,0.017058824,0,9.677419355,-0.087142857,0.031428571,0.031387802,-0.087029815,0.201722985,0.9987028,
Esteban Romero HOU,L,0.007894737,0,-0.357894737,0.131578947,-0.050526316,0,9.678030303,-0.087179487,0.030769231,0.030804831,-0.087280355,0.202165638,1.001157013,
Pier-Olivier Boucher NA,L,0.010526316,0,-0.357894737,0.131578947,-0.050526316,0,9.674952199,-0.087179487,0.030769231,0.030726564,-0.087058598,0.20160705,0.998613333,
Juan Ortuno MIL,R,0.011176471,0,-0.358823529,0.135294118,0.017058824,0,9.679300292,-0.087142857,0.031428571,0.034177542,-0.094765004,0.219497654,1.087467259,
Kelvin Diaz NA,R,0.015294118,0,-0.358823529,0.135294118,0.017058824,0,9.672619048,-0.087142857,0.031428571,0.031495794,-0.087329246,0.202255679,1.002138888,
Miguel Welch BOS,L,0.01,0,-0.357894737,0.131578947,0.016842105,0,9.693094629,-0.087179487,0.030769231,0.03088843,-0.087517218,0.202588795,1.003873974,
Roni Cabrera KCA,R,0.012352941,0,-0.358823529,0.135294118,-0.050588235,0,9.673913043,-0.087142857,0.031428571,0.032468899,-0.090027401,0.208481913,1.033101322,
Erick De La Cruz ARI,R,0.01,0,-0.358823529,0.135294118,0.017058824,0,9.68115942,-0.087142857,0.031428571,0.031363997,-0.08696381,0.201353439,0.997945358,
Jonathan Mejia SLN,B,0.012352941,0,-0.358823529,0.135294118,0.017058824,0,9.677419355,-0.087142857,0.031428571,0.032156832,-0.089162126,0.20639629,1.02317194,
Adari Grant NA,R,0.011176471,0,-0.358823529,0.135294118,0.017058824,0,9.679300292,-0.087142857,0.031428571,0.031537192,-0.087444031,0.202378029,1.003456097,
Luis Rodriguez NA,R,0.01,0,-0.358823529,0.135294118,0.084705882,0,9.690265487,-0.087142857,0.031428571,0.031594323,-0.087602442,0.202714493,1.005273929,
Christian Molfetta NA,R,0.01,0,-0.358823529,0.135294118,0.084705882,0,9.690265487,-0.087142857,0.031428571,0.031583979,-0.087573761,0.202624005,1.004944799,
Maikol Hernandez BAL,R,0.01,0,-0.358823529,0.135294118,0.050588235,0,9.685314685,-0.087142857,0.031428571,0.030831912,-0.085488483,0.197795263,0.981015375,
Josue Brito BOS,R,0.009411765,0,-0.358823529,0.135294118,-0.084705882,0,9.676190476,-0.087142857,0.031428571,0.031283143,-0.086739623,0.200643253,0.995372728,
Juan Torres NYA,R,0.010588235,0,-0.358823529,0.135294118,0.017058824,0,9.680232558,-0.087142857,0.03,0.029885532,-0.086810355,0.200727172,0.996184401,
Jacob Lojewski NA,R,0.01,0,-0.358823529,0.135294118,0.084705882,0,9.690265487,-0.087142857,0.03,#N/A,#N/A,#N/A,#N/A,
Frank Hernandez NA,R,0.01,0,-0.358823529,0.135294118,0.084705882,0,9.690265487,-0.087142857,0.03,0.030125818,-0.087508329,0.202067922,1.004193943,
Jesus Alexander SFN,L,0.007368421,0,-0.357894737,0.131578947,-0.084210526,0,9.680672269,-0.087179487,0.030769231,0.030824238,-0.087335341,0.201502591,1.001787738,
Christian Pregent NA,R,0.009411765,0,-0.358823529,0.135294118,0.084705882,0,9.691629956,-0.087142857,0.03,0.030196177,-0.087712703,0.202425102,1.006539217,
Yohander Linarez BOS,B,0.009411765,0,-0.358823529,0.135294118,0.017058824,0,9.682080925,-0.087142857,0.03,0.030096075,-0.087421931,0.201691853,1.003202484,
Daniel Lopez KCA,L,0.009473684,0,-0.357894737,0.131578947,0.016842105,0,9.693877551,-0.087179487,0.030769231,0.034179152,-0.096840931,0.223308636,1.110822444,
Joshua Liranzo BAL,R,0.011764706,0,-0.358823529,0.135294118,0.017058824,0,9.678362573,-0.087142857,0.03,0.030316748,-0.088062935,0.203113117,1.010558269,
Raynerd Ortega LAN,R,0.008823529,0,-0.358823529,0.135294118,0.017058824,0,9.682997118,-0.087142857,0.03,0.02997429,-0.087068176,0.200802765,0.999143003,
Donovan Antonia NA,R,0.010588235,0,-0.358823529,0.135294118,-0.050588235,0,9.676025918,-0.087142857,0.03,0.030001062,-0.087145942,0.200978115,1.000035403,
Geury Estevez NA,B,0.008823529,0,-0.358823529,0.135294118,-0.084705882,0,9.676806084,-0.087142857,0.03,0.029919371,-0.086908648,0.200420889,0.997312359,
Sebastian Blanco COL,R,0.008823529,0,-0.358823529,0.135294118,0.050588235,0,9.6875,-0.087142857,0.03,0.029935413,-0.086955247,0.20052436,0.997847102,
Joseph Rodriguez NA,R,0.01,0,-0.358823529,0.135294118,0.017058824,0,9.68115942,-0.087142857,0.03,0.030275926,-0.087944356,0.20276393,1.009197525,
Jonathan Rangel MIL,L,0.007894737,0,-0.363157895,0.131578947,-0.084210526,0,9.685430464,-0.088461538,0.030769231,0.03051231,-0.087722892,0.199162012,0.991650088,
Eybert Sanchez ARI,L,0.008947368,0,-0.363157895,0.131578947,0.050526316,0,9.674556213,-0.088461538,0.030769231,0.031457208,-0.090439472,0.205291782,1.022359249,
Felix Amparo BAL,R,0.011764706,0,-0.364705882,0.135294118,0.017058824,0,9.6875,-0.088571429,0.03,0.032346322,-0.095498664,0.21644649,1.078210724,
Jorge Quintana SDN,B,0.013529412,0,-0.364705882,0.135294118,0.050588235,0,9.689655172,-0.088571429,0.03,0.029913595,-0.088316327,0.200141891,0.997119824,
Cesar Franco OAK,L,0.007894737,0,-0.363157895,0.131578947,-0.050526316,0,9.68401487,-0.088461538,0.029487179,0.029620197,-0.088860592,0.201502905,1.004511037,
Daniel McElveny NA,R,0.009411765,0,-0.364705882,0.135294118,-0.050588235,0,9.684210526,-0.088571429,0.03,0.030019865,-0.088630077,0.200606745,1.000662156,
Jose Gonzalez LAN,L,0.008421053,0,-0.363157895,0.131578947,-0.084210526,0,9.684908789,-0.088461538,0.029487179,0.029653444,-0.088960332,0.201603375,1.00563854,
Victor Torres NA,R,0.010588235,0,-0.364705882,0.135294118,0.084705882,0,9.70212766,-0.088571429,0.03,0.030376059,-0.089681699,0.202878662,1.012535308,
Maikel Hernandez NA,B,0.009411765,0,-0.364705882,0.135294118,-0.084705882,0,9.682242991,-0.088571429,0.03,0.030100477,-0.088868076,0.200958813,1.003349242,
Colin Burgess ATL,R,0.008823529,0,-0.364705882,0.135294118,0.084705882,0,9.665271967,-0.088571429,0.03,0.032606686,-0.096267359,0.217684411,1.086889541,
Alberto Barriga ARI,R,0.010588235,0,-0.364705882,0.135294118,0.084705882,0,9.70212766,-0.088571429,0.03,0.032642046,-0.096371755,0.217801876,1.088068201,
Nazzan Zanetello BOS,R,0.011176471,0,-0.364705882,0.135294118,0.017058824,0,9.688385269,-0.088571429,0.03,0.029944449,-0.088407422,0.199759422,0.998148314,
Eddson Martinez SDN,L,0.008421053,0,-0.363157895,0.131578947,-0.050526316,0,9.683426443,-0.088461538,0.029487179,0.029277243,-0.08783173,0.198655516,0.992880428,
Dayro Perez NA,R,0.011764706,0,-0.364705882,0.135294118,0.017058824,0,9.6875,-0.088571429,0.03,0.030133437,-0.088965386,0.200932772,1.004447904,
Adrian Gil CHA,R,0.011176471,0,-0.364705882,0.135294118,-0.084705882,0,9.680451128,-0.088571429,0.03,0.030097008,-0.088857833,0.200672804,1.0032336,
Aldalay Kolokie COL,R,0.009411765,0,-0.364705882,0.135294118,-0.050588235,0,9.684210526,-0.088571429,0.03,0.03011028,-0.088897017,0.200681002,1.003676003,
Ricardo Pena MIN,R,0.009411765,0,-0.364705882,0.135294118,0.084705882,0,9.663865546,-0.088571429,0.03,0.029519803,-0.087153705,0.196698322,0.983993447,
Kelvin Alcantara SEA,L,0.007894737,0,-0.363157895,0.131578947,-0.050526316,0,9.68401487,-0.088461538,0.029487179,0.029374378,-0.088123133,0.199099429,0.996174544,
Yanki Baptiste NA,B,0.010588235,0,-0.364705882,0.135294118,-0.084705882,0,9.681050657,-0.088571429,0.03,0.030246505,-0.089299206,0.201458865,1.008216843,
Satchell Norman NA,R,0.011176471,0,-0.364705882,0.135294118,-0.084705882,0,9.680451128,-0.088571429,0.028571429,0.028598168,-0.088654322,0.199839853,1.000935889,
Juan Machado NA,L,0.010526316,0,-0.363157895,0.131578947,-0.050526316,0,9.681050657,-0.088461538,0.029487179,0.02951793,-0.088553789,0.199818159,1.001042829,
Kleiver Chauran TBA,B,0.011176471,0,-0.364705882,0.135294118,0.017058824,0,9.688385269,-0.088571429,0.028571429,0.028557339,-0.08852775,0.199448595,0.999506858,
Edrick Felix NA,R,0.010588235,0,-0.364705882,0.135294118,0.017058824,0,9.689265537,-0.088571429,0.028571429,0.028590544,-0.088630687,0.199680506,1.000669045,
Alexander Rincon BAL,L,0.011052632,0,-0.363157895,0.131578947,0.016842105,0,9.675,-0.088461538,0.029487179,0.029323456,-0.087970368,0.198396282,0.99444764,
Eduardo Rojas LAN,B,0.009411765,0,-0.364705882,0.135294118,0.084705882,0,9.663865546,-0.088571429,0.028571429,0.028641018,-0.088787155,0.199968864,1.002435616,
Starlin Aguilar LAA,L,0.007894737,0,-0.363157895,0.131578947,-0.117894737,0,9.686567164,-0.088461538,0.029487179,0.030215534,-0.090646601,0.204349914,1.024700708,
Juan Alva MIA,L,0.008947368,0,-0.363157895,0.131578947,-0.084210526,0,9.684385382,-0.088461538,0.029487179,0.029540603,-0.08862181,0.199757258,1.001811762,
Luis Leones NA,L,0.012631579,0,-0.363157895,0.131578947,-0.050526316,0,9.678638941,-0.088461538,0.029487179,0.029649261,-0.088947783,0.20043973,1.005496679,
Sandro Pereira HOU,L,0.009473684,0,-0.368421053,0.131578947,0.016842105,0,9.685230024,-0.08974359,0.029487179,0.029611567,-0.090122162,0.200122646,1.004218374,
Cameron Magee NA,L,0.012105263,0,-0.368421053,0.131578947,0.016842105,0,9.681372549,-0.08974359,0.029487179,0.029464433,-0.089674361,0.199118281,0.999228597,
Victor Diaz NA,R,0.01,0,-0.370588235,0.135294118,-0.084705882,0,9.6875,-0.09,0.028571429,0.028610788,-0.090123982,0.199308185,1.001377579,
Dauri Fernandez CLE,B,0.011764706,0,-0.370588235,0.135294118,0.017058824,0,9.696132597,-0.09,0.028571429,0.031894763,-0.100468505,0.222029814,1.11631672,
Yensi De La Cruz HOU,L,0.008947368,0,-0.368421053,0.131578947,0.016842105,0,9.685990338,-0.08974359,0.028205128,0.028279398,-0.089979903,0.199408704,1.0026332,
Grant Magill CHA,R,0.008823529,0,-0.370588235,0.135294118,0.084705882,0,9.678714859,-0.09,0.028571429,0.030910069,-0.097366718,0.215150156,1.081852428,
Jose Marcano TEX,R,0.008823529,0,-0.370588235,0.135294118,0.084705882,0,9.678714859,-0.09,0.028571429,0.028459759,-0.089648241,0.198089742,0.996091569,
Edwardo Espinal LAA,R,0.009411765,0,-0.370588235,0.135294118,0.017058824,0,9.673024523,-0.09,0.028571429,0.028560417,-0.089965314,0.198761367,0.999614596,
Tayshaun Walton PHI,R,0.012941176,0,-0.370588235,0.135294118,-0.050588235,0,9.686847599,-0.09,0.028571429,0.028487747,-0.089736403,0.198240676,0.997071144,
Franklin Primera BOS,R,0.008235294,0,-0.370588235,0.135294118,0.084705882,0,9.68,-0.09,0.028571429,0.028681139,-0.090345589,0.199513176,1.003839879,
Heriberto Rincon NYN,R,0.014117647,0,-0.370588235,0.135294118,0.017058824,0,9.69273743,-0.09,0.028571429,0.028566034,-0.089983006,0.198657482,0.999811178,
Nomar Velasquez CLE,L,0.008947368,0,-0.368421053,0.131578947,-0.050526316,0,9.688644689,-0.08974359,0.028205128,0.028281685,-0.089987179,0.199223283,1.002714275,
Almen Tolentino MIA,L,0.010526316,0,-0.368421053,0.131578947,-0.117894737,0,9.688888889,-0.08974359,0.028205128,0.028099611,-0.089407854,0.197940713,0.996258949,
Isaias Dipre NA,R,0.008823529,0,-0.370588235,0.135294118,-0.050588235,0,9.691358025,-0.09,0.028571429,0.028446488,-0.089606437,0.197762403,0.995627082,
Jesus Superlano OAK,R,0.009411765,0,-0.370588235,0.135294118,0.017058824,0,9.673024523,-0.09,0.028571429,0.028542733,-0.089909609,0.198364573,0.998995654,
Anderson Fermin BOS,B,0.012352941,0,-0.370588235,0.135294118,-0.050588235,0,9.6875,-0.09,0.028571429,0.031531854,-0.099325339,0.219122735,1.103614883,
Carlos Caro PIT,R,0.011176471,0,-0.370588235,0.135294118,0.017058824,0,9.67032967,-0.09,0.028571429,0.028729512,-0.090497963,0.199635489,1.005532918,
Juarlin Soto TOR,L,0.006842105,0,-0.368421053,0.131578947,0.016842105,0,9.688995215,-0.08974359,0.028205128,0.02820333,-0.089737869,0.198404352,0.999936255,
Luis Rodriguez LAA,R,0.01,0,-0.370588235,0.135294118,0.050588235,0,9.674267101,-0.09,0.028571429,0.028604281,-0.090103487,0.198590087,1.001149852,
Robert Boser OAK,R,0.008823529,0,-0.370588235,0.135294118,0.050588235,0,9.676375405,-0.09,0.028571429,0.031980165,-0.10073752,0.221918041,1.119305779,
Diego Villegas SFN,L,0.007894737,0,-0.368421053,0.131578947,-0.084210526,0,9.690553746,-0.08974359,0.028205128,0.02823285,-0.089831797,0.198342755,1.000982876,
Ryan Reckley SFN,B,0.009411765,0,-0.370588235,0.135294118,0.017058824,0,9.673024523,-0.09,0.028571429,0.028458881,-0.089645475,0.197315666,0.996060829,
Edryn Rodriguez NA,R,0.01,0,-0.370588235,0.135294118,0.017058824,0,9.672131148,-0.09,0.028571429,0.028685481,-0.090359265,0.198879738,1.003991832,
Cesar Gonzalez OAK,R,0.008823529,0,-0.370588235,0.135294118,-0.084705882,0,9.688644689,-0.09,0.028571429,0.027785369,-0.087523912,0.192631379,0.972487917,
Andres Nolaya BAL,R,0.012941176,0,-0.370588235,0.135294118,0.084705882,0,9.669421488,-0.09,0.028571429,0.028986588,-0.091307752,0.200956187,1.014530574,
Yeisy Celesten TEX,L,0.007894737,0,-0.368421053,0.131578947,-0.084210526,0,9.690553746,-0.08974359,0.028205128,0.028130016,-0.089504597,0.197550507,0.997336943,
Fran Alduey NA,B,0.012941176,0,-0.370588235,0.135294118,0.017058824,0,9.694444444,-0.09,0.028571429,0.02847725,-0.089703339,0.197416118,0.996703765,
Bennett Lee DET,R,0.007647059,0,-0.370588235,0.135294118,0.084705882,0,9.6812749,-0.09,0.028571429,0.032270689,-0.10165267,0.223702513,1.129474111,
Colton Vincent SDN,R,0.008235294,0,-0.370588235,0.135294118,0.084705882,0,9.68,-0.09,0.028571429,0.028580872,-0.090029747,0.198098455,1.000330526,
Gabriel Davalillo LAA,R,0.008235294,0,-0.370588235,0.135294118,-0.118235294,0,9.686468647,-0.09,0.028571429,0.031360717,-0.098786259,0.217283669,1.097625097,
Edrei Campos BAL,L,0.009473684,0,-0.368421053,0.131578947,0.016842105,0,9.685230024,-0.08974359,0.028205128,0.028200212,-0.089727948,0.197876505,0.999825704,
Willian Berti DET,L,0.007368421,0,-0.368421053,0.131578947,-0.050526316,0,9.690346084,-0.08974359,0.028205128,0.028030339,-0.089187442,0.196581176,0.993802929,
Myles-Jaxon Naylor OAK,R,0.008823529,0,-0.370588235,0.135294118,0.017058824,0,9.673913043,-0.09,0.027142857,0.027253177,-0.090365798,0.198602939,1.004064424,
Jose Serrano NA,R,0.009411765,0,-0.370588235,0.135294118,0.017058824,0,9.673024523,-0.09,0.027142857,0.027324792,-0.090603257,0.199098643,1.006702851,
Adrian Rodriguez ARI,R,0.008823529,0,-0.370588235,0.135294118,0.050588235,0,9.676375405,-0.09,0.027142857,0.028492496,-0.094475118,0.207507249,1.049723535,
Gabriel Rodriguez CLE,L,0.009473684,0,-0.373684211,0.131578947,0.016842105,0,9.692671395,-0.091025641,0.028205128,0.027823359,-0.089793567,0.194936245,0.986464544,
Victor Santana ARI,R,0.008235294,0,-0.370588235,0.135294118,0.017058824,0,9.674796748,-0.09,0.027142857,0.026968292,-0.089421178,0.196337112,0.993568641,
Nicandro Aybar TBA,B,0.01,0,-0.370588235,0.135294118,-0.050588235,0,9.690082645,-0.09,0.027142857,0.031446189,-0.104268942,0.2288599,1.158543796,
Ricardo Crespo SFN,L,0.008421053,0,-0.373684211,0.131578947,-0.050526316,0,9.677419355,-0.091025641,0.026923077,0.026846385,-0.090766351,0.19693143,0.997151458,
Nikolas McClaughry NA,R,0.009411765,0,-0.370588235,0.135294118,0.050588235,0,9.675324675,-0.09,0.027142857,0.027381743,-0.090792094,0.199231144,1.008801041,
Freiker Betencourt CHN,L,0.008947368,0,-0.373684211,0.131578947,0.016842105,0,9.693396226,-0.091025641,0.026923077,0.026896467,-0.090935675,0.19724386,0.999011644,
Heison Sanchez NA,L,0.008947368,0,-0.373684211,0.131578947,0.016842105,0,9.693396226,-0.091025641,0.026923077,0.026973842,-0.091197274,0.19777922,1.001885546,
Jeremiah Boyd ARI,R,0.008823529,0,-0.376470588,0.135294118,0.084705882,0,9.691119691,-0.091428571,0.027142857,0.027142276,-0.091426614,0.197318776,0.999978593,
John Mabry NA,R,0.01,0,-0.376470588,0.135294118,0.017058824,0,9.680851064,-0.091428571,0.027142857,0.027078848,-0.091212962,0.196835719,0.997641771,
Jason Schiavone HOU,R,0.01,0,-0.376470588,0.135294118,-0.084705882,0,9.675675676,-0.091428571,0.027142857,0.031005087,-0.104438187,0.225285246,1.142292675,
Diego Contreras SEA,B,0.01,0,-0.376470588,0.135294118,0.017058824,0,9.680851064,-0.091428571,0.027142857,0.027250977,-0.091792766,0.19800761,1.003983379,
Dario Reynoso SFN,R,0.011176471,0,-0.376470588,0.135294118,0.017058824,0,9.679144385,-0.091428571,0.027142857,0.027799845,-0.093641582,0.201934268,1.024204806,
Ramon Peralta NA,R,0.009411765,0,-0.376470588,0.135294118,0.017058824,0,9.681697613,-0.091428571,0.027142857,0.027414483,-0.092343523,0.199100715,1.01000728,
Darwin De Leon HOU,R,0.010588235,0,-0.376470588,0.135294118,0.017058824,0,9.68,-0.091428571,0.027142857,0.027302378,-0.091965906,0.198261393,1.005877095,
Wesly Castillo TEX,L,0.008421053,0,-0.373684211,0.131578947,-0.050526316,0,9.677419355,-0.091025641,0.026923077,0.02681165,-0.090648912,0.196229488,0.995861291,
Santiago Pinto DET,L,0.010526316,0,-0.373684211,0.131578947,-0.050526316,0,9.675090253,-0.091025641,0.026923077,0.026819221,-0.09067451,0.196283903,0.996142501,
Nicholas Gile NA,R,0.009411765,0,-0.376470588,0.135294118,-0.084705882,0,9.676258993,-0.091428571,0.027142857,0.027219253,-0.091685905,0.197555477,1.00281459,
Yosneiker Rivas SFN,L,0.007894737,0,-0.373684211,0.131578947,0.016842105,0,9.672131148,-0.091025641,0.026923077,0.027021409,-0.091358096,0.197657282,1.003652327,
Roybert Herrera NYN,L,0.008421053,0,-0.373684211,0.131578947,-0.084210526,0,9.679487179,-0.091025641,0.026923077,0.026849557,-0.090777074,0.196377276,0.997269258,
Agustin Acosta LAN,L,0.008947368,0,-0.373684211,0.131578947,0.016842105,0,9.693396226,-0.091025641,0.026923077,0.026966823,-0.091173543,0.197210917,1.001624843,
Starlin Gill NA,R,0.010588235,0,-0.376470588,0.135294118,0.017058824,0,9.68,-0.091428571,0.027142857,0.027095638,-0.091269516,0.196529509,0.998260337,
Jirvin Morillo CIN,B,0.009411765,0,-0.376470588,0.135294118,0.084705882,0,9.689922481,-0.091428571,0.027142857,0.027303386,-0.091969301,0.197959897,1.005914231,
Oswaldo Patino NA,L,0.008947368,0,-0.373684211,0.131578947,0.016842105,0,9.693396226,-0.091025641,0.026923077,0.027142263,-0.091766698,0.198388072,1.008141189,
Adriander Mejia BAL,R,0.008823529,0,-0.376470588,0.135294118,-0.118235294,0,9.675324675,-0.091428571,0.027142857,0.027138421,-0.09141363,0.19675284,0.999836573,
Robert Honeycutt BAL,R,0.015882353,0,-0.376470588,0.135294118,0.017058824,0,9.672131148,-0.091428571,0.027142857,0.027001491,-0.09095239,0.195715332,0.994791766,
Luke Scherrer PIT,R,0.01,0,-0.376470588,0.135294118,-0.084705882,0,9.675675676,-0.091428571,0.027142857,0.026102758,-0.08792508,0.189196226,0.961680565,
Osmar Torrealba CLE,L,0.008421053,0,-0.373684211,0.131578947,-0.050526316,0,9.677419355,-0.091025641,0.026923077,0.026768783,-0.090503982,0.195583668,0.994269095,
Yorman Licourt TOR,B,0.008235294,0,-0.376470588,0.135294118,-0.050588235,0,9.678714859,-0.091428571,0.027142857,0.027036291,-0.091069613,0.195882912,0.996073896,
Joaquin Arias TEX,L,0.007894737,0,-0.373684211,0.131578947,-0.050526316,0,9.677996422,-0.091025641,0.026923077,0.026836957,-0.090734474,0.196025953,0.996801266,
Andres Torres TBA,L,0.007894737,0,-0.373684211,0.131578947,-0.084210526,0,9.68,-0.091025641,0.026923077,0.02719469,-0.091943952,0.198637942,1.01008849,
Jose Hernandez LAN,R,0.01,0,-0.376470588,0.135294118,-0.050588235,0,9.676767677,-0.091428571,0.027142857,0.029924033,-0.100796742,0.216801823,1.102464369,
Nickolas Monistere HOU,R,0.010588235,0,-0.376470588,0.135294118,0.017058824,0,9.68,-0.091428571,0.027142857,0.02779522,-0.093626004,0.201355887,1.024034415,
Yunior Amparo NYN,R,0.010588235,0,-0.376470588,0.135294118,-0.084705882,0,9.675090253,-0.091428571,0.027142857,0.027528885,-0.092728874,0.199421413,1.014222062,
Leiker Figueroa NA,R,0.011176471,0,-0.376470588,0.135294118,0.017058824,0,9.679144385,-0.091428571,0.027142857,0.027017994,-0.09100798,0.195694602,0.995399783,
Anthony Santa Cruz de Oviedo LAA,L,0.007368421,0,-0.373684211,0.131578947,-0.084210526,0,9.680511182,-0.091025641,0.026923077,0.0267737,-0.090520606,0.195483353,0.994451723,
Darlyn De Leon CHN,L,0.010526316,0,-0.373684211,0.131578947,0.016842105,0,9.691211401,-0.091025641,0.026923077,0.026914952,-0.090998172,0.196475691,0.999698227,
Armando Cruz WAS,R,0.01,0,-0.376470588,0.135294118,0.017058824,0,9.680851064,-0.091428571,0.027142857,0.02720749,-0.091646282,0.19696089,1.002381204,
Moises Polanco MIL,R,0.01,0,-0.376470588,0.135294118,0.017058824,0,9.680851064,-0.091428571,0.027142857,0.027296208,-0.091945121,0.197575987,1.005649766,
Cris Rodriguez DET,R,0.009411765,0,-0.376470588,0.135294118,0.017058824,0,9.681697613,-0.091428571,0.027142857,0.027126236,-0.091372585,0.196331703,0.999387652,
Gabriel Lara NYA,L,0.01,0,-0.373684211,0.131578947,-0.050526316,0,9.675675676,-0.091025641,0.026923077,0.027034296,-0.091401667,0.197247474,1.004130984,
Yan Contreras NA,R,0.012352941,0,-0.376470588,0.135294118,-0.084705882,0,9.690909091,-0.091428571,0.027142857,0.027343408,-0.092104111,0.197868269,1.007388714,
Alfredo Benzan ARI,B,0.01,0,-0.376470588,0.135294118,0.017058824,0,9.680851064,-0.091428571,0.027142857,0.02701827,-0.09100891,0.195509465,0.995409957,
Yovanny Duran MIN,B,0.012941176,0,-0.376470588,0.135294118,0.017058824,0,9.676549865,-0.091428571,0.027142857,0.027161332,-0.091490804,0.196498659,1.000680666,
Stiven Flores CHA,R,0.009411765,0,-0.376470588,0.135294118,0.084705882,0,9.689922481,-0.091428571,0.027142857,0.031619135,-0.10650656,0.228723005,1.164915505,
Logun Clark CLE,R,0.008235294,0,-0.376470588,0.135294118,0.084705882,0,9.692307692,-0.091428571,0.027142857,0.027721067,-0.093376224,0.200459203,1.021302454,
Harold Gonzalez LAN,R,0.009411765,0,-0.376470588,0.135294118,0.017058824,0,9.681697613,-0.091428571,0.027142857,0.027270033,-0.091856952,0.197141382,1.004685418,
Cal Stark TEX,R,0.01,0,-0.376470588,0.135294118,0.084705882,0,9.688715953,-0.091428571,0.027142857,0.026348764,-0.08875373,0.190449279,0.97074392,
Diego Benitez NA,R,0.008823529,0,-0.376470588,0.135294118,-0.084705882,0,9.676840215,-0.091428571,0.025714286,0.02563272,-0.09113856,0.195556721,0.996828004,
Carter Johnson MIA,L,0.008421053,0,-0.378947368,0.131578947,0.016842105,0,9.678899083,-0.092307692,0.026923077,0.027075721,-0.092831043,0.197195725,1.005669636,
Nicholas Peoples WAS,B,0.01,0,-0.376470588,0.135294118,-0.050588235,0,9.676767677,-0.091428571,0.025714286,0.026303355,-0.093523041,0.200515592,1.022908262,
Yaikel Mijares CLE,B,0.011764706,0,-0.376470588,0.135294118,0.017058824,0,9.678284182,-0.091428571,0.025714286,0.02462496,-0.087555413,0.18767106,0.957637328,
Cesar Lugo CHN,L,0.01,0,-0.378947368,0.131578947,-0.050526316,0,9.681415929,-0.092307692,0.025641026,0.025296232,-0.091066435,0.193332827,0.986553044,
Peyton Holt NA,R,0.009411765,0,-0.376470588,0.135294118,0.017058824,0,9.681697613,-0.091428571,0.025714286,0.026007871,-0.092472431,0.198195295,1.011417217,
Marconi German WAS,B,0.012352941,0,-0.376470588,0.135294118,0.017058824,0,9.677419355,-0.091428571,0.025714286,0.025832239,-0.091847961,0.196826737,1.004587078,
Dilan Granadillo CHN,L,0.007368421,0,-0.378947368,0.131578947,0.084210526,0,9.673202614,-0.092307692,0.025641026,0.025414605,-0.091492578,0.194097769,0.991169599,
Francisco Garcia NA,R,0.01,0,-0.376470588,0.135294118,-0.118235294,0,9.69004894,-0.091428571,0.025714286,0.025884926,-0.092035293,0.197104366,1.006636021,
Jhorman Bravo BOS,L,0.01,0,-0.378947368,0.131578947,0.050526316,0,9.673024523,-0.092307692,0.025641026,0.025765269,-0.092754967,0.19667941,1.004845477,
Browm Martinez WAS,R,0.012352941,0,-0.376470588,0.135294118,0.017058824,0,9.677419355,-0.091428571,0.025714286,0.025692696,-0.091351808,0.195445766,0.999160401,
Kenly Hunter SLN,R,0.011764706,0,-0.376470588,0.135294118,0.017058824,0,9.678284182,-0.091428571,0.025714286,0.026066309,-0.092680211,0.198262521,1.013689808,
Angel Arevalo NA,R,0.010588235,0,-0.382352941,0.135294118,0.050588235,0,9.693251534,-0.092857143,0.025714286,0.025815098,-0.093221187,0.196225293,1.003920479,
Efrenyer Narvaez NA,R,0.01,0,-0.382352941,0.135294118,0.084705882,0,9.700374532,-0.092857143,0.025714286,0.0256428,-0.092599,0.194897675,0.997220005,
Diwarys Encarnacion MIA,R,0.010588235,0,-0.382352941,0.135294118,0.050588235,0,9.693251534,-0.092857143,0.025714286,0.025882796,-0.093465653,0.196711695,1.006553182,
Gery Holguin MIL,R,0.008823529,0,-0.382352941,0.135294118,0.017058824,0,9.690721649,-0.092857143,0.025714286,0.025797265,-0.093156789,0.196043589,1.003226955,
Anthony Marquez SFN,R,0.009411765,0,-0.382352941,0.135294118,0.050588235,0,9.695121951,-0.092857143,0.025714286,0.025939201,-0.093669336,0.196986038,1.0087467,
Isaac Garcia CIN,R,0.008823529,0,-0.382352941,0.135294118,-0.050588235,0,9.684418146,-0.092857143,0.025714286,0.025570041,-0.092336259,0.194112978,0.994390486,
Ewry Espinal NA,L,0.01,0,-0.378947368,0.131578947,-0.050526316,0,9.681415929,-0.092307692,0.025641026,0.02570903,-0.09255251,0.195712694,1.002652189,
Christopher Paciolla CHN,R,0.01,0,-0.382352941,0.135294118,0.017058824,0,9.689119171,-0.092857143,0.025714286,0.025807497,-0.093193741,0.195891523,1.003624903,
Pascual Archila TOR,L,0.008421053,0,-0.378947368,0.131578947,0.016842105,0,9.678899083,-0.092307692,0.025641026,0.025607083,-0.0921855,0.194895665,0.998676251,
Yulian Barreto SFN,R,0.008235294,0,-0.382352941,0.135294118,0.017058824,0,9.69151671,-0.092857143,0.025714286,0.025668498,-0.0926918,0.194733636,0.998219386,
Samil Dishmey LAA,L,0.008421053,0,-0.378947368,0.131578947,-0.050526316,0,9.683098592,-0.092307692,0.025641026,0.025646792,-0.09232845,0.195063856,1.000224879,
Moises Valdez SDN,R,0.010588235,0,-0.382352941,0.135294118,0.017058824,0,9.688311688,-0.092857143,0.025714286,0.025701006,-0.092809189,0.194860316,0.999483569,
Andres Villafane NA,L,0.01,0,-0.378947368,0.131578947,-0.050526316,0,9.681415929,-0.092307692,0.025641026,0.025696069,-0.092505848,0.195293335,1.002146684,
Josuar Gonzalez SFN,B,0.012941176,0,-0.382352941,0.135294118,0.050588235,0,9.689440994,-0.092857143,0.025714286,0.025727056,-0.092903259,0.194961777,1.000496636,
Oliver Guerrero TEX,L,0.007368421,0,-0.378947368,0.131578947,-0.117894737,0,9.686609687,-0.092307692,0.025641026,0.025592485,-0.092132947,0.194484129,0.998106927,
Merphy Hernandez MIN,L,0.013684211,0,-0.378947368,0.131578947,0.016842105,0,9.694117647,-0.092307692,0.025641026,0.02623117,-0.094432212,0.199181144,1.023015634,
Juan Rojas HOU,L,0.008421053,0,-0.378947368,0.131578947,0.016842105,0,9.678899083,-0.092307692,0.025641026,0.026100559,-0.093962011,0.198179193,1.017921788,
Victor Hurtado WAS,L,0.007894737,0,-0.378947368,0.131578947,-0.050526316,0,9.683655536,-0.092307692,0.025641026,0.0256884,-0.09247824,0.195046703,1.001847596,
Cristian Jauregui PIT,L,0.01,0,-0.378947368,0.131578947,-0.050526316,0,9.681415929,-0.092307692,0.025641026,0.030203452,-0.108732428,0.229297935,1.17793464,
Jandaniel Gonzalez TBA,L,0.007368421,0,-0.384210526,0.131578947,0.084210526,0,9.683544304,-0.093589744,0.025641026,0.02717962,-0.099205612,0.206099985,1.060005169,
Cleudis Valenzuela NA,L,0.008947368,0,-0.384210526,0.131578947,0.016842105,0,9.685393258,-0.093589744,0.024358974,0.024454404,-0.093956394,0.195146529,1.003917633,
Santiago Almao TEX,B,0.01,0,-0.382352941,0.135294118,0.017058824,0,9.689119171,-0.092857143,0.024285714,0.024422398,-0.093379758,0.195393553,1.005628168,
Kevin Garcia MIL,R,0.008823529,0,-0.382352941,0.135294118,0.084705882,0,9.666666667,-0.092857143,0.024285714,0.023754922,-0.090827642,0.189936948,0.978143835,
Sandy Luciano KCA,B,0.008235294,0,-0.382352941,0.135294118,-0.050588235,0,9.68503937,-0.092857143,0.024285714,0.024345793,-0.093086855,0.194604228,1.002473821,
Roy Rivero KCA,L,0.008947368,0,-0.384210526,0.131578947,0.016842105,0,9.685393258,-0.093589744,0.024358974,0.024619654,-0.094591304,0.196177181,1.010701602,
Edward Lantigua NYN,R,0.010588235,0,-0.382352941,0.135294118,0.017058824,0,9.688311688,-0.092857143,0.024285714,0.023927141,-0.091486126,0.191208536,0.985235199,
Ramon Ramirez NA,L,0.009473684,0,-0.384210526,0.131578947,-0.117894737,0,9.689265537,-0.093589744,0.024358974,0.024612551,-0.09456401,0.196088242,1.01040997,
Anyelo Marquez LAA,L,0.008947368,0,-0.384210526,0.131578947,0.016842105,0,9.685393258,-0.093589744,0.024358974,0.028633473,-0.110012815,0.228113532,1.175479398,
Eriandys Ramon CHN,B,0.009411765,0,-0.382352941,0.135294118,0.050588235,0,9.695121951,-0.092857143,0.024285714,0.024371472,-0.09318504,0.194729209,1.003531204,
Yannic Walther MIL,R,0.008235294,0,-0.382352941,0.135294118,0.084705882,0,9.667896679,-0.092857143,0.024285714,0.023562156,-0.090090595,0.188255941,0.970206409,
Connor Dykstra SEA,R,0.008823529,0,-0.382352941,0.135294118,0.084705882,0,9.666666667,-0.092857143,0.024285714,0.023957746,-0.091603148,0.191374196,0.986495438,
Andreimi Antunez TBA,R,0.009411765,0,-0.382352941,0.135294118,0.050588235,0,9.695121951,-0.092857143,0.024285714,0.024535173,-0.093810955,0.195963436,1.010271824,
Darvin Cruz NA,L,0.008421053,0,-0.384210526,0.131578947,0.016842105,0,9.686098655,-0.093589744,0.024358974,0.024425532,-0.093845466,0.194483956,1.00273238,
Bailey-Jay Cooke OAK,R,0.01,0,-0.382352941,0.135294118,0.050588235,0,9.694189602,-0.092857143,0.024285714,0.024242537,-0.092692052,0.193560257,0.998222104,
Avinson Pinto BOS,L,0.011578947,0,-0.384210526,0.131578947,0.016842105,0,9.681818182,-0.093589744,0.024358974,0.028313575,-0.108783735,0.22531162,1.162346757,
Gian Zapata ARI,L,0.008947368,0,-0.384210526,0.131578947,-0.050526316,0,9.688041594,-0.093589744,0.024358974,0.024292618,-0.093334796,0.193289023,0.997275899,
Angel Ramirez KCA,R,0.01,0,-0.388235294,0.135294118,-0.050588235,0,9.689320388,-0.094285714,0.024285714,0.0242899,-0.094301965,0.193673376,1.000172361,
Diomedes Hernandez NYA,R,0.009411765,0,-0.388235294,0.135294118,0.084705882,0,9.677419355,-0.094285714,0.024285714,0.02440476,-0.094747893,0.194563075,1.004901892,
Yeremi Villahermosa LAA,B,0.01,0,-0.388235294,0.135294118,0.084705882,0,9.676258993,-0.094285714,0.024285714,0.024083116,-0.093499157,0.191912545,0.991657727,
Alcides Hernandez SDN,L,0.008947368,0,-0.384210526,0.131578947,-0.117894737,0,9.689703808,-0.093589744,0.024358974,0.024430727,-0.093865425,0.194086027,1.002945632,
Julio Zayas NYN,R,0.008235294,0,-0.388235294,0.135294118,0.084705882,0,9.679715302,-0.094285714,0.024285714,0.026260834,-0.101953826,0.209246788,1.081328455,
John Cristino NYA,R,0.009411765,0,-0.388235294,0.135294118,0.084705882,0,9.677419355,-0.094285714,0.024285714,0.024339026,-0.094492687,0.193912739,1.00219517,
Fernando Caldera HOU,R,0.008823529,0,-0.388235294,0.135294118,0.084705882,0,9.678571429,-0.094285714,0.024285714,0.024424799,-0.094825692,0.194482465,1.005727033,
Edgar Lugo DET,B,0.009411765,0,-0.388235294,0.135294118,0.017058824,0,9.673366834,-0.094285714,0.024285714,0.024354165,-0.094551462,0.19391101,1.002818541,
Adrian Hoyte DET,L,0.008421053,0,-0.384210526,0.131578947,-0.050526316,0,9.688581315,-0.093589744,0.024358974,0.024440872,-0.093904402,0.193948892,1.003362107,
Dayber Cruceta PHI,L,0.008947368,0,-0.384210526,0.131578947,0.016842105,0,9.685393258,-0.093589744,0.024358974,0.0243829,-0.09368167,0.193481857,1.000982229,
Javier Mora NA,R,0.01,0,-0.388235294,0.135294118,0.017058824,0,9.672544081,-0.094285714,0.024285714,0.024339174,-0.094493264,0.193716489,1.002201287,
Raimel Medina KCA,R,0.01,0,-0.388235294,0.135294118,-0.050588235,0,9.689320388,-0.094285714,0.024285714,0.024327805,-0.094449123,0.193463717,1.001733127,
Kyle Sinzza ARI,R,0.011176471,0,-0.388235294,0.135294118,0.017058824,0,9.670886076,-0.094285714,0.024285714,0.024591008,-0.095470971,0.195548705,1.012570901,
Ryan Castillo NA,L,0.008421053,0,-0.384210526,0.131578947,-0.084210526,0,9.689440994,-0.093589744,0.024358974,0.024475739,-0.094038367,0.194005532,1.004793516,
Yerlin Luis CLE,B,0.012352941,0,-0.388235294,0.135294118,-0.050588235,0,9.686888454,-0.094285714,0.024285714,0.023898371,-0.092781911,0.189972931,0.984050572,
Angel Gonzalez MIL,L,0.009473684,0,-0.389473684,0.131578947,-0.050526316,0,9.676320273,-0.094871795,0.024358974,0.024490576,-0.095384348,0.193989413,1.005402587,
Arnold Prado NA,R,0.010588235,0,-0.388235294,0.135294118,-0.050588235,0,9.688715953,-0.094285714,0.024285714,0.024381366,-0.094657066,0.193688867,1.003938584,
Heribert Silva CLE,L,0.01,0,-0.389473684,0.131578947,0.016842105,0,9.690949227,-0.094871795,0.024358974,0.024412315,-0.095079543,0.19328633,1.002189781,
Gabriel Terrero NA,B,0.011176471,0,-0.388235294,0.135294118,0.017058824,0,9.670886076,-0.094285714,0.024285714,0.024377063,-0.094640364,0.193588441,1.003761432,
Deward Tovar TEX,L,0.007894737,0,-0.389473684,0.131578947,-0.050526316,0,9.677966102,-0.094871795,0.024358974,0.028868119,-0.112433727,0.228560749,1.185112252,
Juan Sierra HOU,R,0.008823529,0,-0.388235294,0.135294118,-0.050588235,0,9.690522244,-0.094285714,0.024285714,0.02758731,-0.107103675,0.21888129,1.135948071,
Yeferson Portolatin SLN,B,0.011764706,0,-0.388235294,0.135294118,0.017058824,0,9.694656489,-0.094285714,0.024285714,0.024397523,-0.094719794,0.19356808,1.004603879,
Andry Javier NA,B,0.010588235,0,-0.388235294,0.135294118,-0.084705882,0,9.68641115,-0.094285714,0.024285714,0.024468245,-0.094994363,0.194118103,1.007515976,
John Estevez ATL,L,0.008421053,0,-0.389473684,0.131578947,-0.050526316,0,9.677419355,-0.094871795,0.023076923,0.022880543,-0.094064454,0.191004637,0.991490194,
Santiago Camacho SFN,B,0.008823529,0,-0.388235294,0.135294118,0.084705882,0,9.678571429,-0.094285714,0.022857143,0.022975031,-0.094772003,0.193585314,1.005157608,
Luis Aguilera DET,L,0.008947368,0,-0.389473684,0.131578947,0.050526316,0,9.69151671,-0.094871795,0.023076923,0.023233204,-0.095514283,0.193893245,1.006772168,
Juan Macero LAN,R,0.009411765,0,-0.388235294,0.135294118,0.017058824,0,9.673366834,-0.094285714,0.022857143,0.022936877,-0.094614619,0.193219682,1.003488387,
Alan Escobar CHA,L,0.007894737,0,-0.389473684,0.131578947,-0.050526316,0,9.677966102,-0.094871795,0.023076923,0.023001973,-0.094563666,0.191889742,0.99675216,
Yoiber Ruiz NA,R,0.009411765,0,-0.388235294,0.135294118,0.084705882,0,9.677419355,-0.094285714,0.022857143,0.022934569,-0.094605097,0.193128995,1.003387392,
Taishi Nakawake NA,R,0.009411765,0,-0.388235294,0.135294118,0.050588235,0,9.675516224,-0.094285714,0.022857143,0.022994908,-0.094853997,0.193634088,1.006027245,
Diego Guzman KCA,R,0.011764706,0,-0.388235294,0.135294118,0.017058824,0,9.694656489,-0.094285714,0.022857143,0.022535865,-0.092960443,0.189736067,0.985944092,
Heriberto Caraballo SLN,R,0.009411765,0,-0.388235294,0.135294118,0.084705882,0,9.677419355,-0.094285714,0.022857143,0.023174464,-0.095594663,0.195106534,1.013882786,
Jhostin Genao TEX,L,0.008947368,0,-0.389473684,0.131578947,0.016842105,0,9.692307692,-0.094871795,0.023076923,0.023168762,-0.095249356,0.19317473,1.003979699,
Rosnel Alarcon TEX,R,0.009411765,0,-0.388235294,0.135294118,0.017058824,0,9.673366834,-0.094285714,0.022857143,0.02278662,-0.093994807,0.191809363,0.996914617,
Sebastian Dos Santos SLN,B,0.010588235,0,-0.388235294,0.135294118,0.050588235,0,9.673590504,-0.094285714,0.022857143,0.022834651,-0.094192935,0.192166717,0.999015976,
Yimy Tovar SDN,R,0.01,0,-0.388235294,0.135294118,0.050588235,0,9.674556213,-0.094285714,0.022857143,0.022931637,-0.094593004,0.192934757,1.003259131,
Zachary MacDonald DET,R,0.012941176,0,-0.388235294,0.135294118,0.017058824,0,9.693094629,-0.094285714,0.022857143,0.024528053,-0.101178219,0.206280314,1.073102326,
Johan Rodriguez ATL,L,0.007894737,0,-0.389473684,0.131578947,-0.084210526,0,9.679878049,-0.094871795,0.023076923,0.023218184,-0.095452534,0.193294013,1.006121306,
Anderson Areinamo HOU,R,0.009411765,0,-0.388235294,0.135294118,0.050588235,0,9.675516224,-0.094285714,0.022857143,0.022817109,-0.094120577,0.191684683,0.998248541,
Djean Macares SFN,L,0.008421053,0,-0.389473684,0.131578947,0.016842105,0,9.692982456,-0.094871795,0.023076923,0.022990446,-0.094516279,0.191251621,0.996252668,
Angel Herrera NA,L,0.010526316,0,-0.389473684,0.131578947,-0.050526316,0,9.675213675,-0.094871795,0.023076923,0.023139938,-0.095130855,0.192442058,1.002730635,
Justin Trimble HOU,L,0.01,0,-0.389473684,0.131578947,-0.084210526,0,9.67791411,-0.094871795,0.023076923,0.023117232,-0.095037511,0.192212158,1.001746734,
Randy Soto TOR,B,0.007647059,0,-0.394117647,0.135294118,0.084705882,0,9.691780822,-0.095714286,0.022857143,0.022952661,-0.096114266,0.192615572,1.004178902,
Junior Gonzalez NA,R,0.009411765,0,-0.394117647,0.135294118,0.084705882,0,9.688581315,-0.095714286,0.022857143,0.02302511,-0.096417647,0.193166136,1.007348551,
Kelvin Diaz NA,R,0.012352941,0,-0.394117647,0.135294118,0.017058824,0,9.677419355,-0.095714286,0.022857143,0.02290901,-0.095931478,0.192158052,1.00226917,
Ramiro Dominguez MIN,R,0.011176471,0,-0.394117647,0.135294118,0.017058824,0,9.679012346,-0.095714286,0.022857143,0.027059223,-0.113310494,0.226929295,1.183840987,
Stiven Martinez BAL,R,0.009411765,0,-0.394117647,0.135294118,0.017058824,0,9.681372549,-0.095714286,0.022857143,0.023350048,-0.097778328,0.195720544,1.02156462,
Rafael Flores TOR,R,0.009411765,0,-0.394117647,0.135294118,-0.050588235,0,9.677419355,-0.095714286,0.022857143,0.022726369,-0.095166669,0.190301948,0.994278636,
Gabriel Silva KCA,R,0.008823529,0,-0.394117647,0.135294118,0.084705882,0,9.689655172,-0.095714286,0.022857143,0.023054325,-0.096539987,0.193047122,1.008626732,
Robert Puason OAK,R,0.010588235,0,-0.394117647,0.135294118,0.050588235,0,9.682997118,-0.095714286,0.022857143,0.022763419,-0.095321818,0.190586301,0.995899593,
Jhonael Cuello NYN,L,0.008947368,0,-0.394736842,0.131578947,0.016842105,0,9.678111588,-0.096153846,0.023076923,0.023044391,-0.096018297,0.191067271,0.998590294,
Jaeden Calderon PHI,R,0.009411765,0,-0.394117647,0.135294118,-0.084705882,0,9.676320273,-0.095714286,0.022857143,0.025761785,-0.107877475,0.2156292,1.127078096,
Steven Cruz CLE,B,0.009411765,0,-0.394117647,0.135294118,-0.050588235,0,9.677419355,-0.095714286,0.022857143,0.022787373,-0.095422123,0.190725039,0.996947551,
Jerffson Pena NA,L,0.01,0,-0.394736842,0.131578947,0.016842105,0,9.676724138,-0.096153846,0.021794872,0.021780067,-0.09608853,0.191085109,0.999320707,
Samuel Escudero PIT,R,0.009411765,0,-0.394117647,0.135294118,-0.118235294,0,9.689922481,-0.095714286,0.022857143,0.021831042,-0.091417489,0.182538349,0.955108096,
Juan Cabada CHN,L,0.01,0,-0.394736842,0.131578947,0.016842105,0,9.676724138,-0.096153846,0.021794872,0.022086204,-0.097439135,0.1936443,1.013367,
Leandro Romero SEA,R,0.008823529,0,-0.394117647,0.135294118,0.050588235,0,9.685714286,-0.095714286,0.022857143,0.023323779,-0.097668324,0.194907491,1.020415328,
Queni Pineda NYA,R,0.008823529,0,-0.394117647,0.135294118,0.084705882,0,9.689655172,-0.095714286,0.022857143,0.022950707,-0.096106087,0.191734656,1.004093447,
Junior Suriel LAA,R,0.009411765,0,-0.394117647,0.135294118,0.017058824,0,9.681372549,-0.095714286,0.022857143,0.022969333,-0.096184081,0.191889252,1.004908312,
Darius Perry NA,R,0.008823529,0,-0.394117647,0.135294118,0.084705882,0,9.689655172,-0.095714286,0.022857143,0.023111762,-0.096780502,0.193060923,1.011139572,
Reiner Herrera CLE,L,0.007894737,0,-0.394736842,0.131578947,0.084210526,0,9.672619048,-0.096153846,0.021794872,0.02196967,-0.096925017,0.192422987,1.008020174,
Jacob Hinderleider COL,R,0.010588235,0,-0.394117647,0.135294118,-0.084705882,0,9.675213675,-0.095714286,0.022857143,0.022064497,-0.09239508,0.18424227,0.965321726,
Ryan Picollo LAA,R,0.008235294,0,-0.394117647,0.135294118,-0.050588235,0,9.678638941,-0.095714286,0.021428571,0.02071843,-0.092542323,0.184532016,0.966860089,
Darwin Almanzar MIN,B,0.009411765,0,-0.394117647,0.135294118,0.017058824,0,9.681372549,-0.095714286,0.021428571,0.021418697,-0.095670181,0.190764056,0.999539203,
Juan Garcia NA,R,0.01,0,-0.394117647,0.135294118,0.084705882,0,9.6875,-0.095714286,0.021428571,#N/A,#N/A,#N/A,#N/A,
Jeremy Ciriaco COL,R,0.01,0,-0.394117647,0.135294118,0.017058824,0,9.680589681,-0.095714286,0.021428571,0.023491508,-0.104928734,0.209189213,1.096270356,
Yoneiker Lugo MIL,R,0.008823529,0,-0.394117647,0.135294118,0.084705882,0,9.689655172,-0.095714286,0.021428571,0.021467039,-0.095886109,0.191134503,1.001795164,
Ashly Andujar COL,B,0.01,0,-0.394117647,0.135294118,0.050588235,0,9.683908046,-0.095714286,0.021428571,0.021570812,-0.096349629,0.192038328,1.006637913,
JosÃ© Castro MIA,R,0.008823529,0,-0.394117647,0.135294118,-0.050588235,0,9.678030303,-0.095714286,0.021428571,0.021341309,-0.095324512,0.189985167,0.995927737,
Felix Cotes TBA,B,0.010588235,0,-0.394117647,0.135294118,0.017058824,0,9.679802956,-0.095714286,0.021428571,0.021503192,-0.096047591,0.191306875,1.003482294,
Yosmar Gimenez NA,L,0.008421053,0,-0.394736842,0.131578947,-0.084210526,0,9.684210526,-0.096153846,0.021794872,0.021710606,-0.095782086,0.189898942,0.996133689,
Alejandro Blasco CLE,B,0.009411765,0,-0.394117647,0.135294118,-0.050588235,0,9.677419355,-0.095714286,0.021428571,0.021507151,-0.096065273,0.191286893,1.003667036,
Herlinton Herrera COL,L,0.008421053,0,-0.394736842,0.131578947,-0.084210526,0,9.684210526,-0.096153846,0.021794872,0.02184051,-0.09635519,0.190956022,1.002093977,
Fredderick Ovalle PIT,R,0.012352941,0,-0.394117647,0.135294118,0.017058824,0,9.677419355,-0.095714286,0.021428571,0.022385303,-0.099987688,0.199041908,1.044647482,
Yorber Semprun NYN,L,0.009473684,0,-0.394736842,0.131578947,0.016842105,0,9.677419355,-0.096153846,0.021794872,0.021868662,-0.096479389,0.191106837,1.003385646,
Ivan Torres TBA,R,0.008823529,0,-0.394117647,0.135294118,0.084705882,0,9.689655172,-0.095714286,0.021428571,0.021398283,-0.095578997,0.190162831,0.998586535,
Javier Acevedo PIT,L,0.008421053,0,-0.394736842,0.131578947,-0.084210526,0,9.684210526,-0.096153846,0.021794872,0.021759777,-0.095999017,0.190056473,0.998389776,
Luis Cruz PIT,L,0.008947368,0,-0.394736842,0.131578947,-0.050526316,0,9.682274247,-0.096153846,0.021794872,0.021846624,-0.096382165,0.190723804,1.002374516,
Josias Ramirez CHN,L,0.008421053,0,-0.394736842,0.131578947,-0.084210526,0,9.684210526,-0.096153846,0.021794872,0.021691612,-0.095698287,0.189362565,0.995262188,
Hendry Arvelo LAN,L,0.008421053,0,-0.394736842,0.131578947,0.016842105,0,9.678800857,-0.096153846,0.021794872,0.021863028,-0.096454537,0.190775731,1.003127184,
Elias Medina LAN,R,0.011176471,0,-0.4,0.135294118,-0.050588235,0,9.68164794,-0.097142857,0.021428571,0.021216543,-0.096181661,0.188234865,0.99010533,
Albert Jimenez SFN,R,0.008235294,0,-0.4,0.135294118,-0.118235294,0,9.680851064,-0.097142857,0.021428571,0.021410872,-0.097062618,0.189900014,0.999174006,
Richard Matic NYA,R,0.009411765,0,-0.4,0.135294118,0.017058824,0,9.688995215,-0.097142857,0.021428571,0.021277911,-0.096459862,0.188520162,0.992969171,
Alexander Martinez NA,R,0.009411765,0,-0.4,0.135294118,0.084705882,0,9.698996656,-0.097142857,0.021428571,0.021576109,-0.097811696,0.191100752,1.006885107,
Frederi Montero MIL,L,0.008421053,0,-0.4,0.131578947,0.016842105,0,9.685534591,-0.097435897,0.021794872,0.023998367,-0.107286815,0.208957137,1.101101522,
Vladi Gomez NYN,L,0.011578947,0,-0.4,0.131578947,0.016842105,0,9.681528662,-0.097435897,0.021794872,0.021863703,-0.097743615,0.190360294,1.003158152,
Darian Castillo SDN,B,0.009411765,0,-0.4,0.135294118,0.017058824,0,9.688995215,-0.097142857,0.021428571,0.021730165,-0.098510081,0.192142755,1.014074368,
Luis Quesada HOU,R,0.008235294,0,-0.4,0.135294118,-0.050588235,0,9.684601113,-0.097142857,0.021428571,0.021363721,-0.096848867,0.188877651,0.996973629,
Carlos Tirado NA,L,0.008421053,0,-0.4,0.131578947,-0.084210526,0,9.688888889,-0.097435897,0.020512821,0.020464228,-0.097205084,0.188974281,0.997631127,
Daniel Campos CHN,R,0.008823529,0,-0.4,0.135294118,0.084705882,0,9.667774086,-0.097142857,0.021428571,0.02138129,-0.096928514,0.188951162,0.997793525,
Williams Wong NA,L,0.008421053,0,-0.4,0.131578947,0.016842105,0,9.685534591,-0.097435897,0.020512821,0.020685307,-0.098255209,0.190951267,1.008408721,
John Santana TBA,L,0.007894737,0,-0.4,0.131578947,-0.050526316,0,9.68852459,-0.097435897,0.020512821,0.020606285,-0.097879853,0.19014846,1.004556386,
Jjam Alvarez NA,R,0.008235294,0,-0.4,0.135294118,-0.084705882,0,9.682804674,-0.097142857,0.021428571,0.021496976,-0.097452956,0.18982804,1.003192195,
Joyner Perez MIN,R,0.008823529,0,-0.4,0.135294118,-0.050588235,0,9.68401487,-0.097142857,0.021428571,0.021383243,-0.096937366,0.18881674,0.997884651,
Alexander Frias MIL,L,0.008947368,0,-0.4,0.131578947,-0.050526316,0,9.6875,-0.097435897,0.020512821,0.02074577,-0.098542407,0.191358722,1.011356281,
Edwin Darville BOS,L,0.008947368,0,-0.4,0.131578947,0.016842105,0,9.68487395,-0.097435897,0.020512821,0.020654872,-0.09811064,0.190475972,1.006924987,
Rashawn Pinder TEX,L,0.008947368,0,-0.4,0.131578947,0.016842105,0,9.68487395,-0.097435897,0.020512821,0.020513561,-0.097439413,0.189097823,1.000036083,
Yoffry Solano MIA,B,0.010588235,0,-0.4,0.135294118,0.017058824,0,9.6875,-0.097142857,0.02,0.020214649,-0.098185436,0.191100191,1.010732429,
Guillermo Batista DET,B,0.008823529,0,-0.4,0.135294118,0.017058824,0,9.68973747,-0.097142857,0.02,0.020100509,-0.097631046,0.189996045,1.00502547,
Hugo Sanchez NA,L,0.008947368,0,-0.4,0.131578947,-0.117894737,0,9.689189189,-0.097435897,0.020512821,0.020472824,-0.097245912,0.188668406,0.998050149,
Gabriel Araujo NA,R,0.01,0,-0.4,0.135294118,-0.050588235,0,9.682835821,-0.097142857,0.02,0.020012749,-0.097204782,0.189157504,1.000637463,
Javier Sanchez TEX,R,0.008823529,0,-0.4,0.135294118,-0.084705882,0,9.682274247,-0.097142857,0.02,0.020014882,-0.097215143,0.189171662,1.000744121,
Armando Sierra NA,R,0.01,0,-0.4,0.135294118,-0.050588235,0,9.682835821,-0.097142857,0.02,0.020096352,-0.097610851,0.189897461,1.004817585,
Angel Cruz NA,R,0.010588235,0,-0.4,0.135294118,-0.084705882,0,9.680672269,-0.097142857,0.02,0.020106174,-0.097658559,0.189930961,1.005308694,
German Ramirez HOU,R,0.01,0,-0.4,0.135294118,0.050588235,0,9.69273743,-0.097142857,0.02,0.019660491,-0.095493814,0.185712016,0.983024555,
Oliver Tejada SFN,R,0.009411765,0,-0.4,0.135294118,-0.050588235,0,9.683426443,-0.097142857,0.02,0.020229623,-0.098258167,0.191060693,1.011481127,
Peson Revierre CIN,B,0.01,0,-0.4,0.135294118,-0.050588235,0,9.682835821,-0.097142857,0.02,#N/A,#N/A,#N/A,#N/A,
Yeycol Soriano CIN,L,0.008421053,0,-0.4,0.131578947,0.016842105,0,9.685534591,-0.097435897,0.020512821,0.020524565,-0.097491685,0.188898092,1.000572552,
Franyer Noria NA,R,0.011176471,0,-0.4,0.135294118,0.017058824,0,9.686746988,-0.097142857,0.02,0.020140872,-0.097827092,0.190070415,1.007043594,
Greylin De La Paz LAA,R,0.009411765,0,-0.4,0.135294118,0.017058824,0,9.688995215,-0.097142857,0.02,0.020000629,-0.097145914,0.188720938,1.000031465,
Israfell Bautista TBA,B,0.018235294,0,-0.4,0.135294118,0.017058824,0,9.677419355,-0.097142857,0.02,0.02009954,-0.097626337,0.189608005,1.004976997,
Wanderly De La Cruz CIN,L,0.008947368,0,-0.4,0.131578947,0.016842105,0,9.68487395,-0.097435897,0.020512821,0.020646093,-0.098068943,0.189879694,1.006497048,
Bairon Ledesma COL,R,0.01,0,-0.4,0.135294118,0.017058824,0,9.6882494,-0.097142857,0.02,0.020156527,-0.097903132,0.190103262,1.007826356,
Haritzon Castillo MIN,B,0.01,0,-0.4,0.135294118,0.050588235,0,9.69273743,-0.097142857,0.02,0.020003795,-0.097161288,0.188662789,1.000189734,
Karniel Pratt HOU,R,0.012941176,0,-0.4,0.135294118,-0.050588235,0,9.679849341,-0.097142857,0.02,0.020034305,-0.097309481,0.188941527,1.00171525,
Hyun Seung Lee PIT,L,0.009473684,0,-0.4,0.131578947,0.016842105,0,9.684210526,-0.097435897,0.020512821,0.020651677,-0.098095467,0.189828359,1.006769268,
Juan Hernandez DET,L,0.008947368,0,-0.4,0.131578947,0.016842105,0,9.68487395,-0.097435897,0.020512821,0.023981908,-0.113914065,0.220412654,1.169118035,
Joswuill Rondon NA,L,0.008947368,0,-0.4,0.131578947,-0.050526316,0,9.6875,-0.097435897,0.020512821,0.020489964,-0.097327331,0.188281975,0.998885762,
Javier Osorio DET,R,0.012352941,0,-0.405882353,0.135294118,0.017058824,0,9.692671395,-0.098571429,0.02,0.021970484,-0.1082831,0.207021281,1.098524207,
Luis Ogando NA,R,0.010588235,0,-0.405882353,0.135294118,0.017058824,0,9.672131148,-0.098571429,0.02,0.020061321,-0.098873652,0.188994693,1.003066034,
Luis Santos CHN,L,0.011052632,0,-0.4,0.131578947,0.016842105,0,9.68220339,-0.097435897,0.020512821,0.020634883,-0.098015694,0.189524101,1.005950547,
Misael Mojica WAS,L,0.009473684,0,-0.4,0.131578947,0.016842105,0,9.684210526,-0.097435897,0.020512821,0.02068259,-0.098242305,0.189900772,1.008276285,
Angel Guzman TOR,B,0.008823529,0,-0.405882353,0.135294118,0.017058824,0,9.674418605,-0.098571429,0.02,0.020117072,-0.099148428,0.189440459,1.00585362,
Dawson Dimon NA,R,0.01,0,-0.405882353,0.135294118,0.084705882,0,9.676375405,-0.098571429,0.02,0.020033268,-0.098735392,0.188625237,1.001663394,
Christopher Alvarado BOS,R,0.010588235,0,-0.405882353,0.135294118,0.017058824,0,9.672131148,-0.098571429,0.02,0.020123541,-0.099180309,0.189470182,1.006177051,
Adbiel Feliz PIT,B,0.010588235,0,-0.405882353,0.135294118,0.017058824,0,9.672131148,-0.098571429,0.02,0.020010024,-0.098620834,0.188387376,1.000501219,
Diego Munoz CIN,R,0.008823529,0,-0.405882353,0.135294118,-0.050588235,0,9.689781022,-0.098571429,0.02,0.019968466,-0.09841601,0.187942201,0.998423286,
Alessander De La Cruz COL,R,0.008823529,0,-0.405882353,0.135294118,-0.050588235,0,9.689781022,-0.098571429,0.02,0.020107536,-0.099101427,0.189215935,1.005376799,
Pedro Dalmagro CLE,L,0.008421053,0,-0.405263158,0.131578947,0.084210526,0,9.690140845,-0.098717949,0.020512821,0.020469779,-0.098510812,0.187775168,0.997901727,
Steven Madero DET,L,0.008421053,0,-0.405263158,0.131578947,-0.084210526,0,9.679300292,-0.098717949,0.020512821,0.0207783,-0.09999557,0.190591141,1.012942138,
Maikol Orozco DET,R,0.009411765,0,-0.405882353,0.135294118,-0.050588235,0,9.689213894,-0.098571429,0.02,0.020229477,-0.099702421,0.190239011,1.011473838,
Adolfo Miranda NYN,R,0.009411765,0,-0.405882353,0.135294118,-0.050588235,0,9.689213894,-0.098571429,0.02,0.01989928,-0.098075024,0.187089053,0.994964012,
Aldo Gaxiola TOR,R,0.008823529,0,-0.405882353,0.135294118,0.017058824,0,9.674418605,-0.098571429,0.02,0.022412902,-0.110463586,0.210665586,1.12064508,
Andrew Patrick NA,R,0.010588235,0,-0.405882353,0.135294118,-0.050588235,0,9.688073394,-0.098571429,0.02,0.020083319,-0.098982073,0.188752071,1.004165958,
Nathaniel Ochoa Leyva WAS,R,0.01,0,-0.405882353,0.135294118,-0.050588235,0,9.688644689,-0.098571429,0.02,0.020097134,-0.099050158,0.188825633,1.004856678,
Jesus Moreno NA,R,0.009411765,0,-0.405882353,0.135294118,0.084705882,0,9.677419355,-0.098571429,0.02,0.020099691,-0.099062761,0.188814484,1.004984533,
Mario Baez ATL,R,0.012352941,0,-0.405882353,0.135294118,0.017058824,0,9.692671395,-0.098571429,0.02,0.020150718,-0.099314253,0.18925252,1.007535895,
Anyelo Gonzalez NA,L,0.008421053,0,-0.405263158,0.131578947,0.084210526,0,9.690140845,-0.098717949,0.019230769,0.019195042,-0.098534549,0.187441121,0.998142185,
Joseph Tailor MIA,L,0.009473684,0,-0.405263158,0.131578947,0.016842105,0,9.690721649,-0.098717949,0.019230769,0.019313866,-0.099144511,0.18856328,1.004321019,
Brayan Guedez NA,L,0.01,0,-0.405263158,0.131578947,-0.050526316,0,9.675850891,-0.098717949,0.019230769,0.019350545,-0.099332797,0.188915344,1.00622833,
Jhon Imbert NA,R,0.010588235,0,-0.405882353,0.135294118,-0.084705882,0,9.685950413,-0.098571429,0.02,0.020066386,-0.098898618,0.188234743,1.003319313,
Jairo Mendez NA,L,0.008947368,0,-0.405263158,0.131578947,-0.050526316,0,9.676898223,-0.098717949,0.019230769,0.019275648,-0.098948326,0.188006728,1.002333691,
Warel Solano TBA,R,0.008235294,0,-0.405882353,0.135294118,0.017058824,0,9.675174014,-0.098571429,0.02,0.020088159,-0.099005924,0.188383738,1.004407929,
Tavano Baker BOS,L,0.01,0,-0.405263158,0.131578947,-0.050526316,0,9.675850891,-0.098717949,0.019230769,0.019214668,-0.098635294,0.187394967,0.999162723,
Ricardo Paez MIN,L,0.009473684,0,-0.405263158,0.131578947,-0.050526316,0,9.676375405,-0.098717949,0.019230769,0.019178967,-0.09845203,0.187024847,0.997306282,
Winder Linares NA,L,0.008947368,0,-0.405263158,0.131578947,0.016842105,0,9.691358025,-0.098717949,0.019230769,#N/A,#N/A,#N/A,#N/A,
Remy Veldhuisen NA,L,0.007368421,0,-0.405263158,0.131578947,-0.084210526,0,9.680232558,-0.098717949,0.019230769,0.019195954,-0.098539231,0.187129608,0.99818961,
Junior Aybar BAL,L,0.01,0,-0.405263158,0.131578947,-0.050526316,0,9.675850891,-0.098717949,0.019230769,0.021103699,-0.108332323,0.205708393,1.097392362,
Jeremy Almonte MIA,R,0.009411765,0,-0.405882353,0.135294118,0.084705882,0,9.677419355,-0.098571429,0.02,0.019471681,-0.095967572,0.182464257,0.973584062,
Dashyll Tejeda WAS,R,0.024705882,0,-0.405882353,0.135294118,0.017058824,0,9.676616915,-0.098571429,0.02,0.020063682,-0.098885292,0.187944539,1.003184123,
Luis De Leon SDN,B,0.010588235,0,-0.405882353,0.135294118,0.017058824,0,9.672131148,-0.098571429,0.02,0.020360797,-0.100349642,0.190720603,1.018039847,
Kleimir Lemos TEX,B,0.008823529,0,-0.405882353,0.135294118,-0.084705882,0,9.6875,-0.098571429,0.02,0.020065073,-0.098892148,0.187944527,1.003253674,
Teilon Serrano MIN,L,0.01,0,-0.405263158,0.131578947,0.016842105,0,9.690082645,-0.098717949,0.019230769,0.019114062,-0.09811885,0.186190151,0.993931206,
Alfredo Guanchez ARI,B,0.010588235,0,-0.405882353,0.135294118,0.017058824,0,9.672131148,-0.098571429,0.018571429,0.018504917,-0.098218407,0.18663419,0.996418622,
David Leon CLE,L,0.008421053,0,-0.405263158,0.131578947,0.084210526,0,9.690140845,-0.098717949,0.019230769,0.01928553,-0.098999055,0.187822319,1.002847572,
Abraham Cohen NA,L,0.008421053,0,-0.405263158,0.131578947,0.016842105,0,9.691991786,-0.098717949,0.019230769,0.019293701,-0.099041001,0.1878718,1.003272473,
Feliz Genao ARI,L,0.007368421,0,-0.405263158,0.131578947,-0.084210526,0,9.680232558,-0.098717949,0.019230769,0.019177051,-0.098442194,0.186683067,0.997206644,
Yorvin Morla SDN,B,0.010588235,0,-0.405882353,0.135294118,0.017058824,0,9.672131148,-0.098571429,0.018571429,0.018601582,-0.098731474,0.187506952,1.001623649,
Eliomar Garces TBA,R,0.009411765,0,-0.405882353,0.135294118,0.050588235,0,9.675675676,-0.098571429,0.018571429,0.018757549,-0.099559299,0.188974082,1.010021871,
Jarol Capellan NA,L,0.007894737,0,-0.405263158,0.131578947,-0.084210526,0,9.679767103,-0.098717949,0.019230769,0.019214653,-0.09863522,0.186843288,0.999161968,
Sebastian Castro NYN,L,0.009473684,0,-0.405263158,0.131578947,-0.050526316,0,9.676375405,-0.098717949,0.019230769,0.019212945,-0.098626449,0.186815683,0.999073117,
Robert Cumbest NA,R,0.009411765,0,-0.405882353,0.135294118,-0.050588235,0,9.689213894,-0.098571429,0.018571429,0.01863408,-0.098903963,0.187523491,1.00337354,
Francisco Perez TEX,R,0.008823529,0,-0.405882353,0.135294118,0.084705882,0,9.678456592,-0.098571429,0.018571429,0.018579026,-0.098611752,0.18696145,1.000409075,
Enry Torres CIN,L,0.007894737,0,-0.405263158,0.131578947,0.084210526,0,9.691011236,-0.098717949,0.019230769,0.019126828,-0.098184383,0.185859976,0.994595045,
Guillermo Rosario PHI,R,0.008823529,0,-0.405882353,0.135294118,-0.084705882,0,9.6875,-0.098571429,0.018571429,0.017849631,-0.094740347,0.179600374,0.961133954,
Toby Simmons NA,B,0.012352941,0,-0.405882353,0.135294118,-0.050588235,0,9.686346863,-0.098571429,0.018571429,0.018509179,-0.098241026,0.186227682,0.996648089,
Marcos Terrero NA,L,0.007894737,0,-0.405263158,0.131578947,0.084210526,0,9.691011236,-0.098717949,0.019230769,0.019180214,-0.098458434,0.18632788,0.997371145,
Jesus Perez MIA,R,0.01,0,-0.405882353,0.135294118,-0.050588235,0,9.688644689,-0.098571429,0.018571429,0.018505582,-0.098221938,0.18615164,0.996454441,
Eduardo Acevedo NA,L,0.009473684,0,-0.405263158,0.131578947,-0.050526316,0,9.676375405,-0.098717949,0.019230769,0.019165531,-0.098383059,0.18614936,0.996607614,
Roosbert Tapia NA,R,0.009411765,0,-0.405882353,0.135294118,-0.084705882,0,9.686985173,-0.098571429,0.018571429,0.018635347,-0.098910686,0.187419838,1.003441741,
Kennew Blanco TOR,R,0.008235294,0,-0.405882353,0.135294118,0.050588235,0,9.677419355,-0.098571429,0.018571429,0.018591085,-0.098675757,0.186918626,1.001058403,
Deinys Gonzalez TBA,R,0.008235294,0,-0.405882353,0.135294118,0.084705882,0,9.679487179,-0.098571429,0.018571429,0.018597829,-0.098711556,0.186973421,1.001421583,
Ramcell Medina KCA,R,0.008823529,0,-0.411764706,0.135294118,0.050588235,0,9.68503937,-0.1,0.018571429,0.018536632,-0.099812632,0.186293291,0.998126321,
Jeury Ramirez CHN,L,0.008421053,0,-0.405263158,0.131578947,-0.050526316,0,9.677419355,-0.098717949,0.019230769,0.019299348,-0.099069985,0.187268441,1.003566079,
Juan Perez SFN,R,0.008235294,0,-0.411764706,0.135294118,0.084705882,0,9.689440994,-0.1,0.018571429,0.018831852,-0.10140228,0.189149729,1.0140228,
Samuel Gonzalez OAK,R,0.009411765,0,-0.411764706,0.135294118,0.017058824,0,9.681093394,-0.1,0.018571429,0.018935751,-0.101961736,0.19018107,1.019617364,
John Wimmer LAA,R,0.008823529,0,-0.411764706,0.135294118,0.050588235,0,9.68503937,-0.1,0.018571429,0.018694466,-0.100662508,0.187747657,1.00662508,
Jemone Nuel BAL,B,0.014705882,0,-0.411764706,0.135294118,0.050588235,0,9.676549865,-0.1,0.018571429,0.018646278,-0.100403037,0.187247647,1.004030365,
Gustavo Baptista CLE,L,0.007368421,0,-0.410526316,0.131578947,0.084210526,0,9.673913043,-0.1,0.019230769,0.019178794,-0.099729728,0.185963032,0.99729728,
Reminton Batista NA,B,0.010588235,0,-0.411764706,0.135294118,-0.050588235,0,9.676258993,-0.1,0.018571429,0.018541062,-0.09983649,0.186140143,0.998364896,
Sami Manzueta HOU,R,0.008823529,0,-0.411764706,0.135294118,0.017058824,0,9.681818182,-0.1,0.018571429,0.018803633,-0.101250332,0.188673919,1.012503322,
Jorge Corona CHA,R,0.008823529,0,-0.411764706,0.135294118,0.084705882,0,9.68847352,-0.1,0.018571429,0.024163798,-0.130112757,0.2424391,1.301127569,
Jose Verdugo SDN,R,0.009411765,0,-0.411764706,0.135294118,0.050588235,0,9.684210526,-0.1,0.018571429,0.02158054,-0.116202909,0.216431404,1.162029089,
Louis Andujar BOS,R,0.01,0,-0.411764706,0.135294118,0.017058824,0,9.680365297,-0.1,0.018571429,0.018646216,-0.100402701,0.186981959,1.004027015,
Abel Lorenzo LAN,L,0.009473684,0,-0.410526316,0.131578947,-0.050526316,0,9.681528662,-0.1,0.017948718,0.017885393,-0.099647187,0.185524129,0.996471869,
Manuel Campos ATL,B,0.009411765,0,-0.411764706,0.135294118,0.050588235,0,9.684210526,-0.1,0.018571429,0.01877713,-0.101107623,0.188230039,1.011076227,
Carlos Cauro HOU,R,0.009411765,0,-0.411764706,0.135294118,-0.118235294,0,9.689349112,-0.1,0.018571429,0.018434949,-0.09926511,0.184728399,0.992651099,
Carlos Matias TBA,R,0.010588235,0,-0.411764706,0.135294118,-0.050588235,0,9.676258993,-0.1,0.018571429,0.018517604,-0.099710176,0.185551663,0.997101757,
Eduarlin Tejeda SDN,B,0.008235294,0,-0.411764706,0.135294118,0.017058824,0,9.682539683,-0.1,0.018571429,0.018614461,-0.100231711,0.186511168,1.002317111,
Esterling Rodriguez PHI,L,0.009473684,0,-0.410526316,0.131578947,-0.117894737,0,9.684210526,-0.1,0.017948718,0.0181777,-0.101275755,0.188425567,1.012757546,
Edgar Basabe NA,R,0.011764706,0,-0.411764706,0.135294118,-0.050588235,0,9.675090253,-0.1,0.018571429,0.018698701,-0.100685316,0.18725455,1.006853156,
Dorian Soto BOS,B,0.008235294,0,-0.411764706,0.135294118,0.050588235,0,9.685863874,-0.1,0.018571429,0.018643781,-0.100389589,0.18669753,1.003895888,
Jose Paulino KCA,L,0.008947368,0,-0.410526316,0.131578947,0.016842105,0,9.67806841,-0.1,0.017948718,0.01790341,-0.099747572,0.185487592,0.997475718,
Luis Leon CHN,R,0.011176471,0,-0.411764706,0.135294118,0.017058824,0,9.678899083,-0.1,0.018571429,0.018609489,-0.100204942,0.186330087,1.002049417,
Adriel Radney ARI,R,0.009411765,0,-0.411764706,0.135294118,-0.050588235,0,9.677419355,-0.1,0.018571429,0.018527836,-0.099765273,0.18549856,0.997652728,
Roiner Quintana HOU,R,0.010588235,0,-0.411764706,0.135294118,0.017058824,0,9.679633867,-0.1,0.018571429,0.018567876,-0.099980871,0.185892434,0.999808711,
Adrian Meza NA,B,0.01,0,-0.411764706,0.135294118,0.050588235,0,9.683377309,-0.1,0.018571429,0.01868268,-0.100599047,0.187039785,1.005990475,
Luis De La Cruz CLE,B,0.011764706,0,-0.411764706,0.135294118,-0.084705882,0,9.69004894,-0.1,0.018571429,0.021428088,-0.115382012,0.214472084,1.153820121,
Jhon GIl LAN,R,0.009411765,0,-0.411764706,0.135294118,0.084705882,0,9.6875,-0.1,0.018571429,0.018540997,-0.099836136,0.185522496,0.998361358,
Eduardo Ponce SEA,R,0.008823529,0,-0.411764706,0.135294118,-0.118235294,0,9.689807976,-0.1,0.018571429,0.018582475,-0.100059479,0.185919517,1.000594788,
Kevin Dume OAK,L,0.007368421,0,-0.410526316,0.131578947,-0.084210526,0,9.684813754,-0.1,0.017948718,0.017908079,-0.099773581,0.185357363,0.997735808,
Jose Ramos OAK,L,0.008947368,0,-0.410526316,0.131578947,0.016842105,0,9.67806841,-0.1,0.017948718,0.01800891,-0.100335355,0.186386968,1.003353545,
Yilber Herrera MIN,B,0.011176471,0,-0.411764706,0.135294118,0.017058824,0,9.678899083,-0.1,0.018571429,0.018344637,-0.098778816,0.183372007,0.987788164,
Emdys Rosillo CIN,L,0.007368421,0,-0.410526316,0.131578947,-0.084210526,0,9.684813754,-0.1,0.017948718,0.017904768,-0.099755138,0.185107629,0.997551379,
Wilian Trinidad TBA,L,0.009473684,0,-0.410526316,0.131578947,0.016842105,0,9.677419355,-0.1,0.017948718,0.018010909,-0.10034649,0.186188899,1.003464904,
Isaac Ponce SDN,R,0.008235294,0,-0.411764706,0.135294118,0.084705882,0,9.689440994,-0.1,0.017142857,0.017090646,-0.099695437,0.184966938,0.996954369,
Roiber Niazoa NA,R,0.008823529,0,-0.411764706,0.135294118,-0.084705882,0,9.676898223,-0.1,0.017142857,0.017140036,-0.099983544,0.18549447,0.99983544,
Francisco Espinoza LAN,R,0.008823529,0,-0.411764706,0.135294118,0.084705882,0,9.68847352,-0.1,0.017142857,0.016750076,-0.097708776,0.181223399,0.977087765,
Fernando Hernandez NA,R,0.01,0,-0.411764706,0.135294118,0.017058824,0,9.680365297,-0.1,0.017142857,0.017247114,-0.100608163,0.186569789,1.006081627,
Oscar Colina NA,R,0.010588235,0,-0.411764706,0.135294118,-0.050588235,0,9.676258993,-0.1,0.017142857,0.017231037,-0.100514383,0.186391861,1.005143827,
Michael Guzman TEX,R,0.009411765,0,-0.411764706,0.135294118,0.017058824,0,9.681093394,-0.1,0.017142857,0.017245705,-0.100599948,0.186536448,1.005999482,
Brandon Vasquez SFN,L,0.008947368,0,-0.410526316,0.131578947,-0.050526316,0,9.682034976,-0.1,0.017948718,0.018005886,-0.100318508,0.185983492,1.003185083,
Antoni Urena LAN,B,0.009411765,0,-0.411764706,0.135294118,0.050588235,0,9.684210526,-0.1,0.017142857,0.017172349,-0.100172034,0.18567187,1.001720339,
Ediel Rivera NYA,R,0.011764706,0,-0.411764706,0.135294118,0.084705882,0,9.683544304,-0.1,0.017142857,0.016663318,-0.097202688,0.180125329,0.972026879,
Pedro Blanco ARI,L,0.007894737,0,-0.410526316,0.131578947,-0.084210526,0,9.684361549,-0.1,0.017948718,0.01982316,-0.110443319,0.204582996,1.104433194,
Johan Machado MIA,B,0.011764706,0,-0.411764706,0.135294118,0.050588235,0,9.680851064,-0.1,0.017142857,0.017217209,-0.100433722,0.186025348,1.004337217,
Jefrank Silva CHA,L,0.008421053,0,-0.410526316,0.131578947,0.016842105,0,9.678714859,-0.1,0.017948718,0.018014765,-0.100367978,0.185877481,1.003679783,
Pablo Martinez HOU,R,0.010588235,0,-0.411764706,0.135294118,0.050588235,0,9.682539683,-0.1,0.017142857,0.017199022,-0.100327625,0.185772651,1.003276255,
Alan Espinal COL,R,0.01,0,-0.411764706,0.135294118,0.084705882,0,9.686520376,-0.1,0.017142857,0.01864621,-0.108769559,0.20137705,1.087695594,
Alan Angulo KCA,R,0.009411765,0,-0.411764706,0.135294118,0.017058824,0,9.681093394,-0.1,0.017142857,0.017260526,-0.100686404,0.186409802,1.006864043,
Harold Rivas BOS,R,0.010588235,0,-0.411764706,0.135294118,0.017058824,0,9.679633867,-0.1,0.017142857,0.017102164,-0.099762626,0.184676582,0.997626256,
Ariel Lebron HOU,R,0.010588235,0,-0.411764706,0.135294118,0.017058824,0,9.679633867,-0.1,0.017142857,0.017143532,-0.100003939,0.185122292,1.000039392,
Eliesbert Alejos ARI,R,0.009411765,0,-0.411764706,0.135294118,0.017058824,0,9.681093394,-0.1,0.017142857,0.018932947,-0.110442193,0.204419663,1.104421925,
Roinny Aguiar NA,R,0.011176471,0,-0.411764706,0.135294118,0.017058824,0,9.678899083,-0.1,0.017142857,0.017361156,-0.101273412,0.187375054,1.012734119,
Gabriel Gomes NA,R,0.009411765,0,-0.411764706,0.135294118,0.084705882,0,9.6875,-0.1,0.017142857,0.017098221,-0.099739622,0.184533262,0.997396222,
Rodny Rosario CLE,B,0.008823529,0,-0.411764706,0.135294118,0.017058824,0,9.681818182,-0.1,0.017142857,0.01717733,-0.100201091,0.185366007,1.002010914,
Brando Mayea NYA,R,0.011764706,0,-0.411764706,0.135294118,0.017058824,0,9.67816092,-0.1,0.017142857,0.019536435,-0.113962538,0.210812461,1.139625378,
Edward Guribe SLN,R,0.008235294,0,-0.417647059,0.135294118,0.017058824,0,9.689578714,-0.101428571,0.017142857,0.017201783,-0.101777216,0.185463316,1.003437336,
Niurby Asigen NA,L,0.008947368,0,-0.415789474,0.131578947,-0.084210526,0,9.687943262,-0.101282051,0.016666667,0.016687835,-0.10141069,0.185044728,1.001270104,
Moises Lopez NA,L,0.008947368,0,-0.415789474,0.131578947,0.016842105,0,9.684418146,-0.101282051,0.016666667,0.016597413,-0.100861202,0.184026141,0.995844784,
Justin Capellan NYA,R,0.01,0,-0.417647059,0.135294118,0.084705882,0,9.696048632,-0.101428571,0.017142857,0.017095063,-0.101145792,0.18419304,0.997212032,
Samuell Sanchez DET,L,0.007894737,0,-0.415789474,0.131578947,-0.050526316,0,9.68798752,-0.101282051,0.016666667,0.016714313,-0.101571595,0.185211972,1.002858786,
Alfonzo Martinez TBA,R,0.01,0,-0.417647059,0.135294118,-0.050588235,0,9.682539683,-0.101428571,0.017142857,0.017302801,-0.102374907,0.186388946,1.009330066,
Danny Puerta NA,L,0.008947368,0,-0.415789474,0.131578947,-0.050526316,0,9.687010955,-0.101282051,0.016666667,0.016802417,-0.102106998,0.186114665,1.008145046,
Santiago Contreras SDN,L,0.008947368,0,-0.415789474,0.131578947,-0.050526316,0,9.687010955,-0.101282051,0.016666667,0.016704712,-0.101513251,0.185025401,1.00228273,
Jostin Ogando BOS,R,0.008235294,0,-0.417647059,0.135294118,-0.084705882,0,9.682539683,-0.101428571,0.017142857,0.017193041,-0.101725494,0.185121343,1.002927403,
Carlos Concepcion SFN,R,0.007647059,0,-0.417647059,0.135294118,-0.050588235,0,9.684763573,-0.101428571,0.017142857,0.017090536,-0.101119007,0.184009675,0.996947956,
Leni Done NYA,R,0.01,0,-0.417647059,0.135294118,0.017058824,0,9.6875,-0.101428571,0.017142857,0.017131783,-0.101363049,0.184441775,0.999354008,
Nicholas Montgomery ATL,R,0.007647059,0,-0.417647059,0.135294118,0.084705882,0,9.670658683,-0.101428571,0.017142857,0.017850984,-0.105618322,0.192145166,1.041307403,
Robinson Chacon KCA,L,0.007894737,0,-0.415789474,0.131578947,-0.050526316,0,9.68798752,-0.101282051,0.016666667,0.01662477,-0.101027448,0.184052163,0.997486196,
Jancory De La Cruz MIA,L,0.008421053,0,-0.415789474,0.131578947,-0.050526316,0,9.6875,-0.101282051,0.016666667,0.016813852,-0.102176487,0.186117239,1.008831138,
Manni Ramirez TEX,R,0.008235294,0,-0.417647059,0.135294118,-0.050588235,0,9.684210526,-0.101428571,0.017142857,0.017120967,-0.101299053,0.184225454,0.998723058,
Cristian Montilla MIL,L,0.008947368,0,-0.415789474,0.131578947,0.016842105,0,9.684418146,-0.101282051,0.016666667,0.016738382,-0.10171786,0.1852266,1.004302918,
Yairo Padilla SLN,B,0.014117647,0,-0.417647059,0.135294118,0.050588235,0,9.685863874,-0.101428571,0.017142857,0.017256538,-0.102101185,0.185637929,1.006631397,
Liberts Aponte CIN,R,0.008823529,0,-0.417647059,0.135294118,0.050588235,0,9.693094629,-0.101428571,0.017142857,0.017257819,-0.10210876,0.185651703,1.006706087,
Mason Dinesen NA,R,0.011176471,0,-0.417647059,0.135294118,0.017058824,0,9.686098655,-0.101428571,0.017142857,0.017189626,-0.101705288,0.184903078,1.002728189,
Victor Leal MIN,R,0.009411765,0,-0.417647059,0.135294118,0.084705882,0,9.696969697,-0.101428571,0.017142857,0.017244952,-0.102032632,0.185436835,1.005955522,
Anderson Araujo PHI,R,0.01,0,-0.417647059,0.135294118,0.084705882,0,9.696048632,-0.101428571,0.017142857,0.01723279,-0.101960673,0.185303039,1.005246067,
Dalton McIntyre ATL,L,0.010526316,0,-0.415789474,0.131578947,0.016842105,0,9.682539683,-0.101282051,0.016666667,0.020475536,-0.124428256,0.226456559,1.228532146,
Moises Molero NA,L,0.008421053,0,-0.415789474,0.131578947,-0.050526316,0,9.6875,-0.101282051,0.016666667,0.016665497,-0.101274943,0.184281066,0.999929819,
Jose Marcano CLE,L,0.007894737,0,-0.415789474,0.131578947,-0.084210526,0,9.688826025,-0.101282051,0.016666667,0.016742165,-0.101740846,0.185109743,1.004529877,
Jose Tovar TBA,L,0.007894737,0,-0.415789474,0.131578947,-0.084210526,0,9.688826025,-0.101282051,0.016666667,0.016720441,-0.101608836,0.184814383,1.003226485,
Albert Gutierrez CHN,L,0.007368421,0,-0.415789474,0.131578947,-0.084210526,0,9.689265537,-0.101282051,0.016666667,0.016627546,-0.101044321,0.183771634,0.997652787,
Abraham Bastidas SDN,R,0.008823529,0,-0.417647059,0.135294118,0.017058824,0,9.688888889,-0.101428571,0.017142857,0.017272074,-0.102193105,0.18555015,1.007537657,
Luis Martinez NA,L,0.008421053,0,-0.415789474,0.131578947,-0.084210526,0,9.688385269,-0.101282051,0.016666667,0.016636456,-0.101098466,0.183824192,0.998187383,
Deuri Castillo SEA,L,0.01,0,-0.415789474,0.131578947,-0.084210526,0,9.687055477,-0.101282051,0.016666667,0.016615718,-0.10097244,0.183539214,0.996943075,
Franco Willias SFN,R,0.009411765,0,-0.417647059,0.135294118,-0.084705882,0,9.681528662,-0.101428571,0.017142857,0.01721276,-0.101842163,0.184834632,1.00407766,
Newremberg Rondon DET,R,0.008823529,0,-0.417647059,0.135294118,-0.084705882,0,9.682034976,-0.101428571,0.017142857,0.016381853,-0.096925961,0.175870109,0.955608069,
Thomas Takayoshi OAK,B,0.008235294,0,-0.417647059,0.135294118,-0.118235294,0,9.680696662,-0.101428571,0.017142857,0.017158665,-0.101522099,0.184200696,1.000922106,
Ramiro Altagracia NA,R,0.01,0,-0.417647059,0.135294118,-0.050588235,0,9.682539683,-0.101428571,0.017142857,0.017179269,-0.10164401,0.184411868,1.00212404,
Christian Astudillo BAL,R,0.007647059,0,-0.417647059,0.135294118,0.084705882,0,9.670658683,-0.101428571,0.017142857,0.017254156,-0.102087092,0.185152339,1.006492455,
Jorge Julio NA,R,0.009411765,0,-0.417647059,0.135294118,-0.050588235,0,9.683098592,-0.101428571,0.017142857,0.017228303,-0.101934128,0.184858833,1.004984359,
Jayson Bass MIN,B,0.010588235,0,-0.417647059,0.135294118,-0.084705882,0,9.680511182,-0.101428571,0.017142857,0.019728877,-0.116729191,0.211661097,1.150851183,
Yensi Reyes NA,R,0.009411765,0,-0.417647059,0.135294118,-0.050588235,0,9.683098592,-0.101428571,0.017142857,0.017082795,-0.101073205,0.18325469,0.996496392,
Edgar Walker PIT,R,0.010588235,0,-0.417647059,0.135294118,-0.050588235,0,9.681978799,-0.101428571,0.017142857,0.017111016,-0.101240178,0.183548443,0.998142602,
Fidel Montero CHA,R,0.010588235,0,-0.417647059,0.135294118,-0.027058824,0,9.676190476,-0.101428571,0.017142857,0.017133698,-0.101374382,0.183775763,0.999465737,
Gregori Cano NA,L,0.008947368,0,-0.415789474,0.131578947,-0.084210526,0,9.687943262,-0.101282051,0.016666667,0.01665449,-0.101208054,0.183634737,0.999269393,
Michael Martinez ATL,R,0.009411765,0,-0.417647059,0.135294118,-0.050588235,0,9.683098592,-0.101428571,0.015714286,0.015813191,-0.102066963,0.184903504,1.006294002,
Yojanser Calzado CIN,B,0.016470588,0,-0.417647059,0.135294118,0.017058824,0,9.679633867,-0.101428571,0.015714286,0.015676806,-0.10118666,0.183274836,0.997614954,
Darell Morel PIT,L,0.010526316,0,-0.415789474,0.131578947,0.050526316,0,9.680365297,-0.101282051,0.016666667,0.016739944,-0.101727351,0.184474516,1.004396631,
Roderick Flores MIL,R,0.009411765,0,-0.417647059,0.135294118,0.017058824,0,9.688195991,-0.101428571,0.015714286,0.015850275,-0.102306323,0.185229201,1.008653893,
Kevin Robledo MIA,R,0.008823529,0,-0.417647059,0.135294118,0.084705882,0,9.668674699,-0.101428571,0.015714286,0.015764935,-0.101755489,0.184190764,1.003223133,
Anibal Salas DET,B,0.01,0,-0.417647059,0.135294118,0.017058824,0,9.6875,-0.101428571,0.015714286,0.018229277,-0.117661694,0.212959877,1.160044869,
Carlos Vasquez NA,L,0.009473684,0,-0.415789474,0.131578947,0.016842105,0,9.683794466,-0.101282051,0.016666667,0.016710431,-0.101548005,0.184010924,1.002625874,
Axell De Paula NA,R,0.009411765,0,-0.417647059,0.135294118,-0.118235294,0,9.679767103,-0.101428571,0.015714286,0.015771239,-0.101796181,0.184184132,1.003624322,
Frandy Duran NA,L,0.008947368,0,-0.415789474,0.131578947,-0.050526316,0,9.687010955,-0.101282051,0.016666667,0.016639977,-0.101119858,0.183135257,0.998398601,
Antony Gomez NA,L,0.009473684,0,-0.415789474,0.131578947,0.016842105,0,9.683794466,-0.101282051,0.016666667,0.01674467,-0.101756069,0.184276428,1.004680173,
Franklin Rojas TOR,R,0.008235294,0,-0.417647059,0.135294118,0.084705882,0,9.66966967,-0.101428571,0.015714286,0.015658848,-0.101070748,0.182755985,0.996472168,
Miguel Rivera NA,R,0.008823529,0,-0.417647059,0.135294118,-0.084705882,0,9.682034976,-0.101428571,0.015714286,0.015695449,-0.101306989,0.183155188,0.998801298,
Emiliano Galan NA,R,0.008823529,0,-0.417647059,0.135294118,-0.050588235,0,9.683655536,-0.101428571,0.015714286,0.015806768,-0.102025504,0.184379773,1.005885254,
Andru Arthur SLN,L,0.009473684,0,-0.421052632,0.131578947,0.016842105,0,9.689922481,-0.102564103,0.016666667,0.016599512,-0.102150845,0.182561436,0.995970736,
Adan Chacon NA,L,0.008421053,0,-0.421052632,0.131578947,-0.084210526,0,9.679218968,-0.102564103,0.016666667,0.016662364,-0.102537626,0.183242684,0.999741852,
Michell Ojeda PIT,L,0.008947368,0,-0.421052632,0.131578947,0.016842105,0,9.690522244,-0.102564103,0.016666667,0.016797786,-0.103370989,0.184709795,1.00786714,
Alonso Gallegos NA,R,0.009411765,0,-0.417647059,0.135294118,0.050588235,0,9.692307692,-0.101428571,0.015714286,0.015784225,-0.101879996,0.184066588,1.004450661,
Aaron Pinero TBA,R,0.009411765,0,-0.417647059,0.135294118,0.017058824,0,9.688195991,-0.101428571,0.015714286,0.015831453,-0.102184834,0.184577042,1.007456113,
Carlos Done MIL,R,0.01,0,-0.417647059,0.135294118,-0.050588235,0,9.682539683,-0.101428571,0.015714286,0.015690579,-0.101275558,0.182891675,0.998491412,
Anielson Buten CIN,R,0.01,0,-0.417647059,0.135294118,-0.050588235,0,9.682539683,-0.101428571,0.015714286,0.015709194,-0.101395704,0.183086652,0.999675953,
Erick Bautista NA,R,0.009411765,0,-0.423529412,0.135294118,-0.050588235,0,9.688581315,-0.102857143,0.015714286,0.015658479,-0.10249186,0.182455724,0.996448636,
Jose Riera CLE,R,0.010588235,0,-0.423529412,0.135294118,0.017058824,0,9.672489083,-0.102857143,0.015714286,0.015890314,-0.104009327,0.185080264,1.011201792,
Stiven Marinez NYA,L,0.009473684,0,-0.421052632,0.131578947,0.050526316,0,9.688888889,-0.102564103,0.015384615,0.015515158,-0.103434385,0.184562887,1.008485258,
Ismael Javier NA,B,0.009411765,0,-0.423529412,0.135294118,0.017058824,0,9.673913043,-0.102857143,0.015714286,0.015777755,-0.10327258,0.183732104,1.004038974,
Luis Frias SFN,R,0.01,0,-0.423529412,0.135294118,0.017058824,0,9.673202614,-0.102857143,0.015714286,0.015882354,-0.103957229,0.184928937,1.010695281,
Aniel Mendoza NA,R,0.009411765,0,-0.423529412,0.135294118,-0.118235294,0,9.684361549,-0.102857143,0.015714286,0.015783608,-0.103310891,0.183773144,1.004411443,
Jonathan Martinez CLE,B,0.012941176,0,-0.423529412,0.135294118,0.017058824,0,9.690949227,-0.102857143,0.015714286,0.017556612,-0.114916007,0.204372054,1.11723896,
Yoelvis Betancourt ATL,R,0.008823529,0,-0.423529412,0.135294118,0.084705882,0,9.678362573,-0.102857143,0.015714286,0.015566554,-0.10189017,0.181204309,0.990598877,
Ronald Ramirez DET,R,0.01,0,-0.423529412,0.135294118,0.017058824,0,9.673202614,-0.102857143,0.015714286,0.0158222,-0.103563489,0.184163069,1.006867255,
Edgardo De Leon MIA,R,0.009411765,0,-0.423529412,0.135294118,-0.084705882,0,9.686520376,-0.102857143,0.015714286,0.01550035,-0.101456836,0.180390254,0.986385903,
Enmanuel Ramirez WAS,R,0.01,0,-0.423529412,0.135294118,-0.050588235,0,9.688041594,-0.102857143,0.015714286,0.015735392,-0.102995292,0.183093586,1.001343116,
Liordanys Menendez LAA,R,0.01,0,-0.423529412,0.135294118,0.017058824,0,9.673202614,-0.102857143,0.015714286,0.01580232,-0.103433369,0.183864306,1.005602199,
Ruben Vizcaya NA,R,0.010588235,0,-0.423529412,0.135294118,-0.050588235,0,9.6875,-0.102857143,0.015714286,0.015854393,-0.103774208,0.184467158,1.008915909,
Angel Feliz NA,L,0.008421053,0,-0.421052632,0.131578947,-0.050526316,0,9.677419355,-0.102564103,0.015384615,0.015386039,-0.102573595,0.182840921,1.000092553,
Jefer Lista MIL,R,0.008823529,0,-0.423529412,0.135294118,-0.084705882,0,9.687010955,-0.102857143,0.015714286,0.015800972,-0.103424543,0.183809401,1.005516387,
Jose Monserrate MIA,R,0.012941176,0,-0.423529412,0.135294118,0.017058824,0,9.690949227,-0.102857143,0.015714286,0.018169624,-0.118928447,0.21135881,1.15624879,
Victor Cardoza PHI,R,0.01,0,-0.423529412,0.135294118,0.017058824,0,9.673202614,-0.102857143,0.015714286,0.015862262,-0.103825714,0.184425471,1.009416661,
Estivenzon Montero NYA,R,0.008823529,0,-0.423529412,0.135294118,-0.050588235,0,9.689119171,-0.102857143,0.015714286,0.015668798,-0.102559402,0.182168147,0.9971053,
Sandy Presbot MIA,B,0.012352941,0,-0.423529412,0.135294118,0.017058824,0,9.691629956,-0.102857143,0.015714286,0.015680343,-0.102634972,0.182301378,0.997840007,
Lucas Ramirez LAA,L,0.008421053,0,-0.421052632,0.131578947,-0.050526316,0,9.677419355,-0.102564103,0.015384615,0.018606258,-0.124041719,0.220941683,1.209406758,
Jose Ramirez DET,R,0.009411765,0,-0.423529412,0.135294118,-0.050588235,0,9.688581315,-0.102857143,0.015714286,0.015813579,-0.103507062,0.183810141,1.006318659,
Danny Cancro COL,R,0.010588235,0,-0.423529412,0.135294118,-0.118235294,0,9.683453237,-0.102857143,0.015714286,0.015753996,-0.103117065,0.183094518,1.002527024,
Yojackson Laya LAN,R,0.01,0,-0.423529412,0.135294118,0.050588235,0,9.675,-0.102857143,0.015714286,0.015782154,-0.103301375,0.183364531,1.004318919,
Yovanny Rodriguez NYN,R,0.007647059,0,-0.423529412,0.135294118,0.084705882,0,9.680232558,-0.102857143,0.015714286,0.015671901,-0.102579718,0.182051644,0.997302809,
Dariel Arias CLE,L,0.007894737,0,-0.421052632,0.131578947,-0.050526316,0,9.67791411,-0.102564103,0.015384615,0.015361957,-0.102413047,0.182256179,0.99852721,
Robin Ortiz CHN,R,0.009411765,0,-0.423529412,0.135294118,0.017058824,0,9.673913043,-0.102857143,0.015714286,0.015656291,-0.102477539,0.181844401,0.996309411,
Railin Tea NA,B,0.011176471,0,-0.423529412,0.135294118,-0.050588235,0,9.686956522,-0.102857143,0.015714286,0.015812609,-0.103500716,0.183659002,1.006256962,
Raudy De Los Santos NA,R,0.011176471,0,-0.423529412,0.135294118,0.017058824,0,9.692982456,-0.102857143,0.015714286,#N/A,#N/A,#N/A,#N/A,
Jose Sabino CIN,L,0.007894737,0,-0.421052632,0.131578947,0.084210526,0,9.689922481,-0.102564103,0.015384615,0.015327819,-0.102185457,0.181799347,0.996308205,
Darwin NuÃ±ez TOR,R,0.008823529,0,-0.423529412,0.135294118,-0.084705882,0,9.687010955,-0.102857143,0.015714286,0.015701196,-0.102771466,0.182301023,0.999167035,
Carlos Torres TEX,R,0.008235294,0,-0.423529412,0.135294118,0.084705882,0,9.679300292,-0.102857143,0.015714286,0.015790938,-0.103358869,0.183235464,1.004877891,
Moises De La Rosa NA,R,0.009411765,0,-0.423529412,0.135294118,-0.050588235,0,9.688581315,-0.102857143,0.015714286,0.015802922,-0.103437307,0.183366475,1.005640486,
Derwin Laya NA,R,0.009411765,0,-0.423529412,0.135294118,-0.084705882,0,9.686520376,-0.102857143,0.015714286,0.015672138,-0.102581267,0.181821022,0.997317876,
Victor Izturis CLE,L,0.008421053,0,-0.421052632,0.131578947,0.084210526,0,9.689119171,-0.102564103,0.015384615,0.015482999,-0.103219993,0.183468816,1.006394936,
Jose Castro NYA,R,0.011764706,0,-0.423529412,0.135294118,-0.050588235,0,9.68641115,-0.102857143,0.015714286,0.015723248,-0.102915806,0.182349941,1.000570334,
Pedro Tovar NA,L,0.008421053,0,-0.421052632,0.131578947,-0.050526316,0,9.677419355,-0.102564103,0.015384615,0.015476066,-0.103173775,0.183264946,1.005944308,
Santiago Martinez HOU,R,0.010588235,0,-0.423529412,0.135294118,0.050588235,0,9.674185464,-0.102857143,0.015714286,0.015899837,-0.104071657,0.184265374,1.011807781,
Athanael Duarte LAA,R,0.008823529,0,-0.423529412,0.135294118,-0.084705882,0,9.687010955,-0.102857143,0.015714286,0.017442445,-0.114168729,0.20211956,1.10997375,
Sebastian Cadiz CLE,L,0.007368421,0,-0.421052632,0.131578947,-0.084210526,0,9.680111266,-0.102564103,0.015384615,0.01541602,-0.102773466,0.182400574,1.00204129,
Jose Ferrer NA,R,0.010588235,0,-0.423529412,0.135294118,-0.118235294,0,9.683453237,-0.102857143,0.015714286,0.01576319,-0.103177241,0.182580439,1.003112063,
Luis Marinez NA,R,0.01,0,-0.423529412,0.135294118,0.084705882,0,9.676470588,-0.102857143,0.015714286,0.015687689,-0.102683052,0.181700941,0.998307452,
Anthuan Valencia CIN,R,0.01,0,-0.423529412,0.135294118,-0.050588235,0,9.688041594,-0.102857143,0.014285714,0.015441906,-0.111181725,0.196695295,1.080933433,
Yoander Santana PIT,L,0.007894737,0,-0.421052632,0.131578947,0.016842105,0,9.691714836,-0.102564103,0.015384615,0.015412891,-0.102752606,0.182299435,1.001837908,
Miguel Vargas NA,L,0.008947368,0,-0.421052632,0.131578947,-0.084210526,0,9.67877095,-0.102564103,0.015384615,0.01531713,-0.102114197,0.181155845,0.995613424,
Felix Morrobel LAA,B,0.011176471,0,-0.423529412,0.135294118,0.017058824,0,9.692982456,-0.102857143,0.014285714,0.014067466,-0.101285759,0.179154531,0.984722652,
Joan Gutierrez NA,L,0.008421053,0,-0.421052632,0.131578947,0.016842105,0,9.691119691,-0.102564103,0.015384615,0.01553577,-0.103571802,0.1836892,1.009825071,
Angel Garcia BAL,R,0.008823529,0,-0.423529412,0.135294118,-0.050588235,0,9.689119171,-0.102857143,0.014285714,0.014235715,-0.102497147,0.181205561,0.996500044,
Rainer Reyes NA,R,0.009411765,0,-0.423529412,0.135294118,-0.050588235,0,9.688581315,-0.102857143,0.014285714,0.014230937,-0.102462745,0.181141753,0.996165581,
Nestor Urbina NA,B,0.008823529,0,-0.423529412,0.135294118,-0.118235294,0,9.684813754,-0.102857143,0.014285714,0.01422547,-0.102423383,0.180973582,0.995782888,
Yohendry Sanchez SFN,R,0.008235294,0,-0.423529412,0.135294118,0.084705882,0,9.679300292,-0.102857143,0.014285714,0.01436462,-0.103425266,0.182739804,1.005523419,
Leandro Alsinois CHA,R,0.01,0,-0.423529412,0.135294118,-0.050588235,0,9.688041594,-0.102857143,0.014285714,0.0144145,-0.103784401,0.183350136,1.009015013,
Santiago Mendoza TBA,R,0.008823529,0,-0.423529412,0.135294118,-0.084705882,0,9.687010955,-0.102857143,0.014285714,0.014288216,-0.102875153,0.181729815,1.000175098,
Erny Orellana LAN,R,0.008823529,0,-0.423529412,0.135294118,-0.050588235,0,9.689119171,-0.102857143,0.014285714,0.014225221,-0.10242159,0.1809266,0.995765454,
Robert Perez MIA,R,0.011176471,0,-0.423529412,0.135294118,-0.050588235,0,9.686956522,-0.102857143,0.014285714,0.014323599,-0.10312991,0.182108657,1.002651902,
Josi Novas KCA,R,0.01,0,-0.423529412,0.135294118,0.050588235,0,9.675,-0.102857143,0.014285714,0.014395358,-0.103646575,0.182949449,1.007675037,
Estiven Giron NA,L,0.008421053,0,-0.426315789,0.131578947,0.084210526,0,9.672544081,-0.103846154,0.014102564,0.014109723,-0.10389887,0.181644163,1.00050764,
Anthony Millan HOU,R,0.009411765,0,-0.423529412,0.135294118,0.017058824,0,9.673913043,-0.102857143,0.014285714,0.014267511,-0.102726082,0.181305685,0.998725797,
Jorge Garcia NA,L,0.008947368,0,-0.426315789,0.131578947,-0.050526316,0,9.681818182,-0.103846154,0.014102564,0.014099899,-0.103826532,0.181485702,0.999811051,
Alexander Garcia NA,L,0.007894737,0,-0.426315789,0.131578947,-0.084210526,0,9.684065934,-0.103846154,0.014102564,0.014217269,-0.104690799,0.182990366,1.008133621,
Dauwin Gonzalez NA,R,0.009411765,0,-0.423529412,0.135294118,-0.050588235,0,9.688581315,-0.102857143,0.014285714,0.014375246,-0.103501771,0.182594231,1.00626722,
Sandy Sanchez NA,B,0.01,0,-0.423529412,0.135294118,0.017058824,0,9.673202614,-0.102857143,0.014285714,0.014377867,-0.103520645,0.182567141,1.006450719,
Curley Martha TEX,R,0.01,0,-0.423529412,0.135294118,0.017058824,0,9.673202614,-0.102857143,0.014285714,0.014344633,-0.103281359,0.182116021,1.004124327,
Juan Frances NA,B,0.01,0,-0.429411765,0.135294118,-0.050588235,0,9.676870748,-0.104285714,0.014285714,0.014289132,-0.104310662,0.18137638,1.000239228,
Luis De Leon HOU,R,0.009411765,0,-0.429411765,0.135294118,0.084705882,0,9.686609687,-0.104285714,0.014285714,0.014329876,-0.104608094,0.181837383,1.003091308,
Miguel Tamares NA,B,0.011176471,0,-0.429411765,0.135294118,0.017058824,0,9.678800857,-0.104285714,0.014285714,0.014339384,-0.104677507,0.181936963,1.003756913,
Matthew Moses MIL,R,0.009411765,0,-0.429411765,0.135294118,-0.084705882,0,9.67642527,-0.104285714,0.014285714,0.01424372,-0.103979154,0.180711211,0.997060377,
Carlos Caripa CLE,L,0.008421053,0,-0.426315789,0.131578947,-0.050526316,0,9.682299546,-0.103846154,0.014102564,0.014027007,-0.103289777,0.180169505,0.994642293,
Carlos Avila LAN,L,0.007894737,0,-0.426315789,0.131578947,0.084210526,0,9.673366834,-0.103846154,0.014102564,0.014191468,-0.104500806,0.182247703,1.00630406,
David Carrera NYA,R,0.01,0,-0.429411765,0.135294118,-0.050588235,0,9.676870748,-0.104285714,0.014285714,0.014260648,-0.104102734,0.180770262,0.998245395,
Starlin Mieses BAL,R,0.009411765,0,-0.429411765,0.135294118,-0.050588235,0,9.677419355,-0.104285714,0.014285714,0.01427823,-0.104231079,0.180984132,0.999476096,
Leny Carela NA,R,0.011176471,0,-0.429411765,0.135294118,0.017058824,0,9.678800857,-0.104285714,0.014285714,0.014359791,-0.104826476,0.182002886,1.005185382,
Neurelin Montero TEX,R,0.008823529,0,-0.429411765,0.135294118,0.084705882,0,9.6875,-0.104285714,0.014285714,0.014298956,-0.104382377,0.181175777,1.000926904,
Andy Mata DET,L,0.008947368,0,-0.426315789,0.131578947,0.016842105,0,9.678030303,-0.103846154,0.014102564,0.014031774,-0.103324879,0.180094423,0.994980321,
Alexander Requena MIA,R,0.008823529,0,-0.429411765,0.135294118,0.084705882,0,9.6875,-0.104285714,0.014285714,0.014266354,-0.104144381,0.180751704,0.998644751,
Miguel Hernandez SLN,R,0.01,0,-0.429411765,0.135294118,0.050588235,0,9.682926829,-0.104285714,0.014285714,0.014301605,-0.104401717,0.181178311,1.001112357,
Yunior Quezada LAN,L,0.007894737,0,-0.426315789,0.131578947,0.016842105,0,9.679245283,-0.103846154,0.014102564,0.014168126,-0.104328926,0.18181232,1.004648922,
Luis King KCA,R,0.01,0,-0.429411765,0.135294118,0.050588235,0,9.682926829,-0.104285714,0.014285714,0.014349079,-0.104748275,0.181754615,1.004435513,
Kendrick Herrera PIT,R,0.008823529,0,-0.429411765,0.135294118,0.050588235,0,9.684466019,-0.104285714,0.014285714,0.014396433,-0.105093959,0.182342337,1.007750287,
Joswa Lugo LAA,R,0.009411765,0,-0.429411765,0.135294118,0.050588235,0,9.683698297,-0.104285714,0.014285714,0.014367166,-0.10488031,0.181951534,1.005701603,
Irvin Nunez MIN,R,0.009411765,0,-0.429411765,0.135294118,0.084705882,0,9.686609687,-0.104285714,0.014285714,0.01691095,-0.123449933,0.214157562,1.183766483,
Enyel Rosario NA,B,0.011176471,0,-0.429411765,0.135294118,0.017058824,0,9.678800857,-0.104285714,0.014285714,0.014441292,-0.10542143,0.182871088,1.010890421,
Brayan Cota OAK,L,0.007894737,0,-0.426315789,0.131578947,-0.084210526,0,9.684065934,-0.103846154,0.014102564,0.014004065,-0.103120844,0.179600762,0.993015537,
Luis Vicioso NA,R,0.009411765,0,-0.429411765,0.135294118,-0.050588235,0,9.677419355,-0.104285714,0.014285714,0.014285802,-0.104286351,0.180861105,1.00000611,
Frankeli Mesta PIT,B,0.008235294,0,-0.429411765,0.135294118,0.017058824,0,9.68220339,-0.104285714,0.014285714,0.014338667,-0.10467227,0.181530393,1.003706696,
Darison Garcia KCA,B,0.011764706,0,-0.429411765,0.135294118,0.017058824,0,9.678111588,-0.104285714,0.014285714,0.014357702,-0.104811225,0.181739219,1.005039148,
Branny De Oleo NYN,R,0.011176471,0,-0.429411765,0.135294118,0.017058824,0,9.678800857,-0.104285714,0.014285714,0.016049534,-0.117161596,0.203125146,1.123467362,
Yordani Martinez MIA,R,0.013529412,0,-0.429411765,0.135294118,0.017058824,0,9.676025918,-0.104285714,0.014285714,0.014317024,-0.104514277,0.181184233,1.0021917,
Elian Garcia NA,L,0.008947368,0,-0.426315789,0.131578947,-0.050526316,0,9.681818182,-0.103846154,0.014102564,0.014136319,-0.104094715,0.181203685,1.002393553,
Jayden Felicia NA,B,0.009411765,0,-0.429411765,0.135294118,-0.084705882,0,9.67642527,-0.104285714,0.014285714,0.014369872,-0.104900068,0.181824868,1.00589106,
Yorvit Diaz OAK,R,0.009411765,0,-0.429411765,0.135294118,0.017058824,0,9.680851064,-0.104285714,0.014285714,0.014407404,-0.105174052,0.182289684,1.008518307,
Jamesson Val NA,B,0.011764706,0,-0.429411765,0.135294118,-0.084705882,0,9.689440994,-0.104285714,0.014285714,0.014357439,-0.104809303,0.181611263,1.005020713,
Bryan Martinez LAA,L,0.009473684,0,-0.426315789,0.131578947,-0.050526316,0,9.681335357,-0.103846154,0.014102564,0.0140586,-0.103522418,0.180137673,0.996882546,
Jhonson Pena NA,R,0.011176471,0,-0.429411765,0.135294118,0.017058824,0,9.678800857,-0.104285714,0.014285714,0.014311398,-0.104473206,0.181007843,1.001797861,
Jhon Diaz NA,R,0.009411765,0,-0.429411765,0.135294118,0.017058824,0,9.680851064,-0.104285714,0.014285714,0.014377615,-0.104956591,0.181806095,1.006433067,
Juan Monso CHN,L,0.009473684,0,-0.426315789,0.131578947,0.016842105,0,9.677419355,-0.103846154,0.014102564,0.01417936,-0.10441165,0.181612618,1.005445515,
Dariel Garcia COL,B,0.011176471,0,-0.429411765,0.135294118,0.017058824,0,9.678800857,-0.104285714,0.014285714,0.014201725,-0.103672594,0.179543181,0.994120766,
Ilan Fernandez BOS,R,0.010588235,0,-0.429411765,0.135294118,0.017058824,0,9.679487179,-0.104285714,0.014285714,0.016162893,-0.117989115,0.204068802,1.131402477,
Jose Camacho LAA,R,0.008823529,0,-0.429411765,0.135294118,-0.084705882,0,9.676923077,-0.104285714,0.014285714,0.01433739,-0.104662944,0.180994346,1.003617272,
Elvis Rojas NA,L,0.008947368,0,-0.426315789,0.131578947,-0.050526316,0,9.681818182,-0.103846154,0.014102564,0.014088262,-0.103740838,0.180082184,0.998985849,
Domingo Batista TBA,L,0.007894737,0,-0.426315789,0.131578947,-0.050526316,0,9.682779456,-0.103846154,0.014102564,0.014102354,-0.103844607,0.180251315,0.999985104,
Cristofer Lebron SLN,R,0.009411765,0,-0.429411765,0.135294118,-0.050588235,0,9.677419355,-0.104285714,0.012857143,0.012931889,-0.104891987,0.181251629,1.005813572,
Nixson Cueche NA,R,0.009411765,0,-0.429411765,0.135294118,-0.084705882,0,9.67642527,-0.104285714,0.012857143,0.012992519,-0.105383765,0.18207615,1.010529251,
Anderson Tovar NA,R,0.01,0,-0.429411765,0.135294118,-0.050588235,0,9.676870748,-0.104285714,0.012857143,0.012875782,-0.104436902,0.180413175,1.001449748,
Raimundo De Los Santos TOR,B,0.011764706,0,-0.429411765,0.135294118,0.050588235,0,9.680589681,-0.104285714,0.012857143,0.014012304,-0.113655354,0.196331372,1.089845858,
Jhomnardo Reyes MIN,L,0.008421053,0,-0.431578947,0.131578947,-0.050526316,0,9.687034277,-0.105128205,0.014102564,0.014075342,-0.104925277,0.179741375,0.998069704,
Jhon Simon TEX,R,0.008823529,0,-0.429411765,0.135294118,0.017058824,0,9.681528662,-0.104285714,0.012857143,#N/A,#N/A,#N/A,#N/A,
Adrian Garcia NA,B,0.009411765,0,-0.429411765,0.135294118,0.017058824,0,9.680851064,-0.104285714,0.012857143,0.012978324,-0.105268627,0.181747006,1.009425193,
Ruben Castillo NYA,L,0.010526316,0,-0.431578947,0.131578947,0.016842105,0,9.682242991,-0.105128205,0.012820513,0.012786542,-0.104849645,0.179556961,0.997350284,
Fernando Roquez NA,L,0.008421053,0,-0.431578947,0.131578947,-0.084210526,0,9.687924016,-0.105128205,0.012820513,0.012788838,-0.10486847,0.179538325,0.99752935,
Joshua Francis SEA,B,0.009411765,0,-0.429411765,0.135294118,-0.050588235,0,9.677419355,-0.104285714,0.012857143,0.012955882,-0.105086595,0.181346065,1.007679675,
Ire Garcia HOU,R,0.01,0,-0.429411765,0.135294118,-0.084705882,0,9.675925926,-0.104285714,0.012857143,0.012826065,-0.10403364,0.179506055,0.997582847,
Cristian Perez DET,R,0.008235294,0,-0.429411765,0.135294118,0.017058824,0,9.68220339,-0.104285714,0.012857143,0.012977708,-0.10526363,0.181614225,1.009377275,
Miguel Caraballo MIN,B,0.008823529,0,-0.429411765,0.135294118,0.084705882,0,9.6875,-0.104285714,0.012857143,0.012953554,-0.105067713,0.181214747,1.007498621,
Daniel Hernandez WAS,L,0.007894737,0,-0.431578947,0.131578947,-0.117894737,0,9.677018634,-0.105128205,0.012820513,0.012727887,-0.104368677,0.178526796,0.992775216,
Andy Encarnacion ARI,R,0.010588235,0,-0.429411765,0.135294118,-0.050588235,0,9.676320273,-0.104285714,0.012857143,0.012930436,-0.1048802,0.180827975,1.005700544,
Kevin Novoa NA,R,0.009411765,0,-0.429411765,0.135294118,-0.084705882,0,9.67642527,-0.104285714,0.012857143,0.012821625,-0.103997622,0.179294322,0.99723747,
Wilberson De Pena NYA,R,0.010588235,0,-0.429411765,0.135294118,-0.050588235,0,9.676320273,-0.104285714,0.012857143,0.012789809,-0.103739558,0.178840461,0.994762885,
Liosward Marin BOS,L,0.008421053,0,-0.431578947,0.131578947,-0.117894737,0,9.688667497,-0.105128205,0.012820513,0.012827469,-0.105185247,0.179873546,1.000542597,
Yimmy Diaz NA,B,0.01,0,-0.429411765,0.135294118,-0.050588235,0,9.676870748,-0.104285714,0.012857143,0.012856467,-0.104280235,0.179744556,0.999947462,
Givian Sirvania BOS,R,0.010588235,0,-0.429411765,0.135294118,0.017058824,0,9.679487179,-0.104285714,0.012857143,0.01287262,-0.104411254,0.179892295,1.001203806,
Pedro Roque KCA,R,0.01,0,-0.429411765,0.135294118,0.017058824,0,9.680170576,-0.104285714,0.012857143,0.012977783,-0.10526424,0.181356875,1.009383122,
Wilfri De La Cruz BAL,B,0.010588235,0,-0.429411765,0.135294118,0.050588235,0,9.682151589,-0.104285714,0.012857143,0.012897761,-0.10461517,0.180193468,1.003159164,
Brayan Cortesia WAS,R,0.012941176,0,-0.435294118,0.135294118,0.050588235,0,9.686746988,-0.105714286,0.012857143,0.012941662,-0.106409219,0.180766544,1.006573697,
Miguel Blanco SFN,R,0.009411765,0,-0.435294118,0.135294118,0.017058824,0,9.6875,-0.105714286,0.012857143,0.012934399,-0.106349506,0.180659068,1.006008843,
Estivel Morillo CLE,L,0.009473684,0,-0.431578947,0.131578947,0.016842105,0,9.683426443,-0.105128205,0.012820513,0.012715441,-0.10426662,0.178089396,0.991804434,
Deivis Mosquera NA,R,0.008823529,0,-0.435294118,0.135294118,-0.050588235,0,9.683333333,-0.105714286,0.012857143,0.01286824,-0.105805528,0.179710976,1.000863107,
Nayerich Waterfort CIN,R,0.008823529,0,-0.435294118,0.135294118,0.017058824,0,9.688149688,-0.105714286,0.012857143,0.012887227,-0.105961645,0.179883925,1.002339884,
Efren Teran BOS,B,0.009411765,0,-0.435294118,0.135294118,0.050588235,0,9.691211401,-0.105714286,0.012857143,0.013037165,-0.10719447,0.181949431,1.014001744,
Sheng-En Lin CIN,L,0.008947368,0,-0.431578947,0.131578947,-0.117894737,0,9.688279302,-0.105128205,0.012820513,0.012852023,-0.105386592,0.179874015,1.002457825,
Jose Medina NA,B,0.009411765,0,-0.435294118,0.135294118,-0.084705882,0,9.681335357,-0.105714286,0.012857143,0.012908566,-0.106137095,0.180137598,1.003999543,
Ramses Velazquez NA,L,0.008947368,0,-0.431578947,0.131578947,-0.050526316,0,9.686567164,-0.105128205,0.012820513,0.01278273,-0.104818383,0.17886531,0.997052911,
Erick Arosemena NA,R,0.009411765,0,-0.435294118,0.135294118,-0.118235294,0,9.679665738,-0.105714286,0.012857143,0.012846649,-0.105628006,0.17924359,0.999183845,
Jesus Correa NA,B,0.01,0,-0.435294118,0.135294118,-0.050588235,0,9.682274247,-0.105714286,0.012857143,0.012976977,-0.106699586,0.181040793,1.009320412,
Donte Grant SDN,L,0.01,0,-0.431578947,0.131578947,0.016842105,0,9.682835821,-0.105128205,0.012820513,0.012775776,-0.104761366,0.178699256,0.996510559,
Josnaider Orellana ATL,R,0.009411765,0,-0.435294118,0.135294118,-0.118235294,0,9.679665738,-0.105714286,0.012857143,0.012893361,-0.106012081,0.179797062,1.00281698,
Yorger Bautista SEA,L,0.007894737,0,-0.431578947,0.131578947,0.016842105,0,9.685185185,-0.105128205,0.012820513,0.012880623,-0.105621105,0.180058274,1.004688558,
Evan Estevez SFN,R,0.008823529,0,-0.435294118,0.135294118,-0.084705882,0,9.681818182,-0.105714286,0.012857143,0.012924975,-0.106272017,0.180151461,1.005275833,
Yelserth Ayala NA,B,0.011176471,0,-0.435294118,0.135294118,-0.084705882,0,9.679878049,-0.105714286,0.012857143,0.012899511,-0.106062644,0.179786502,1.003295286,
Raymond Mola PIT,R,0.010588235,0,-0.435294118,0.135294118,-0.084705882,0,9.680365297,-0.105714286,0.012857143,0.012975804,-0.106689944,0.180836715,1.009229196,
Yorfran Medina NA,R,0.008823529,0,-0.435294118,0.135294118,-0.084705882,0,9.681818182,-0.105714286,0.012857143,0.012858253,-0.10572341,0.179161463,1.000086315,
Angel Requena WAS,R,0.012941176,0,-0.435294118,0.135294118,-0.084705882,0,9.678407351,-0.105714286,0.012857143,0.012879978,-0.105902044,0.179455163,1.001776088,
Juan Ortega BAL,R,0.010588235,0,-0.435294118,0.135294118,0.084705882,0,9.693593315,-0.105714286,0.012857143,0.014146706,-0.116317357,0.197098818,1.100299321,
Larry Suero COL,L,0.007894737,0,-0.431578947,0.131578947,0.016842105,0,9.685185185,-0.105128205,0.012820513,0.012882575,-0.105637112,0.179917754,1.004840822,
Lennyn Nunez NA,B,0.01,0,-0.435294118,0.135294118,0.084705882,0,9.694444444,-0.105714286,0.012857143,0.01287916,-0.105895316,0.179348601,1.001712453,
Enmanuel Figuereo BOS,R,0.009411765,0,-0.435294118,0.135294118,-0.050588235,0,9.682804674,-0.105714286,0.012857143,0.012839476,-0.105569025,0.178787991,0.998625909,
Daje Morales NA,R,0.010588235,0,-0.435294118,0.135294118,0.017058824,0,9.686192469,-0.105714286,0.012857143,0.012885136,-0.105944453,0.179374696,1.002177255,
Amauri Ramirez HOU,L,0.008421053,0,-0.431578947,0.131578947,-0.050526316,0,9.687034277,-0.105128205,0.012820513,0.012879359,-0.105610746,0.179805541,1.004590025,
Jose Barrios MIN,B,0.01,0,-0.435294118,0.135294118,0.017058824,0,9.686847599,-0.105714286,0.012857143,0.012984072,-0.106757928,0.180749973,1.009872295,
Jhorvic Abreus CLE,B,0.009411765,0,-0.435294118,0.135294118,0.017058824,0,9.6875,-0.105714286,0.012857143,0.012592868,-0.10354136,0.17529916,0.979445295,
Rayner Arias SFN,R,0.009411765,0,-0.435294118,0.135294118,-0.050588235,0,9.682804674,-0.105714286,0.012857143,0.012875134,-0.105862217,0.179224447,1.001399349,
Elias Perez SEA,B,0.008823529,0,-0.435294118,0.135294118,-0.050588235,0,9.683333333,-0.105714286,0.012857143,0.012918487,-0.106218673,0.179790749,1.004771227,
Yosweld Vasquez HOU,R,0.009411765,0,-0.435294118,0.135294118,0.084705882,0,9.695290859,-0.105714286,0.012857143,0.014253774,-0.117197697,0.19831339,1.10862686,
Antony Peguero NA,R,0.01,0,-0.435294118,0.135294118,-0.050588235,0,9.682274247,-0.105714286,0.012857143,0.01298056,-0.106729049,0.180477957,1.009599115,
Emilio Taveras NA,R,0.009411765,0,-0.435294118,0.135294118,-0.084705882,0,9.681335357,-0.105714286,0.012857143,0.012887396,-0.105963033,0.179162583,1.002353017,
Juanfel Peguero TBA,B,0.01,0,-0.435294118,0.135294118,0.050588235,0,9.69047619,-0.105714286,0.012857143,0.012928285,-0.106299232,0.179673713,1.005533274,
Idalberto Santiesteban NA,L,0.008947368,0,-0.431578947,0.131578947,-0.117894737,0,9.688279302,-0.105128205,0.012820513,0.012780476,-0.104799903,0.178121008,0.996877126,
Yeider Mindiola NYN,R,0.009411765,0,-0.435294118,0.135294118,0.084705882,0,9.695290859,-0.105714286,0.012857143,0.013032869,-0.107159148,0.181113006,1.013667613,
Saul Gomez BAL,R,0.009411765,0,-0.435294118,0.135294118,-0.084705882,0,9.681335357,-0.105714286,0.012857143,#N/A,#N/A,#N/A,#N/A,
Carlos Blanco NA,L,0.008947368,0,-0.431578947,0.131578947,-0.084210526,0,9.6875,-0.105128205,0.012820513,0.012814595,-0.10507968,0.178570537,0.999538418,
Johan Rodriguez CLE,R,0.009411765,0,-0.435294118,0.135294118,0.050588235,0,9.691211401,-0.105714286,0.012857143,0.013133963,-0.10799036,0.182478025,1.021530437,
Richard Meran NYA,R,0.008823529,0,-0.435294118,0.135294118,-0.050588235,0,9.683333333,-0.105714286,0.012857143,0.012898064,-0.106050751,0.17919854,1.00318278,
Brailyn Antunez MIL,R,0.010588235,0,-0.435294118,0.135294118,0.017058824,0,9.686192469,-0.105714286,0.012857143,0.012845772,-0.105620789,0.178471015,0.999115569,
Reinaldo De La Cruz NA,R,0.01,0,-0.435294118,0.135294118,-0.050588235,0,9.682274247,-0.105714286,0.012857143,0.012889647,-0.10598154,0.179019434,1.002528079,
Jose Mendoza CHA,R,0.008823529,0,-0.435294118,0.135294118,0.084705882,0,9.696132597,-0.105714286,0.011428571,0.011383416,-0.105296597,0.177622411,0.996048893,
Jancel Santana NA,B,0.01,0,-0.435294118,0.135294118,0.017058824,0,9.686847599,-0.105714286,0.011428571,0.011522717,-0.106585133,0.179779881,1.008237748,
Jhoan De La Cruz SDN,B,0.009411765,0,-0.435294118,0.135294118,0.050588235,0,9.691211401,-0.105714286,0.011428571,0.011374056,-0.105210016,0.177445507,0.995229882,
Andres Lacruz NA,B,0.010588235,0,-0.435294118,0.135294118,-0.050588235,0,9.681742044,-0.105714286,0.011428571,0.011389431,-0.105352238,0.177661458,0.996575222,
Yassel Garcia ATL,B,0.009411765,0,-0.435294118,0.135294118,0.017058824,0,9.6875,-0.105714286,0.011428571,0.011516492,-0.106527552,0.179579973,1.007693063,
Manuel Almeida SEA,B,0.008235294,0,-0.435294118,0.135294118,0.084705882,0,9.67032967,-0.105714286,0.011428571,0.011450108,-0.105913496,0.178537807,1.001884418,
Alex Acosta NYN,R,0.009411765,0,-0.435294118,0.135294118,-0.050588235,0,9.682804674,-0.105714286,0.011428571,0.011488364,-0.106267368,0.179090098,1.005231862,
Keiver Garcia NA,B,0.010588235,0,-0.435294118,0.135294118,0.050588235,0,9.68973747,-0.105714286,0.011428571,0.011490488,-0.106287012,0.179041765,1.005417684,
Pedro Catuy ARI,R,0.01,0,-0.435294118,0.135294118,0.017058824,0,9.686847599,-0.105714286,0.011428571,0.012883232,-0.119169898,0.200726233,1.127282817,
Jose Urbina ARI,R,0.007647059,0,-0.435294118,0.135294118,0.084705882,0,9.671232877,-0.105714286,0.011428571,0.01144012,-0.105821108,0.1782139,1.001010481,
Maykel Minoso TOR,R,0.009411765,0,-0.435294118,0.135294118,0.084705882,0,9.695290859,-0.105714286,0.011428571,0.011443086,-0.10584855,0.17824009,1.001270069,
Winder Diaz NA,B,0.01,0,-0.435294118,0.135294118,0.017058824,0,9.686847599,-0.105714286,0.011428571,0.011464317,-0.106044932,0.178539683,1.003127731,
Albert Carpio NA,R,0.01,0,-0.435294118,0.135294118,0.017058824,0,9.686847599,-0.105714286,0.011428571,0.011567874,-0.107002832,0.180144329,1.012188954,
Nicolas Barrios MIL,L,0.009473684,0,-0.436842105,0.131578947,-0.050526316,0,9.676470588,-0.106410256,0.011538462,#N/A,#N/A,#N/A,#N/A,
Diego Tornes ATL,B,0.012352941,0,-0.435294118,0.135294118,0.017058824,0,9.684210526,-0.105714286,0.011428571,0.011397151,-0.105423651,0.177393956,0.997250755,
Spence Coffman NA,R,0.010588235,0,-0.435294118,0.135294118,-0.050588235,0,9.681742044,-0.105714286,0.011428571,0.011456896,-0.105976288,0.178321861,1.002478404,
Jose Rivas LAN,R,0.009411765,0,-0.441176471,0.135294118,0.084705882,0,9.677419355,-0.107142857,0.011428571,#N/A,#N/A,#N/A,#N/A,
Manuel German KCA,R,0.008823529,0,-0.441176471,0.135294118,-0.084705882,0,9.686567164,-0.107142857,0.011428571,0.011490619,-0.107724551,0.178655709,1.005429138,
Juan Pablo Cabrera SLN,R,0.008823529,0,-0.441176471,0.135294118,0.084705882,0,9.678284182,-0.107142857,0.011428571,0.011382969,-0.106715334,0.176973011,0.996009787,
Abel Valdes TEX,L,0.007368421,0,-0.436842105,0.131578947,0.084210526,0,9.68973747,-0.106410256,0.011538462,0.011514946,-0.10619339,0.177309901,0.997961981,
Lisandro Bonifacio NA,B,0.01,0,-0.441176471,0.135294118,0.050588235,0,9.675174014,-0.107142857,0.011428571,0.011466797,-0.107501222,0.178224126,1.003344739,
Carlos Villarroel NYA,R,0.008823529,0,-0.441176471,0.135294118,0.084705882,0,9.678284182,-0.107142857,0.011428571,0.011453204,-0.107373788,0.177953729,1.002155358,
Luis Sanchez CHN,L,0.008947368,0,-0.436842105,0.131578947,0.016842105,0,9.689781022,-0.106410256,0.011538462,0.011526259,-0.10629772,0.177354237,0.998942431,
Adrian Bello MIA,B,0.008823529,0,-0.441176471,0.135294118,0.084705882,0,9.678284182,-0.107142857,0.011428571,0.011464233,-0.10747718,0.178061886,1.003120344,
Wilmer Feliciano NA,L,0.008947368,0,-0.436842105,0.131578947,-0.084210526,0,9.678714859,-0.106410256,0.011538462,0.011508229,-0.106131444,0.177030932,0.99737984,
Fabian Alcantara SDN,R,0.009411765,0,-0.441176471,0.135294118,-0.050588235,0,9.688013136,-0.107142857,0.011428571,0.011373142,-0.106623209,0.176588364,0.995149953,
Bracewell Taveras SLN,B,0.009411765,0,-0.441176471,0.135294118,0.017058824,0,9.67413442,-0.107142857,0.011428571,0.011473009,-0.10755946,0.178120903,1.003888289,
Hector Ramos BOS,B,0.008823529,0,-0.441176471,0.135294118,0.050588235,0,9.676674365,-0.107142857,0.011428571,0.011480456,-0.107629273,0.178227475,1.004539882,
Edgar Alfonso LAA,B,0.009411765,0,-0.441176471,0.135294118,0.050588235,0,9.675925926,-0.107142857,0.011428571,0.011474981,-0.107577951,0.17810333,1.004060874,
Sebastian Pena SDN,L,0.008421053,0,-0.436842105,0.131578947,0.016842105,0,9.690346084,-0.106410256,0.011538462,0.011553319,-0.106547279,0.177578371,1.001287685,
Ronnyel Espinoza CHN,B,0.009411765,0,-0.441176471,0.135294118,0.017058824,0,9.67413442,-0.107142857,0.011428571,0.011500807,-0.107820067,0.178385425,1.006320622,
Yordani Soto CHA,B,0.011176471,0,-0.441176471,0.135294118,0.050588235,0,9.673659674,-0.107142857,0.011428571,0.011573567,-0.108502192,0.179509933,1.012687128,
Luis Colon NA,B,0.010588235,0,-0.441176471,0.135294118,0.017058824,0,9.692622951,-0.107142857,0.011428571,0.011543247,-0.108217944,0.179013402,1.010034147,
Yoxander Benitez SFN,R,0.011764706,0,-0.441176471,0.135294118,-0.050588235,0,9.685950413,-0.107142857,0.011428571,0.011502818,-0.107838922,0.178358244,1.006496606,
Maykel Coret TBA,R,0.01,0,-0.441176471,0.135294118,0.017058824,0,9.673469388,-0.107142857,0.011428571,0.011405469,-0.106926275,0.17681785,0.997978564,
Erick Lara TBA,L,0.008947368,0,-0.436842105,0.131578947,0.016842105,0,9.689781022,-0.106410256,0.011538462,0.011597734,-0.106956879,0.178032869,1.005136933,
Railin Tejada NA,R,0.009411765,0,-0.441176471,0.135294118,-0.050588235,0,9.688013136,-0.107142857,0.011428571,0.011455433,-0.107394689,0.177493207,1.002350429,
Raynier Ramirez NA,R,0.009411765,0,-0.441176471,0.135294118,0.017058824,0,9.67413442,-0.107142857,0.011428571,0.011501143,-0.107823217,0.178175278,1.006350023,
Grenyerbert Velasquez NA,B,0.01,0,-0.441176471,0.135294118,0.017058824,0,9.673469388,-0.107142857,0.011428571,0.011469798,-0.107529357,0.177674628,1.003607334,
Jesus Machado NA,R,0.01,0,-0.441176471,0.135294118,-0.050588235,0,9.6875,-0.107142857,0.011428571,0.011440224,-0.107252098,0.177201488,1.001019585,
Jesus Premoli NA,L,0.007894737,0,-0.442105263,0.131578947,-0.084210526,0,9.683794466,-0.107692308,0.011538462,0.011511883,-0.107444239,0.176605251,0.997696503,
Wuinder Torres CLE,R,0.008235294,0,-0.441176471,0.135294118,0.084705882,0,9.679144385,-0.107142857,0.011428571,0.011374529,-0.106636206,0.176148084,0.99527126,
Adan Sanchez NA,R,0.01,0,-0.441176471,0.135294118,0.084705882,0,9.676549865,-0.107142857,0.011428571,0.011384551,-0.106730169,0.17629732,0.996148244,
Euri Rosa LAN,R,0.009411765,0,-0.441176471,0.135294118,0.084705882,0,9.677419355,-0.107142857,0.011428571,0.011384553,-0.106730187,0.176296353,0.996148408,
Frank Mieses CHA,R,0.008823529,0,-0.441176471,0.135294118,0.017058824,0,9.674796748,-0.107142857,0.011428571,0.011367718,-0.106572353,0.176018735,0.994675296,
Greyber Altamirano NA,L,0.008947368,0,-0.442105263,0.131578947,0.016842105,0,9.677996422,-0.107692308,0.01025641,0.01028566,-0.107999426,0.177372395,1.002851816,
Jose Ochoa NA,R,0.009411765,0,-0.441176471,0.135294118,-0.050588235,0,9.688013136,-0.107142857,0.011428571,0.011486356,-0.107684584,0.177703972,1.005056117,
Sebastian Baquera TEX,R,0.009411765,0,-0.441176471,0.135294118,0.084705882,0,9.677419355,-0.107142857,0.011428571,0.011375838,-0.106648482,0.175969285,0.995385836,
Juan Garcia NA,R,0.01,0,-0.441176471,0.135294118,-0.084705882,0,9.685628743,-0.107142857,0.011428571,0.011497324,-0.107787417,0.177842483,1.00601589,
Angelo Mora NA,R,0.008823529,0,-0.441176471,0.135294118,0.084705882,0,9.678284182,-0.107142857,0.011428571,0.011460367,-0.107440941,0.17718458,1.002782114,
Jhonny Osta BOS,L,0.007894737,0,-0.442105263,0.131578947,-0.050526316,0,9.682539683,-0.107692308,0.01025641,0.010206511,-0.10716837,0.175824409,0.995134868,
Dencer Diaz MIN,R,0.009411765,0,-0.441176471,0.135294118,-0.084705882,0,9.686098655,-0.107142857,0.011428571,#N/A,#N/A,#N/A,#N/A,
Rainer Espinoza SFN,R,0.008823529,0,-0.441176471,0.135294118,-0.050588235,0,9.68852459,-0.107142857,0.01,0.010017901,-0.107334655,0.176937172,1.001790116,
Jesmaylin Arias SDN,L,0.007894737,0,-0.442105263,0.131578947,-0.050526316,0,9.682539683,-0.107692308,0.01025641,0.010232928,-0.10744574,0.176124826,0.997710439,
Eric Martinez MIL,R,0.008823529,0,-0.441176471,0.135294118,0.084705882,0,9.678284182,-0.107142857,0.01,0.009709041,-0.104025438,0.171367484,0.970904087,
Ricardo Chirinos BAL,R,0.008823529,0,-0.441176471,0.135294118,0.084705882,0,9.678284182,-0.107142857,0.01,0.009954339,-0.106653636,0.175688117,0.995433935,
Juan Brima ARI,B,0.009411765,0,-0.441176471,0.135294118,0.017058824,0,9.67413442,-0.107142857,0.01,0.010064626,-0.107835274,0.177590319,1.006462562,
Adrian Reyes NA,B,0.008823529,0,-0.441176471,0.135294118,-0.050588235,0,9.68852459,-0.107142857,0.01,0.009993689,-0.107075243,0.176294677,0.999368939,
Alejandro Cruz CHA,R,0.010588235,0,-0.441176471,0.135294118,0.017058824,0,9.692622951,-0.107142857,0.01,0.010021499,-0.107373203,0.176775232,1.00214989,
Santiago Leon MIN,R,0.009411765,0,-0.441176471,0.135294118,0.050588235,0,9.675925926,-0.107142857,0.01,0.010046322,-0.107639167,0.177192009,1.004632227,
Santiago Ustariz CLE,L,0.007368421,0,-0.442105263,0.131578947,-0.117894737,0,9.685230024,-0.107692308,0.01025641,0.010258759,-0.107716972,0.176404392,1.000229026,
Stiven De La Cruz BOS,L,0.008421053,0,-0.442105263,0.131578947,-0.050526316,0,9.682080925,-0.107692308,0.01025641,0.01024028,-0.107522943,0.176080647,0.99842733,
Frandy Lafond MIL,R,0.01,0,-0.441176471,0.135294118,-0.050588235,0,9.6875,-0.107142857,0.01,0.010067847,-0.107869789,0.177485068,1.0067847,
Kevin Verde NYA,R,0.01,0,-0.441176471,0.135294118,0.017058824,0,9.673469388,-0.107142857,0.01,0.00985873,-0.105629252,0.17378378,0.985873016,
Isael Arias NYA,R,0.012941176,0,-0.441176471,0.135294118,0.017058824,0,9.690082645,-0.107142857,0.01,0.009987535,-0.107009299,0.176021308,0.998753457,
Fabian Cordero BAL,L,0.007894737,0,-0.442105263,0.131578947,-0.050526316,0,9.682539683,-0.107692308,0.01025641,0.010320992,-0.108370414,0.177346711,1.006296697,
Emilio Sanchez BAL,L,0.01,0,-0.442105263,0.131578947,0.050526316,0,9.67413442,-0.107692308,0.01025641,0.010293841,-0.108085335,0.176875165,1.003649536,
Luis Garcia CLE,B,0.009411765,0,-0.441176471,0.135294118,0.050588235,0,9.675925926,-0.107142857,0.01,0.010056892,-0.107752415,0.177109914,1.005689202,
Argenis Valdez BAL,R,0.009411765,0,-0.447058824,0.135294118,-0.050588235,0,9.677419355,-0.108571429,0.01,0.009993271,-0.108498366,0.175861575,0.999327054,
Naibel Mariano CIN,R,0.009411765,0,-0.447058824,0.135294118,0.050588235,0,9.683257919,-0.108571429,0.01,0.010022806,-0.108819035,0.176354276,1.002280586,
Kevin Tamburini NA,L,0.007894737,0,-0.442105263,0.131578947,-0.084210526,0,9.683794466,-0.107692308,0.01025641,0.01030788,-0.108232741,0.176822922,1.005018313,
Geuri Lubo CHN,R,0.01,0,-0.447058824,0.135294118,-0.050588235,0,9.676898223,-0.108571429,0.01,0.009800417,-0.10640453,0.17242364,0.98004172,
Belfi Rivera ARI,L,0.008947368,0,-0.442105263,0.131578947,0.016842105,0,9.677996422,-0.107692308,0.01025641,0.010293879,-0.108085729,0.176547615,1.003653193,
Rafael Alvarez NA,R,0.009411765,0,-0.447058824,0.135294118,-0.084705882,0,9.676470588,-0.108571429,0.01,0.009958774,-0.108123831,0.175142965,0.995877391,
Jesus Gamez TEX,R,0.01,0,-0.447058824,0.135294118,-0.027058824,0,9.688041594,-0.108571429,0.01,0.010098859,-0.109644752,0.177602569,1.009885872,
Anthony Longo KCA,R,0.009411765,0,-0.447058824,0.135294118,0.084705882,0,9.685863874,-0.108571429,0.01,0.009935137,-0.107867198,0.174702424,0.993513668,
Enderson Asencio NA,R,0.009411765,0,-0.447058824,0.135294118,-0.084705882,0,9.676470588,-0.108571429,0.01,0.010054634,-0.109164593,0.176794644,1.005463357,
Claudiel Lantigua NA,B,0.009411765,0,-0.447058824,0.135294118,0.017058824,0,9.680638723,-0.108571429,0.01,0.010032194,-0.10892096,0.176397064,1.003219364,
Ivan Cespedes CHN,R,0.008823529,0,-0.447058824,0.135294118,0.084705882,0,9.686684073,-0.108571429,0.01,0.010010488,-0.108685301,0.176012412,1.00104882,
Leonard Rijo MIL,R,0.01,0,-0.447058824,0.135294118,0.050588235,0,9.682539683,-0.108571429,0.01,0.01000732,-0.108650904,0.175953706,1.000732012,
Andry Batista TEX,R,0.009411765,0,-0.447058824,0.135294118,-0.050588235,0,9.677419355,-0.108571429,0.01,0.01001794,-0.108766202,0.176088331,1.001793967,
Byron Castillo LAA,R,0.009411765,0,-0.447058824,0.135294118,0.017058824,0,9.680638723,-0.108571429,0.01,0.009933814,-0.107852835,0.174607638,0.993381377,
Luis Fragoza MIN,R,0.011176471,0,-0.447058824,0.135294118,-0.050588235,0,9.675850891,-0.108571429,0.01,0.010060555,-0.109228884,0.176821299,1.006055514,
Jehancarlos Mendez NA,R,0.008823529,0,-0.447058824,0.135294118,0.017058824,0,9.6812749,-0.108571429,0.01,0.010074283,-0.109377925,0.177037382,1.007428254,
Saul Ramirez NA,R,0.008823529,0,-0.447058824,0.135294118,-0.084705882,0,9.676945668,-0.108571429,0.01,0.010014031,-0.108723766,0.175962548,1.001403105,
Marco Marcelino NA,R,0.01,0,-0.447058824,0.135294118,-0.050588235,0,9.676898223,-0.108571429,0.01,0.009967356,-0.108217013,0.175135424,0.996735648,
Romer Taveras CLE,L,0.008421053,0,-0.442105263,0.131578947,-0.050526316,0,9.682080925,-0.107692308,0.01025641,0.010299271,-0.108142348,0.176437253,1.004178944,
Jonathan Moya DET,R,0.008823529,0,-0.447058824,0.135294118,-0.050588235,0,9.677938808,-0.108571429,0.01,0.010029307,-0.108889616,0.176181823,1.002930676,
Jose Dickson DET,R,0.010588235,0,-0.447058824,0.135294118,0.050588235,0,9.681818182,-0.108571429,0.01,0.010070555,-0.109337458,0.176890311,1.007055531,
Dayker Baldallo NA,L,0.008421053,0,-0.442105263,0.131578947,-0.050526316,0,9.682080925,-0.107692308,0.01025641,0.010336927,-0.108537736,0.177006751,1.007850405,
Ezequiel Surun NA,R,0.01,0,-0.447058824,0.135294118,0.050588235,0,9.682539683,-0.108571429,0.01,0.01003596,-0.108961847,0.176256541,1.003595963,
Jesus Castro SDN,B,0.009411765,0,-0.447058824,0.135294118,0.084705882,0,9.685863874,-0.108571429,0.01,0.0099728,-0.108276114,0.175097436,0.99728,
Yoerny Junco SLN,B,0.01,0,-0.447058824,0.135294118,0.017058824,0,9.68,-0.108571429,0.01,0.010054093,-0.109158721,0.176511662,1.005409269,
Daniel Rodriguez TEX,R,0.008823529,0,-0.447058824,0.135294118,0.050588235,0,9.683972912,-0.108571429,0.01,0.010060059,-0.109223498,0.176572144,1.006005903,
Jayln Pinder TEX,L,0.009473684,0,-0.442105263,0.131578947,0.016842105,0,9.677419355,-0.107692308,0.01025641,0.010315706,-0.108314916,0.176474398,1.005781363,
Carlos Gonzalez SEA,R,0.008823529,0,-0.447058824,0.135294118,-0.084705882,0,9.676945668,-0.108571429,0.01,0.009995077,-0.108517976,0.175345631,0.999507678,
Gustavo Marquez NA,R,0.009411765,0,-0.447058824,0.135294118,-0.050588235,0,9.677419355,-0.108571429,0.01,0.010084852,-0.109492675,0.176892331,1.00848516,
Geomaikel Martinez BOS,R,0.009411765,0,-0.447058824,0.135294118,0.017058824,0,9.680638723,-0.108571429,0.01,0.009989693,-0.108459521,0.175221209,0.998969276,
Alexi Quiroz HOU,R,0.008823529,0,-0.447058824,0.135294118,0.084705882,0,9.686684073,-0.108571429,0.01,0.00996498,-0.10819121,0.174758842,0.99649799,
Edwin Brito BOS,R,0.008823529,0,-0.447058824,0.135294118,-0.050588235,0,9.677938808,-0.108571429,0.01,0.010046757,-0.109079075,0.176178924,1.004675688,
Geyber Blanco NA,R,0.009411765,0,-0.447058824,0.135294118,0.017058824,0,9.680638723,-0.108571429,0.01,0.010031645,-0.108915008,0.175898884,1.003164545,
Nathanael Cijntje PHI,R,0.01,0,-0.447058824,0.135294118,0.017058824,0,9.68,-0.108571429,0.01,0.0100255,-0.108848281,0.175726957,1.00254996,
Leudy Arache COL,L,0.007894737,0,-0.447368421,0.131578947,0.016842105,0,9.684763573,-0.108974359,0.008974359,0.008958453,-0.108781217,0.174948377,0.998227635,
Leonel Vivas CHN,R,0.01,0,-0.447058824,0.135294118,-0.084705882,0,9.675994109,-0.108571429,0.01,0.010067423,-0.109303447,0.176369165,1.006742271,
Randy Martinez CLE,B,0.008235294,0,-0.447058824,0.135294118,-0.084705882,0,9.677419355,-0.108571429,0.01,0.009925059,-0.107757782,0.173852294,0.992505889,
Johan Barrios NA,R,0.01,0,-0.447058824,0.135294118,-0.084705882,0,9.675994109,-0.108571429,0.01,0.010026552,-0.108859712,0.175521819,1.002655244,
Sandy Ruiz NA,R,0.01,0,-0.447058824,0.135294118,-0.084705882,0,9.675994109,-0.108571429,0.008571429,0.008677486,-0.109914817,0.176962855,1.012373312,
Brayan Amoroso SLN,R,0.008235294,0,-0.447058824,0.135294118,-0.084705882,0,9.677419355,-0.108571429,0.008571429,0.008537176,-0.10813756,0.174085535,0.996003839,
Luis Puello NYA,R,0.008823529,0,-0.447058824,0.135294118,-0.050588235,0,9.677938808,-0.108571429,0.008571429,0.00870459,-0.110258142,0.177496314,1.015535522,
Angel Arredondo TEX,R,0.009411765,0,-0.447058824,0.135294118,0.017058824,0,9.680638723,-0.108571429,0.008571429,0.009408621,-0.119175864,0.191846797,1.097672432,
Danny Gonzalez NA,R,0.01,0,-0.447058824,0.135294118,-0.050588235,0,9.676898223,-0.108571429,0.008571429,0.008567922,-0.108527009,0.174697497,0.999590871,
Moises Morales MIA,L,0.007894737,0,-0.447368421,0.131578947,0.084210526,0,9.681093394,-0.108974359,0.008974359,0.008937122,-0.108522194,0.174022922,0.995850722,
Elvin Garcia BAL,B,0.009411765,0,-0.447058824,0.135294118,0.017058824,0,9.680638723,-0.108571429,0.008571429,0.008687674,-0.110043867,0.177097649,1.013561931,
Yensi Rivas NA,B,0.012352941,0,-0.447058824,0.135294118,0.017058824,0,9.677419355,-0.108571429,0.008571429,0.008605984,-0.109009128,0.175392245,1.004031445,
Armstrong Muhoozi PIT,R,0.014117647,0,-0.447058824,0.135294118,0.017058824,0,9.675456389,-0.108571429,0.008571429,0.008544056,-0.108224704,0.174110195,0.996806484,
Alen Pineda ATL,R,0.009411765,0,-0.447058824,0.135294118,0.084705882,0,9.685863874,-0.108571429,0.008571429,0.008616153,-0.109137944,0.175576385,1.005217903,
Sebastian Rojas OAK,R,0.008823529,0,-0.447058824,0.135294118,-0.050588235,0,9.677938808,-0.108571429,0.008571429,0.008602149,-0.108960558,0.175232806,1.003584083,
Yandro Hernandez MIN,B,0.010588235,0,-0.447058824,0.135294118,-0.050588235,0,9.676375405,-0.108571429,0.008571429,0.008571479,-0.108572065,0.174528023,1.000005862,
Romeli Espinosa PHI,R,0.01,0,-0.447058824,0.135294118,0.050588235,0,9.682539683,-0.108571429,0.008571429,0.008588872,-0.108792378,0.174816038,1.002035057,
Luis Suarez NA,R,0.010588235,0,-0.447058824,0.135294118,0.017058824,0,9.679358717,-0.108571429,0.008571429,0.008652361,-0.109596576,0.176086078,1.009442143,
Eyke Ugueto NA,R,0.01,0,-0.447058824,0.135294118,-0.050588235,0,9.676898223,-0.108571429,0.008571429,0.008630713,-0.109322361,0.175594152,1.006916485,
Manuel De Cesare NA,R,0.008235294,0,-0.447058824,0.135294118,-0.084705882,0,9.677419355,-0.108571429,0.008571429,0.008578132,-0.108656335,0.174510367,1.000782037,
Jose Aular NYN,R,0.008823529,0,-0.447058824,0.135294118,-0.084705882,0,9.676945668,-0.108571429,0.008571429,0.008554634,-0.108358694,0.174027342,0.998040604,
Randy Perea NA,R,0.011764706,0,-0.447058824,0.135294118,-0.050588235,0,9.675324675,-0.108571429,0.008571429,0.00858994,-0.108805903,0.174646359,1.002159632,
Omar Urbina BAL,R,0.008823529,0,-0.452941176,0.135294118,-0.084705882,0,9.681620839,-0.11,0.008571429,0.008526816,-0.109427474,0.17335202,0.994795219,
Jose Gerardo MIA,R,0.012941176,0,-0.452941176,0.135294118,-0.027058824,0,9.690721649,-0.11,0.008571429,0.0085777,-0.110080484,0.174363483,1.000731669,
Lisandro Sanchez BAL,R,0.009411765,0,-0.452941176,0.135294118,0.017058824,0,9.686888454,-0.11,0.008571429,0.008578423,-0.110089768,0.174335154,1.000816072,
Carlos Silva MIN,R,0.008823529,0,-0.452941176,0.135294118,-0.118235294,0,9.68,-0.11,0.008571429,0.008667262,-0.111229865,0.176095077,1.011180588,
Rayner Herrera BAL,L,0.008947368,0,-0.447368421,0.131578947,0.016842105,0,9.683655536,-0.108974359,0.008974359,0.008952466,-0.108708521,0.173658332,0.997560543,
Andrews Sosa HOU,R,0.009411765,0,-0.452941176,0.135294118,0.084705882,0,9.693877551,-0.11,0.008571429,0.00862838,-0.110730881,0.17521954,1.006644376,
Gustavo Antunez BOS,R,0.009411765,0,-0.452941176,0.135294118,-0.050588235,0,9.682539683,-0.11,0.008571429,0.008561545,-0.109873161,0.173828331,0.998846922,
Ricson Gonzalez KCA,R,0.008823529,0,-0.452941176,0.135294118,0.084705882,0,9.694656489,-0.11,0.008571429,0.008578416,-0.110089678,0.174166875,1.000815256,
Kamuel Villar COL,L,0.008421053,0,-0.447368421,0.131578947,0.050526316,0,9.682539683,-0.108974359,0.008974359,0.009149406,-0.111099933,0.177397994,1.019505264,
Charles Nova NA,R,0.01,0,-0.452941176,0.135294118,0.017058824,0,9.68627451,-0.11,0.008571429,0.00868333,-0.111436073,0.17625945,1.013055211,
Sandor Feliciano CIN,B,0.010588235,0,-0.452941176,0.135294118,0.017058824,0,9.685658153,-0.11,0.008571429,0.00860951,-0.11048871,0.174741912,1.004442815,
Enmanuel Santos KCA,R,0.01,0,-0.452941176,0.135294118,-0.050588235,0,9.682034976,-0.11,0.008571429,0.008587135,-0.110201567,0.174256729,1.001832429,
Kenny Fenelon MIL,R,0.010588235,0,-0.452941176,0.135294118,0.017058824,0,9.685658153,-0.11,0.008571429,0.008523949,-0.109390676,0.172948648,0.994460693,
Samuel Rojas NA,R,0.01,0,-0.452941176,0.135294118,0.084705882,0,9.693094629,-0.11,0.008571429,0.008624441,-0.110680331,0.174960448,1.006184823,
Breiny Ramirez BAL,L,0.008947368,0,-0.447368421,0.131578947,-0.050526316,0,9.686162625,-0.108974359,0.008974359,0.008928374,-0.108415972,0.17299202,0.99487598,
Eddie Rynders PIT,L,0.008421053,0,-0.447368421,0.131578947,0.016842105,0,9.684210526,-0.108974359,0.008974359,0.008766726,-0.106453096,0.169840455,0.976863709,
Jose Perez BAL,L,0.008947368,0,-0.447368421,0.131578947,0.016842105,0,9.683655536,-0.108974359,0.008974359,0.008888276,-0.107929063,0.172192313,0.990407874,
Endy Rios SDN,L,0.008421053,0,-0.452631579,0.131578947,0.016842105,0,9.689655172,-0.11025641,0.008974359,0.009004808,-0.110630504,0.174415782,1.003392945,
Abelardo Medrano DET,L,0.008421053,0,-0.452631579,0.131578947,-0.026842105,0,9.684684685,-0.11025641,0.008974359,0.009074636,-0.11148838,0.175716706,1.011173679,
Daniel Bruzual NA,R,0.009411765,0,-0.452941176,0.135294118,0.084705882,0,9.693877551,-0.11,0.008571429,0.008608458,-0.110475208,0.174461444,1.004320072,
Ariel Castro MIN,L,0.008421053,0,-0.452631579,0.131578947,-0.050526316,0,9.677419355,-0.11025641,0.007692308,0.007717683,-0.110620128,0.174243912,1.003298835,
Miguel Flores NA,R,0.008235294,0,-0.452941176,0.135294118,0.084705882,0,9.670886076,-0.11,0.008571429,0.008578423,-0.110089755,0.173798697,1.000815959,
Eddy Marmolejos WAS,R,0.008823529,0,-0.452941176,0.135294118,0.017058824,0,9.6875,-0.11,0.008571429,0.008584057,-0.110162062,0.173859769,1.00147329,
Raul Pereira TEX,R,0.008823529,0,-0.452941176,0.135294118,0.050588235,0,9.690949227,-0.11,0.008571429,0.008628754,-0.110735677,0.174748952,1.006687974,
Angel Rodriguez NA,R,0.009411765,0,-0.452941176,0.135294118,-0.050588235,0,9.682539683,-0.11,0.008571429,0.008552221,-0.109753502,0.173186038,0.997759113,
Eduardo Herrera CHA,R,0.008235294,0,-0.452941176,0.135294118,-0.084705882,0,9.682080925,-0.11,0.008571429,0.008628247,-0.110729173,0.174724595,1.006628844,
Johan Estrada NA,R,0.01,0,-0.452941176,0.135294118,-0.084705882,0,9.680696662,-0.11,0.008571429,#N/A,#N/A,#N/A,#N/A,
Adrian Ibarra NA,R,0.009411765,0,-0.452941176,0.135294118,-0.084705882,0,9.68115942,-0.11,0.008571429,0.008626563,-0.110707558,0.174670359,1.006432344,
Louis Pierre NA,L,0.008947368,0,-0.452631579,0.131578947,0.016842105,0,9.689119171,-0.11025641,0.007692308,0.007675219,-0.110011477,0.172988852,0.997778514,
Leonardo Pineda TBA,R,0.009411765,0,-0.452941176,0.135294118,0.017058824,0,9.686888454,-0.11,0.008571429,0.008573658,-0.110028606,0.173418086,1.000260052,
Breyner Figuereo NA,L,0.008421053,0,-0.452631579,0.131578947,-0.050526316,0,9.677419355,-0.11025641,0.007692308,0.007655988,-0.109735833,0.17253252,0.995278481,
Rafy Peguero LAN,R,0.008235294,0,-0.452941176,0.135294118,-0.050588235,0,9.683544304,-0.11,0.008571429,0.008583557,-0.110155643,0.173510159,1.001414937,
Yonaiker Hernandez SDN,R,0.008823529,0,-0.452941176,0.135294118,0.017058824,0,9.6875,-0.11,0.008571429,0.00861852,-0.11060434,0.174215913,1.005494003,
Andrew Jemison NA,R,0.009411765,0,-0.452941176,0.135294118,0.017058824,0,9.686888454,-0.11,0.008571429,0.008627784,-0.110723233,0.174393119,1.00657485,
Luis Corobo MIL,R,0.009411765,0,-0.452941176,0.135294118,0.084705882,0,9.693877551,-0.11,0.008571429,0.008605195,-0.11043334,0.173929499,1.003939456,
Jose Robledo HOU,B,0.01,0,-0.452941176,0.135294118,0.050588235,0,9.689578714,-0.11,0.008571429,0.008627584,-0.110720655,0.17434779,1.006551414,
Iverson Allen PIT,R,0.009411765,0,-0.452941176,0.135294118,-0.050588235,0,9.682539683,-0.11,0.008571429,0.008613706,-0.110542558,0.174065337,1.004932348,
Estuar Suero PIT,B,0.010588235,0,-0.452941176,0.135294118,-0.050588235,0,9.681528662,-0.11,0.008571429,0.009566643,-0.122771913,0.193276475,1.116108304,
Moises Bolivar LAN,R,0.008823529,0,-0.452941176,0.135294118,0.017058824,0,9.6875,-0.11,0.008571429,0.008569101,-0.109970127,0.173116974,0.999728431,
Yemil Rosario NA,R,0.01,0,-0.452941176,0.135294118,-0.084705882,0,9.680696662,-0.11,0.008571429,0.008647797,-0.110980057,0.174704806,1.008909611,
Yorfran John NA,B,0.01,0,-0.452941176,0.135294118,-0.118235294,0,9.679144385,-0.11,0.008571429,0.008666656,-0.111222079,0.175042319,1.011109809,
Francisco Vilorio NYA,R,0.008823529,0,-0.452941176,0.135294118,0.017058824,0,9.6875,-0.11,0.008571429,0.008629499,-0.110745243,0.174290864,1.00677494,
Aneudi Escanio NA,B,0.01,0,-0.452941176,0.135294118,0.050588235,0,9.689578714,-0.11,0.007142857,0.007128013,-0.109771406,0.172675412,0.997921877,
Renair Manrique NA,B,0.009411765,0,-0.452941176,0.135294118,0.017058824,0,9.686888454,-0.11,0.007142857,0.007197555,-0.110842345,0.174346947,1.007657679,
Junior Quezada NA,R,0.01,0,-0.452941176,0.135294118,-0.050588235,0,9.682034976,-0.11,0.007142857,0.007180441,-0.110578795,0.173920339,1.005261771,
Keiberg Camacaro SFN,R,0.009411765,0,-0.452941176,0.135294118,0.017058824,0,9.686888454,-0.11,0.007142857,0.007168154,-0.110389574,0.173595634,1.003541585,
JosÃ© PeÃ±a BAL,R,0.01,0,-0.452941176,0.135294118,0.050588235,0,9.689578714,-0.11,0.007142857,0.007216145,-0.111128627,0.174756838,1.010260247,
John Zorrilla NA,R,0.010588235,0,-0.452941176,0.135294118,0.017058824,0,9.685658153,-0.11,0.007142857,0.007213981,-0.111095303,0.174697364,1.0099573,
Juan Obispo WAS,R,0.014117647,0,-0.452941176,0.135294118,-0.050588235,0,9.678456592,-0.11,0.007142857,0.007219981,-0.111187715,0.174818422,1.010797405,
Jason Hernandez NA,R,0.009411765,0,-0.452941176,0.135294118,-0.050588235,0,9.682539683,-0.11,0.007142857,0.007167711,-0.110382753,0.173520685,1.003479577,
Francisco Loreto PIT,R,0.008823529,0,-0.452941176,0.135294118,0.017058824,0,9.6875,-0.11,0.007142857,0.007131211,-0.109820649,0.17260711,0.998369532,
Luis Ariza NA,R,0.009411765,0,-0.452941176,0.135294118,-0.084705882,0,9.68115942,-0.11,0.007142857,0.007115007,-0.10957111,0.172209925,0.996100998,
Gabriel Cesa ATL,R,0.009411765,0,-0.452941176,0.135294118,-0.050588235,0,9.682539683,-0.11,0.007142857,0.007147361,-0.110069353,0.172992,1.000630484,
Joan Sierra NA,R,0.01,0,-0.452941176,0.135294118,-0.084705882,0,9.680696662,-0.11,0.007142857,0.007152111,-0.110142505,0.173019858,1.001295505,
Francisco Caldera NA,R,0.009411765,0,-0.452941176,0.135294118,-0.118235294,0,9.679572764,-0.11,0.007142857,0.007152605,-0.110150115,0.172941688,1.001364678,
Luis Galan CLE,R,0.008823529,0,-0.452941176,0.135294118,0.017058824,0,9.6875,-0.11,0.007142857,0.007173159,-0.110466641,0.173434635,1.004242192,
Leandro Morgado NA,R,0.011176471,0,-0.452941176,0.135294118,-0.050588235,0,9.681020734,-0.11,0.007142857,0.007188373,-0.110700947,0.173789417,1.006372247,
Jhonayker Ugarte KCA,R,0.009411765,0,-0.452941176,0.135294118,0.050588235,0,9.690265487,-0.11,0.007142857,0.0072438,-0.111554519,0.175085831,1.014131987,
Juan Martinez NA,R,0.009411765,0,-0.452941176,0.135294118,-0.050588235,0,9.682539683,-0.11,0.007142857,0.007177921,-0.110539982,0.173481447,1.004908923,
Hector Liriano NA,L,0.007894737,0,-0.452631579,0.131578947,-0.117894737,0,9.680851064,-0.11025641,0.007692308,0.007725166,-0.110727379,0.173316184,1.004271574,
Angel Mata PHI,R,0.008823529,0,-0.452941176,0.135294118,0.084705882,0,9.694656489,-0.11,0.007142857,0.007042655,-0.10845689,0.170100828,0.985971725,
Daniel Gaitor NA,B,0.010588235,0,-0.452941176,0.135294118,-0.050588235,0,9.681528662,-0.11,0.007142857,0.007174969,-0.110494526,0.173284547,1.00449569,
Jose Torrez NA,R,0.009411765,0,-0.452941176,0.135294118,0.084705882,0,9.693877551,-0.11,0.007142857,0.007159605,-0.11025791,0.172912469,1.002344639,
Jonathan Rivero PIT,L,0.007894737,0,-0.452631579,0.131578947,0.084210526,0,9.688195991,-0.11025641,0.007692308,0.007787147,-0.111615779,0.174628804,1.012329156,
Jesus Lizardo PIT,B,0.008235294,0,-0.458823529,0.135294118,0.084705882,0,9.679012346,-0.111428571,0.007142857,0.00710963,-0.110910221,0.171681628,0.995348137,
Erubiel Fuentes NA,R,0.01,0,-0.458823529,0.135294118,0.017058824,0,9.692307692,-0.111428571,0.007142857,0.007186926,-0.112116041,0.173511935,1.006169599,
Andrew Tess BAL,R,0.010588235,0,-0.458823529,0.135294118,0.084705882,0,9.675810474,-0.111428571,0.007142857,0.007135646,-0.111316076,0.172236938,0.998990424,
Romano Donato MIL,R,0.01,0,-0.458823529,0.135294118,0.017058824,0,9.692307692,-0.111428571,0.007142857,0.007169992,-0.111851882,0.173058953,1.003798943,
Breyias Dean MIA,R,0.008823529,0,-0.458823529,0.135294118,0.017058824,0,9.674952199,-0.111428571,0.007142857,0.007147663,-0.11150355,0.172428946,1.00067288,
Albert Alberto NA,R,0.009411765,0,-0.458823529,0.135294118,-0.050588235,0,9.6875,-0.111428571,0.007142857,0.007145601,-0.111471369,0.172341168,1.000384084,
Yancel Guerrero SLN,R,0.013529412,0,-0.458823529,0.135294118,0.050588235,0,9.692307692,-0.111428571,0.007142857,0.007126475,-0.111173005,0.171828997,0.997706458,
Angelo Hernandez CHA,R,0.008823529,0,-0.458823529,0.135294118,-0.118235294,0,9.684210526,-0.111428571,0.007142857,0.007138597,-0.111362107,0.172110279,0.999403524,
Rafael Castillo NA,B,0.009411765,0,-0.458823529,0.135294118,0.017058824,0,9.674329502,-0.111428571,0.007142857,0.007195304,-0.112246743,0.173472449,1.007342568,
Jhoan Peguero BOS,R,0.011764706,0,-0.458823529,0.135294118,-0.050588235,0,9.685534591,-0.111428571,0.007142857,0.007193622,-0.1122205,0.173377508,1.007107055,
Eduardo Oviedo NA,R,0.01,0,-0.458823529,0.135294118,0.017058824,0,9.692307692,-0.111428571,0.007142857,0.007226415,-0.112732079,0.174127414,1.011698142,
Santiago Prado NA,L,0.008421053,0,-0.457894737,0.131578947,0.016842105,0,9.678510998,-0.111538462,0.006410256,0.006443929,-0.112124364,0.172995985,1.005252917,
Yelinson Betances LAA,R,0.01,0,-0.458823529,0.135294118,0.017058824,0,9.692307692,-0.111428571,0.007142857,0.007145383,-0.111467979,0.172135855,1.000353654,
Ishel Comenencia COL,L,0.007894737,0,-0.457894737,0.131578947,-0.050526316,0,9.682320442,-0.111538462,0.006410256,0.006416741,-0.111651297,0.172247074,1.001011629,
Daniel Meza COL,L,0.007894737,0,-0.457894737,0.131578947,0.016842105,0,9.679054054,-0.111538462,0.006410256,0.00644338,-0.112114807,0.172928971,1.005167234,
Jesus Torres CIN,R,0.01,0,-0.458823529,0.135294118,-0.050588235,0,9.687010955,-0.111428571,0.007142857,0.007152047,-0.111571933,0.172248326,1.001286577,
Yidel Diaz NA,R,0.009411765,0,-0.458823529,0.135294118,0.084705882,0,9.677419355,-0.111428571,0.007142857,0.007152998,-0.111586766,0.172210139,1.001419693,
Mayki De La Rosa ARI,R,0.01,0,-0.458823529,0.135294118,-0.050588235,0,9.687010955,-0.111428571,0.007142857,0.007137507,-0.111345102,0.17178822,0.999250918,
Jose Rivera NA,B,0.012352941,0,-0.458823529,0.135294118,0.017058824,0,9.689922481,-0.111428571,0.007142857,0.007180518,-0.112016085,0.172804342,1.005272557,
Osvaldo Heredia MIA,L,0.008947368,0,-0.457894737,0.131578947,0.016842105,0,9.677966102,-0.111538462,0.006410256,0.006444934,-0.112141856,0.172789719,1.005409746,
Nestor Miranda DET,R,0.008823529,0,-0.458823529,0.135294118,-0.118235294,0,9.684210526,-0.111428571,0.007142857,0.007133477,-0.111282247,0.171633321,0.998686836,
Cristian Benavides NA,R,0.010588235,0,-0.458823529,0.135294118,-0.050588235,0,9.686520376,-0.111428571,0.007142857,0.007143951,-0.111445639,0.171803311,1.00015317,
Andy Acevedo WAS,L,0.010526316,0,-0.457894737,0.131578947,0.016842105,0,9.676320273,-0.111538462,0.006410256,0.006399258,-0.111347088,0.17137246,0.998284236,
Hansel Jimenez CIN,R,0.01,0,-0.458823529,0.135294118,0.050588235,0,9.675324675,-0.111428571,0.007142857,0.007227053,-0.112742025,0.173637896,1.011787408,
Sebastian De Andrade SEA,R,0.008823529,0,-0.458823529,0.135294118,-0.118235294,0,9.684210526,-0.111428571,0.007142857,0.007215557,-0.112562689,0.173326337,1.010177975,
Carlos Mota COL,R,0.008235294,0,-0.458823529,0.135294118,-0.050588235,0,9.68847352,-0.111428571,0.007142857,0.007125714,-0.111161134,0.171162209,0.997599922,
Enmanuel Bonilla TOR,R,0.009411765,0,-0.458823529,0.135294118,0.017058824,0,9.674329502,-0.111428571,0.007142857,0.008384619,-0.130800052,0.201359301,1.173846617,
Kashon Conliffe NA,R,0.011176471,0,-0.458823529,0.135294118,0.017058824,0,9.691119691,-0.111428571,0.007142857,0.00721505,-0.112554788,0.173267706,1.010107069,
Juan Alvarez ARI,B,0.008235294,0,-0.458823529,0.135294118,-0.084705882,0,9.686609687,-0.111428571,0.007142857,0.00717102,-0.11186791,0.172183214,1.003942778,
Steven Herrera MIA,R,0.010588235,0,-0.458823529,0.135294118,0.017058824,0,9.691714836,-0.111428571,0.007142857,0.007209096,-0.112461894,0.173065157,1.009273404,
Cherif Neymour NA,B,0.012941176,0,-0.458823529,0.135294118,0.017058824,0,9.689320388,-0.111428571,0.007142857,0.007182078,-0.112040419,0.172334109,1.005490942,
Juan Elejandro ATL,B,0.008823529,0,-0.458823529,0.135294118,0.017058824,0,9.674952199,-0.111428571,0.007142857,0.007212862,-0.112520651,0.173072774,1.009800715,
Marcelo Alcala CHA,R,0.010588235,0,-0.458823529,0.135294118,0.017058824,0,9.691714836,-0.111428571,0.005714286,0.006201909,-0.120937229,0.185915561,1.085334102,
Eduardo Guillen PHI,L,0.009473684,0,-0.457894737,0.131578947,-0.050526316,0,9.680998613,-0.111538462,0.006410256,0.006403685,-0.111424119,0.171045474,0.998974857,
Juan Rujano SLN,R,0.008235294,0,-0.458823529,0.135294118,-0.118235294,0,9.684625493,-0.111428571,0.005714286,0.005710809,-0.111360771,0.171072844,0.99939153,
Raily Liriano ARI,R,0.011176471,0,-0.458823529,0.135294118,0.017058824,0,9.691119691,-0.111428571,0.005714286,0.005751266,-0.112149678,0.172261618,1.00647147,
Freider Rojas MIL,B,0.009411765,0,-0.458823529,0.135294118,0.084705882,0,9.677419355,-0.111428571,0.005714286,0.005769154,-0.112498497,0.172746923,1.009601897,
Saivel Zayas TEX,R,0.01,0,-0.458823529,0.135294118,-0.050588235,0,9.687010955,-0.111428571,0.005714286,0.005722665,-0.11159196,0.171301813,1.001466305,
Tony Ruiz NA,R,0.008235294,0,-0.458823529,0.135294118,-0.084705882,0,9.686609687,-0.111428571,0.005714286,0.005762475,-0.112368268,0.17248846,1.00843317,
Jesus Mujica NA,R,0.009411765,0,-0.458823529,0.135294118,0.017058824,0,9.674329502,-0.111428571,0.005714286,0.00574357,-0.111999622,0.171914537,1.005124809,
Angel Nieblas NA,R,0.010588235,0,-0.458823529,0.135294118,0.017058824,0,9.691714836,-0.111428571,0.005714286,0.005776774,-0.112647096,0.172892207,1.010935476,
Carlos Martinez MIA,B,0.009411765,0,-0.458823529,0.135294118,0.084705882,0,9.677419355,-0.111428571,0.005714286,0.005742594,-0.111980592,0.171863218,1.004954028,
Gilberto Rojas NA,R,0.01,0,-0.458823529,0.135294118,0.084705882,0,9.676616915,-0.111428571,0.005714286,0.005724119,-0.111620317,0.171303271,1.001720792,
Wandi Feliz COL,R,0.009411765,0,-0.458823529,0.135294118,0.017058824,0,9.674329502,-0.111428571,0.005714286,0.005750178,-0.112128477,0.172037859,1.0062812,
Joan Delgado CHN,R,0.011764706,0,-0.458823529,0.135294118,-0.050588235,0,9.685534591,-0.111428571,0.005714286,0.005786411,-0.112835011,0.173041892,1.012621892,
Jord Diaz TEX,R,0.01,0,-0.458823529,0.135294118,-0.084705882,0,9.685264664,-0.111428571,0.005714286,0.005692542,-0.111004566,0.170169999,0.996194819,
Fernando Pena SFN,R,0.008823529,0,-0.458823529,0.135294118,-0.084705882,0,9.686162625,-0.111428571,0.005714286,0.005717575,-0.111492709,0.1708773,1.000575598,
Rafael Martinez NA,R,0.01,0,-0.458823529,0.135294118,0.017058824,0,9.692307692,-0.111428571,0.005714286,0.005766063,-0.112438222,0.172303214,1.009060964,
Israel Alvarez CLE,B,0.008235294,0,-0.458823529,0.135294118,0.017058824,0,9.675572519,-0.111428571,0.005714286,0.005806906,-0.113234671,0.1735166,1.016208587,
Wilton Lara HOU,R,0.01,0,-0.464705882,0.135294118,0.017058824,0,9.679849341,-0.112857143,0.005714286,0.005746696,-0.113497249,0.171683266,1.005671827,
Sebastian De Los Santos CLE,B,0.01,0,-0.464705882,0.135294118,-0.050588235,0,9.676923077,-0.112857143,0.005714286,0.005743793,-0.113439907,0.171543253,1.005163733,
Alvaro Matos NA,L,0.008947368,0,-0.463157895,0.131578947,-0.084210526,0,9.686716792,-0.112820513,0.006410256,0.006385009,-0.112376163,0.169956969,0.996061449,
Rafael Ramirez NA,R,0.01,0,-0.464705882,0.135294118,0.017058824,0,9.679849341,-0.112857143,0.005714286,0.005706204,-0.112697524,0.170366702,0.998585658,
Jefferson Vargas CLE,L,0.007894737,0,-0.463157895,0.131578947,0.016842105,0,9.684385382,-0.112820513,0.006410256,0.006444328,-0.11342018,0.171503762,1.005315228,
Daniel Mielcarek LAN,B,0.01,0,-0.464705882,0.135294118,-0.118235294,0,9.6875,-0.112857143,0.005714286,0.005718803,-0.112946361,0.170730863,1.00079054,
Rony Bello WAS,R,0.01,0,-0.464705882,0.135294118,0.017058824,0,9.679849341,-0.112857143,0.005714286,#N/A,#N/A,#N/A,#N/A,
Jose Guerra NA,B,0.008823529,0,-0.464705882,0.135294118,-0.084705882,0,9.676966292,-0.112857143,0.005714286,0.005742807,-0.113420437,0.171431401,1.004991212,
Jensy De Leon NA,R,0.01,0,-0.464705882,0.135294118,-0.084705882,0,9.689703808,-0.112857143,0.005714286,0.005716328,-0.11289748,0.170588949,1.000357413,
Edwilmin Matos HOU,R,0.008235294,0,-0.464705882,0.135294118,-0.050588235,0,9.678407351,-0.112857143,0.005714286,0.005702389,-0.112622182,0.170156008,0.99791807,
Brayan Sanchez NA,R,0.01,0,-0.464705882,0.135294118,0.084705882,0,9.684466019,-0.112857143,0.005714286,0.005702461,-0.112623601,0.170116238,0.997930638,
Leider Padilla LAN,R,0.008823529,0,-0.464705882,0.135294118,-0.050588235,0,9.67791411,-0.112857143,0.005714286,0.005732891,-0.113224601,0.171018021,1.003255962,
Roiner Cespede NA,R,0.009411765,0,-0.464705882,0.135294118,0.017058824,0,9.680451128,-0.112857143,0.005714286,0.005770724,-0.113971807,0.172077952,1.009876769,
Brahian Silva NA,R,0.01,0,-0.464705882,0.135294118,-0.118235294,0,9.6875,-0.112857143,0.005714286,0.005725399,-0.113076622,0.17069231,1.001944753,
Luis Parababire ATL,R,0.009411765,0,-0.464705882,0.135294118,0.084705882,0,9.685230024,-0.112857143,0.005714286,#N/A,#N/A,#N/A,#N/A,
Lazaro Morales SFN,R,0.01,0,-0.464705882,0.135294118,0.017058824,0,9.679849341,-0.112857143,0.005714286,0.005731152,-0.113190251,0.170810679,1.002951588,
Phillando Williams NA,B,0.01,0,-0.464705882,0.135294118,-0.050588235,0,9.676923077,-0.112857143,0.005714286,0.005706141,-0.112696294,0.170011346,0.998574753,
Keegan Pieternella TOR,B,0.008823529,0,-0.464705882,0.135294118,-0.050588235,0,9.67791411,-0.112857143,0.005714286,0.005690471,-0.112386811,0.169491688,0.995832504,
Justin Rodriguez NA,R,0.009411765,0,-0.464705882,0.135294118,0.017058824,0,9.680451128,-0.112857143,0.005714286,0.005771526,-0.113987639,0.171901872,1.010017051,
Carlos Altuve NA,R,0.009411765,0,-0.464705882,0.135294118,-0.084705882,0,9.676511955,-0.112857143,0.005714286,0.00570684,-0.112710098,0.169886362,0.998697075,
Henniel Alcala CHN,R,0.009411765,0,-0.464705882,0.135294118,0.084705882,0,9.685230024,-0.112857143,0.005714286,0.005775302,-0.114062221,0.171918333,1.010677905,
Heins Brito CLE,B,0.009411765,0,-0.464705882,0.135294118,0.050588235,0,9.682875264,-0.112857143,0.005714286,0.005721587,-0.11300134,0.170303318,1.001277695,
Wagnel Luna DET,R,0.009411765,0,-0.464705882,0.135294118,0.017058824,0,9.680451128,-0.112857143,0.005714286,0.005774793,-0.114052154,0.171836462,1.010588711,
Moises MarchÃ¡n KCA,R,0.009411765,0,-0.464705882,0.135294118,0.084705882,0,9.685230024,-0.112857143,0.005714286,0.005697043,-0.112516595,0.169521917,0.996982486,
Engel Paulino MIL,R,0.011176471,0,-0.464705882,0.135294118,0.017058824,0,9.678638941,-0.112857143,0.005714286,0.005726057,-0.113089623,0.170375243,1.00205995,
Cruzmel Arias COL,R,0.008823529,0,-0.464705882,0.135294118,-0.084705882,0,9.676966292,-0.112857143,0.005714286,0.005727437,-0.113116884,0.170388248,1.002301499,
Giomar Ubiera NYN,R,0.010588235,0,-0.464705882,0.135294118,0.050588235,0,9.681528662,-0.112857143,0.005714286,0.005742058,-0.113405644,0.170765931,1.004860133,
Daniel Rojas SLN,R,0.011176471,0,-0.464705882,0.135294118,-0.050588235,0,9.675925926,-0.112857143,0.005714286,0.00577229,-0.114002734,0.171598359,1.010150812,
Gregori Arias MIA,B,0.010588235,0,-0.464705882,0.135294118,0.050588235,0,9.681528662,-0.112857143,0.005714286,0.005740108,-0.113367137,0.170601469,1.004518936,
Bryant Mendez SEA,R,0.010588235,0,-0.464705882,0.135294118,0.017058824,0,9.679245283,-0.112857143,0.005714286,0.005745059,-0.113464925,0.170722486,1.005385412,
Romtres Cabrera SLN,R,0.011764706,0,-0.464705882,0.135294118,-0.050588235,0,9.690402477,-0.112857143,0.005714286,0.005739328,-0.113351722,0.170552157,1.004382344,
Railin Familia NA,R,0.008823529,0,-0.464705882,0.135294118,-0.084705882,0,9.676966292,-0.112857143,0.005714286,0.00568803,-0.112338592,0.169027774,0.995405246,
Brayan Rijo NA,R,0.01,0,-0.464705882,0.135294118,-0.050588235,0,9.676923077,-0.112857143,0.005714286,0.005708016,-0.112733315,0.169568743,0.998902789,
Jeison Lopez OAK,R,0.008823529,0,-0.464705882,0.135294118,0.017058824,0,9.681050657,-0.112857143,0.005714286,0.005681275,-0.112205178,0.168726619,0.994223096,
Jhosman Theran LAN,R,0.011176471,0,-0.464705882,0.135294118,0.017058824,0,9.678638941,-0.112857143,0.005714286,0.005720665,-0.112983126,0.169882429,1.001116304,
Ramon Landaeta OAK,R,0.008235294,0,-0.464705882,0.135294118,0.084705882,0,9.686746988,-0.112857143,0.005714286,0.005721139,-0.112992504,0.169872501,1.0011994,
Elian Soto WAS,L,0.007894737,0,-0.463157895,0.131578947,-0.084210526,0,9.6875,-0.112820513,0.005128205,0.005120134,-0.112642953,0.169394982,0.998426177,
Marcos Belen CLE,R,0.010588235,0,-0.464705882,0.135294118,0.017058824,0,9.679245283,-0.112857143,0.005714286,0.0057755,-0.11406613,0.171474458,1.010712544,
Diego Campos NA,R,0.008235294,0,-0.464705882,0.135294118,0.084705882,0,9.686746988,-0.112857143,0.005714286,0.005738604,-0.11333743,0.17037399,1.004255712,
Vladi Guerrero NA,L,0.007894737,0,-0.463157895,0.131578947,-0.084210526,0,9.6875,-0.112820513,0.005128205,0.005117948,-0.112594866,0.169290731,0.997999947,
Ramy Peralta ARI,R,0.008823529,0,-0.464705882,0.135294118,-0.084705882,0,9.676966292,-0.112857143,0.005714286,#N/A,#N/A,#N/A,#N/A,
Jesus Morales KCA,R,0.008823529,0,-0.464705882,0.135294118,0.084705882,0,9.685990338,-0.112857143,0.004285714,0.004295076,-0.113103659,0.169936387,1.002184324,
Isais Chavez MIL,R,0.009411765,0,-0.464705882,0.135294118,0.084705882,0,9.685230024,-0.112857143,0.004285714,0.004314935,-0.113626626,0.170605345,1.006818206,
Vicente Guaylupo NA,R,0.009411765,0,-0.464705882,0.135294118,-0.050588235,0,9.677419355,-0.112857143,0.004285714,#N/A,#N/A,#N/A,#N/A,
Omar Mejia KCA,R,0.009411765,0,-0.464705882,0.135294118,0.017058824,0,9.680451128,-0.112857143,0.004285714,0.004314064,-0.11360368,0.170552773,1.006614884,
Paris Johnson NA,R,0.009411765,0,-0.464705882,0.135294118,-0.050588235,0,9.677419355,-0.112857143,0.004285714,0.004295576,-0.113116847,0.169748725,1.002301177,
Royelny Strop SLN,L,0.007894737,0,-0.463157895,0.131578947,0.016842105,0,9.684385382,-0.112820513,0.005128205,0.005120094,-0.112642072,0.169085145,0.998418363,
Carlos Bello NYA,R,0.009411765,0,-0.464705882,0.135294118,0.017058824,0,9.680451128,-0.112857143,0.004285714,0.004310453,-0.113508585,0.170326528,1.005772269,
Cristopher Polanco TOR,L,0.007894737,0,-0.463157895,0.131578947,0.050526316,0,9.682835821,-0.112820513,0.005128205,0.005142764,-0.113140802,0.169791661,1.002838924,
Jose Marchan NA,R,0.01,0,-0.464705882,0.135294118,-0.050588235,0,9.676923077,-0.112857143,0.004285714,0.00429241,-0.113033463,0.169529448,1.001562331,
Alejandro Pereira OAK,R,0.008235294,0,-0.464705882,0.135294118,0.084705882,0,9.686746988,-0.112857143,0.004285714,0.00426628,-0.112345369,0.168488474,0.995465295,
Deiner Orasma NA,B,0.01,0,-0.464705882,0.135294118,0.050588235,0,9.68220339,-0.112857143,0.004285714,0.004308417,-0.113454991,0.170081239,1.00529739,
Jurdrick Profar CHA,R,0.01,0,-0.464705882,0.135294118,0.017058824,0,9.679849341,-0.112857143,0.004285714,0.004321192,-0.113791378,0.170469567,1.008278033,
Jonierbis Garces WAS,R,0.015294118,0,-0.464705882,0.135294118,0.017058824,0,9.674329502,-0.112857143,0.004285714,0.004271301,-0.112477591,0.168430636,0.99663688,
Dayquer Alfonzo SDN,R,0.008823529,0,-0.470588235,0.135294118,-0.084705882,0,9.681440443,-0.114285714,0.004285714,0.004296769,-0.114580518,0.169370774,1.002579537,
Haniel German NA,R,0.008823529,0,-0.470588235,0.135294118,-0.050588235,0,9.682779456,-0.114285714,0.004285714,0.004289939,-0.114398383,0.169088532,1.000985851,
Joseph Sequera NA,R,0.008823529,0,-0.470588235,0.135294118,0.084705882,0,9.693396226,-0.114285714,0.004285714,0.004277858,-0.114076214,0.168597372,0.998166873,
Victor Marquez PIT,R,0.01,0,-0.470588235,0.135294118,0.084705882,0,9.691943128,-0.114285714,0.004285714,0.004312034,-0.114987562,0.169933219,1.00614117,
Ludwing Espinoza CHN,R,0.011764706,0,-0.470588235,0.135294118,0.050588235,0,9.686847599,-0.114285714,0.004285714,0.004953243,-0.132086483,0.195181884,1.155756724,
Jonatan Yan NA,R,0.009411765,0,-0.470588235,0.135294118,0.017058824,0,9.686346863,-0.114285714,0.004285714,0.004288374,-0.114356645,0.168981813,1.000620647,
July Vittini NA,R,0.01,0,-0.470588235,0.135294118,-0.084705882,0,9.680555556,-0.114285714,0.004285714,0.004308844,-0.114902507,0.169737143,1.005396935,
Jhosmmel Zue KCA,R,0.008823529,0,-0.470588235,0.135294118,0.084705882,0,9.693396226,-0.114285714,0.004285714,0.004286832,-0.114315512,0.168797999,1.000260729,
Emil Turbi NA,B,0.009411765,0,-0.470588235,0.135294118,0.017058824,0,9.686346863,-0.114285714,0.004285714,0.004324146,-0.115310548,0.17024406,1.008967291,
Jhoanjel Saez NA,R,0.010588235,0,-0.470588235,0.135294118,0.017058824,0,9.685185185,-0.114285714,0.004285714,0.00432314,-0.115283745,0.170190366,1.008732766,
Facundo Velasquez SLN,B,0.009411765,0,-0.470588235,0.135294118,0.017058824,0,9.686346863,-0.114285714,0.004285714,0.004294912,-0.114530974,0.169075062,1.002146023,
Kadil Rubio TBA,R,0.008823529,0,-0.470588235,0.135294118,-0.050588235,0,9.682779456,-0.114285714,0.004285714,0.004297982,-0.114612842,0.169140761,1.002862366,
Luis Maldonado NA,R,0.008823529,0,-0.470588235,0.135294118,0.017058824,0,9.686924494,-0.114285714,0.004285714,0.00432803,-0.115414127,0.170263681,1.009873611,
Diover De Aza NYN,B,0.009411765,0,-0.470588235,0.135294118,0.017058824,0,9.686346863,-0.114285714,0.004285714,0.004303246,-0.114753218,0.169219399,1.00409066,
Arnaldo Montano NA,R,0.009411765,0,-0.470588235,0.135294118,0.084705882,0,9.692671395,-0.114285714,0.004285714,0.004300131,-0.114670169,0.169085894,1.003363977,
Johan Fernandez ARI,R,0.008823529,0,-0.470588235,0.135294118,0.084705882,0,9.693396226,-0.114285714,0.004285714,0.004266881,-0.113783492,0.167732654,0.995605551,
Jarold Montealto NA,B,0.009411765,0,-0.470588235,0.135294118,0.017058824,0,9.686346863,-0.114285714,0.004285714,0.004295996,-0.114559895,0.168846106,1.002399081,
Andres Arias TOR,R,0.01,0,-0.470588235,0.135294118,-0.050588235,0,9.681818182,-0.114285714,0.004285714,0.004350426,-0.116011357,0.170974203,1.015099376,
Juan Brown CIN,R,0.008235294,0,-0.470588235,0.135294118,-0.050588235,0,9.683257919,-0.114285714,0.004285714,0.004258545,-0.113561195,0.16734832,0.99366046,
Nelson Marin NA,R,0.008235294,0,-0.470588235,0.135294118,-0.084705882,0,9.681881051,-0.114285714,0.004285714,0.004324798,-0.115327935,0.16993874,1.009119434,
Bralyn Brazoban PIT,L,0.008421053,0,-0.468421053,0.131578947,0.016842105,0,9.68903437,-0.114102564,0.003846154,0.003830662,-0.113642972,0.1676978,0.99597211,
Cesar Paredes LAA,R,0.011764706,0,-0.470588235,0.135294118,0.050588235,0,9.686847599,-0.114285714,0.004285714,0.004308748,-0.114899941,0.169254794,1.005374482,
Jorge Rodriguez BOS,R,0.010588235,0,-0.470588235,0.135294118,0.084705882,0,9.691211401,-0.114285714,0.004285714,0.004307591,-0.114869096,0.169197296,1.005104587,
Fraimy Santa TEX,R,0.008235294,0,-0.470588235,0.135294118,0.017058824,0,9.6875,-0.114285714,0.004285714,0.004285137,-0.114270313,0.168240324,0.999865235,
Shendrion Martinus CIN,R,0.008823529,0,-0.470588235,0.135294118,0.017058824,0,9.686924494,-0.114285714,0.004285714,0.004303345,-0.114755876,0.168937146,1.004113917,
Jorge Ramirez SFN,R,0.008823529,0,-0.470588235,0.135294118,0.084705882,0,9.693396226,-0.114285714,0.004285714,0.004292573,-0.114468623,0.168513267,1.001600455,
Christian Saez SLN,L,0.007894737,0,-0.468421053,0.131578947,-0.084210526,0,9.679408138,-0.114102564,0.003846154,0.003864922,-0.114659343,0.169009701,1.004879635,
Justin Barry BOS,R,0.01,0,-0.470588235,0.135294118,0.017058824,0,9.685767098,-0.114285714,0.004285714,0.004314364,-0.115049695,0.169255934,1.006684831,
Reynaldo De La Paz OAK,R,0.008823529,0,-0.470588235,0.135294118,-0.050588235,0,9.682779456,-0.114285714,0.004285714,0.004291736,-0.114446289,0.168317158,1.001405025,
Sterling Bazil DET,B,0.011764706,0,-0.470588235,0.135294118,0.050588235,0,9.686847599,-0.114285714,0.004285714,0.004324307,-0.115314857,0.169581452,1.009004998,
Alfredo Rodriguez TBA,R,0.008823529,0,-0.470588235,0.135294118,0.084705882,0,9.693396226,-0.114285714,0.004285714,0.004313232,-0.115019508,0.169092767,1.006420697,
Javier Castillo NA,R,0.009411765,0,-0.470588235,0.135294118,0.084705882,0,9.692671395,-0.114285714,0.004285714,0.004314868,-0.115063135,0.169048169,1.006802431,
Alexander Garcia NA,R,0.009411765,0,-0.470588235,0.135294118,-0.050588235,0,9.682299546,-0.114285714,0.004285714,0.004300494,-0.114679831,0.168473989,1.003448518,
Freilyn Rodriguez CLE,L,0.008421053,0,-0.468421053,0.131578947,0.016842105,0,9.68903437,-0.114102564,0.003846154,0.003847997,-0.11415724,0.167875404,1.00047918,
Samuel Brito HOU,R,0.009411765,0,-0.470588235,0.135294118,-0.084705882,0,9.680998613,-0.114285714,0.002857143,0.002876634,-0.115065363,0.168834976,1.006821928,
Dennys Riera SFN,R,0.008235294,0,-0.470588235,0.135294118,0.017058824,0,9.6875,-0.114285714,0.002857143,0.002867336,-0.114693421,0.16827317,1.003567437,
Esnaider Vargas WAS,R,0.009411765,0,-0.470588235,0.135294118,-0.050588235,0,9.682299546,-0.114285714,0.002857143,#N/A,#N/A,#N/A,#N/A,
Gabriel Guanchez SEA,R,0.008235294,0,-0.470588235,0.135294118,0.084705882,0,9.694117647,-0.114285714,0.002857143,0.002882359,-0.115294342,0.169069064,1.008825491,
Carlos Oviedo NA,R,0.009411765,0,-0.470588235,0.135294118,-0.084705882,0,9.680998613,-0.114285714,0.002857143,0.002854358,-0.114174327,0.167356728,0.999025358,
Gustavo Beltran NA,R,0.009411765,0,-0.470588235,0.135294118,-0.084705882,0,9.680998613,-0.114285714,0.002857143,0.002858097,-0.114323866,0.167521905,1.000333829,
Meylin De Leon NA,R,0.008823529,0,-0.470588235,0.135294118,0.017058824,0,9.686924494,-0.114285714,0.002857143,0.00288872,-0.115548818,0.169262264,1.011052159,
Fidel Pinango NA,R,0.011764706,0,-0.470588235,0.135294118,0.017058824,0,9.68401487,-0.114285714,0.002857143,0.002851224,-0.114048958,0.167063191,0.997928385,
Jeiker Gudino DET,R,0.009411765,0,-0.470588235,0.135294118,0.084705882,0,9.692671395,-0.114285714,0.002857143,0.002883945,-0.115357783,0.168948106,1.0093806,
Marwin Rivero KCA,R,0.011176471,0,-0.470588235,0.135294118,-0.118235294,0,9.678249678,-0.114285714,0.002857143,0.002882754,-0.115310167,0.168838012,1.008963965,
Faruk De La Cruz NA,R,0.009411765,0,-0.470588235,0.135294118,-0.084705882,0,9.680998613,-0.114285714,0.002857143,0.002854459,-0.114178366,0.167174826,0.999060706,
Cesar Acosta NYN,L,0.007894737,0,-0.473684211,0.131578947,0.084210526,0,9.67413442,-0.115384615,0.002564103,0.00255612,-0.115025388,0.166782135,0.996886697,
Malvin Fernandez ATL,B,0.008823529,0,-0.470588235,0.135294118,0.017058824,0,9.686924494,-0.114285714,0.002857143,0.002856361,-0.114254457,0.16722825,0.999726497,
Jesus Ortega KCA,R,0.009411765,0,-0.470588235,0.135294118,0.017058824,0,9.686346863,-0.114285714,0.002857143,0.002867466,-0.114698656,0.167841268,1.003613243,
Alessandro Duran SFN,B,0.008235294,0,-0.470588235,0.135294118,-0.084705882,0,9.681881051,-0.114285714,0.002857143,0.002853615,-0.114144619,0.167001567,0.998765412,
Elisandro Ramirez ATL,R,0.009411765,0,-0.476470588,0.135294118,-0.050588235,0,9.687034277,-0.115714286,0.002857143,#N/A,#N/A,#N/A,#N/A,
Johan Ferreira NA,R,0.01,0,-0.476470588,0.135294118,-0.084705882,0,9.684931507,-0.115714286,0.002857143,0.002872867,-0.116351132,0.167982449,1.005503606,
Martin Tamara DET,R,0.008235294,0,-0.476470588,0.135294118,0.084705882,0,9.678899083,-0.115714286,0.002857143,0.002866507,-0.11609353,0.167586457,1.00327742,
Christofer Reyes NYA,R,0.014117647,0,-0.476470588,0.135294118,0.017058824,0,9.6875,-0.115714286,0.002857143,0.002877572,-0.116541657,0.168177956,1.007150122,
Ramon Moreno NA,R,0.010588235,0,-0.476470588,0.135294118,-0.050588235,0,9.686098655,-0.115714286,0.002857143,0.002859084,-0.115792921,0.166972391,1.000679562,
Elias Reyno ATL,R,0.009411765,0,-0.476470588,0.135294118,-0.050588235,0,9.687034277,-0.115714286,0.002857143,0.002868779,-0.116185556,0.167485352,1.004072707,
Victor Rodriguez LAA,R,0.009411765,0,-0.476470588,0.135294118,0.017058824,0,9.674502712,-0.115714286,0.002857143,0.002887482,-0.116943039,0.168503514,1.010618858,
Frandy Guillen BAL,R,0.008823529,0,-0.476470588,0.135294118,0.017058824,0,9.675090253,-0.115714286,0.002857143,0.002884576,-0.116825334,0.168330883,1.009601649,
Brainerh Palacios TBA,R,0.008823529,0,-0.476470588,0.135294118,0.084705882,0,9.67816092,-0.115714286,0.002857143,0.002856629,-0.115693485,0.166557055,0.999820244,
Anthony Tandron SFN,R,0.01,0,-0.476470588,0.135294118,-0.084705882,0,9.684931507,-0.115714286,0.002857143,0.002875641,-0.116463466,0.167664544,1.006474398,
Cliuver Puello NA,L,0.008421053,0,-0.473684211,0.131578947,0.050526316,0,9.676258993,-0.115384615,0.002564103,0.002582216,-0.116199742,0.167736651,1.007064427,
Martin Gonzalez SEA,R,0.008823529,0,-0.476470588,0.135294118,0.017058824,0,9.675090253,-0.115714286,0.002857143,0.002867412,-0.116130191,0.167152635,1.00359424,
Vladimir Asencio BOS,R,0.009411765,0,-0.476470588,0.135294118,-0.050588235,0,9.687034277,-0.115714286,0.002857143,0.002864558,-0.116014611,0.166955195,1.002595407,
Enmanuel Corniel BAL,L,0.008421053,0,-0.473684211,0.131578947,0.016842105,0,9.678456592,-0.115384615,0.002564103,0.002564155,-0.115386996,0.166514436,1.000020635,
Feldi Tavarez WAS,R,0.01,0,-0.476470588,0.135294118,0.084705882,0,9.676674365,-0.115714286,0.002857143,0.002860597,-0.115854174,0.166656229,1.001208909,
Cesar Garcia MIA,L,0.008421053,0,-0.473684211,0.131578947,0.016842105,0,9.678456592,-0.115384615,0.002564103,#N/A,#N/A,#N/A,#N/A,
Kevin Hacen NA,R,0.008823529,0,-0.476470588,0.135294118,-0.084705882,0,9.68579235,-0.115714286,0.002857143,0.00285015,-0.11543108,0.166000724,0.997552546,
Robert Lantigua ARI,L,0.008421053,0,-0.473684211,0.131578947,0.084210526,0,9.673469388,-0.115384615,0.002564103,#N/A,#N/A,#N/A,#N/A,
Rey Cruz PHI,B,0.008823529,0,-0.476470588,0.135294118,-0.118235294,0,9.683944374,-0.115714286,0.002857143,0.002861851,-0.115904956,0.166674189,1.00164777,
Steven Santos NA,R,0.009411765,0,-0.476470588,0.135294118,-0.084705882,0,9.685362517,-0.115714286,0.002857143,0.002884145,-0.116807873,0.167933237,1.009450755,
Khris Almonte NA,R,0.01,0,-0.476470588,0.135294118,-0.050588235,0,9.686567164,-0.115714286,0.002857143,0.002851718,-0.115494563,0.166002189,0.998101162,
Rafael Oropeza NA,L,0.008421053,0,-0.473684211,0.131578947,0.050526316,0,9.676258993,-0.115384615,0.002564103,0.002589585,-0.116531346,0.167965874,1.009938333,
Javier Roman NA,R,0.008823529,0,-0.476470588,0.135294118,-0.084705882,0,9.68579235,-0.115714286,0.002857143,0.002878801,-0.116591437,0.167487054,1.007580321,
Pablo Arosemena CLE,R,0.008823529,0,-0.476470588,0.135294118,-0.084705882,0,9.68579235,-0.115714286,0.002857143,0.002852392,-0.115521889,0.16586476,0.998337316,
Jose Bericoto NA,R,0.008823529,0,-0.476470588,0.135294118,0.017058824,0,9.675090253,-0.115714286,0.002857143,0.002890928,-0.117082575,0.168062063,1.011824724,
Rodrigo Gonzalez ARI,R,0.01,0,-0.476470588,0.135294118,0.050588235,0,9.675456389,-0.115714286,0.002857143,0.002886291,-0.116894797,0.167753126,1.010201952,
Easton Shelton LAN,R,0.008823529,0,-0.476470588,0.135294118,-0.084705882,0,9.68579235,-0.115714286,0.001428571,0.00162424,-0.131563417,0.188715053,1.136967804,
Samuel Capellan NA,R,0.01,0,-0.476470588,0.135294118,-0.050588235,0,9.686567164,-0.115714286,0.001428571,0.001435491,-0.116274738,0.16675276,1.004843416,
Camilo Diaz HOU,R,0.010588235,0,-0.476470588,0.135294118,0.017058824,0,9.690909091,-0.115714286,0.001428571,0.001674502,-0.135634683,0.19446698,1.17215158,
Yhoan Escalona PHI,R,0.009411765,0,-0.476470588,0.135294118,0.017058824,0,9.674502712,-0.115714286,0.001428571,0.001439902,-0.116632079,0.167170487,1.007931549,
Erick Lugo NA,R,0.008823529,0,-0.476470588,0.135294118,-0.050588235,0,9.6875,-0.115714286,0.001428571,0.001436989,-0.116396134,0.166765915,1.00589252,
Jose Perdomo ATL,R,0.009411765,0,-0.476470588,0.135294118,0.050588235,0,9.67611336,-0.115714286,0.001428571,0.001425792,-0.115489181,0.165449515,0.998054647,
Cristopher Acosta MIL,R,0.01,0,-0.476470588,0.135294118,0.050588235,0,9.675456389,-0.115714286,0.001428571,0.001442757,-0.11686333,0.167369641,1.00993001,
Diego Gonzalez CHN,R,0.008823529,0,-0.476470588,0.135294118,0.084705882,0,9.67816092,-0.115714286,0.001428571,0.001439312,-0.116584239,0.166934669,1.007518115,
Arlenn Manzanillo ATL,B,0.008823529,0,-0.476470588,0.135294118,0.084705882,0,9.67816092,-0.115714286,0.001428571,0.001416215,-0.114713438,0.164234096,0.991350697,
Kevin Ereu MIL,R,0.009411765,0,-0.476470588,0.135294118,-0.084705882,0,9.685362517,-0.115714286,0.001428571,0.001437604,-0.116445949,0.16668835,1.006323012,
Esmeiquel Arrieche NA,R,0.008235294,0,-0.476470588,0.135294118,0.084705882,0,9.678899083,-0.115714286,0.001428571,0.001433917,-0.11614727,0.166259798,1.003741838,
David Ortiz Jr. TEX,L,0.007368421,0,-0.478947368,0.131578947,-0.084210526,0,9.6875,-0.116666667,0.001282051,0.001277617,-0.116263144,0.165043173,0.996541234,
Dervin Andrade NA,R,0.009411765,0,-0.476470588,0.135294118,-0.084705882,0,9.685362517,-0.115714286,0.001428571,0.001441024,-0.116722956,0.167021328,1.008716907,
Paulo Asprilla SLN,R,0.008823529,0,-0.476470588,0.135294118,0.084705882,0,9.67816092,-0.115714286,0.001428571,0.001438724,-0.116536661,0.166737633,1.007106945,
Elian Adames PHI,R,0.008823529,0,-0.476470588,0.135294118,-0.050588235,0,9.6875,-0.115714286,0.001428571,0.00144406,-0.116968834,0.167304422,1.010841774,
Emil Martinez NA,R,0.009411765,0,-0.476470588,0.135294118,0.050588235,0,9.67611336,-0.115714286,0.001428571,0.001439088,-0.116566114,0.166617589,1.007361481,
Qyshawn Legito CIN,R,0.008823529,0,-0.482352941,0.135294118,0.084705882,0,9.685393258,-0.117142857,0.001428571,0.001436718,-0.117810837,0.16632103,1.00570227,
Juan Garcia KCA,R,0.008823529,0,-0.482352941,0.135294118,0.017058824,0,9.680851064,-0.117142857,0.001428571,#N/A,#N/A,#N/A,#N/A,
Manuel Cabrera WAS,R,0.009411765,0,-0.482352941,0.135294118,-0.084705882,0,9.676549865,-0.117142857,0.001428571,0.001434577,-0.117635292,0.165956714,1.004203713,
Angel Perez NA,R,0.008235294,0,-0.482352941,0.135294118,-0.084705882,0,9.677419355,-0.117142857,0.001428571,0.001427229,-0.11703275,0.164817935,0.999060058,
Johanse Gomez BAL,L,0.007894737,0,-0.478947368,0.131578947,0.016842105,0,9.684044234,-0.116666667,0.001282051,0.001282542,-0.116711353,0.164988171,1.000383029,
Angel Ventura NA,R,0.011764706,0,-0.482352941,0.135294118,-0.050588235,0,9.689807976,-0.117142857,0.001428571,0.00143742,-0.117868469,0.165918413,1.006194249,
Ibrahim Ruiz NA,R,0.009411765,0,-0.482352941,0.135294118,-0.050588235,0,9.677419355,-0.117142857,0.001428571,0.001432814,-0.117490765,0.165255346,1.002969945,
Fabian Lopez MIA,B,0.010588235,0,-0.482352941,0.135294118,0.050588235,0,9.6812749,-0.117142857,0.001428571,0.001430207,-0.117276954,0.164948605,1.001144726,
Jalvin Arias PHI,R,0.009411765,0,-0.482352941,0.135294118,-0.050588235,0,9.677419355,-0.117142857,0.001428571,0.001433959,-0.117584608,0.165319084,1.003771048,
Isaias Castillo NYA,R,0.011176471,0,-0.482352941,0.135294118,-0.050588235,0,9.675994109,-0.117142857,0.001428571,#N/A,#N/A,#N/A,#N/A,
Hiverson LÃ³pez CLE,L,0.007894737,0,-0.478947368,0.131578947,0.084210526,0,9.680638723,-0.116666667,0.001282051,0.001295748,-0.117913111,0.166372705,1.010683812,
Anderson Machado NA,R,0.009411765,0,-0.482352941,0.135294118,0.017058824,0,9.680284192,-0.117142857,0.001428571,0.001436919,-0.117827355,0.165470271,1.005843273,
Carlos Benavides DET,R,0.008823529,0,-0.482352941,0.135294118,0.084705882,0,9.685393258,-0.117142857,0.001428571,0.001434626,-0.11763933,0.165143957,1.004238186,
Allen Ajoti LAN,R,0.009411765,0,-0.482352941,0.135294118,0.084705882,0,9.684684685,-0.117142857,0.001428571,0.001441851,-0.11823182,0.165919183,1.009296026,
Luis Felipe TOR,R,0.008235294,0,-0.482352941,0.135294118,-0.050588235,0,9.678362573,-0.117142857,0.001428571,0.001424704,-0.116825737,0.163912066,0.997292881,
Alejandro Castellano NA,R,0.008823529,0,-0.482352941,0.135294118,0.084705882,0,9.685393258,-0.117142857,0.001428571,0.001428811,-0.117162492,0.164343542,1.000167616,
Juan Espinal ATL,R,0.01,0,-0.482352941,0.135294118,-0.050588235,0,9.676945668,-0.117142857,0,0,-0.117347802,0.1643881,1.001749532,
Eliezer Rivero LAA,R,0.008823529,0,-0.482352941,0.135294118,-0.084705882,0,9.676985195,-0.117142857,0,0,-0.114278051,0.15992391,0.975544338,
Leandy Mella NA,L,0.007894737,0,-0.484210526,0.131578947,-0.050526316,0,9.677835052,-0.117948718,0,0,-0.118623783,0.164839068,1.005723382,
Eduardo Perez HOU,R,0.008823529,0,-0.482352941,0.135294118,-0.118235294,0,9.687890137,-0.117142857,0,0,-0.117535263,0.164444017,1.003349809,
Daniel Dominguez TOR,R,0.008235294,0,-0.482352941,0.135294118,0.017058824,0,9.681415929,-0.117142857,0,0,-0.118587646,0.165883002,1.012333561,
Juan Olmos ATL,R,0.009411765,0,-0.482352941,0.135294118,0.084705882,0,9.684684685,-0.117142857,0,0,-0.116725254,0.163187172,0.996435095,
Anderson Navas PHI,R,0.009411765,0,-0.482352941,0.135294118,-0.084705882,0,9.676549865,-0.117142857,0,0,-0.117335245,0.164021938,1.001642339,
Yeison Acosta BAL,B,0.008823529,0,-0.482352941,0.135294118,0.084705882,0,9.685393258,-0.117142857,0,0,-0.117224887,0.163767599,1.000700256,
German Guilarte NA,R,0.008823529,0,-0.488235294,0.135294118,-0.084705882,0,9.6812749,-0.118571429,0,0,-0.11904943,0.164276595,1.004031335,
Ronny Suarez ARI,R,0.010588235,0,-0.488235294,0.135294118,-0.050588235,0,9.68115942,-0.118571429,0,0,-0.119039152,0.164155994,1.003944652,
Dexters Peralta NYA,B,0.011764706,0,-0.488235294,0.135294118,0.050588235,0,9.68627451,-0.118571429,0,0,-0.120517944,0.16616172,1.016416399,
D'Angelo Tejada CHA,R,0.010588235,0,-0.488235294,0.135294118,0.050588235,0,9.6875,-0.118571429,0,0,-0.123837154,0.170728615,1.044409735,
Manuel Dos Passos ATL,R,0.009411765,0,-0.488235294,0.135294118,0.084705882,0,9.691629956,-0.118571429,0,0,-0.118280339,0.16305871,0.997545026,
Cristopher Larez NYN,R,0.01,0,-0.488235294,0.135294118,0.017058824,0,9.685314685,-0.118571429,0,0,-0.119864541,0.165127414,1.010905771,
Andruw Salcedo NA,B,0.009411765,0,-0.488235294,0.135294118,-0.084705882,0,9.680851064,-0.118571429,0,0,-0.11917924,0.164162223,1.005126117,
Andres Hernandez NA,R,0.009411765,0,-0.488235294,0.135294118,0.017058824,0,9.685863874,-0.118571429,0,0,-0.119016692,0.163909214,1.00375523,
Dangelo Sarmiento NA,R,0.01,0,-0.488235294,0.135294118,0.017058824,0,9.685314685,-0.118571429,0,0,-0.119574118,0.164620425,1.008456414,
Cristopfer Gonzalez NA,R,0.008823529,0,-0.488235294,0.135294118,-0.050588235,0,9.682539683,-0.118571429,0,0,-0.118621176,0.163291481,1.000419555,
Andres Garza NA,L,0.007368421,0,-0.484210526,0.131578947,0.084210526,0,9.6875,-0.117948718,0,0,-0.118646669,0.164064124,1.005917412,
Humberto Tiberi LAA,R,0.008823529,0,-0.488235294,0.135294118,0.084705882,0,9.692307692,-0.118571429,0,0,-0.118861028,0.163339971,1.002442409,
Yaisel Ramos NA,R,0.01,0,-0.488235294,0.135294118,0.017058824,0,9.685314685,-0.118571429,0,0,-0.11932864,0.163972503,1.006386118,
Anthony Abreu MIA,L,0.007894737,0,-0.484210526,0.131578947,0.016842105,0,9.688958009,-0.117948718,0,0,-0.118841394,0.164152027,1.007568344,
Gabriel Lopez COL,R,0.008823529,0,-0.488235294,0.135294118,0.084705882,0,9.692307692,-0.118571429,0,0,-0.118499789,0.162758603,0.999395807,
Reniel Diaz NA,R,0.009411765,0,-0.488235294,0.135294118,0.017058824,0,9.685863874,-0.118571429,0,0,-0.118238627,0.16237497,0.997193242,
Eric Mota HOU,R,0.01,0,-0.488235294,0.135294118,0.050588235,0,9.688109162,-0.118571429,0,0,-0.119521766,0.164113897,1.008014895,
Jayden Kim PIT,R,0.008823529,0,-0.488235294,0.135294118,0.017058824,0,9.68641115,-0.118571429,0,0,-0.119221997,0.163647992,1.005486725,
Juan Caricipe CIN,B,0.011176471,0,-0.488235294,0.135294118,0.017058824,0,9.684210526,-0.118571429,0,0,-0.120450477,0.165303767,1.015847393,
Franchely Silverio HOU,R,0.008823529,0,-0.488235294,0.135294118,0.050588235,0,9.689320388,-0.118571429,0,0,-0.119789174,0.164203247,1.01027014,
Ayden Johnson OAK,R,0.01,0,-0.488235294,0.135294118,0.017058824,0,9.685314685,-0.118571429,0,0,-0.119095546,0.163205236,1.004420267,
Bohan Adderley NYN,R,0.012941176,0,-0.488235294,0.135294118,0.050588235,0,9.68503937,-0.118571429,-0.001428571,-0.001449237,-0.120286685,0.164793918,1.014466019,
Vinicius Dos Santos SFN,R,0.008823529,0,-0.488235294,0.135294118,-0.050588235,0,9.682539683,-0.118571429,-0.001428571,-0.00143577,-0.119168924,0.163172121,1.005039118,
Christopher Orelin NA,R,0.01,0,-0.488235294,0.135294118,0.017058824,0,9.685314685,-0.118571429,-0.001428571,-0.001436827,-0.119256657,0.163264088,1.005779037,
Jesus Lugo BOS,R,0.009411765,0,-0.488235294,0.135294118,-0.050588235,0,9.682080925,-0.118571429,-0.001428571,#N/A,#N/A,#N/A,#N/A,
Heudy Pena NA,L,0.008421053,0,-0.489473684,0.131578947,0.016842105,0,9.678407351,-0.119230769,-0.001282051,-0.001293506,-0.12029608,0.163657307,1.008934868,
Jose Montilla KCA,R,0.008823529,0,-0.488235294,0.135294118,-0.118235294,0,9.679802956,-0.118571429,-0.001428571,#N/A,#N/A,#N/A,#N/A,
Jean Gutierrez NA,R,0.009411765,0,-0.488235294,0.135294118,-0.050588235,0,9.682080925,-0.118571429,-0.001428571,-0.001428982,-0.118605542,0.162081618,1.000287703,
Samuel Salcedo NA,R,0.009411765,0,-0.488235294,0.135294118,0.017058824,0,9.685863874,-0.118571429,-0.001428571,-0.001444426,-0.119887368,0.163792866,1.011098281,
Cristian Benavides SDN,R,0.008823529,0,-0.488235294,0.135294118,-0.050588235,0,9.682539683,-0.118571429,-0.001428571,-0.001443717,-0.119828499,0.16369829,1.010601799,
Moises Semerite NA,R,0.009411765,0,-0.494117647,0.135294118,0.017058824,0,9.691252144,-0.12,-0.001428571,-0.001435675,-0.120596675,0.162646726,1.004972294,
Jhonger Ochoa DET,R,0.01,0,-0.494117647,0.135294118,0.017058824,0,9.690721649,-0.12,-0.001428571,-0.001438645,-0.120846146,0.162912689,1.007051214,
Lewis German KCA,R,0.01,0,-0.494117647,0.135294118,0.017058824,0,9.690721649,-0.12,-0.001428571,-0.001433129,-0.120382832,0.162268032,1.003190267,
Arfeni Batista NA,R,0.009411765,0,-0.494117647,0.135294118,0.017058824,0,9.691252144,-0.12,-0.001428571,-0.001442837,-0.121198279,0.163145003,1.009985656,
Jonathan Taveras NA,B,0.010588235,0,-0.494117647,0.135294118,0.017058824,0,9.690189329,-0.12,-0.001428571,-0.001431827,-0.120273491,0.161823973,1.002279092,
Joshua Fermin KCA,R,0.01,0,-0.494117647,0.135294118,-0.050588235,0,9.686162625,-0.12,-0.001428571,-0.001436358,-0.120654085,0.162329011,1.005450706,
Eryks Rivero MIL,R,0.008235294,0,-0.494117647,0.135294118,-0.050588235,0,9.6875,-0.12,-0.001428571,-0.001430006,-0.120120517,0.161457991,1.001004309,
Gabriel Flores PHI,R,0.009411765,0,-0.494117647,0.135294118,-0.084705882,0,9.68503937,-0.12,-0.001428571,-0.001428146,-0.119964251,0.161239951,0.999702092,
Ovandy Frias NA,R,0.01,0,-0.494117647,0.135294118,0.017058824,0,9.690721649,-0.12,-0.001428571,-0.001440739,-0.121022051,0.162601194,1.008517094,
Luis Luna LAN,R,0.01,0,-0.494117647,0.135294118,0.017058824,0,9.690721649,-0.12,-0.001428571,-0.001436097,-0.120632136,0.161951659,1.005267804,
Daris Cordero NA,R,0.009411765,0,-0.494117647,0.135294118,0.017058824,0,9.691252144,-0.12,-0.001428571,-0.001436161,-0.120637526,0.161939793,1.005312713,
Kenyon Simmons NA,R,0.009411765,0,-0.494117647,0.135294118,0.017058824,0,9.691252144,-0.12,-0.001428571,-0.001424753,-0.119679274,0.160582658,0.997327284,
Alan Frias NA,R,0.009411765,0,-0.494117647,0.135294118,-0.118235294,0,9.683313033,-0.12,-0.001428571,-0.001430288,-0.120144155,0.161175387,1.001201296,
Alexander Herrera NA,R,0.008823529,0,-0.494117647,0.135294118,0.017058824,0,9.675213675,-0.12,-0.001428571,#N/A,#N/A,#N/A,#N/A,
Jose Familia PHI,L,0.008421053,0,-0.494736842,0.131578947,0.050526316,0,9.681742044,-0.120512821,-0.002564103,-0.002577218,-0.121129253,0.161758195,1.005115078,
Ivan Sosa KCA,R,0.009411765,0,-0.494117647,0.135294118,-0.050588235,0,9.686609687,-0.12,-0.001428571,-0.001473548,-0.123778033,0.165985311,1.03148361,
Jelson Coca NA,R,0.01,0,-0.494117647,0.135294118,0.017058824,0,9.690721649,-0.12,-0.001428571,-0.001437197,-0.120724526,0.161711509,1.006037719,
Yananyer Abreu NA,B,0.010588235,0,-0.494117647,0.135294118,0.017058824,0,9.690189329,-0.12,-0.002857143,-0.002876361,-0.120807159,0.161742665,1.006726326,
Michael Baez NA,R,0.008823529,0,-0.494117647,0.135294118,-0.084705882,0,9.685452163,-0.12,-0.002857143,-0.002867269,-0.120425291,0.161220362,1.003544092,
Grant Smith NA,R,0.009411765,0,-0.494117647,0.135294118,0.017058824,0,9.691252144,-0.12,-0.002857143,#N/A,#N/A,#N/A,#N/A,
Delvis Matos NA,R,0.009411765,0,-0.494117647,0.135294118,-0.050588235,0,9.686609687,-0.12,-0.002857143,-0.00285084,-0.119735283,0.160002259,0.997794027,
Carlos Batista WAS,R,0.011176471,0,-0.494117647,0.135294118,-0.050588235,0,9.685264664,-0.12,-0.002857143,-0.00286761,-0.120439614,0.160930409,1.003663453,
Daonil Montero ARI,R,0.008823529,0,-0.494117647,0.135294118,0.017058824,0,9.675213675,-0.12,-0.002857143,-0.002873271,-0.120677365,0.161074113,1.005644709,
Michael Cordero SLN,R,0.008235294,0,-0.494117647,0.135294118,0.017058824,0,9.675767918,-0.12,-0.002857143,-0.002872704,-0.120653583,0.16099612,1.005446529,
Abel De Leon CHN,R,0.009411765,0,-0.5,0.135294118,0.084705882,0,9.684210526,-0.121428571,-0.002857143,-0.002890318,-0.122838522,0.161802178,1.011611354,
Frainner Chirinos BAL,R,0.01,0,-0.5,0.135294118,0.017058824,0,9.679595278,-0.121428571,-0.002857143,-0.00285176,-0.121199816,0.159538883,0.998116135,
Eliezer Alfonzo BOS,B,0.011764706,0,-0.5,0.135294118,0.017058824,0,9.677966102,-0.121428571,-0.002857143,-0.002895278,-0.123049295,0.161902472,1.013347137,
Maylerson Casanova PHI,R,0.01,0,-0.5,0.135294118,0.017058824,0,9.679595278,-0.121428571,-0.002857143,-0.002890592,-0.122850154,0.161613136,1.011707155,
Samuel Estevez MIA,R,0.011176471,0,-0.5,0.135294118,-0.050588235,0,9.689703808,-0.121428571,-0.002857143,-0.002872415,-0.12207765,0.160518466,1.005345354,
Anderson Garcia KCA,R,0.008235294,0,-0.5,0.135294118,0.017058824,0,9.681208054,-0.121428571,-0.002857143,-0.002864629,-0.121746749,0.159923951,1.002620284,
Luis Bolivar NA,R,0.009411765,0,-0.5,0.135294118,-0.050588235,0,9.677419355,-0.121428571,-0.002857143,-0.002875939,-0.122227418,0.160369131,1.006578737,
Janero Miller MIA,B,0.009411765,0,-0.5,0.135294118,-0.027058824,0,9.687034277,-0.121428571,-0.002857143,-0.002854288,-0.121307258,0.159010981,0.999000949,
Jealmy Frias CIN,B,0.009411765,0,-0.5,0.135294118,-0.050588235,0,9.677419355,-0.121428571,-0.002857143,-0.002852394,-0.121226744,0.158885476,0.998337895,
Joandrew Pena NA,R,0.009411765,0,-0.5,0.135294118,-0.084705882,0,9.689119171,-0.121428571,-0.002857143,-0.002850913,-0.121163807,0.158755092,0.997819587,
Daiber De Los Santos MIN,R,0.011176471,0,-0.5,0.135294118,0.050588235,0,9.680451128,-0.121428571,-0.002857143,-0.002886892,-0.122692921,0.160751544,1.010412295,
Derek Cueto MIA,R,0.010588235,0,-0.5,0.135294118,0.017058824,0,9.679054054,-0.121428571,-0.002857143,-0.002855401,-0.121354546,0.158989018,0.99939038,
Nicolas Vergara TOR,L,0.008421053,0,-0.5,0.131578947,-0.050526316,0,9.677419355,-0.121794872,-0.003846154,#N/A,#N/A,#N/A,#N/A,
Edgar Jimenez NYA,R,0.01,0,-0.5,0.135294118,-0.084705882,0,9.688715953,-0.121428571,-0.004285714,-0.00434782,-0.123188233,0.161192528,1.014491334,
Adriel Cuello NA,R,0.01,0,-0.5,0.135294118,-0.050588235,0,9.676966292,-0.121428571,-0.004285714,-0.004299504,-0.121819288,0.159351094,1.003217666,
Deshandro Tromp NA,R,0.01,0,-0.5,0.135294118,-0.084705882,0,9.688715953,-0.121428571,-0.004285714,-0.004310839,-0.122140435,0.159761126,1.005862406,
Ismael Del Rosario NA,L,0.008421053,0,-0.5,0.131578947,-0.050526316,0,9.677419355,-0.121794872,-0.003846154,-0.003840658,-0.121620829,0.158568085,0.998571019,
Yohangel Moris NA,B,0.009411765,0,-0.5,0.135294118,0.017058824,0,9.68013468,-0.121428571,-0.004285714,-0.004291631,-0.121596209,0.158959148,1.001380547,
Carlos Rondon NYA,R,0.008235294,0,-0.5,0.135294118,0.084705882,0,9.685534591,-0.121428571,-0.004285714,-0.004281171,-0.121299852,0.158526777,0.99893996,
Vicent Nunez NA,R,0.009411765,0,-0.5,0.135294118,0.084705882,0,9.684210526,-0.121428571,-0.004285714,-0.004278157,-0.121214448,0.158315338,0.998236628,
Richer Mata KCA,L,0.008421053,0,-0.5,0.131578947,-0.084210526,0,9.678899083,-0.121794872,-0.003846154,-0.003838907,-0.121565398,0.158260259,0.9981159,
Frailin Yan NA,R,0.01,0,-0.5,0.135294118,-0.050588235,0,9.676966292,-0.121428571,-0.004285714,-0.004309526,-0.122103241,0.159359525,1.005556099,
Hanley Ramirez PIT,R,0.009411765,0,-0.5,0.135294118,0.017058824,0,9.68013468,-0.121428571,-0.004285714,-0.004320532,-0.12241506,0.159738259,1.008124019,
Johan Contreras NA,R,0.009411765,0,-0.5,0.135294118,-0.084705882,0,9.689119171,-0.121428571,-0.004285714,-0.004299852,-0.121829131,0.158910478,1.003298722,
Gabriel Azocar PHI,R,0.008823529,0,-0.5,0.135294118,0.084705882,0,9.68487395,-0.121428571,-0.004285714,-0.004309819,-0.12211153,0.15921045,1.005624368,
Abel Pena NA,R,0.008235294,0,-0.5,0.135294118,-0.084705882,0,9.677419355,-0.121428571,-0.004285714,-0.004326908,-0.122595726,0.159826606,1.009611863,
Kendry MartÃ­nez SEA,L,0.007894737,0,-0.5,0.131578947,0.016842105,0,9.6884273,-0.121794872,-0.003846154,-0.003866144,-0.122427907,0.158986066,1.005197554,
Hojans Hernandez NA,R,0.01,0,-0.505882353,0.135294118,-0.084705882,0,9.680306905,-0.122857143,-0.004285714,-0.004314248,-0.123675118,0.159168727,1.006657941,
Domingo Morla NA,R,0.008823529,0,-0.505882353,0.135294118,0.017058824,0,9.685950413,-0.122857143,-0.004285714,-0.004275736,-0.122571107,0.157438596,0.9976718,
Meykel Baro BAL,R,0.009411765,0,-0.505882353,0.135294118,0.050588235,0,9.688073394,-0.122857143,-0.004285714,-0.004289943,-0.122978359,0.157767507,1.000986644,
Juan Tomas CHN,B,0.009411765,0,-0.505882353,0.135294118,0.050588235,0,9.688073394,-0.122857143,-0.004285714,-0.004366609,-0.125176128,0.160524848,1.018875463,
Jose De La Cruz HOU,R,0.009411765,0,-0.505882353,0.135294118,0.017058824,0,9.685430464,-0.122857143,-0.004285714,-0.004308478,-0.123509701,0.158312437,1.00531152,
Cristian Bonifacio NA,L,0.008421053,0,-0.505263158,0.131578947,-0.050526316,0,9.681372549,-0.123076923,-0.005128205,-0.005140961,-0.123383072,0.157800549,1.002487463,
Jhojan Downer SDN,R,0.008823529,0,-0.505882353,0.135294118,0.084705882,0,9.691358025,-0.122857143,-0.004285714,-0.00431828,-0.123790691,0.158515419,1.007598646,
Jose Santana LAA,R,0.009411765,0,-0.505882353,0.135294118,0.050588235,0,9.688073394,-0.122857143,-0.004285714,-0.004353364,-0.124796439,0.159641782,1.015784972,
Francis Sosa MIL,R,0.009411765,0,-0.505882353,0.135294118,-0.050588235,0,9.681881051,-0.122857143,-0.005714286,-0.005715374,-0.122880548,0.157026909,1.000190507,
Endry Reyes NA,R,0.008823529,0,-0.505882353,0.135294118,-0.084705882,0,9.681122449,-0.122857143,-0.005714286,-0.005758427,-0.123806187,0.158143257,1.007724777,
Alexander Alzi NA,R,0.007647059,0,-0.511764706,0.135294118,-0.084705882,0,9.685929648,-0.124285714,-0.005714286,-0.005735761,-0.124752793,0.15703394,1.003758102,
Omar Guadamuz CIN,R,0.01,0,-0.511764706,0.135294118,0.017058824,0,9.69004894,-0.124285714,-0.005714286,-0.005766683,-0.125425364,0.157850271,1.009169593,
Yadimir Fuentes NA,B,0.008235294,0,-0.511764706,0.135294118,-0.084705882,0,9.685534591,-0.124285714,-0.005714286,-0.005738224,-0.124806373,0.157063226,1.00418921,
Dave Neely TEX,L,0.008947368,0,-0.510526316,0.131578947,0.050526316,0,9.681020734,-0.124358974,-0.005128205,-0.005178784,-0.12558551,0.157878931,1.009862867,
Robert Alvarez CLE,R,0.008235294,0,-0.511764706,0.135294118,0.084705882,0,9.678714859,-0.124285714,-0.005714286,-0.005776343,-0.125635455,0.158009545,1.010859979,
Fernando Cruz CHN,R,0.010588235,0,-0.511764706,0.135294118,0.050588235,0,9.675090253,-0.124285714,-0.005714286,#N/A,#N/A,#N/A,#N/A,
Yeicer Crespo NA,R,0.008823529,0,-0.511764706,0.135294118,-0.118235294,0,9.683470106,-0.124285714,-0.005714286,-0.005732061,-0.124672322,0.156621682,1.003110634,
Brayan Joseph NA,B,0.01,0,-0.511764706,0.135294118,0.017058824,0,9.69004894,-0.124285714,-0.005714286,-0.005764761,-0.125383562,0.157127797,1.008833254,
Jesus Abreu NA,R,0.008235294,0,-0.511764706,0.135294118,0.084705882,0,9.678714859,-0.124285714,-0.005714286,-0.005719004,-0.124388334,0.155878599,1.000825676,
Edwin Solano NA,R,0.009411765,0,-0.511764706,0.135294118,0.017058824,0,9.690553746,-0.124285714,-0.005714286,-0.005755826,-0.125189217,0.156834893,1.007269564,
Alejandro Guerrero KCA,R,0.009411765,0,-0.511764706,0.135294118,-0.050588235,0,9.68622101,-0.124285714,-0.007142857,-0.007141167,-0.124256303,0.155234256,0.999763356,
Raymer Medina TBA,B,0.008823529,0,-0.511764706,0.135294118,0.050588235,0,9.676840215,-0.124285714,-0.007142857,-0.007180911,-0.124947855,0.156060015,1.005327572,
Juan Colorado SFN,R,0.009411765,0,-0.511764706,0.135294118,0.017058824,0,9.690553746,-0.124285714,-0.007142857,-0.007164221,-0.124657453,0.155694293,1.002991,
Rosniell De Paula COL,R,0.008823529,0,-0.511764706,0.135294118,0.050588235,0,9.676840215,-0.124285714,-0.007142857,-0.007206168,-0.125387315,0.156572581,1.008863451,
Tom Guerrero NA,R,0.008235294,0,-0.511764706,0.135294118,0.050588235,0,9.677419355,-0.124285714,-0.007142857,-0.007209338,-0.125442485,0.156617249,1.009307347,
Hancel Almonte NA,R,0.009411765,0,-0.511764706,0.135294118,-0.084705882,0,9.684741488,-0.124285714,-0.007142857,-0.007216797,-0.125572266,0.1567419,1.010351563,
Limanol Payero PIT,R,0.008823529,0,-0.511764706,0.135294118,0.017058824,0,9.675324675,-0.124285714,-0.007142857,-0.007179488,-0.124923095,0.155898422,1.005128347,
Helder Rosario NA,R,0.009411765,0,-0.511764706,0.135294118,-0.118235294,0,9.683098592,-0.124285714,-0.007142857,-0.007165842,-0.124685653,0.15558806,1.003217894,
Edgar Mota NA,R,0.008823529,0,-0.511764706,0.135294118,-0.084705882,0,9.685138539,-0.124285714,-0.007142857,-0.00716179,-0.12461514,0.155302549,1.00265055,
Jose De La Cruz COL,R,0.008235294,0,-0.511764706,0.135294118,0.084705882,0,9.678714859,-0.124285714,-0.007142857,-0.007124944,-0.123974032,0.15437788,0.997492214,
Aaron Salazar MIN,R,0.009411765,0,-0.517647059,0.135294118,0.084705882,0,9.683794466,-0.125714286,-0.007142857,-0.007143196,-0.125720248,0.154718337,1.000047424,
Jhon Lucena NA,R,0.009411765,0,-0.517647059,0.135294118,-0.050588235,0,9.677419355,-0.125714286,-0.007142857,-0.007175837,-0.126294723,0.154932051,1.004617112,
Jahni McPhee NA,L,0.008421053,0,-0.515789474,0.131578947,-0.050526316,0,9.677419355,-0.125641026,-0.007692308,-0.007704619,-0.125842103,0.154274508,1.00160041,
Carlos De Sousa TBA,R,0.008823529,0,-0.517647059,0.135294118,0.084705882,0,9.684418146,-0.125714286,-0.007142857,-0.007113215,-0.125192577,0.153130865,0.995850041,
Dawel Joseph SEA,R,0.009411765,0,-0.517647059,0.135294118,0.017058824,0,9.68,-0.125714286,-0.007142857,-0.007192806,-0.126593381,0.154841255,1.006992801,
Julio Valdez CHN,R,0.009411765,0,-0.517647059,0.135294118,-0.027058824,0,9.686609687,-0.125714286,-0.007142857,-0.007187347,-0.126497312,0.154572816,1.006228622,
Deivid Coronil SDN,B,0.008823529,0,-0.517647059,0.135294118,0.017058824,0,9.680511182,-0.125714286,-0.008571429,-0.008637265,-0.126679884,0.154702194,1.007680895,
Cesar Mujica PHI,R,0.009411765,0,-0.517647059,0.135294118,0.084705882,0,9.683794466,-0.125714286,-0.008571429,-0.008601023,-0.126148341,0.153633627,1.003452709,
Brailin Pascual NA,R,0.01,0,-0.517647059,0.135294118,0.017058824,0,9.679487179,-0.125714286,-0.008571429,-0.008725123,-0.127968468,0.155719012,1.017930996,
Gabriel Rodriguez PIT,R,0.009411765,0,-0.523529412,0.135294118,0.017058824,0,9.68503937,-0.127142857,-0.008571429,-0.008622807,-0.127904971,0.153702829,1.005994155,
Edgardo Figueroa WAS,R,0.009411765,0,-0.523529412,0.135294118,0.084705882,0,9.689922481,-0.127142857,-0.008571429,-0.008596876,-0.127520321,0.153051035,1.002968813,
Diego Felix NA,R,0.01,0,-0.523529412,0.135294118,0.017058824,0,9.684542587,-0.127142857,-0.01,-0.010127047,-0.128758163,0.153491593,1.01270465,
Kendrick Hernandez DET,R,0.008235294,0,-0.523529412,0.135294118,0.017058824,0,9.686028257,-0.127142857,-0.01,-0.01008204,-0.128185942,0.152521107,1.008204039,
Johmphy De La Cruz NA,R,0.01,0,-0.523529412,0.135294118,0.017058824,0,9.684542587,-0.127142857,-0.01,-0.01011672,-0.128626873,0.15299415,1.011672034,
Mani Cedeno NYA,R,0.009411765,0,-0.529411765,0.135294118,0.050588235,0,9.676320273,-0.128571429,-0.01,-0.010120106,-0.130115653,0.152975527,1.012010631,
Jeyson Moya SFN,R,0.008823529,0,-0.529411765,0.135294118,0.017058824,0,9.690402477,-0.128571429,-0.01,-0.01009358,-0.129774595,0.152530138,1.009357963,
Victor Familia PIT,R,0.008823529,0,-0.529411765,0.135294118,0.084705882,0,9.678030303,-0.128571429,-0.01,-0.009986205,-0.128394059,0.150757736,0.998620458,
Elias Marrero PHI,L,0.007368421,0,-0.526315789,0.131578947,-0.117894737,0,9.687184662,-0.128205128,-0.01025641,-0.010412853,-0.130160658,0.152859557,1.01525313,
Emile Torres TBA,R,0.009411765,0,-0.529411765,0.135294118,0.017058824,0,9.689922481,-0.128571429,-0.01,-0.010073324,-0.129514161,0.151664968,1.007332364,
Angel Aquino NA,R,0.008823529,0,-0.529411765,0.135294118,-0.050588235,0,9.68627451,-0.128571429,-0.01,-0.010018557,-0.128810017,0.150488743,1.001855689,
Julio Acosta CHN,R,0.009411765,0,-0.529411765,0.135294118,-0.050588235,0,9.685863874,-0.128571429,-0.01,-0.010085709,-0.129673397,0.151409684,1.008570865,
Juan Martinez NA,R,0.008235294,0,-0.529411765,0.135294118,-0.084705882,0,9.685230024,-0.128571429,-0.011428571,-0.011550318,-0.129941081,0.15160096,1.010652854,
Zeus Nunez NA,R,0.008823529,0,-0.535294118,0.135294118,-0.118235294,0,9.686800895,-0.13,-0.011428571,-0.011459561,-0.130352507,0.149625626,1.002711589,
Luis Hernandez NA,L,0.007894737,0,-0.531578947,0.131578947,-0.084210526,0,9.679144385,-0.129487179,-0.011538462,-0.011558611,-0.129713296,0.149006749,1.001746247,
Riangelo Richardson CIN,R,0.009411765,0,-0.535294118,0.135294118,0.017058824,0,9.679878049,-0.13,-0.012857143,-0.013019768,-0.131644325,0.149977316,1.012648652,
Clay Winklaar NA,R,0.008823529,0,-0.535294118,0.135294118,-0.050588235,0,9.677835052,-0.13,-0.012857143,-0.012832558,-0.129751425,0.147675087,0.998087883,
Diego Arce TOR,R,0.008235294,0,-0.541176471,0.135294118,0.084705882,0,9.690346084,-0.131428571,-0.012857143,-0.012915765,-0.132027816,0.148179554,1.004559472,
Klendy Leen TEX,R,0.008823529,0,-0.541176471,0.135294118,0.084705882,0,9.689781022,-0.131428571,-0.014285714,-0.01446067,-0.133038168,0.148136265,1.012246932,
Brauli Diaz NA,B,0.01,0,-0.547058824,0.135294118,-0.084705882,0,9.683840749,-0.132857143,-0.014285714,-0.014403947,-0.133956707,0.146450114,1.008276286,
Kay Robles NA,R,0.009411765,0,-0.547058824,0.135294118,0.017058824,0,9.689349112,-0.132857143,-0.014285714,-0.014329109,-0.13326071,0.14568419,1.003037599,
Javado Bain TOR,R,0.008823529,0,-0.552941176,0.135294118,-0.050588235,0,9.677819083,-0.134285714,-0.017142857,-0.017207958,-0.134795671,0.143223842,1.00379755,
Winifer Castillo NA,R,0.009411765,0,-0.558823529,0.135294118,-0.050588235,0,9.681372549,-0.135714286,-0.017142857,-0.017269069,-0.13671346,0.143322476,1.007362334,
Leonardo Carpio NA,R,0.008235294,0,-0.576470588,0.135294118,-0.050588235,0,9.681978799,-0.14,-0.021428571,-0.021663122,-0.141532397,0.138409586,1.010945695,